order_item_id,order_id,product_id,sku,name,category_name,brand,quantity,price,original_price,total_price,rating,review
ORI-000001,ORD-251206-0001,SSD-002,WD-BLACK-SN850X-1TB,SSD WD Black SN850X 1TB NVMe M.2 PCIe Gen4,SSD - Ổ cứng thể rắn,Western Digital,1,2190000,2500000,2190000,5,"Rất đáng tiền, chạy mượt mà, chính hãng 100%."
ORI-000002,ORD-251206-0001,MB-003,GIGABYTE-X670E-AORUS-MASTER,"Mainboard GIGABYTE X670E AORUS Master (AM5, DDR5, ATX)",Mainboard - Bo mạch chủ,GIGABYTE,1,11490000,13000000,11490000,4,"Hiệu năng tốt trong tầm giá, dùng mượt mà không lỗi lầm gì."
ORI-000003,ORD-260329-0002,HEADSET-001,CORSAIR-VIRTUOSO-RGB-XT,Tai nghe gaming Corsair Virtuoso RGB Wireless XT,Tai nghe - Headset,Corsair,1,4290000,5000000,4290000,5,"Rất đáng tiền, chạy mượt mà, chính hãng 100%."
ORI-000004,ORD-260329-0002,MONITOR-002,SAMSUNG-ODYSSEY-G7-32-4K,"Màn hình Samsung Odyssey G7 32"" 4K UHD 144Hz IPS",Màn hình - Monitor,Samsung,1,12990000,15000000,12990000,4,"Sản phẩm tốt, nhân viên tư vấn nhiệt tình, sẽ tiếp tục ủng hộ."
ORI-000005,ORD-251105-0003,COOL-003,DEEPCOOL-AK620-DIGITAL,"Tản nhiệt khí DeepCool AK620 Digital (Dual Tower, 2x120mm)",Tản nhiệt - Cooling,Deepcool,1,1490000,1800000,1490000,5,"Lắp đặt dễ dàng, chạy êm ái và mát mẻ. Shop hỗ trợ nhiệt tình."
ORI-000006,ORD-251210-0004,CPU-001,INTEL-I9-14900K,"CPU Intel Core i9-14900K (3.2GHz Turbo 6.0GHz, 24 nhân 32 luồng)",CPU - Bộ vi xử lý,Intel,1,12990000,14500000,12990000,5,"Rất đáng tiền, chạy mượt mà, chính hãng 100%."
ORI-000007,ORD-251210-0004,CASE-002,JONSBO-D41-MESH,"Vỏ Case Jonsbo D41 Mesh Screen (Mid Tower, ATX, Màn hình LCD)",Case - Vỏ máy tính,Jonsbo,1,2290000,2600000,2290000,5,"Hàng chuẩn GearVN, nguyên seal mới cứng, bảo hành đầy đủ. Vote 5 sao!"
ORI-000008,ORD-260103-0005,KB-002,RAZER-BLACKWIDOW-V4-75,Bàn phím cơ Razer BlackWidow V4 75% (Razer Yellow Switch),Bàn phím - Keyboard,Razer,1,3290000,3800000,3290000,5,"Thiết kế đẹp mắt, hiệu năng vượt trội so với tầm giá. Rất hài lòng!"
ORI-000009,ORD-251202-0006,RAM-004,CORSAIR-DDR5-64GB-6400,RAM Corsair Vengeance DDR5 64GB (2x32GB) 6400MHz CL32,RAM - Bộ nhớ trong,Corsair,1,6490000,7500000,6490000,1,"Sản phẩm bị lỗi hỏng ngay khi bóc hộp, không lên nguồn. Dịch vụ tệ."
ORI-000010,ORD-251202-0006,COOL-002,THERMALRIGHT-PHANTOM-SPIRIT-120,Tản nhiệt khí Thermalright Phantom Spirit 120 SE ARGB,Tản nhiệt - Cooling,Thermalright,1,990000,1200000,990000,4,"Sản phẩm tốt, nhân viên tư vấn nhiệt tình, sẽ tiếp tục ủng hộ."
ORI-000011,ORD-250816-0007,RAM-001,CORSAIR-DDR5-32GB-6000,RAM Corsair Dominator Titanium DDR5 32GB (2x16GB) 6000MHz,RAM - Bộ nhớ trong,Corsair,1,3990000,4500000,3990000,5,"Hàng chuẩn GearVN, nguyên seal mới cứng, bảo hành đầy đủ. Vote 5 sao!"
ORI-000012,ORD-251206-0008,GPU-004,ASUS-RX7900XTX-24G,VGA ASUS TUF Gaming Radeon RX 7900 XTX OC 24GB,VGA - Card màn hình,ASUS,1,22990000,25000000,22990000,5,"Rất đáng tiền, chạy mượt mà, chính hãng 100%."
ORI-000013,ORD-260510-0009,GPU-003,GIGABYTE-RTX4070-SUPER-12G,VGA GIGABYTE GeForce RTX 4070 Super Gaming OC 12GB,VGA - Card màn hình,GIGABYTE,1,16490000,18500000,16490000,5,"Thiết kế đẹp mắt, hiệu năng vượt trội so với tầm giá. Rất hài lòng!"
ORI-000014,ORD-260510-0009,SSD-004,CRUCIAL-P5-PLUS-500GB,SSD Crucial P5 Plus 500GB NVMe M.2 PCIe Gen4,SSD - Ổ cứng thể rắn,Crucial,1,990000,1200000,990000,5,"Sản phẩm cực kỳ chất lượng, đóng gói cẩn thận, giao hàng nhanh."
ORI-000015,ORD-251119-0010,CASE-002,JONSBO-D41-MESH,"Vỏ Case Jonsbo D41 Mesh Screen (Mid Tower, ATX, Màn hình LCD)",Case - Vỏ máy tính,Jonsbo,1,2290000,2600000,2290000,5,"Rất đáng tiền, chạy mượt mà, chính hãng 100%."
ORI-000016,ORD-250801-0011,RAM-002,GSKILL-DDR5-32GB-6000,RAM G.Skill Trident Z5 RGB DDR5 32GB (2x16GB) 6000MHz CL30,RAM - Bộ nhớ trong,G.Skill,1,3690000,4200000,3690000,5,"Lắp đặt dễ dàng, chạy êm ái và mát mẻ. Shop hỗ trợ nhiệt tình."
ORI-000017,ORD-250801-0011,GPU-003,GIGABYTE-RTX4070-SUPER-12G,VGA GIGABYTE GeForce RTX 4070 Super Gaming OC 12GB,VGA - Card màn hình,GIGABYTE,1,16490000,18500000,16490000,5,"Rất đáng tiền, chạy mượt mà, chính hãng 100%."
ORI-000018,ORD-251114-0012,SSD-003,KINGSTON-KC3000-1TB,SSD Kingston KC3000 1TB NVMe M.2 PCIe Gen4,SSD - Ổ cứng thể rắn,Kingston,1,1890000,2200000,1890000,5,"Lắp đặt dễ dàng, chạy êm ái và mát mẻ. Shop hỗ trợ nhiệt tình."
ORI-000019,ORD-250811-0013,KB-002,RAZER-BLACKWIDOW-V4-75,Bàn phím cơ Razer BlackWidow V4 75% (Razer Yellow Switch),Bàn phím - Keyboard,Razer,1,3290000,3800000,3290000,5,"Lắp đặt dễ dàng, chạy êm ái và mát mẻ. Shop hỗ trợ nhiệt tình."
ORI-000020,ORD-260114-0014,RAM-001,CORSAIR-DDR5-32GB-6000,RAM Corsair Dominator Titanium DDR5 32GB (2x16GB) 6000MHz,RAM - Bộ nhớ trong,Corsair,1,3990000,4500000,3990000,4,"Hiệu năng tốt trong tầm giá, dùng mượt mà không lỗi lầm gì."
ORI-000021,ORD-260114-0014,HDD-001,SEAGATE-BARRACUDA-4TB,"Ổ cứng HDD Seagate Barracuda 4TB 3.5"" SATA 5400RPM",HDD - Ổ cứng cơ,Seagate,1,2190000,2500000,2190000,5,"Lắp đặt dễ dàng, chạy êm ái và mát mẻ. Shop hỗ trợ nhiệt tình."
ORI-000022,ORD-251129-0015,CPU-005,AMD-R7-7700X,"CPU AMD Ryzen 7 7700X (4.5GHz Turbo 5.4GHz, 8 nhân 16 luồng)",CPU - Bộ vi xử lý,AMD,1,6890000,7500000,6890000,5,"Lắp đặt dễ dàng, chạy êm ái và mát mẻ. Shop hỗ trợ nhiệt tình."
ORI-000023,ORD-260209-0016,COOL-002,THERMALRIGHT-PHANTOM-SPIRIT-120,Tản nhiệt khí Thermalright Phantom Spirit 120 SE ARGB,Tản nhiệt - Cooling,Thermalright,1,990000,1200000,990000,5,"Thiết kế đẹp mắt, hiệu năng vượt trội so với tầm giá. Rất hài lòng!"
ORI-000024,ORD-260405-0017,GPU-005,MSI-RTX4060-TI-8G-VENTUS,VGA MSI GeForce RTX 4060 Ti 8G Ventus 2X OC,VGA - Card màn hình,MSI,1,9490000,11000000,9490000,4,"Hiệu năng tốt trong tầm giá, dùng mượt mà không lỗi lầm gì."
ORI-000025,ORD-260405-0017,CPU-006,INTEL-I3-14100F,"CPU Intel Core i3-14100F (3.5GHz Turbo 4.7GHz, 4 nhân 8 luồng)",CPU - Bộ vi xử lý,Intel,1,2490000,2800000,2490000,5,"Hàng chuẩn GearVN, nguyên seal mới cứng, bảo hành đầy đủ. Vote 5 sao!"
ORI-000026,ORD-260210-0018,PSU-002,SEASONIC-FOCUS-GX-850,Nguồn Seasonic Focus GX 850W 80 Plus Gold Full Modular,PSU - Nguồn máy tính,Seasonic,1,3290000,3800000,3290000,4,"Thiết kế đẹp, chạy mát, dịch vụ chăm sóc khách hàng khá tốt."
ORI-000027,ORD-260407-0019,RAM-003,KINGSTON-FURY-DDR4-16GB-3200,RAM Kingston Fury Beast DDR4 16GB (2x8GB) 3200MHz,RAM - Bộ nhớ trong,Kingston,1,1290000,1500000,1290000,5,"Lắp đặt dễ dàng, chạy êm ái và mát mẻ. Shop hỗ trợ nhiệt tình."
ORI-000028,ORD-260321-0020,MB-003,GIGABYTE-X670E-AORUS-MASTER,"Mainboard GIGABYTE X670E AORUS Master (AM5, DDR5, ATX)",Mainboard - Bo mạch chủ,GIGABYTE,1,11490000,13000000,11490000,4,"Chất lượng ổn áp, chạy ngon lành, đóng gói kỹ càng."
ORI-000029,ORD-260321-0020,MOUSE-001,LOGITECH-G-PRO-X-SUPERLIGHT2,"Chuột gaming Logitech G Pro X Superlight 2 (Không dây, 32000 DPI)",Chuột - Mouse,Logitech,1,3390000,3800000,3390000,5,"Lắp đặt dễ dàng, chạy êm ái và mát mẻ. Shop hỗ trợ nhiệt tình."
ORI-000030,ORD-260326-0021,CPU-002,INTEL-I7-14700K,"CPU Intel Core i7-14700K (3.4GHz Turbo 5.6GHz, 20 nhân 28 luồng)",CPU - Bộ vi xử lý,Intel,1,8490000,9500000,8490000,4,"Sản phẩm dùng tốt, đúng mô tả, tuy nhiên giao hàng hơi trễ 1 ngày."
ORI-000031,ORD-260326-0021,CPU-006,INTEL-I3-14100F,"CPU Intel Core i3-14100F (3.5GHz Turbo 4.7GHz, 4 nhân 8 luồng)",CPU - Bộ vi xử lý,Intel,1,2490000,2800000,2490000,5,"Sản phẩm cực kỳ chất lượng, đóng gói cẩn thận, giao hàng nhanh."
ORI-000032,ORD-260616-0022,CASE-002,JONSBO-D41-MESH,"Vỏ Case Jonsbo D41 Mesh Screen (Mid Tower, ATX, Màn hình LCD)",Case - Vỏ máy tính,Jonsbo,1,2290000,2600000,2290000,,
ORI-000033,ORD-250714-0023,MB-002,MSI-MAG-Z790-TOMAHAWK,"Mainboard MSI MAG Z790 Tomahawk WiFi (LGA 1700, DDR5, ATX)",Mainboard - Bo mạch chủ,MSI,1,6990000,7800000,6990000,4,"Thiết kế đẹp, chạy mát, dịch vụ chăm sóc khách hàng khá tốt."
ORI-000034,ORD-250714-0023,CPU-001,INTEL-I9-14900K,"CPU Intel Core i9-14900K (3.2GHz Turbo 6.0GHz, 24 nhân 32 luồng)",CPU - Bộ vi xử lý,Intel,1,12990000,14500000,12990000,2,"Sản phẩm có dấu hiệu trầy xước nhẹ, giao hàng chậm, đóng gói sơ sài."
ORI-000035,ORD-250929-0024,PSU-003,COOLERMASTER-V750-GOLD,Nguồn Cooler Master MWE Gold 750W 80 Plus Gold Full Modular,PSU - Nguồn máy tính,Cooler Master,1,2490000,2900000,2490000,5,"Hàng chuẩn GearVN, nguyên seal mới cứng, bảo hành đầy đủ. Vote 5 sao!"
ORI-000036,ORD-250929-0024,COOL-002,THERMALRIGHT-PHANTOM-SPIRIT-120,Tản nhiệt khí Thermalright Phantom Spirit 120 SE ARGB,Tản nhiệt - Cooling,Thermalright,1,990000,1200000,990000,4,"Thiết kế đẹp, chạy mát, dịch vụ chăm sóc khách hàng khá tốt."
ORI-000037,ORD-251204-0025,FAN-001,LIANLI-UNI-FAN-AL120-3PACK,"Fan Case Lian Li UNI FAN AL120 RGB (3-Pack, Daisy-chain)",Fan - Quạt tản nhiệt,Lian Li,1,1490000,1800000,1490000,1,"Hàng cũ đóng lại seal, chạy lỗi liên tục, bảo hành rất phiền phức. Không nên mua."
ORI-000038,ORD-251103-0026,RAM-003,KINGSTON-FURY-DDR4-16GB-3200,RAM Kingston Fury Beast DDR4 16GB (2x8GB) 3200MHz,RAM - Bộ nhớ trong,Kingston,1,1290000,1500000,1290000,4,"Chất lượng ổn áp, chạy ngon lành, đóng gói kỹ càng."
ORI-000039,ORD-251103-0026,COOL-003,DEEPCOOL-AK620-DIGITAL,"Tản nhiệt khí DeepCool AK620 Digital (Dual Tower, 2x120mm)",Tản nhiệt - Cooling,Deepcool,1,1490000,1800000,1490000,4,"Hiệu năng tốt trong tầm giá, dùng mượt mà không lỗi lầm gì."
ORI-000040,ORD-250711-0027,CASE-002,JONSBO-D41-MESH,"Vỏ Case Jonsbo D41 Mesh Screen (Mid Tower, ATX, Màn hình LCD)",Case - Vỏ máy tính,Jonsbo,1,2290000,2600000,2290000,5,"Lắp đặt dễ dàng, chạy êm ái và mát mẻ. Shop hỗ trợ nhiệt tình."
ORI-000041,ORD-251108-0028,MB-001,ASUS-ROG-MAXIMUS-Z790,"Mainboard ASUS ROG Maximus Z790 Hero (LGA 1700, DDR5, ATX)",Mainboard - Bo mạch chủ,ASUS,1,15990000,18000000,15990000,2,"Giao sai phiên bản màu sắc, đang chờ shop đổi trả."
ORI-000042,ORD-251108-0028,CASE-002,JONSBO-D41-MESH,"Vỏ Case Jonsbo D41 Mesh Screen (Mid Tower, ATX, Màn hình LCD)",Case - Vỏ máy tính,Jonsbo,1,2290000,2600000,2290000,4,"Thiết kế đẹp, chạy mát, dịch vụ chăm sóc khách hàng khá tốt."
ORI-000043,ORD-250821-0029,RAM-001,CORSAIR-DDR5-32GB-6000,RAM Corsair Dominator Titanium DDR5 32GB (2x16GB) 6000MHz,RAM - Bộ nhớ trong,Corsair,1,3990000,4500000,3990000,5,"Lắp đặt dễ dàng, chạy êm ái và mát mẻ. Shop hỗ trợ nhiệt tình."
ORI-000044,ORD-260119-0030,COOL-003,DEEPCOOL-AK620-DIGITAL,"Tản nhiệt khí DeepCool AK620 Digital (Dual Tower, 2x120mm)",Tản nhiệt - Cooling,Deepcool,1,1490000,1800000,1490000,1,"Sản phẩm bị lỗi hỏng ngay khi bóc hộp, không lên nguồn. Dịch vụ tệ."
ORI-000045,ORD-251009-0031,GPU-003,GIGABYTE-RTX4070-SUPER-12G,VGA GIGABYTE GeForce RTX 4070 Super Gaming OC 12GB,VGA - Card màn hình,GIGABYTE,1,16490000,18500000,16490000,5,"Rất đáng tiền, chạy mượt mà, chính hãng 100%."
ORI-000046,ORD-251009-0031,GPU-004,ASUS-RX7900XTX-24G,VGA ASUS TUF Gaming Radeon RX 7900 XTX OC 24GB,VGA - Card màn hình,ASUS,1,22990000,25000000,22990000,1,"Giao hàng quá chậm (mất 7 ngày), hàng móp méo hư hại nghiêm trọng."
ORI-000047,ORD-251229-0032,FAN-002,NOCTUA-NF-A12X25-PWM,Fan Case Noctua NF-A12x25 PWM 120mm (Hiệu suất cao),Fan - Quạt tản nhiệt,Noctua,1,990000,1200000,990000,5,"Hàng chuẩn GearVN, nguyên seal mới cứng, bảo hành đầy đủ. Vote 5 sao!"
ORI-000048,ORD-250621-0033,PSU-001,CORSAIR-HX1000I-1000W,Nguồn Corsair HX1000i 1000W 80 Plus Platinum Full Modular,PSU - Nguồn máy tính,Corsair,1,4990000,5500000,4990000,4,"Sản phẩm dùng tốt, đúng mô tả, tuy nhiên giao hàng hơi trễ 1 ngày."
ORI-000049,ORD-260405-0034,CPU-004,AMD-R9-7950X,"CPU AMD Ryzen 9 7950X (4.5GHz Turbo 5.7GHz, 16 nhân 32 luồng)",CPU - Bộ vi xử lý,AMD,1,13490000,15000000,13490000,5,"Lắp đặt dễ dàng, chạy êm ái và mát mẻ. Shop hỗ trợ nhiệt tình."
ORI-000050,ORD-260405-0034,MB-002,MSI-MAG-Z790-TOMAHAWK,"Mainboard MSI MAG Z790 Tomahawk WiFi (LGA 1700, DDR5, ATX)",Mainboard - Bo mạch chủ,MSI,1,6990000,7800000,6990000,2,"Giao sai phiên bản màu sắc, đang chờ shop đổi trả."
ORI-000051,ORD-251125-0035,GPU-005,MSI-RTX4060-TI-8G-VENTUS,VGA MSI GeForce RTX 4060 Ti 8G Ventus 2X OC,VGA - Card màn hình,MSI,1,9490000,11000000,9490000,5,"Lắp đặt dễ dàng, chạy êm ái và mát mẻ. Shop hỗ trợ nhiệt tình."
ORI-000052,ORD-251125-0035,GPU-001,ASUS-ROG-RTX4090-24G,VGA ASUS ROG Strix GeForce RTX 4090 24GB GDDR6X OC,VGA - Card màn hình,ASUS,1,52990000,58000000,52990000,5,"Sản phẩm cực kỳ chất lượng, đóng gói cẩn thận, giao hàng nhanh."
ORI-000053,ORD-260508-0036,CPU-006,INTEL-I3-14100F,"CPU Intel Core i3-14100F (3.5GHz Turbo 4.7GHz, 4 nhân 8 luồng)",CPU - Bộ vi xử lý,Intel,1,2490000,2800000,2490000,,
ORI-000054,ORD-260508-0036,MB-004,ASUS-TUF-B760M-PLUS-WIFI,"Mainboard ASUS TUF Gaming B760M-Plus WiFi (LGA 1700, DDR5, mATX)",Mainboard - Bo mạch chủ,ASUS,1,3990000,4500000,3990000,,
ORI-000055,ORD-251205-0037,CASE-001,LIANLI-PC-O11D-EVO,"Vỏ Case Lian Li PC-O11 Dynamic Evo (Mid Tower, ATX)",Case - Vỏ máy tính,Lian Li,1,3490000,3900000,3490000,5,"Hàng chuẩn GearVN, nguyên seal mới cứng, bảo hành đầy đủ. Vote 5 sao!"
ORI-000056,ORD-250918-0038,SSD-004,CRUCIAL-P5-PLUS-500GB,SSD Crucial P5 Plus 500GB NVMe M.2 PCIe Gen4,SSD - Ổ cứng thể rắn,Crucial,1,990000,1200000,990000,5,"Hàng chuẩn GearVN, nguyên seal mới cứng, bảo hành đầy đủ. Vote 5 sao!"
ORI-000057,ORD-260110-0039,CHAIR-001,SECRETLAB-TITAN-EVO-2022,"Ghế gaming Secretlab Titan Evo 2022 (SoftWeave Plus, Medium)",Ghế gaming - Gaming Chair,Secretlab,1,12990000,14500000,12990000,2,"Sản phẩm có dấu hiệu trầy xước nhẹ, giao hàng chậm, đóng gói sơ sài."
ORI-000058,ORD-260110-0039,SSD-002,WD-BLACK-SN850X-1TB,SSD WD Black SN850X 1TB NVMe M.2 PCIe Gen4,SSD - Ổ cứng thể rắn,Western Digital,1,2190000,2500000,2190000,5,"Sản phẩm cực kỳ chất lượng, đóng gói cẩn thận, giao hàng nhanh."
ORI-000059,ORD-260117-0040,HEADSET-001,CORSAIR-VIRTUOSO-RGB-XT,Tai nghe gaming Corsair Virtuoso RGB Wireless XT,Tai nghe - Headset,Corsair,1,4290000,5000000,4290000,5,"Rất đáng tiền, chạy mượt mà, chính hãng 100%."
ORI-000060,ORD-260117-0040,MOUSE-001,LOGITECH-G-PRO-X-SUPERLIGHT2,"Chuột gaming Logitech G Pro X Superlight 2 (Không dây, 32000 DPI)",Chuột - Mouse,Logitech,1,3390000,3800000,3390000,5,"Sản phẩm cực kỳ chất lượng, đóng gói cẩn thận, giao hàng nhanh."
ORI-000061,ORD-260601-0041,CHAIR-001,SECRETLAB-TITAN-EVO-2022,"Ghế gaming Secretlab Titan Evo 2022 (SoftWeave Plus, Medium)",Ghế gaming - Gaming Chair,Secretlab,1,12990000,14500000,12990000,5,"Lắp đặt dễ dàng, chạy êm ái và mát mẻ. Shop hỗ trợ nhiệt tình."
ORI-000062,ORD-250629-0042,PSU-003,COOLERMASTER-V750-GOLD,Nguồn Cooler Master MWE Gold 750W 80 Plus Gold Full Modular,PSU - Nguồn máy tính,Cooler Master,1,2490000,2900000,2490000,5,"Lắp đặt dễ dàng, chạy êm ái và mát mẻ. Shop hỗ trợ nhiệt tình."
ORI-000063,ORD-250629-0042,SSD-004,CRUCIAL-P5-PLUS-500GB,SSD Crucial P5 Plus 500GB NVMe M.2 PCIe Gen4,SSD - Ổ cứng thể rắn,Crucial,1,990000,1200000,990000,5,"Hàng chuẩn GearVN, nguyên seal mới cứng, bảo hành đầy đủ. Vote 5 sao!"
ORI-000064,ORD-260511-0043,PSU-003,COOLERMASTER-V750-GOLD,Nguồn Cooler Master MWE Gold 750W 80 Plus Gold Full Modular,PSU - Nguồn máy tính,Cooler Master,1,2490000,2900000,2490000,5,"Lắp đặt dễ dàng, chạy êm ái và mát mẻ. Shop hỗ trợ nhiệt tình."
ORI-000065,ORD-260226-0044,PSU-002,SEASONIC-FOCUS-GX-850,Nguồn Seasonic Focus GX 850W 80 Plus Gold Full Modular,PSU - Nguồn máy tính,Seasonic,1,3290000,3800000,3290000,4,"Sản phẩm tốt, nhân viên tư vấn nhiệt tình, sẽ tiếp tục ủng hộ."
ORI-000066,ORD-260226-0044,CPU-006,INTEL-I3-14100F,"CPU Intel Core i3-14100F (3.5GHz Turbo 4.7GHz, 4 nhân 8 luồng)",CPU - Bộ vi xử lý,Intel,1,2490000,2800000,2490000,5,"Sản phẩm cực kỳ chất lượng, đóng gói cẩn thận, giao hàng nhanh."
ORI-000067,ORD-260526-0045,HEADSET-001,CORSAIR-VIRTUOSO-RGB-XT,Tai nghe gaming Corsair Virtuoso RGB Wireless XT,Tai nghe - Headset,Corsair,1,4290000,5000000,4290000,5,"Rất đáng tiền, chạy mượt mà, chính hãng 100%."
ORI-000068,ORD-260526-0045,CHAIR-001,SECRETLAB-TITAN-EVO-2022,"Ghế gaming Secretlab Titan Evo 2022 (SoftWeave Plus, Medium)",Ghế gaming - Gaming Chair,Secretlab,1,12990000,14500000,12990000,5,"Rất đáng tiền, chạy mượt mà, chính hãng 100%."
ORI-000069,ORD-250902-0046,SSD-001,SAMSUNG-980-PRO-2TB,SSD Samsung 980 Pro 2TB NVMe M.2 PCIe Gen4,SSD - Ổ cứng thể rắn,Samsung,1,3490000,3900000,3490000,4,"Sản phẩm tốt, nhân viên tư vấn nhiệt tình, sẽ tiếp tục ủng hộ."
ORI-000070,ORD-260222-0047,PSU-003,COOLERMASTER-V750-GOLD,Nguồn Cooler Master MWE Gold 750W 80 Plus Gold Full Modular,PSU - Nguồn máy tính,Cooler Master,1,2490000,2900000,2490000,5,"Thiết kế đẹp mắt, hiệu năng vượt trội so với tầm giá. Rất hài lòng!"
ORI-000071,ORD-251114-0048,MONITOR-002,SAMSUNG-ODYSSEY-G7-32-4K,"Màn hình Samsung Odyssey G7 32"" 4K UHD 144Hz IPS",Màn hình - Monitor,Samsung,1,12990000,15000000,12990000,4,"Chất lượng ổn áp, chạy ngon lành, đóng gói kỹ càng."
ORI-000072,ORD-250922-0049,GPU-004,ASUS-RX7900XTX-24G,VGA ASUS TUF Gaming Radeon RX 7900 XTX OC 24GB,VGA - Card màn hình,ASUS,1,22990000,25000000,22990000,5,"Lắp đặt dễ dàng, chạy êm ái và mát mẻ. Shop hỗ trợ nhiệt tình."
ORI-000073,ORD-251210-0050,PSU-001,CORSAIR-HX1000I-1000W,Nguồn Corsair HX1000i 1000W 80 Plus Platinum Full Modular,PSU - Nguồn máy tính,Corsair,1,4990000,5500000,4990000,5,"Rất đáng tiền, chạy mượt mà, chính hãng 100%."
ORI-000074,ORD-260521-0051,COOL-001,CORSAIR-H150I-ELITE-360MM,Tản nhiệt nước AIO Corsair iCUE H150i Elite LCD 360mm,Tản nhiệt - Cooling,Corsair,1,4490000,5000000,4490000,5,"Sản phẩm cực kỳ chất lượng, đóng gói cẩn thận, giao hàng nhanh."
ORI-000075,ORD-251121-0052,HDD-001,SEAGATE-BARRACUDA-4TB,"Ổ cứng HDD Seagate Barracuda 4TB 3.5"" SATA 5400RPM",HDD - Ổ cứng cơ,Seagate,1,2190000,2500000,2190000,5,"Lắp đặt dễ dàng, chạy êm ái và mát mẻ. Shop hỗ trợ nhiệt tình."
ORI-000076,ORD-251107-0053,MB-003,GIGABYTE-X670E-AORUS-MASTER,"Mainboard GIGABYTE X670E AORUS Master (AM5, DDR5, ATX)",Mainboard - Bo mạch chủ,GIGABYTE,1,11490000,13000000,11490000,3,"Sản phẩm bình thường, không quá nổi bật, dịch vụ giao hàng ở mức trung bình."
ORI-000077,ORD-250911-0054,FAN-001,LIANLI-UNI-FAN-AL120-3PACK,"Fan Case Lian Li UNI FAN AL120 RGB (3-Pack, Daisy-chain)",Fan - Quạt tản nhiệt,Lian Li,1,1490000,1800000,1490000,4,"Chất lượng ổn áp, chạy ngon lành, đóng gói kỹ càng."
ORI-000078,ORD-251225-0055,KB-002,RAZER-BLACKWIDOW-V4-75,Bàn phím cơ Razer BlackWidow V4 75% (Razer Yellow Switch),Bàn phím - Keyboard,Razer,1,3290000,3800000,3290000,,
ORI-000079,ORD-260213-0056,MB-003,GIGABYTE-X670E-AORUS-MASTER,"Mainboard GIGABYTE X670E AORUS Master (AM5, DDR5, ATX)",Mainboard - Bo mạch chủ,GIGABYTE,1,11490000,13000000,11490000,,
ORI-000080,ORD-260213-0056,SSD-002,WD-BLACK-SN850X-1TB,SSD WD Black SN850X 1TB NVMe M.2 PCIe Gen4,SSD - Ổ cứng thể rắn,Western Digital,1,2190000,2500000,2190000,,
ORI-000081,ORD-250821-0057,GPU-002,MSI-RTX4080-SUPER-16G,VGA MSI GeForce RTX 4080 Super 16GB Gaming X Slim,VGA - Card màn hình,MSI,1,26990000,30000000,26990000,5,"Hàng chuẩn GearVN, nguyên seal mới cứng, bảo hành đầy đủ. Vote 5 sao!"
ORI-000082,ORD-260221-0058,PSU-002,SEASONIC-FOCUS-GX-850,Nguồn Seasonic Focus GX 850W 80 Plus Gold Full Modular,PSU - Nguồn máy tính,Seasonic,1,3290000,3800000,3290000,3,"Sản phẩm bình thường, không quá nổi bật, dịch vụ giao hàng ở mức trung bình."
ORI-000083,ORD-260619-0059,KB-002,RAZER-BLACKWIDOW-V4-75,Bàn phím cơ Razer BlackWidow V4 75% (Razer Yellow Switch),Bàn phím - Keyboard,Razer,1,3290000,3800000,3290000,,
ORI-000084,ORD-251230-0060,CASE-002,JONSBO-D41-MESH,"Vỏ Case Jonsbo D41 Mesh Screen (Mid Tower, ATX, Màn hình LCD)",Case - Vỏ máy tính,Jonsbo,1,2290000,2600000,2290000,5,"Thiết kế đẹp mắt, hiệu năng vượt trội so với tầm giá. Rất hài lòng!"
ORI-000085,ORD-250824-0061,CPU-003,INTEL-I5-14600K,"CPU Intel Core i5-14600K (3.5GHz Turbo 5.3GHz, 14 nhân 20 luồng)",CPU - Bộ vi xử lý,Intel,1,5490000,6200000,5490000,3,"Dùng tạm ổn, nhưng vỏ hộp hơi móp méo khi vận chuyển."
ORI-000086,ORD-250913-0062,RAM-002,GSKILL-DDR5-32GB-6000,RAM G.Skill Trident Z5 RGB DDR5 32GB (2x16GB) 6000MHz CL30,RAM - Bộ nhớ trong,G.Skill,1,3690000,4200000,3690000,5,"Sản phẩm cực kỳ chất lượng, đóng gói cẩn thận, giao hàng nhanh."
ORI-000087,ORD-250913-0062,CPU-003,INTEL-I5-14600K,"CPU Intel Core i5-14600K (3.5GHz Turbo 5.3GHz, 14 nhân 20 luồng)",CPU - Bộ vi xử lý,Intel,1,5490000,6200000,5490000,3,"Dùng tạm ổn, nhưng vỏ hộp hơi móp méo khi vận chuyển."
ORI-000088,ORD-251117-0063,SSD-003,KINGSTON-KC3000-1TB,SSD Kingston KC3000 1TB NVMe M.2 PCIe Gen4,SSD - Ổ cứng thể rắn,Kingston,1,1890000,2200000,1890000,5,"Hàng chuẩn GearVN, nguyên seal mới cứng, bảo hành đầy đủ. Vote 5 sao!"
ORI-000089,ORD-251117-0063,RAM-001,CORSAIR-DDR5-32GB-6000,RAM Corsair Dominator Titanium DDR5 32GB (2x16GB) 6000MHz,RAM - Bộ nhớ trong,Corsair,1,3990000,4500000,3990000,4,"Sản phẩm dùng tốt, đúng mô tả, tuy nhiên giao hàng hơi trễ 1 ngày."
ORI-000090,ORD-251107-0064,GPU-003,GIGABYTE-RTX4070-SUPER-12G,VGA GIGABYTE GeForce RTX 4070 Super Gaming OC 12GB,VGA - Card màn hình,GIGABYTE,1,16490000,18500000,16490000,5,"Hàng chuẩn GearVN, nguyên seal mới cứng, bảo hành đầy đủ. Vote 5 sao!"
ORI-000091,ORD-260115-0065,GPU-004,ASUS-RX7900XTX-24G,VGA ASUS TUF Gaming Radeon RX 7900 XTX OC 24GB,VGA - Card màn hình,ASUS,1,22990000,25000000,22990000,5,"Sản phẩm cực kỳ chất lượng, đóng gói cẩn thận, giao hàng nhanh."
ORI-000092,ORD-260115-0065,CPU-003,INTEL-I5-14600K,"CPU Intel Core i5-14600K (3.5GHz Turbo 5.3GHz, 14 nhân 20 luồng)",CPU - Bộ vi xử lý,Intel,1,5490000,6200000,5490000,5,"Rất đáng tiền, chạy mượt mà, chính hãng 100%."
ORI-000093,ORD-251213-0066,RAM-001,CORSAIR-DDR5-32GB-6000,RAM Corsair Dominator Titanium DDR5 32GB (2x16GB) 6000MHz,RAM - Bộ nhớ trong,Corsair,1,3990000,4500000,3990000,4,"Thiết kế đẹp, chạy mát, dịch vụ chăm sóc khách hàng khá tốt."
ORI-000094,ORD-251213-0066,KB-001,CORSAIR-K100-RGB-OPX,Bàn phím cơ Corsair K100 RGB Optical-Mechanical (OPX Switch),Bàn phím - Keyboard,Corsair,1,5490000,6000000,5490000,5,"Sản phẩm cực kỳ chất lượng, đóng gói cẩn thận, giao hàng nhanh."
ORI-000095,ORD-250825-0067,PSU-003,COOLERMASTER-V750-GOLD,Nguồn Cooler Master MWE Gold 750W 80 Plus Gold Full Modular,PSU - Nguồn máy tính,Cooler Master,1,2490000,2900000,2490000,5,"Lắp đặt dễ dàng, chạy êm ái và mát mẻ. Shop hỗ trợ nhiệt tình."
ORI-000096,ORD-250825-0067,PSU-003,COOLERMASTER-V750-GOLD,Nguồn Cooler Master MWE Gold 750W 80 Plus Gold Full Modular,PSU - Nguồn máy tính,Cooler Master,1,2490000,2900000,2490000,5,"Rất đáng tiền, chạy mượt mà, chính hãng 100%."
ORI-000097,ORD-251109-0068,GPU-001,ASUS-ROG-RTX4090-24G,VGA ASUS ROG Strix GeForce RTX 4090 24GB GDDR6X OC,VGA - Card màn hình,ASUS,1,52990000,58000000,52990000,5,"Rất đáng tiền, chạy mượt mà, chính hãng 100%."
ORI-000098,ORD-251109-0068,GPU-001,ASUS-ROG-RTX4090-24G,VGA ASUS ROG Strix GeForce RTX 4090 24GB GDDR6X OC,VGA - Card màn hình,ASUS,1,52990000,58000000,52990000,4,"Sản phẩm tốt, nhân viên tư vấn nhiệt tình, sẽ tiếp tục ủng hộ."
ORI-000099,ORD-260515-0069,MB-002,MSI-MAG-Z790-TOMAHAWK,"Mainboard MSI MAG Z790 Tomahawk WiFi (LGA 1700, DDR5, ATX)",Mainboard - Bo mạch chủ,MSI,1,6990000,7800000,6990000,5,"Sản phẩm cực kỳ chất lượng, đóng gói cẩn thận, giao hàng nhanh."
ORI-000100,ORD-260413-0070,MB-002,MSI-MAG-Z790-TOMAHAWK,"Mainboard MSI MAG Z790 Tomahawk WiFi (LGA 1700, DDR5, ATX)",Mainboard - Bo mạch chủ,MSI,1,6990000,7800000,6990000,4,"Hiệu năng tốt trong tầm giá, dùng mượt mà không lỗi lầm gì."
ORI-000101,ORD-260328-0071,PSU-003,COOLERMASTER-V750-GOLD,Nguồn Cooler Master MWE Gold 750W 80 Plus Gold Full Modular,PSU - Nguồn máy tính,Cooler Master,1,2490000,2900000,2490000,5,"Lắp đặt dễ dàng, chạy êm ái và mát mẻ. Shop hỗ trợ nhiệt tình."
ORI-000102,ORD-260607-0072,MONITOR-001,LG-27GP850P-27-QHD-165HZ,"Màn hình LG UltraGear 27GP850P-B 27"" QHD IPS 165Hz 1ms",Màn hình - Monitor,LG,1,8990000,10500000,8990000,5,"Thiết kế đẹp mắt, hiệu năng vượt trội so với tầm giá. Rất hài lòng!"
ORI-000103,ORD-260607-0072,MB-003,GIGABYTE-X670E-AORUS-MASTER,"Mainboard GIGABYTE X670E AORUS Master (AM5, DDR5, ATX)",Mainboard - Bo mạch chủ,GIGABYTE,1,11490000,13000000,11490000,5,"Sản phẩm cực kỳ chất lượng, đóng gói cẩn thận, giao hàng nhanh."
ORI-000104,ORD-251230-0073,RAM-004,CORSAIR-DDR5-64GB-6400,RAM Corsair Vengeance DDR5 64GB (2x32GB) 6400MHz CL32,RAM - Bộ nhớ trong,Corsair,1,6490000,7500000,6490000,5,"Thiết kế đẹp mắt, hiệu năng vượt trội so với tầm giá. Rất hài lòng!"
ORI-000105,ORD-260405-0074,CPU-005,AMD-R7-7700X,"CPU AMD Ryzen 7 7700X (4.5GHz Turbo 5.4GHz, 8 nhân 16 luồng)",CPU - Bộ vi xử lý,AMD,1,6890000,7500000,6890000,1,"Sản phẩm bị lỗi hỏng ngay khi bóc hộp, không lên nguồn. Dịch vụ tệ."
ORI-000106,ORD-251204-0075,PSU-003,COOLERMASTER-V750-GOLD,Nguồn Cooler Master MWE Gold 750W 80 Plus Gold Full Modular,PSU - Nguồn máy tính,Cooler Master,1,2490000,2900000,2490000,5,"Hàng chuẩn GearVN, nguyên seal mới cứng, bảo hành đầy đủ. Vote 5 sao!"
ORI-000107,ORD-250920-0076,MB-004,ASUS-TUF-B760M-PLUS-WIFI,"Mainboard ASUS TUF Gaming B760M-Plus WiFi (LGA 1700, DDR5, mATX)",Mainboard - Bo mạch chủ,ASUS,1,3990000,4500000,3990000,5,"Sản phẩm cực kỳ chất lượng, đóng gói cẩn thận, giao hàng nhanh."
ORI-000108,ORD-250907-0077,RAM-001,CORSAIR-DDR5-32GB-6000,RAM Corsair Dominator Titanium DDR5 32GB (2x16GB) 6000MHz,RAM - Bộ nhớ trong,Corsair,1,3990000,4500000,3990000,4,"Sản phẩm dùng tốt, đúng mô tả, tuy nhiên giao hàng hơi trễ 1 ngày."
ORI-000109,ORD-260410-0078,KB-002,RAZER-BLACKWIDOW-V4-75,Bàn phím cơ Razer BlackWidow V4 75% (Razer Yellow Switch),Bàn phím - Keyboard,Razer,1,3290000,3800000,3290000,4,"Sản phẩm dùng tốt, đúng mô tả, tuy nhiên giao hàng hơi trễ 1 ngày."
ORI-000110,ORD-251214-0079,RAM-002,GSKILL-DDR5-32GB-6000,RAM G.Skill Trident Z5 RGB DDR5 32GB (2x16GB) 6000MHz CL30,RAM - Bộ nhớ trong,G.Skill,1,3690000,4200000,3690000,5,"Thiết kế đẹp mắt, hiệu năng vượt trội so với tầm giá. Rất hài lòng!"
ORI-000111,ORD-260124-0080,FAN-001,LIANLI-UNI-FAN-AL120-3PACK,"Fan Case Lian Li UNI FAN AL120 RGB (3-Pack, Daisy-chain)",Fan - Quạt tản nhiệt,Lian Li,1,1490000,1800000,1490000,4,"Sản phẩm tốt, nhân viên tư vấn nhiệt tình, sẽ tiếp tục ủng hộ."
ORI-000112,ORD-260114-0081,MONITOR-001,LG-27GP850P-27-QHD-165HZ,"Màn hình LG UltraGear 27GP850P-B 27"" QHD IPS 165Hz 1ms",Màn hình - Monitor,LG,1,8990000,10500000,8990000,,
ORI-000113,ORD-260522-0082,MOUSE-002,RAZER-DEATHADDER-V3-HTE,Chuột gaming Razer DeathAdder V3 HyperSpeed (Không dây),Chuột - Mouse,Razer,1,1890000,2200000,1890000,4,"Hiệu năng tốt trong tầm giá, dùng mượt mà không lỗi lầm gì."
ORI-000114,ORD-260201-0083,SSD-001,SAMSUNG-980-PRO-2TB,SSD Samsung 980 Pro 2TB NVMe M.2 PCIe Gen4,SSD - Ổ cứng thể rắn,Samsung,1,3490000,3900000,3490000,4,"Thiết kế đẹp, chạy mát, dịch vụ chăm sóc khách hàng khá tốt."
ORI-000115,ORD-250910-0084,MB-004,ASUS-TUF-B760M-PLUS-WIFI,"Mainboard ASUS TUF Gaming B760M-Plus WiFi (LGA 1700, DDR5, mATX)",Mainboard - Bo mạch chủ,ASUS,1,3990000,4500000,3990000,5,"Thiết kế đẹp mắt, hiệu năng vượt trội so với tầm giá. Rất hài lòng!"
ORI-000116,ORD-250910-0084,MB-004,ASUS-TUF-B760M-PLUS-WIFI,"Mainboard ASUS TUF Gaming B760M-Plus WiFi (LGA 1700, DDR5, mATX)",Mainboard - Bo mạch chủ,ASUS,1,3990000,4500000,3990000,5,"Thiết kế đẹp mắt, hiệu năng vượt trội so với tầm giá. Rất hài lòng!"
ORI-000117,ORD-251006-0085,MB-002,MSI-MAG-Z790-TOMAHAWK,"Mainboard MSI MAG Z790 Tomahawk WiFi (LGA 1700, DDR5, ATX)",Mainboard - Bo mạch chủ,MSI,1,6990000,7800000,6990000,5,"Lắp đặt dễ dàng, chạy êm ái và mát mẻ. Shop hỗ trợ nhiệt tình."
ORI-000118,ORD-260531-0086,GPU-004,ASUS-RX7900XTX-24G,VGA ASUS TUF Gaming Radeon RX 7900 XTX OC 24GB,VGA - Card màn hình,ASUS,1,22990000,25000000,22990000,1,"Giao hàng quá chậm (mất 7 ngày), hàng móp méo hư hại nghiêm trọng."
ORI-000119,ORD-251227-0087,CPU-003,INTEL-I5-14600K,"CPU Intel Core i5-14600K (3.5GHz Turbo 5.3GHz, 14 nhân 20 luồng)",CPU - Bộ vi xử lý,Intel,1,5490000,6200000,5490000,5,"Rất đáng tiền, chạy mượt mà, chính hãng 100%."
ORI-000120,ORD-260112-0088,MB-002,MSI-MAG-Z790-TOMAHAWK,"Mainboard MSI MAG Z790 Tomahawk WiFi (LGA 1700, DDR5, ATX)",Mainboard - Bo mạch chủ,MSI,1,6990000,7800000,6990000,5,"Sản phẩm cực kỳ chất lượng, đóng gói cẩn thận, giao hàng nhanh."
ORI-000121,ORD-260112-0088,MOUSE-002,RAZER-DEATHADDER-V3-HTE,Chuột gaming Razer DeathAdder V3 HyperSpeed (Không dây),Chuột - Mouse,Razer,1,1890000,2200000,1890000,5,"Lắp đặt dễ dàng, chạy êm ái và mát mẻ. Shop hỗ trợ nhiệt tình."
ORI-000122,ORD-251105-0089,PSU-001,CORSAIR-HX1000I-1000W,Nguồn Corsair HX1000i 1000W 80 Plus Platinum Full Modular,PSU - Nguồn máy tính,Corsair,1,4990000,5500000,4990000,4,"Thiết kế đẹp, chạy mát, dịch vụ chăm sóc khách hàng khá tốt."
ORI-000123,ORD-250705-0090,CHAIR-001,SECRETLAB-TITAN-EVO-2022,"Ghế gaming Secretlab Titan Evo 2022 (SoftWeave Plus, Medium)",Ghế gaming - Gaming Chair,Secretlab,1,12990000,14500000,12990000,5,"Sản phẩm cực kỳ chất lượng, đóng gói cẩn thận, giao hàng nhanh."
ORI-000124,ORD-251203-0091,MB-002,MSI-MAG-Z790-TOMAHAWK,"Mainboard MSI MAG Z790 Tomahawk WiFi (LGA 1700, DDR5, ATX)",Mainboard - Bo mạch chủ,MSI,1,6990000,7800000,6990000,5,"Thiết kế đẹp mắt, hiệu năng vượt trội so với tầm giá. Rất hài lòng!"
ORI-000125,ORD-250814-0092,CPU-003,INTEL-I5-14600K,"CPU Intel Core i5-14600K (3.5GHz Turbo 5.3GHz, 14 nhân 20 luồng)",CPU - Bộ vi xử lý,Intel,1,5490000,6200000,5490000,5,"Hàng chuẩn GearVN, nguyên seal mới cứng, bảo hành đầy đủ. Vote 5 sao!"
ORI-000126,ORD-250814-0092,HEADSET-001,CORSAIR-VIRTUOSO-RGB-XT,Tai nghe gaming Corsair Virtuoso RGB Wireless XT,Tai nghe - Headset,Corsair,1,4290000,5000000,4290000,4,"Sản phẩm dùng tốt, đúng mô tả, tuy nhiên giao hàng hơi trễ 1 ngày."
ORI-000127,ORD-251216-0093,CPU-002,INTEL-I7-14700K,"CPU Intel Core i7-14700K (3.4GHz Turbo 5.6GHz, 20 nhân 28 luồng)",CPU - Bộ vi xử lý,Intel,1,8490000,9500000,8490000,5,"Thiết kế đẹp mắt, hiệu năng vượt trội so với tầm giá. Rất hài lòng!"
ORI-000128,ORD-251216-0093,KB-002,RAZER-BLACKWIDOW-V4-75,Bàn phím cơ Razer BlackWidow V4 75% (Razer Yellow Switch),Bàn phím - Keyboard,Razer,1,3290000,3800000,3290000,4,"Hiệu năng tốt trong tầm giá, dùng mượt mà không lỗi lầm gì."
ORI-000129,ORD-251117-0094,KB-002,RAZER-BLACKWIDOW-V4-75,Bàn phím cơ Razer BlackWidow V4 75% (Razer Yellow Switch),Bàn phím - Keyboard,Razer,1,3290000,3800000,3290000,5,"Hàng chuẩn GearVN, nguyên seal mới cứng, bảo hành đầy đủ. Vote 5 sao!"
ORI-000130,ORD-251108-0095,GPU-005,MSI-RTX4060-TI-8G-VENTUS,VGA MSI GeForce RTX 4060 Ti 8G Ventus 2X OC,VGA - Card màn hình,MSI,1,9490000,11000000,9490000,1,"Giao hàng quá chậm (mất 7 ngày), hàng móp méo hư hại nghiêm trọng."
ORI-000131,ORD-251108-0095,GPU-002,MSI-RTX4080-SUPER-16G,VGA MSI GeForce RTX 4080 Super 16GB Gaming X Slim,VGA - Card màn hình,MSI,1,26990000,30000000,26990000,4,"Thiết kế đẹp, chạy mát, dịch vụ chăm sóc khách hàng khá tốt."
ORI-000132,ORD-260108-0096,MOUSE-001,LOGITECH-G-PRO-X-SUPERLIGHT2,"Chuột gaming Logitech G Pro X Superlight 2 (Không dây, 32000 DPI)",Chuột - Mouse,Logitech,1,3390000,3800000,3390000,5,"Rất đáng tiền, chạy mượt mà, chính hãng 100%."
ORI-000133,ORD-250913-0097,GPU-002,MSI-RTX4080-SUPER-16G,VGA MSI GeForce RTX 4080 Super 16GB Gaming X Slim,VGA - Card màn hình,MSI,1,26990000,30000000,26990000,5,"Sản phẩm cực kỳ chất lượng, đóng gói cẩn thận, giao hàng nhanh."
ORI-000134,ORD-250913-0097,MB-004,ASUS-TUF-B760M-PLUS-WIFI,"Mainboard ASUS TUF Gaming B760M-Plus WiFi (LGA 1700, DDR5, mATX)",Mainboard - Bo mạch chủ,ASUS,1,3990000,4500000,3990000,5,"Lắp đặt dễ dàng, chạy êm ái và mát mẻ. Shop hỗ trợ nhiệt tình."
ORI-000135,ORD-251121-0098,MB-003,GIGABYTE-X670E-AORUS-MASTER,"Mainboard GIGABYTE X670E AORUS Master (AM5, DDR5, ATX)",Mainboard - Bo mạch chủ,GIGABYTE,1,11490000,13000000,11490000,5,"Lắp đặt dễ dàng, chạy êm ái và mát mẻ. Shop hỗ trợ nhiệt tình."
ORI-000136,ORD-260125-0099,RAM-004,CORSAIR-DDR5-64GB-6400,RAM Corsair Vengeance DDR5 64GB (2x32GB) 6400MHz CL32,RAM - Bộ nhớ trong,Corsair,1,6490000,7500000,6490000,,
ORI-000137,ORD-260125-0099,MB-002,MSI-MAG-Z790-TOMAHAWK,"Mainboard MSI MAG Z790 Tomahawk WiFi (LGA 1700, DDR5, ATX)",Mainboard - Bo mạch chủ,MSI,1,6990000,7800000,6990000,,
ORI-000138,ORD-251121-0100,MOUSE-001,LOGITECH-G-PRO-X-SUPERLIGHT2,"Chuột gaming Logitech G Pro X Superlight 2 (Không dây, 32000 DPI)",Chuột - Mouse,Logitech,1,3390000,3800000,3390000,4,"Sản phẩm tốt, nhân viên tư vấn nhiệt tình, sẽ tiếp tục ủng hộ."
ORI-000139,ORD-260422-0101,KB-001,CORSAIR-K100-RGB-OPX,Bàn phím cơ Corsair K100 RGB Optical-Mechanical (OPX Switch),Bàn phím - Keyboard,Corsair,1,5490000,6000000,5490000,5,"Thiết kế đẹp mắt, hiệu năng vượt trội so với tầm giá. Rất hài lòng!"
ORI-000140,ORD-250717-0102,CPU-001,INTEL-I9-14900K,"CPU Intel Core i9-14900K (3.2GHz Turbo 6.0GHz, 24 nhân 32 luồng)",CPU - Bộ vi xử lý,Intel,1,12990000,14500000,12990000,4,"Sản phẩm tốt, nhân viên tư vấn nhiệt tình, sẽ tiếp tục ủng hộ."
ORI-000141,ORD-250816-0103,MONITOR-002,SAMSUNG-ODYSSEY-G7-32-4K,"Màn hình Samsung Odyssey G7 32"" 4K UHD 144Hz IPS",Màn hình - Monitor,Samsung,1,12990000,15000000,12990000,5,"Rất đáng tiền, chạy mượt mà, chính hãng 100%."
ORI-000142,ORD-250816-0103,GPU-002,MSI-RTX4080-SUPER-16G,VGA MSI GeForce RTX 4080 Super 16GB Gaming X Slim,VGA - Card màn hình,MSI,1,26990000,30000000,26990000,5,"Thiết kế đẹp mắt, hiệu năng vượt trội so với tầm giá. Rất hài lòng!"
ORI-000143,ORD-251201-0104,GPU-003,GIGABYTE-RTX4070-SUPER-12G,VGA GIGABYTE GeForce RTX 4070 Super Gaming OC 12GB,VGA - Card màn hình,GIGABYTE,1,16490000,18500000,16490000,4,"Sản phẩm dùng tốt, đúng mô tả, tuy nhiên giao hàng hơi trễ 1 ngày."
ORI-000144,ORD-251206-0105,GPU-001,ASUS-ROG-RTX4090-24G,VGA ASUS ROG Strix GeForce RTX 4090 24GB GDDR6X OC,VGA - Card màn hình,ASUS,1,52990000,58000000,52990000,4,"Hiệu năng tốt trong tầm giá, dùng mượt mà không lỗi lầm gì."
ORI-000145,ORD-260206-0106,CPU-006,INTEL-I3-14100F,"CPU Intel Core i3-14100F (3.5GHz Turbo 4.7GHz, 4 nhân 8 luồng)",CPU - Bộ vi xử lý,Intel,1,2490000,2800000,2490000,5,"Rất đáng tiền, chạy mượt mà, chính hãng 100%."
ORI-000146,ORD-251216-0107,CPU-005,AMD-R7-7700X,"CPU AMD Ryzen 7 7700X (4.5GHz Turbo 5.4GHz, 8 nhân 16 luồng)",CPU - Bộ vi xử lý,AMD,1,6890000,7500000,6890000,5,"Lắp đặt dễ dàng, chạy êm ái và mát mẻ. Shop hỗ trợ nhiệt tình."
ORI-000147,ORD-260329-0108,CPU-003,INTEL-I5-14600K,"CPU Intel Core i5-14600K (3.5GHz Turbo 5.3GHz, 14 nhân 20 luồng)",CPU - Bộ vi xử lý,Intel,1,5490000,6200000,5490000,5,"Rất đáng tiền, chạy mượt mà, chính hãng 100%."
ORI-000148,ORD-250918-0109,GPU-003,GIGABYTE-RTX4070-SUPER-12G,VGA GIGABYTE GeForce RTX 4070 Super Gaming OC 12GB,VGA - Card màn hình,GIGABYTE,1,16490000,18500000,16490000,5,"Sản phẩm cực kỳ chất lượng, đóng gói cẩn thận, giao hàng nhanh."
ORI-000149,ORD-260120-0110,SSD-002,WD-BLACK-SN850X-1TB,SSD WD Black SN850X 1TB NVMe M.2 PCIe Gen4,SSD - Ổ cứng thể rắn,Western Digital,1,2190000,2500000,2190000,4,"Sản phẩm tốt, nhân viên tư vấn nhiệt tình, sẽ tiếp tục ủng hộ."
ORI-000150,ORD-251103-0111,MONITOR-001,LG-27GP850P-27-QHD-165HZ,"Màn hình LG UltraGear 27GP850P-B 27"" QHD IPS 165Hz 1ms",Màn hình - Monitor,LG,1,8990000,10500000,8990000,3,"Hiệu năng đủ dùng cho tác vụ cơ bản, nhiệt độ hơi ấm khi tải nặng."
ORI-000151,ORD-251122-0112,MB-003,GIGABYTE-X670E-AORUS-MASTER,"Mainboard GIGABYTE X670E AORUS Master (AM5, DDR5, ATX)",Mainboard - Bo mạch chủ,GIGABYTE,1,11490000,13000000,11490000,5,"Thiết kế đẹp mắt, hiệu năng vượt trội so với tầm giá. Rất hài lòng!"
ORI-000152,ORD-260418-0113,MB-004,ASUS-TUF-B760M-PLUS-WIFI,"Mainboard ASUS TUF Gaming B760M-Plus WiFi (LGA 1700, DDR5, mATX)",Mainboard - Bo mạch chủ,ASUS,1,3990000,4500000,3990000,5,"Sản phẩm cực kỳ chất lượng, đóng gói cẩn thận, giao hàng nhanh."
ORI-000153,ORD-260418-0113,CASE-001,LIANLI-PC-O11D-EVO,"Vỏ Case Lian Li PC-O11 Dynamic Evo (Mid Tower, ATX)",Case - Vỏ máy tính,Lian Li,1,3490000,3900000,3490000,5,"Hàng chuẩn GearVN, nguyên seal mới cứng, bảo hành đầy đủ. Vote 5 sao!"
ORI-000154,ORD-250711-0114,CASE-001,LIANLI-PC-O11D-EVO,"Vỏ Case Lian Li PC-O11 Dynamic Evo (Mid Tower, ATX)",Case - Vỏ máy tính,Lian Li,1,3490000,3900000,3490000,5,"Sản phẩm cực kỳ chất lượng, đóng gói cẩn thận, giao hàng nhanh."
ORI-000155,ORD-250821-0115,CPU-001,INTEL-I9-14900K,"CPU Intel Core i9-14900K (3.2GHz Turbo 6.0GHz, 24 nhân 32 luồng)",CPU - Bộ vi xử lý,Intel,1,12990000,14500000,12990000,5,"Sản phẩm cực kỳ chất lượng, đóng gói cẩn thận, giao hàng nhanh."
ORI-000156,ORD-251022-0116,COOL-001,CORSAIR-H150I-ELITE-360MM,Tản nhiệt nước AIO Corsair iCUE H150i Elite LCD 360mm,Tản nhiệt - Cooling,Corsair,1,4490000,5000000,4490000,5,"Lắp đặt dễ dàng, chạy êm ái và mát mẻ. Shop hỗ trợ nhiệt tình."
ORI-000157,ORD-251022-0116,MONITOR-002,SAMSUNG-ODYSSEY-G7-32-4K,"Màn hình Samsung Odyssey G7 32"" 4K UHD 144Hz IPS",Màn hình - Monitor,Samsung,1,12990000,15000000,12990000,5,"Sản phẩm cực kỳ chất lượng, đóng gói cẩn thận, giao hàng nhanh."
ORI-000158,ORD-251210-0117,MB-002,MSI-MAG-Z790-TOMAHAWK,"Mainboard MSI MAG Z790 Tomahawk WiFi (LGA 1700, DDR5, ATX)",Mainboard - Bo mạch chủ,MSI,1,6990000,7800000,6990000,,
ORI-000159,ORD-251213-0118,SSD-002,WD-BLACK-SN850X-1TB,SSD WD Black SN850X 1TB NVMe M.2 PCIe Gen4,SSD - Ổ cứng thể rắn,Western Digital,1,2190000,2500000,2190000,5,"Hàng chuẩn GearVN, nguyên seal mới cứng, bảo hành đầy đủ. Vote 5 sao!"
ORI-000160,ORD-251207-0119,CASE-001,LIANLI-PC-O11D-EVO,"Vỏ Case Lian Li PC-O11 Dynamic Evo (Mid Tower, ATX)",Case - Vỏ máy tính,Lian Li,1,3490000,3900000,3490000,5,"Rất đáng tiền, chạy mượt mà, chính hãng 100%."
ORI-000161,ORD-260127-0120,PSU-001,CORSAIR-HX1000I-1000W,Nguồn Corsair HX1000i 1000W 80 Plus Platinum Full Modular,PSU - Nguồn máy tính,Corsair,1,4990000,5500000,4990000,5,"Lắp đặt dễ dàng, chạy êm ái và mát mẻ. Shop hỗ trợ nhiệt tình."
ORI-000162,ORD-260127-0120,MB-001,ASUS-ROG-MAXIMUS-Z790,"Mainboard ASUS ROG Maximus Z790 Hero (LGA 1700, DDR5, ATX)",Mainboard - Bo mạch chủ,ASUS,1,15990000,18000000,15990000,5,"Sản phẩm cực kỳ chất lượng, đóng gói cẩn thận, giao hàng nhanh."
ORI-000163,ORD-251204-0121,FAN-001,LIANLI-UNI-FAN-AL120-3PACK,"Fan Case Lian Li UNI FAN AL120 RGB (3-Pack, Daisy-chain)",Fan - Quạt tản nhiệt,Lian Li,1,1490000,1800000,1490000,4,"Sản phẩm dùng tốt, đúng mô tả, tuy nhiên giao hàng hơi trễ 1 ngày."
ORI-000164,ORD-260414-0122,MONITOR-002,SAMSUNG-ODYSSEY-G7-32-4K,"Màn hình Samsung Odyssey G7 32"" 4K UHD 144Hz IPS",Màn hình - Monitor,Samsung,1,12990000,15000000,12990000,5,"Lắp đặt dễ dàng, chạy êm ái và mát mẻ. Shop hỗ trợ nhiệt tình."
ORI-000165,ORD-260216-0123,COOL-001,CORSAIR-H150I-ELITE-360MM,Tản nhiệt nước AIO Corsair iCUE H150i Elite LCD 360mm,Tản nhiệt - Cooling,Corsair,1,4490000,5000000,4490000,5,"Hàng chuẩn GearVN, nguyên seal mới cứng, bảo hành đầy đủ. Vote 5 sao!"
ORI-000166,ORD-251002-0124,MONITOR-001,LG-27GP850P-27-QHD-165HZ,"Màn hình LG UltraGear 27GP850P-B 27"" QHD IPS 165Hz 1ms",Màn hình - Monitor,LG,1,8990000,10500000,8990000,5,"Lắp đặt dễ dàng, chạy êm ái và mát mẻ. Shop hỗ trợ nhiệt tình."
ORI-000167,ORD-251002-0124,KB-002,RAZER-BLACKWIDOW-V4-75,Bàn phím cơ Razer BlackWidow V4 75% (Razer Yellow Switch),Bàn phím - Keyboard,Razer,1,3290000,3800000,3290000,5,"Sản phẩm cực kỳ chất lượng, đóng gói cẩn thận, giao hàng nhanh."
ORI-000168,ORD-260227-0125,HEADSET-001,CORSAIR-VIRTUOSO-RGB-XT,Tai nghe gaming Corsair Virtuoso RGB Wireless XT,Tai nghe - Headset,Corsair,1,4290000,5000000,4290000,5,"Thiết kế đẹp mắt, hiệu năng vượt trội so với tầm giá. Rất hài lòng!"
ORI-000169,ORD-260227-0125,MB-002,MSI-MAG-Z790-TOMAHAWK,"Mainboard MSI MAG Z790 Tomahawk WiFi (LGA 1700, DDR5, ATX)",Mainboard - Bo mạch chủ,MSI,1,6990000,7800000,6990000,5,"Rất đáng tiền, chạy mượt mà, chính hãng 100%."
ORI-000170,ORD-260307-0126,GPU-001,ASUS-ROG-RTX4090-24G,VGA ASUS ROG Strix GeForce RTX 4090 24GB GDDR6X OC,VGA - Card màn hình,ASUS,1,52990000,58000000,52990000,5,"Sản phẩm cực kỳ chất lượng, đóng gói cẩn thận, giao hàng nhanh."
ORI-000171,ORD-260316-0127,CPU-002,INTEL-I7-14700K,"CPU Intel Core i7-14700K (3.4GHz Turbo 5.6GHz, 20 nhân 28 luồng)",CPU - Bộ vi xử lý,Intel,1,8490000,9500000,8490000,5,"Lắp đặt dễ dàng, chạy êm ái và mát mẻ. Shop hỗ trợ nhiệt tình."
ORI-000172,ORD-260213-0128,GPU-004,ASUS-RX7900XTX-24G,VGA ASUS TUF Gaming Radeon RX 7900 XTX OC 24GB,VGA - Card màn hình,ASUS,1,22990000,25000000,22990000,4,"Thiết kế đẹp, chạy mát, dịch vụ chăm sóc khách hàng khá tốt."
ORI-000173,ORD-250913-0129,COOL-001,CORSAIR-H150I-ELITE-360MM,Tản nhiệt nước AIO Corsair iCUE H150i Elite LCD 360mm,Tản nhiệt - Cooling,Corsair,1,4490000,5000000,4490000,5,"Sản phẩm cực kỳ chất lượng, đóng gói cẩn thận, giao hàng nhanh."
ORI-000174,ORD-250913-0129,PSU-002,SEASONIC-FOCUS-GX-850,Nguồn Seasonic Focus GX 850W 80 Plus Gold Full Modular,PSU - Nguồn máy tính,Seasonic,1,3290000,3800000,3290000,5,"Lắp đặt dễ dàng, chạy êm ái và mát mẻ. Shop hỗ trợ nhiệt tình."
ORI-000175,ORD-260227-0130,KB-002,RAZER-BLACKWIDOW-V4-75,Bàn phím cơ Razer BlackWidow V4 75% (Razer Yellow Switch),Bàn phím - Keyboard,Razer,1,3290000,3800000,3290000,5,"Lắp đặt dễ dàng, chạy êm ái và mát mẻ. Shop hỗ trợ nhiệt tình."
ORI-000176,ORD-260227-0130,COOL-002,THERMALRIGHT-PHANTOM-SPIRIT-120,Tản nhiệt khí Thermalright Phantom Spirit 120 SE ARGB,Tản nhiệt - Cooling,Thermalright,1,990000,1200000,990000,1,"Giao hàng quá chậm (mất 7 ngày), hàng móp méo hư hại nghiêm trọng."
ORI-000177,ORD-251223-0131,CPU-003,INTEL-I5-14600K,"CPU Intel Core i5-14600K (3.5GHz Turbo 5.3GHz, 14 nhân 20 luồng)",CPU - Bộ vi xử lý,Intel,1,5490000,6200000,5490000,5,"Thiết kế đẹp mắt, hiệu năng vượt trội so với tầm giá. Rất hài lòng!"
ORI-000178,ORD-251223-0131,CPU-006,INTEL-I3-14100F,"CPU Intel Core i3-14100F (3.5GHz Turbo 4.7GHz, 4 nhân 8 luồng)",CPU - Bộ vi xử lý,Intel,1,2490000,2800000,2490000,5,"Sản phẩm cực kỳ chất lượng, đóng gói cẩn thận, giao hàng nhanh."
ORI-000179,ORD-250704-0132,RAM-003,KINGSTON-FURY-DDR4-16GB-3200,RAM Kingston Fury Beast DDR4 16GB (2x8GB) 3200MHz,RAM - Bộ nhớ trong,Kingston,1,1290000,1500000,1290000,5,"Hàng chuẩn GearVN, nguyên seal mới cứng, bảo hành đầy đủ. Vote 5 sao!"
ORI-000180,ORD-260525-0133,CHAIR-001,SECRETLAB-TITAN-EVO-2022,"Ghế gaming Secretlab Titan Evo 2022 (SoftWeave Plus, Medium)",Ghế gaming - Gaming Chair,Secretlab,1,12990000,14500000,12990000,5,"Sản phẩm cực kỳ chất lượng, đóng gói cẩn thận, giao hàng nhanh."
ORI-000181,ORD-260227-0134,KB-002,RAZER-BLACKWIDOW-V4-75,Bàn phím cơ Razer BlackWidow V4 75% (Razer Yellow Switch),Bàn phím - Keyboard,Razer,1,3290000,3800000,3290000,5,"Lắp đặt dễ dàng, chạy êm ái và mát mẻ. Shop hỗ trợ nhiệt tình."
ORI-000182,ORD-260105-0135,KB-001,CORSAIR-K100-RGB-OPX,Bàn phím cơ Corsair K100 RGB Optical-Mechanical (OPX Switch),Bàn phím - Keyboard,Corsair,1,5490000,6000000,5490000,5,"Lắp đặt dễ dàng, chạy êm ái và mát mẻ. Shop hỗ trợ nhiệt tình."
ORI-000183,ORD-260105-0135,CHAIR-001,SECRETLAB-TITAN-EVO-2022,"Ghế gaming Secretlab Titan Evo 2022 (SoftWeave Plus, Medium)",Ghế gaming - Gaming Chair,Secretlab,1,12990000,14500000,12990000,5,"Hàng chuẩn GearVN, nguyên seal mới cứng, bảo hành đầy đủ. Vote 5 sao!"
ORI-000184,ORD-250629-0136,MOUSE-002,RAZER-DEATHADDER-V3-HTE,Chuột gaming Razer DeathAdder V3 HyperSpeed (Không dây),Chuột - Mouse,Razer,1,1890000,2200000,1890000,4,"Sản phẩm tốt, nhân viên tư vấn nhiệt tình, sẽ tiếp tục ủng hộ."
ORI-000185,ORD-260116-0137,PSU-001,CORSAIR-HX1000I-1000W,Nguồn Corsair HX1000i 1000W 80 Plus Platinum Full Modular,PSU - Nguồn máy tính,Corsair,1,4990000,5500000,4990000,5,"Hàng chuẩn GearVN, nguyên seal mới cứng, bảo hành đầy đủ. Vote 5 sao!"
ORI-000186,ORD-260523-0138,MB-002,MSI-MAG-Z790-TOMAHAWK,"Mainboard MSI MAG Z790 Tomahawk WiFi (LGA 1700, DDR5, ATX)",Mainboard - Bo mạch chủ,MSI,1,6990000,7800000,6990000,5,"Sản phẩm cực kỳ chất lượng, đóng gói cẩn thận, giao hàng nhanh."
ORI-000187,ORD-260523-0138,PSU-001,CORSAIR-HX1000I-1000W,Nguồn Corsair HX1000i 1000W 80 Plus Platinum Full Modular,PSU - Nguồn máy tính,Corsair,1,4990000,5500000,4990000,4,"Sản phẩm tốt, nhân viên tư vấn nhiệt tình, sẽ tiếp tục ủng hộ."
ORI-000188,ORD-250905-0139,PSU-002,SEASONIC-FOCUS-GX-850,Nguồn Seasonic Focus GX 850W 80 Plus Gold Full Modular,PSU - Nguồn máy tính,Seasonic,1,3290000,3800000,3290000,5,"Sản phẩm cực kỳ chất lượng, đóng gói cẩn thận, giao hàng nhanh."
ORI-000189,ORD-260213-0140,MB-003,GIGABYTE-X670E-AORUS-MASTER,"Mainboard GIGABYTE X670E AORUS Master (AM5, DDR5, ATX)",Mainboard - Bo mạch chủ,GIGABYTE,1,11490000,13000000,11490000,4,"Hiệu năng tốt trong tầm giá, dùng mượt mà không lỗi lầm gì."
ORI-000190,ORD-251110-0141,RAM-003,KINGSTON-FURY-DDR4-16GB-3200,RAM Kingston Fury Beast DDR4 16GB (2x8GB) 3200MHz,RAM - Bộ nhớ trong,Kingston,1,1290000,1500000,1290000,5,"Sản phẩm cực kỳ chất lượng, đóng gói cẩn thận, giao hàng nhanh."
ORI-000191,ORD-250822-0142,MOUSE-002,RAZER-DEATHADDER-V3-HTE,Chuột gaming Razer DeathAdder V3 HyperSpeed (Không dây),Chuột - Mouse,Razer,1,1890000,2200000,1890000,5,"Sản phẩm cực kỳ chất lượng, đóng gói cẩn thận, giao hàng nhanh."
ORI-000192,ORD-260115-0143,RAM-001,CORSAIR-DDR5-32GB-6000,RAM Corsair Dominator Titanium DDR5 32GB (2x16GB) 6000MHz,RAM - Bộ nhớ trong,Corsair,1,3990000,4500000,3990000,5,"Hàng chuẩn GearVN, nguyên seal mới cứng, bảo hành đầy đủ. Vote 5 sao!"
ORI-000193,ORD-251223-0144,RAM-002,GSKILL-DDR5-32GB-6000,RAM G.Skill Trident Z5 RGB DDR5 32GB (2x16GB) 6000MHz CL30,RAM - Bộ nhớ trong,G.Skill,1,3690000,4200000,3690000,5,"Lắp đặt dễ dàng, chạy êm ái và mát mẻ. Shop hỗ trợ nhiệt tình."
ORI-000194,ORD-251223-0144,COOL-001,CORSAIR-H150I-ELITE-360MM,Tản nhiệt nước AIO Corsair iCUE H150i Elite LCD 360mm,Tản nhiệt - Cooling,Corsair,1,4490000,5000000,4490000,5,"Lắp đặt dễ dàng, chạy êm ái và mát mẻ. Shop hỗ trợ nhiệt tình."
ORI-000195,ORD-250923-0145,RAM-004,CORSAIR-DDR5-64GB-6400,RAM Corsair Vengeance DDR5 64GB (2x32GB) 6400MHz CL32,RAM - Bộ nhớ trong,Corsair,1,6490000,7500000,6490000,5,"Lắp đặt dễ dàng, chạy êm ái và mát mẻ. Shop hỗ trợ nhiệt tình."
ORI-000196,ORD-250923-0145,MONITOR-002,SAMSUNG-ODYSSEY-G7-32-4K,"Màn hình Samsung Odyssey G7 32"" 4K UHD 144Hz IPS",Màn hình - Monitor,Samsung,1,12990000,15000000,12990000,5,"Rất đáng tiền, chạy mượt mà, chính hãng 100%."
ORI-000197,ORD-260218-0146,CPU-005,AMD-R7-7700X,"CPU AMD Ryzen 7 7700X (4.5GHz Turbo 5.4GHz, 8 nhân 16 luồng)",CPU - Bộ vi xử lý,AMD,1,6890000,7500000,6890000,5,"Sản phẩm cực kỳ chất lượng, đóng gói cẩn thận, giao hàng nhanh."
ORI-000198,ORD-260322-0147,CHAIR-001,SECRETLAB-TITAN-EVO-2022,"Ghế gaming Secretlab Titan Evo 2022 (SoftWeave Plus, Medium)",Ghế gaming - Gaming Chair,Secretlab,1,12990000,14500000,12990000,4,"Hiệu năng tốt trong tầm giá, dùng mượt mà không lỗi lầm gì."
ORI-000199,ORD-260313-0148,RAM-001,CORSAIR-DDR5-32GB-6000,RAM Corsair Dominator Titanium DDR5 32GB (2x16GB) 6000MHz,RAM - Bộ nhớ trong,Corsair,1,3990000,4500000,3990000,5,"Hàng chuẩn GearVN, nguyên seal mới cứng, bảo hành đầy đủ. Vote 5 sao!"
ORI-000200,ORD-260313-0148,CPU-001,INTEL-I9-14900K,"CPU Intel Core i9-14900K (3.2GHz Turbo 6.0GHz, 24 nhân 32 luồng)",CPU - Bộ vi xử lý,Intel,1,12990000,14500000,12990000,5,"Rất đáng tiền, chạy mượt mà, chính hãng 100%."
ORI-000201,ORD-251219-0149,KB-002,RAZER-BLACKWIDOW-V4-75,Bàn phím cơ Razer BlackWidow V4 75% (Razer Yellow Switch),Bàn phím - Keyboard,Razer,1,3290000,3800000,3290000,5,"Lắp đặt dễ dàng, chạy êm ái và mát mẻ. Shop hỗ trợ nhiệt tình."
ORI-000202,ORD-251219-0149,PSU-003,COOLERMASTER-V750-GOLD,Nguồn Cooler Master MWE Gold 750W 80 Plus Gold Full Modular,PSU - Nguồn máy tính,Cooler Master,1,2490000,2900000,2490000,5,"Hàng chuẩn GearVN, nguyên seal mới cứng, bảo hành đầy đủ. Vote 5 sao!"
ORI-000203,ORD-260101-0150,COOL-001,CORSAIR-H150I-ELITE-360MM,Tản nhiệt nước AIO Corsair iCUE H150i Elite LCD 360mm,Tản nhiệt - Cooling,Corsair,1,4490000,5000000,4490000,5,"Hàng chuẩn GearVN, nguyên seal mới cứng, bảo hành đầy đủ. Vote 5 sao!"
ORI-000204,ORD-250811-0151,CPU-006,INTEL-I3-14100F,"CPU Intel Core i3-14100F (3.5GHz Turbo 4.7GHz, 4 nhân 8 luồng)",CPU - Bộ vi xử lý,Intel,1,2490000,2800000,2490000,5,"Rất đáng tiền, chạy mượt mà, chính hãng 100%."
ORI-000205,ORD-260520-0152,CPU-004,AMD-R9-7950X,"CPU AMD Ryzen 9 7950X (4.5GHz Turbo 5.7GHz, 16 nhân 32 luồng)",CPU - Bộ vi xử lý,AMD,1,13490000,15000000,13490000,3,"Dùng tạm ổn, nhưng vỏ hộp hơi móp méo khi vận chuyển."
ORI-000206,ORD-250910-0153,HDD-002,WD-RED-PLUS-8TB,"Ổ cứng HDD WD Red Plus 8TB 3.5"" SATA NAS",HDD - Ổ cứng cơ,Western Digital,1,4490000,5200000,4490000,3,"Dùng tạm ổn, nhưng vỏ hộp hơi móp méo khi vận chuyển."
ORI-000207,ORD-250910-0153,FAN-001,LIANLI-UNI-FAN-AL120-3PACK,"Fan Case Lian Li UNI FAN AL120 RGB (3-Pack, Daisy-chain)",Fan - Quạt tản nhiệt,Lian Li,1,1490000,1800000,1490000,4,"Chất lượng ổn áp, chạy ngon lành, đóng gói kỹ càng."
ORI-000208,ORD-260524-0154,RAM-001,CORSAIR-DDR5-32GB-6000,RAM Corsair Dominator Titanium DDR5 32GB (2x16GB) 6000MHz,RAM - Bộ nhớ trong,Corsair,1,3990000,4500000,3990000,5,"Sản phẩm cực kỳ chất lượng, đóng gói cẩn thận, giao hàng nhanh."
ORI-000209,ORD-260221-0155,MB-004,ASUS-TUF-B760M-PLUS-WIFI,"Mainboard ASUS TUF Gaming B760M-Plus WiFi (LGA 1700, DDR5, mATX)",Mainboard - Bo mạch chủ,ASUS,1,3990000,4500000,3990000,5,"Rất đáng tiền, chạy mượt mà, chính hãng 100%."
ORI-000210,ORD-260528-0156,GPU-005,MSI-RTX4060-TI-8G-VENTUS,VGA MSI GeForce RTX 4060 Ti 8G Ventus 2X OC,VGA - Card màn hình,MSI,1,9490000,11000000,9490000,5,"Thiết kế đẹp mắt, hiệu năng vượt trội so với tầm giá. Rất hài lòng!"
ORI-000211,ORD-260227-0157,SSD-001,SAMSUNG-980-PRO-2TB,SSD Samsung 980 Pro 2TB NVMe M.2 PCIe Gen4,SSD - Ổ cứng thể rắn,Samsung,1,3490000,3900000,3490000,5,"Lắp đặt dễ dàng, chạy êm ái và mát mẻ. Shop hỗ trợ nhiệt tình."
ORI-000212,ORD-250805-0158,GPU-004,ASUS-RX7900XTX-24G,VGA ASUS TUF Gaming Radeon RX 7900 XTX OC 24GB,VGA - Card màn hình,ASUS,1,22990000,25000000,22990000,5,"Rất đáng tiền, chạy mượt mà, chính hãng 100%."
ORI-000213,ORD-251106-0159,SSD-003,KINGSTON-KC3000-1TB,SSD Kingston KC3000 1TB NVMe M.2 PCIe Gen4,SSD - Ổ cứng thể rắn,Kingston,1,1890000,2200000,1890000,5,"Sản phẩm cực kỳ chất lượng, đóng gói cẩn thận, giao hàng nhanh."
ORI-000214,ORD-251206-0160,KB-002,RAZER-BLACKWIDOW-V4-75,Bàn phím cơ Razer BlackWidow V4 75% (Razer Yellow Switch),Bàn phím - Keyboard,Razer,1,3290000,3800000,3290000,4,"Thiết kế đẹp, chạy mát, dịch vụ chăm sóc khách hàng khá tốt."
ORI-000215,ORD-251206-0160,HEADSET-001,CORSAIR-VIRTUOSO-RGB-XT,Tai nghe gaming Corsair Virtuoso RGB Wireless XT,Tai nghe - Headset,Corsair,1,4290000,5000000,4290000,3,"Hiệu năng đủ dùng cho tác vụ cơ bản, nhiệt độ hơi ấm khi tải nặng."
ORI-000216,ORD-250821-0161,CPU-004,AMD-R9-7950X,"CPU AMD Ryzen 9 7950X (4.5GHz Turbo 5.7GHz, 16 nhân 32 luồng)",CPU - Bộ vi xử lý,AMD,1,13490000,15000000,13490000,4,"Sản phẩm tốt, nhân viên tư vấn nhiệt tình, sẽ tiếp tục ủng hộ."
ORI-000217,ORD-260218-0162,SSD-001,SAMSUNG-980-PRO-2TB,SSD Samsung 980 Pro 2TB NVMe M.2 PCIe Gen4,SSD - Ổ cứng thể rắn,Samsung,1,3490000,3900000,3490000,5,"Thiết kế đẹp mắt, hiệu năng vượt trội so với tầm giá. Rất hài lòng!"
ORI-000218,ORD-260211-0163,MB-004,ASUS-TUF-B760M-PLUS-WIFI,"Mainboard ASUS TUF Gaming B760M-Plus WiFi (LGA 1700, DDR5, mATX)",Mainboard - Bo mạch chủ,ASUS,1,3990000,4500000,3990000,5,"Lắp đặt dễ dàng, chạy êm ái và mát mẻ. Shop hỗ trợ nhiệt tình."
ORI-000219,ORD-260211-0163,COOL-003,DEEPCOOL-AK620-DIGITAL,"Tản nhiệt khí DeepCool AK620 Digital (Dual Tower, 2x120mm)",Tản nhiệt - Cooling,Deepcool,1,1490000,1800000,1490000,5,"Thiết kế đẹp mắt, hiệu năng vượt trội so với tầm giá. Rất hài lòng!"
ORI-000220,ORD-260228-0164,CASE-001,LIANLI-PC-O11D-EVO,"Vỏ Case Lian Li PC-O11 Dynamic Evo (Mid Tower, ATX)",Case - Vỏ máy tính,Lian Li,1,3490000,3900000,3490000,5,"Rất đáng tiền, chạy mượt mà, chính hãng 100%."
ORI-000221,ORD-250807-0165,FAN-001,LIANLI-UNI-FAN-AL120-3PACK,"Fan Case Lian Li UNI FAN AL120 RGB (3-Pack, Daisy-chain)",Fan - Quạt tản nhiệt,Lian Li,1,1490000,1800000,1490000,2,"Sản phẩm có dấu hiệu trầy xước nhẹ, giao hàng chậm, đóng gói sơ sài."
ORI-000222,ORD-250807-0165,MOUSE-001,LOGITECH-G-PRO-X-SUPERLIGHT2,"Chuột gaming Logitech G Pro X Superlight 2 (Không dây, 32000 DPI)",Chuột - Mouse,Logitech,1,3390000,3800000,3390000,5,"Thiết kế đẹp mắt, hiệu năng vượt trội so với tầm giá. Rất hài lòng!"
ORI-000223,ORD-251222-0166,GPU-003,GIGABYTE-RTX4070-SUPER-12G,VGA GIGABYTE GeForce RTX 4070 Super Gaming OC 12GB,VGA - Card màn hình,GIGABYTE,1,16490000,18500000,16490000,4,"Chất lượng ổn áp, chạy ngon lành, đóng gói kỹ càng."
ORI-000224,ORD-251222-0166,CASE-001,LIANLI-PC-O11D-EVO,"Vỏ Case Lian Li PC-O11 Dynamic Evo (Mid Tower, ATX)",Case - Vỏ máy tính,Lian Li,1,3490000,3900000,3490000,5,"Hàng chuẩn GearVN, nguyên seal mới cứng, bảo hành đầy đủ. Vote 5 sao!"
ORI-000225,ORD-251217-0167,RAM-004,CORSAIR-DDR5-64GB-6400,RAM Corsair Vengeance DDR5 64GB (2x32GB) 6400MHz CL32,RAM - Bộ nhớ trong,Corsair,1,6490000,7500000,6490000,5,"Rất đáng tiền, chạy mượt mà, chính hãng 100%."
ORI-000226,ORD-260110-0168,GPU-003,GIGABYTE-RTX4070-SUPER-12G,VGA GIGABYTE GeForce RTX 4070 Super Gaming OC 12GB,VGA - Card màn hình,GIGABYTE,1,16490000,18500000,16490000,2,"Sản phẩm có dấu hiệu trầy xước nhẹ, giao hàng chậm, đóng gói sơ sài."
ORI-000227,ORD-250801-0169,CPU-004,AMD-R9-7950X,"CPU AMD Ryzen 9 7950X (4.5GHz Turbo 5.7GHz, 16 nhân 32 luồng)",CPU - Bộ vi xử lý,AMD,1,13490000,15000000,13490000,5,"Hàng chuẩn GearVN, nguyên seal mới cứng, bảo hành đầy đủ. Vote 5 sao!"
ORI-000228,ORD-260215-0170,SSD-001,SAMSUNG-980-PRO-2TB,SSD Samsung 980 Pro 2TB NVMe M.2 PCIe Gen4,SSD - Ổ cứng thể rắn,Samsung,1,3490000,3900000,3490000,5,"Sản phẩm cực kỳ chất lượng, đóng gói cẩn thận, giao hàng nhanh."
ORI-000229,ORD-251216-0171,HEADSET-001,CORSAIR-VIRTUOSO-RGB-XT,Tai nghe gaming Corsair Virtuoso RGB Wireless XT,Tai nghe - Headset,Corsair,1,4290000,5000000,4290000,4,"Thiết kế đẹp, chạy mát, dịch vụ chăm sóc khách hàng khá tốt."
ORI-000230,ORD-260420-0172,GPU-001,ASUS-ROG-RTX4090-24G,VGA ASUS ROG Strix GeForce RTX 4090 24GB GDDR6X OC,VGA - Card màn hình,ASUS,1,52990000,58000000,52990000,4,"Hiệu năng tốt trong tầm giá, dùng mượt mà không lỗi lầm gì."
ORI-000231,ORD-260429-0173,RAM-001,CORSAIR-DDR5-32GB-6000,RAM Corsair Dominator Titanium DDR5 32GB (2x16GB) 6000MHz,RAM - Bộ nhớ trong,Corsair,1,3990000,4500000,3990000,5,"Hàng chuẩn GearVN, nguyên seal mới cứng, bảo hành đầy đủ. Vote 5 sao!"
ORI-000232,ORD-250620-0174,GPU-005,MSI-RTX4060-TI-8G-VENTUS,VGA MSI GeForce RTX 4060 Ti 8G Ventus 2X OC,VGA - Card màn hình,MSI,1,9490000,11000000,9490000,5,"Lắp đặt dễ dàng, chạy êm ái và mát mẻ. Shop hỗ trợ nhiệt tình."
ORI-000233,ORD-250620-0174,RAM-004,CORSAIR-DDR5-64GB-6400,RAM Corsair Vengeance DDR5 64GB (2x32GB) 6400MHz CL32,RAM - Bộ nhớ trong,Corsair,1,6490000,7500000,6490000,5,"Lắp đặt dễ dàng, chạy êm ái và mát mẻ. Shop hỗ trợ nhiệt tình."
ORI-000234,ORD-251002-0175,MONITOR-001,LG-27GP850P-27-QHD-165HZ,"Màn hình LG UltraGear 27GP850P-B 27"" QHD IPS 165Hz 1ms",Màn hình - Monitor,LG,1,8990000,10500000,8990000,5,"Thiết kế đẹp mắt, hiệu năng vượt trội so với tầm giá. Rất hài lòng!"
ORI-000235,ORD-250904-0176,CASE-001,LIANLI-PC-O11D-EVO,"Vỏ Case Lian Li PC-O11 Dynamic Evo (Mid Tower, ATX)",Case - Vỏ máy tính,Lian Li,1,3490000,3900000,3490000,5,"Hàng chuẩn GearVN, nguyên seal mới cứng, bảo hành đầy đủ. Vote 5 sao!"
ORI-000236,ORD-260110-0177,MOUSE-001,LOGITECH-G-PRO-X-SUPERLIGHT2,"Chuột gaming Logitech G Pro X Superlight 2 (Không dây, 32000 DPI)",Chuột - Mouse,Logitech,1,3390000,3800000,3390000,5,"Sản phẩm cực kỳ chất lượng, đóng gói cẩn thận, giao hàng nhanh."
ORI-000237,ORD-260110-0177,GPU-004,ASUS-RX7900XTX-24G,VGA ASUS TUF Gaming Radeon RX 7900 XTX OC 24GB,VGA - Card màn hình,ASUS,1,22990000,25000000,22990000,5,"Hàng chuẩn GearVN, nguyên seal mới cứng, bảo hành đầy đủ. Vote 5 sao!"
ORI-000238,ORD-260325-0178,CPU-001,INTEL-I9-14900K,"CPU Intel Core i9-14900K (3.2GHz Turbo 6.0GHz, 24 nhân 32 luồng)",CPU - Bộ vi xử lý,Intel,1,12990000,14500000,12990000,5,"Lắp đặt dễ dàng, chạy êm ái và mát mẻ. Shop hỗ trợ nhiệt tình."
ORI-000239,ORD-251110-0179,COOL-001,CORSAIR-H150I-ELITE-360MM,Tản nhiệt nước AIO Corsair iCUE H150i Elite LCD 360mm,Tản nhiệt - Cooling,Corsair,1,4490000,5000000,4490000,5,"Thiết kế đẹp mắt, hiệu năng vượt trội so với tầm giá. Rất hài lòng!"
ORI-000240,ORD-250801-0180,KB-002,RAZER-BLACKWIDOW-V4-75,Bàn phím cơ Razer BlackWidow V4 75% (Razer Yellow Switch),Bàn phím - Keyboard,Razer,1,3290000,3800000,3290000,5,"Sản phẩm cực kỳ chất lượng, đóng gói cẩn thận, giao hàng nhanh."
ORI-000241,ORD-260214-0181,HDD-001,SEAGATE-BARRACUDA-4TB,"Ổ cứng HDD Seagate Barracuda 4TB 3.5"" SATA 5400RPM",HDD - Ổ cứng cơ,Seagate,1,2190000,2500000,2190000,5,"Sản phẩm cực kỳ chất lượng, đóng gói cẩn thận, giao hàng nhanh."
ORI-000242,ORD-260214-0181,RAM-002,GSKILL-DDR5-32GB-6000,RAM G.Skill Trident Z5 RGB DDR5 32GB (2x16GB) 6000MHz CL30,RAM - Bộ nhớ trong,G.Skill,1,3690000,4200000,3690000,2,"Giao sai phiên bản màu sắc, đang chờ shop đổi trả."
ORI-000243,ORD-260302-0182,GPU-001,ASUS-ROG-RTX4090-24G,VGA ASUS ROG Strix GeForce RTX 4090 24GB GDDR6X OC,VGA - Card màn hình,ASUS,1,52990000,58000000,52990000,5,"Rất đáng tiền, chạy mượt mà, chính hãng 100%."
ORI-000244,ORD-260302-0182,CPU-003,INTEL-I5-14600K,"CPU Intel Core i5-14600K (3.5GHz Turbo 5.3GHz, 14 nhân 20 luồng)",CPU - Bộ vi xử lý,Intel,1,5490000,6200000,5490000,4,"Chất lượng ổn áp, chạy ngon lành, đóng gói kỹ càng."
ORI-000245,ORD-260121-0183,HDD-001,SEAGATE-BARRACUDA-4TB,"Ổ cứng HDD Seagate Barracuda 4TB 3.5"" SATA 5400RPM",HDD - Ổ cứng cơ,Seagate,1,2190000,2500000,2190000,5,"Lắp đặt dễ dàng, chạy êm ái và mát mẻ. Shop hỗ trợ nhiệt tình."
ORI-000246,ORD-260107-0184,HDD-001,SEAGATE-BARRACUDA-4TB,"Ổ cứng HDD Seagate Barracuda 4TB 3.5"" SATA 5400RPM",HDD - Ổ cứng cơ,Seagate,1,2190000,2500000,2190000,5,"Lắp đặt dễ dàng, chạy êm ái và mát mẻ. Shop hỗ trợ nhiệt tình."
ORI-000247,ORD-260107-0184,HDD-002,WD-RED-PLUS-8TB,"Ổ cứng HDD WD Red Plus 8TB 3.5"" SATA NAS",HDD - Ổ cứng cơ,Western Digital,1,4490000,5200000,4490000,5,"Thiết kế đẹp mắt, hiệu năng vượt trội so với tầm giá. Rất hài lòng!"
ORI-000248,ORD-250709-0185,SSD-003,KINGSTON-KC3000-1TB,SSD Kingston KC3000 1TB NVMe M.2 PCIe Gen4,SSD - Ổ cứng thể rắn,Kingston,1,1890000,2200000,1890000,5,"Hàng chuẩn GearVN, nguyên seal mới cứng, bảo hành đầy đủ. Vote 5 sao!"
ORI-000249,ORD-250803-0186,HEADSET-001,CORSAIR-VIRTUOSO-RGB-XT,Tai nghe gaming Corsair Virtuoso RGB Wireless XT,Tai nghe - Headset,Corsair,1,4290000,5000000,4290000,3,"Dùng tạm ổn, nhưng vỏ hộp hơi móp méo khi vận chuyển."
ORI-000250,ORD-250803-0186,CPU-002,INTEL-I7-14700K,"CPU Intel Core i7-14700K (3.4GHz Turbo 5.6GHz, 20 nhân 28 luồng)",CPU - Bộ vi xử lý,Intel,1,8490000,9500000,8490000,5,"Hàng chuẩn GearVN, nguyên seal mới cứng, bảo hành đầy đủ. Vote 5 sao!"
ORI-000251,ORD-251216-0187,PSU-001,CORSAIR-HX1000I-1000W,Nguồn Corsair HX1000i 1000W 80 Plus Platinum Full Modular,PSU - Nguồn máy tính,Corsair,1,4990000,5500000,4990000,4,"Sản phẩm dùng tốt, đúng mô tả, tuy nhiên giao hàng hơi trễ 1 ngày."
ORI-000252,ORD-250923-0188,PSU-002,SEASONIC-FOCUS-GX-850,Nguồn Seasonic Focus GX 850W 80 Plus Gold Full Modular,PSU - Nguồn máy tính,Seasonic,1,3290000,3800000,3290000,5,"Lắp đặt dễ dàng, chạy êm ái và mát mẻ. Shop hỗ trợ nhiệt tình."
ORI-000253,ORD-250923-0188,CPU-002,INTEL-I7-14700K,"CPU Intel Core i7-14700K (3.4GHz Turbo 5.6GHz, 20 nhân 28 luồng)",CPU - Bộ vi xử lý,Intel,1,8490000,9500000,8490000,5,"Rất đáng tiền, chạy mượt mà, chính hãng 100%."
ORI-000254,ORD-260201-0189,KB-001,CORSAIR-K100-RGB-OPX,Bàn phím cơ Corsair K100 RGB Optical-Mechanical (OPX Switch),Bàn phím - Keyboard,Corsair,1,5490000,6000000,5490000,5,"Lắp đặt dễ dàng, chạy êm ái và mát mẻ. Shop hỗ trợ nhiệt tình."
ORI-000255,ORD-260105-0190,SSD-002,WD-BLACK-SN850X-1TB,SSD WD Black SN850X 1TB NVMe M.2 PCIe Gen4,SSD - Ổ cứng thể rắn,Western Digital,1,2190000,2500000,2190000,,
ORI-000256,ORD-251123-0191,MONITOR-001,LG-27GP850P-27-QHD-165HZ,"Màn hình LG UltraGear 27GP850P-B 27"" QHD IPS 165Hz 1ms",Màn hình - Monitor,LG,1,8990000,10500000,8990000,5,"Rất đáng tiền, chạy mượt mà, chính hãng 100%."
ORI-000257,ORD-260607-0192,PSU-002,SEASONIC-FOCUS-GX-850,Nguồn Seasonic Focus GX 850W 80 Plus Gold Full Modular,PSU - Nguồn máy tính,Seasonic,1,3290000,3800000,3290000,5,"Lắp đặt dễ dàng, chạy êm ái và mát mẻ. Shop hỗ trợ nhiệt tình."
ORI-000258,ORD-260212-0193,GPU-004,ASUS-RX7900XTX-24G,VGA ASUS TUF Gaming Radeon RX 7900 XTX OC 24GB,VGA - Card màn hình,ASUS,1,22990000,25000000,22990000,4,"Sản phẩm dùng tốt, đúng mô tả, tuy nhiên giao hàng hơi trễ 1 ngày."
ORI-000259,ORD-251123-0194,HEADSET-001,CORSAIR-VIRTUOSO-RGB-XT,Tai nghe gaming Corsair Virtuoso RGB Wireless XT,Tai nghe - Headset,Corsair,1,4290000,5000000,4290000,5,"Hàng chuẩn GearVN, nguyên seal mới cứng, bảo hành đầy đủ. Vote 5 sao!"
ORI-000260,ORD-251114-0195,MB-003,GIGABYTE-X670E-AORUS-MASTER,"Mainboard GIGABYTE X670E AORUS Master (AM5, DDR5, ATX)",Mainboard - Bo mạch chủ,GIGABYTE,1,11490000,13000000,11490000,5,"Hàng chuẩn GearVN, nguyên seal mới cứng, bảo hành đầy đủ. Vote 5 sao!"
ORI-000261,ORD-251114-0195,RAM-003,KINGSTON-FURY-DDR4-16GB-3200,RAM Kingston Fury Beast DDR4 16GB (2x8GB) 3200MHz,RAM - Bộ nhớ trong,Kingston,1,1290000,1500000,1290000,5,"Hàng chuẩn GearVN, nguyên seal mới cứng, bảo hành đầy đủ. Vote 5 sao!"
ORI-000262,ORD-251127-0196,SSD-003,KINGSTON-KC3000-1TB,SSD Kingston KC3000 1TB NVMe M.2 PCIe Gen4,SSD - Ổ cứng thể rắn,Kingston,1,1890000,2200000,1890000,5,"Rất đáng tiền, chạy mượt mà, chính hãng 100%."
ORI-000263,ORD-251211-0197,RAM-001,CORSAIR-DDR5-32GB-6000,RAM Corsair Dominator Titanium DDR5 32GB (2x16GB) 6000MHz,RAM - Bộ nhớ trong,Corsair,1,3990000,4500000,3990000,5,"Lắp đặt dễ dàng, chạy êm ái và mát mẻ. Shop hỗ trợ nhiệt tình."
ORI-000264,ORD-260617-0198,MB-002,MSI-MAG-Z790-TOMAHAWK,"Mainboard MSI MAG Z790 Tomahawk WiFi (LGA 1700, DDR5, ATX)",Mainboard - Bo mạch chủ,MSI,1,6990000,7800000,6990000,,
ORI-000265,ORD-260516-0199,SSD-003,KINGSTON-KC3000-1TB,SSD Kingston KC3000 1TB NVMe M.2 PCIe Gen4,SSD - Ổ cứng thể rắn,Kingston,1,1890000,2200000,1890000,4,"Thiết kế đẹp, chạy mát, dịch vụ chăm sóc khách hàng khá tốt."
ORI-000266,ORD-250915-0200,GPU-003,GIGABYTE-RTX4070-SUPER-12G,VGA GIGABYTE GeForce RTX 4070 Super Gaming OC 12GB,VGA - Card màn hình,GIGABYTE,1,16490000,18500000,16490000,4,"Thiết kế đẹp, chạy mát, dịch vụ chăm sóc khách hàng khá tốt."
ORI-000267,ORD-250915-0200,SSD-003,KINGSTON-KC3000-1TB,SSD Kingston KC3000 1TB NVMe M.2 PCIe Gen4,SSD - Ổ cứng thể rắn,Kingston,1,1890000,2200000,1890000,5,"Hàng chuẩn GearVN, nguyên seal mới cứng, bảo hành đầy đủ. Vote 5 sao!"
ORI-000268,ORD-250808-0201,MB-001,ASUS-ROG-MAXIMUS-Z790,"Mainboard ASUS ROG Maximus Z790 Hero (LGA 1700, DDR5, ATX)",Mainboard - Bo mạch chủ,ASUS,1,15990000,18000000,15990000,5,"Sản phẩm cực kỳ chất lượng, đóng gói cẩn thận, giao hàng nhanh."
ORI-000269,ORD-251114-0202,CHAIR-001,SECRETLAB-TITAN-EVO-2022,"Ghế gaming Secretlab Titan Evo 2022 (SoftWeave Plus, Medium)",Ghế gaming - Gaming Chair,Secretlab,1,12990000,14500000,12990000,5,"Sản phẩm cực kỳ chất lượng, đóng gói cẩn thận, giao hàng nhanh."
ORI-000270,ORD-251114-0202,MONITOR-002,SAMSUNG-ODYSSEY-G7-32-4K,"Màn hình Samsung Odyssey G7 32"" 4K UHD 144Hz IPS",Màn hình - Monitor,Samsung,1,12990000,15000000,12990000,3,"Sản phẩm bình thường, không quá nổi bật, dịch vụ giao hàng ở mức trung bình."
ORI-000271,ORD-260128-0203,MB-003,GIGABYTE-X670E-AORUS-MASTER,"Mainboard GIGABYTE X670E AORUS Master (AM5, DDR5, ATX)",Mainboard - Bo mạch chủ,GIGABYTE,1,11490000,13000000,11490000,4,"Thiết kế đẹp, chạy mát, dịch vụ chăm sóc khách hàng khá tốt."
ORI-000272,ORD-251114-0204,CPU-001,INTEL-I9-14900K,"CPU Intel Core i9-14900K (3.2GHz Turbo 6.0GHz, 24 nhân 32 luồng)",CPU - Bộ vi xử lý,Intel,1,12990000,14500000,12990000,5,"Thiết kế đẹp mắt, hiệu năng vượt trội so với tầm giá. Rất hài lòng!"
ORI-000273,ORD-260210-0205,HDD-001,SEAGATE-BARRACUDA-4TB,"Ổ cứng HDD Seagate Barracuda 4TB 3.5"" SATA 5400RPM",HDD - Ổ cứng cơ,Seagate,1,2190000,2500000,2190000,2,"Sản phẩm có dấu hiệu trầy xước nhẹ, giao hàng chậm, đóng gói sơ sài."
ORI-000274,ORD-260427-0206,GPU-001,ASUS-ROG-RTX4090-24G,VGA ASUS ROG Strix GeForce RTX 4090 24GB GDDR6X OC,VGA - Card màn hình,ASUS,1,52990000,58000000,52990000,4,"Thiết kế đẹp, chạy mát, dịch vụ chăm sóc khách hàng khá tốt."
ORI-000275,ORD-260427-0206,RAM-001,CORSAIR-DDR5-32GB-6000,RAM Corsair Dominator Titanium DDR5 32GB (2x16GB) 6000MHz,RAM - Bộ nhớ trong,Corsair,1,3990000,4500000,3990000,5,"Hàng chuẩn GearVN, nguyên seal mới cứng, bảo hành đầy đủ. Vote 5 sao!"
ORI-000276,ORD-260611-0207,CPU-006,INTEL-I3-14100F,"CPU Intel Core i3-14100F (3.5GHz Turbo 4.7GHz, 4 nhân 8 luồng)",CPU - Bộ vi xử lý,Intel,1,2490000,2800000,2490000,5,"Sản phẩm cực kỳ chất lượng, đóng gói cẩn thận, giao hàng nhanh."
ORI-000277,ORD-251006-0208,GPU-005,MSI-RTX4060-TI-8G-VENTUS,VGA MSI GeForce RTX 4060 Ti 8G Ventus 2X OC,VGA - Card màn hình,MSI,1,9490000,11000000,9490000,5,"Sản phẩm cực kỳ chất lượng, đóng gói cẩn thận, giao hàng nhanh."
ORI-000278,ORD-251006-0208,GPU-002,MSI-RTX4080-SUPER-16G,VGA MSI GeForce RTX 4080 Super 16GB Gaming X Slim,VGA - Card màn hình,MSI,1,26990000,30000000,26990000,5,"Hàng chuẩn GearVN, nguyên seal mới cứng, bảo hành đầy đủ. Vote 5 sao!"
ORI-000279,ORD-250628-0209,MB-001,ASUS-ROG-MAXIMUS-Z790,"Mainboard ASUS ROG Maximus Z790 Hero (LGA 1700, DDR5, ATX)",Mainboard - Bo mạch chủ,ASUS,1,15990000,18000000,15990000,5,"Lắp đặt dễ dàng, chạy êm ái và mát mẻ. Shop hỗ trợ nhiệt tình."
ORI-000280,ORD-260213-0210,RAM-001,CORSAIR-DDR5-32GB-6000,RAM Corsair Dominator Titanium DDR5 32GB (2x16GB) 6000MHz,RAM - Bộ nhớ trong,Corsair,1,3990000,4500000,3990000,5,"Rất đáng tiền, chạy mượt mà, chính hãng 100%."
ORI-000281,ORD-260213-0210,PSU-002,SEASONIC-FOCUS-GX-850,Nguồn Seasonic Focus GX 850W 80 Plus Gold Full Modular,PSU - Nguồn máy tính,Seasonic,1,3290000,3800000,3290000,4,"Thiết kế đẹp, chạy mát, dịch vụ chăm sóc khách hàng khá tốt."
ORI-000282,ORD-260309-0211,HDD-002,WD-RED-PLUS-8TB,"Ổ cứng HDD WD Red Plus 8TB 3.5"" SATA NAS",HDD - Ổ cứng cơ,Western Digital,1,4490000,5200000,4490000,4,"Sản phẩm dùng tốt, đúng mô tả, tuy nhiên giao hàng hơi trễ 1 ngày."
ORI-000283,ORD-260309-0211,COOL-001,CORSAIR-H150I-ELITE-360MM,Tản nhiệt nước AIO Corsair iCUE H150i Elite LCD 360mm,Tản nhiệt - Cooling,Corsair,1,4490000,5000000,4490000,3,Chất lượng sản phẩm ok nhưng tổng đài hỗ trợ kỹ thuật phản hồi hơi chậm.
ORI-000284,ORD-250917-0212,PSU-001,CORSAIR-HX1000I-1000W,Nguồn Corsair HX1000i 1000W 80 Plus Platinum Full Modular,PSU - Nguồn máy tính,Corsair,1,4990000,5500000,4990000,4,"Thiết kế đẹp, chạy mát, dịch vụ chăm sóc khách hàng khá tốt."
ORI-000285,ORD-251023-0213,RAM-001,CORSAIR-DDR5-32GB-6000,RAM Corsair Dominator Titanium DDR5 32GB (2x16GB) 6000MHz,RAM - Bộ nhớ trong,Corsair,1,3990000,4500000,3990000,3,"Hiệu năng đủ dùng cho tác vụ cơ bản, nhiệt độ hơi ấm khi tải nặng."
ORI-000286,ORD-260615-0214,COOL-001,CORSAIR-H150I-ELITE-360MM,Tản nhiệt nước AIO Corsair iCUE H150i Elite LCD 360mm,Tản nhiệt - Cooling,Corsair,1,4490000,5000000,4490000,,
ORI-000287,ORD-250808-0215,SSD-002,WD-BLACK-SN850X-1TB,SSD WD Black SN850X 1TB NVMe M.2 PCIe Gen4,SSD - Ổ cứng thể rắn,Western Digital,1,2190000,2500000,2190000,2,"Sản phẩm có dấu hiệu trầy xước nhẹ, giao hàng chậm, đóng gói sơ sài."
ORI-000288,ORD-251003-0216,RAM-003,KINGSTON-FURY-DDR4-16GB-3200,RAM Kingston Fury Beast DDR4 16GB (2x8GB) 3200MHz,RAM - Bộ nhớ trong,Kingston,1,1290000,1500000,1290000,4,"Chất lượng ổn áp, chạy ngon lành, đóng gói kỹ càng."
ORI-000289,ORD-251231-0217,COOL-001,CORSAIR-H150I-ELITE-360MM,Tản nhiệt nước AIO Corsair iCUE H150i Elite LCD 360mm,Tản nhiệt - Cooling,Corsair,1,4490000,5000000,4490000,5,"Sản phẩm cực kỳ chất lượng, đóng gói cẩn thận, giao hàng nhanh."
ORI-000290,ORD-260219-0218,CHAIR-001,SECRETLAB-TITAN-EVO-2022,"Ghế gaming Secretlab Titan Evo 2022 (SoftWeave Plus, Medium)",Ghế gaming - Gaming Chair,Secretlab,1,12990000,14500000,12990000,5,"Rất đáng tiền, chạy mượt mà, chính hãng 100%."
ORI-000291,ORD-260219-0218,COOL-002,THERMALRIGHT-PHANTOM-SPIRIT-120,Tản nhiệt khí Thermalright Phantom Spirit 120 SE ARGB,Tản nhiệt - Cooling,Thermalright,1,990000,1200000,990000,3,Chất lượng sản phẩm ok nhưng tổng đài hỗ trợ kỹ thuật phản hồi hơi chậm.
ORI-000292,ORD-260501-0219,PSU-001,CORSAIR-HX1000I-1000W,Nguồn Corsair HX1000i 1000W 80 Plus Platinum Full Modular,PSU - Nguồn máy tính,Corsair,1,4990000,5500000,4990000,5,"Hàng chuẩn GearVN, nguyên seal mới cứng, bảo hành đầy đủ. Vote 5 sao!"
ORI-000293,ORD-251213-0220,CPU-005,AMD-R7-7700X,"CPU AMD Ryzen 7 7700X (4.5GHz Turbo 5.4GHz, 8 nhân 16 luồng)",CPU - Bộ vi xử lý,AMD,1,6890000,7500000,6890000,5,"Thiết kế đẹp mắt, hiệu năng vượt trội so với tầm giá. Rất hài lòng!"
ORI-000294,ORD-250720-0221,CPU-003,INTEL-I5-14600K,"CPU Intel Core i5-14600K (3.5GHz Turbo 5.3GHz, 14 nhân 20 luồng)",CPU - Bộ vi xử lý,Intel,1,5490000,6200000,5490000,5,"Sản phẩm cực kỳ chất lượng, đóng gói cẩn thận, giao hàng nhanh."
ORI-000295,ORD-260508-0222,RAM-003,KINGSTON-FURY-DDR4-16GB-3200,RAM Kingston Fury Beast DDR4 16GB (2x8GB) 3200MHz,RAM - Bộ nhớ trong,Kingston,1,1290000,1500000,1290000,5,"Lắp đặt dễ dàng, chạy êm ái và mát mẻ. Shop hỗ trợ nhiệt tình."
ORI-000296,ORD-260523-0223,FAN-001,LIANLI-UNI-FAN-AL120-3PACK,"Fan Case Lian Li UNI FAN AL120 RGB (3-Pack, Daisy-chain)",Fan - Quạt tản nhiệt,Lian Li,1,1490000,1800000,1490000,1,"Giao hàng quá chậm (mất 7 ngày), hàng móp méo hư hại nghiêm trọng."
ORI-000297,ORD-251205-0224,CPU-006,INTEL-I3-14100F,"CPU Intel Core i3-14100F (3.5GHz Turbo 4.7GHz, 4 nhân 8 luồng)",CPU - Bộ vi xử lý,Intel,1,2490000,2800000,2490000,5,"Sản phẩm cực kỳ chất lượng, đóng gói cẩn thận, giao hàng nhanh."
ORI-000298,ORD-250703-0225,HEADSET-001,CORSAIR-VIRTUOSO-RGB-XT,Tai nghe gaming Corsair Virtuoso RGB Wireless XT,Tai nghe - Headset,Corsair,1,4290000,5000000,4290000,5,"Sản phẩm cực kỳ chất lượng, đóng gói cẩn thận, giao hàng nhanh."
ORI-000299,ORD-260423-0226,MB-001,ASUS-ROG-MAXIMUS-Z790,"Mainboard ASUS ROG Maximus Z790 Hero (LGA 1700, DDR5, ATX)",Mainboard - Bo mạch chủ,ASUS,1,15990000,18000000,15990000,5,"Lắp đặt dễ dàng, chạy êm ái và mát mẻ. Shop hỗ trợ nhiệt tình."
ORI-000300,ORD-260423-0226,HEADSET-001,CORSAIR-VIRTUOSO-RGB-XT,Tai nghe gaming Corsair Virtuoso RGB Wireless XT,Tai nghe - Headset,Corsair,1,4290000,5000000,4290000,5,"Rất đáng tiền, chạy mượt mà, chính hãng 100%."
ORI-000301,ORD-250924-0227,GPU-005,MSI-RTX4060-TI-8G-VENTUS,VGA MSI GeForce RTX 4060 Ti 8G Ventus 2X OC,VGA - Card màn hình,MSI,1,9490000,11000000,9490000,4,"Hiệu năng tốt trong tầm giá, dùng mượt mà không lỗi lầm gì."
ORI-000302,ORD-250924-0227,PSU-003,COOLERMASTER-V750-GOLD,Nguồn Cooler Master MWE Gold 750W 80 Plus Gold Full Modular,PSU - Nguồn máy tính,Cooler Master,1,2490000,2900000,2490000,5,"Rất đáng tiền, chạy mượt mà, chính hãng 100%."
ORI-000303,ORD-260208-0228,GPU-002,MSI-RTX4080-SUPER-16G,VGA MSI GeForce RTX 4080 Super 16GB Gaming X Slim,VGA - Card màn hình,MSI,1,26990000,30000000,26990000,5,"Sản phẩm cực kỳ chất lượng, đóng gói cẩn thận, giao hàng nhanh."
ORI-000304,ORD-250830-0229,SSD-003,KINGSTON-KC3000-1TB,SSD Kingston KC3000 1TB NVMe M.2 PCIe Gen4,SSD - Ổ cứng thể rắn,Kingston,1,1890000,2200000,1890000,5,"Lắp đặt dễ dàng, chạy êm ái và mát mẻ. Shop hỗ trợ nhiệt tình."
ORI-000305,ORD-250718-0230,MB-002,MSI-MAG-Z790-TOMAHAWK,"Mainboard MSI MAG Z790 Tomahawk WiFi (LGA 1700, DDR5, ATX)",Mainboard - Bo mạch chủ,MSI,1,6990000,7800000,6990000,5,"Hàng chuẩn GearVN, nguyên seal mới cứng, bảo hành đầy đủ. Vote 5 sao!"
ORI-000306,ORD-250915-0231,COOL-001,CORSAIR-H150I-ELITE-360MM,Tản nhiệt nước AIO Corsair iCUE H150i Elite LCD 360mm,Tản nhiệt - Cooling,Corsair,1,4490000,5000000,4490000,5,"Lắp đặt dễ dàng, chạy êm ái và mát mẻ. Shop hỗ trợ nhiệt tình."
ORI-000307,ORD-250915-0231,MOUSE-001,LOGITECH-G-PRO-X-SUPERLIGHT2,"Chuột gaming Logitech G Pro X Superlight 2 (Không dây, 32000 DPI)",Chuột - Mouse,Logitech,1,3390000,3800000,3390000,5,"Sản phẩm cực kỳ chất lượng, đóng gói cẩn thận, giao hàng nhanh."
ORI-000308,ORD-251225-0232,CASE-001,LIANLI-PC-O11D-EVO,"Vỏ Case Lian Li PC-O11 Dynamic Evo (Mid Tower, ATX)",Case - Vỏ máy tính,Lian Li,1,3490000,3900000,3490000,5,"Lắp đặt dễ dàng, chạy êm ái và mát mẻ. Shop hỗ trợ nhiệt tình."
ORI-000309,ORD-251225-0232,MOUSE-001,LOGITECH-G-PRO-X-SUPERLIGHT2,"Chuột gaming Logitech G Pro X Superlight 2 (Không dây, 32000 DPI)",Chuột - Mouse,Logitech,1,3390000,3800000,3390000,1,"Sản phẩm bị lỗi hỏng ngay khi bóc hộp, không lên nguồn. Dịch vụ tệ."
ORI-000310,ORD-260125-0233,MONITOR-001,LG-27GP850P-27-QHD-165HZ,"Màn hình LG UltraGear 27GP850P-B 27"" QHD IPS 165Hz 1ms",Màn hình - Monitor,LG,1,8990000,10500000,8990000,1,"Giao hàng quá chậm (mất 7 ngày), hàng móp méo hư hại nghiêm trọng."
ORI-000311,ORD-251126-0234,CASE-001,LIANLI-PC-O11D-EVO,"Vỏ Case Lian Li PC-O11 Dynamic Evo (Mid Tower, ATX)",Case - Vỏ máy tính,Lian Li,1,3490000,3900000,3490000,5,"Rất đáng tiền, chạy mượt mà, chính hãng 100%."
ORI-000312,ORD-251125-0235,MONITOR-002,SAMSUNG-ODYSSEY-G7-32-4K,"Màn hình Samsung Odyssey G7 32"" 4K UHD 144Hz IPS",Màn hình - Monitor,Samsung,1,12990000,15000000,12990000,5,"Sản phẩm cực kỳ chất lượng, đóng gói cẩn thận, giao hàng nhanh."
ORI-000313,ORD-250826-0236,GPU-004,ASUS-RX7900XTX-24G,VGA ASUS TUF Gaming Radeon RX 7900 XTX OC 24GB,VGA - Card màn hình,ASUS,1,22990000,25000000,22990000,5,"Rất đáng tiền, chạy mượt mà, chính hãng 100%."
ORI-000314,ORD-250803-0237,MONITOR-001,LG-27GP850P-27-QHD-165HZ,"Màn hình LG UltraGear 27GP850P-B 27"" QHD IPS 165Hz 1ms",Màn hình - Monitor,LG,1,8990000,10500000,8990000,4,"Chất lượng ổn áp, chạy ngon lành, đóng gói kỹ càng."
ORI-000315,ORD-260105-0238,SSD-001,SAMSUNG-980-PRO-2TB,SSD Samsung 980 Pro 2TB NVMe M.2 PCIe Gen4,SSD - Ổ cứng thể rắn,Samsung,1,3490000,3900000,3490000,5,"Hàng chuẩn GearVN, nguyên seal mới cứng, bảo hành đầy đủ. Vote 5 sao!"
ORI-000316,ORD-260101-0239,CPU-001,INTEL-I9-14900K,"CPU Intel Core i9-14900K (3.2GHz Turbo 6.0GHz, 24 nhân 32 luồng)",CPU - Bộ vi xử lý,Intel,1,12990000,14500000,12990000,5,"Lắp đặt dễ dàng, chạy êm ái và mát mẻ. Shop hỗ trợ nhiệt tình."
ORI-000317,ORD-250917-0240,HDD-001,SEAGATE-BARRACUDA-4TB,"Ổ cứng HDD Seagate Barracuda 4TB 3.5"" SATA 5400RPM",HDD - Ổ cứng cơ,Seagate,1,2190000,2500000,2190000,4,"Sản phẩm tốt, nhân viên tư vấn nhiệt tình, sẽ tiếp tục ủng hộ."
ORI-000318,ORD-260417-0241,RAM-003,KINGSTON-FURY-DDR4-16GB-3200,RAM Kingston Fury Beast DDR4 16GB (2x8GB) 3200MHz,RAM - Bộ nhớ trong,Kingston,1,1290000,1500000,1290000,5,"Thiết kế đẹp mắt, hiệu năng vượt trội so với tầm giá. Rất hài lòng!"
ORI-000319,ORD-250629-0242,SSD-002,WD-BLACK-SN850X-1TB,SSD WD Black SN850X 1TB NVMe M.2 PCIe Gen4,SSD - Ổ cứng thể rắn,Western Digital,1,2190000,2500000,2190000,5,"Rất đáng tiền, chạy mượt mà, chính hãng 100%."
ORI-000320,ORD-250629-0242,CASE-002,JONSBO-D41-MESH,"Vỏ Case Jonsbo D41 Mesh Screen (Mid Tower, ATX, Màn hình LCD)",Case - Vỏ máy tính,Jonsbo,1,2290000,2600000,2290000,5,"Thiết kế đẹp mắt, hiệu năng vượt trội so với tầm giá. Rất hài lòng!"
ORI-000321,ORD-250904-0243,HDD-001,SEAGATE-BARRACUDA-4TB,"Ổ cứng HDD Seagate Barracuda 4TB 3.5"" SATA 5400RPM",HDD - Ổ cứng cơ,Seagate,1,2190000,2500000,2190000,5,"Lắp đặt dễ dàng, chạy êm ái và mát mẻ. Shop hỗ trợ nhiệt tình."
ORI-000322,ORD-250728-0244,CPU-001,INTEL-I9-14900K,"CPU Intel Core i9-14900K (3.2GHz Turbo 6.0GHz, 24 nhân 32 luồng)",CPU - Bộ vi xử lý,Intel,1,12990000,14500000,12990000,3,"Hiệu năng đủ dùng cho tác vụ cơ bản, nhiệt độ hơi ấm khi tải nặng."
ORI-000323,ORD-250728-0244,SSD-002,WD-BLACK-SN850X-1TB,SSD WD Black SN850X 1TB NVMe M.2 PCIe Gen4,SSD - Ổ cứng thể rắn,Western Digital,1,2190000,2500000,2190000,5,"Hàng chuẩn GearVN, nguyên seal mới cứng, bảo hành đầy đủ. Vote 5 sao!"
ORI-000324,ORD-251006-0245,FAN-002,NOCTUA-NF-A12X25-PWM,Fan Case Noctua NF-A12x25 PWM 120mm (Hiệu suất cao),Fan - Quạt tản nhiệt,Noctua,1,990000,1200000,990000,5,"Thiết kế đẹp mắt, hiệu năng vượt trội so với tầm giá. Rất hài lòng!"
ORI-000325,ORD-260225-0246,GPU-002,MSI-RTX4080-SUPER-16G,VGA MSI GeForce RTX 4080 Super 16GB Gaming X Slim,VGA - Card màn hình,MSI,1,26990000,30000000,26990000,3,"Sản phẩm bình thường, không quá nổi bật, dịch vụ giao hàng ở mức trung bình."
ORI-000326,ORD-260225-0246,COOL-001,CORSAIR-H150I-ELITE-360MM,Tản nhiệt nước AIO Corsair iCUE H150i Elite LCD 360mm,Tản nhiệt - Cooling,Corsair,1,4490000,5000000,4490000,5,"Sản phẩm cực kỳ chất lượng, đóng gói cẩn thận, giao hàng nhanh."
ORI-000327,ORD-250803-0247,HEADSET-001,CORSAIR-VIRTUOSO-RGB-XT,Tai nghe gaming Corsair Virtuoso RGB Wireless XT,Tai nghe - Headset,Corsair,1,4290000,5000000,4290000,5,"Thiết kế đẹp mắt, hiệu năng vượt trội so với tầm giá. Rất hài lòng!"
ORI-000328,ORD-260223-0248,SSD-003,KINGSTON-KC3000-1TB,SSD Kingston KC3000 1TB NVMe M.2 PCIe Gen4,SSD - Ổ cứng thể rắn,Kingston,1,1890000,2200000,1890000,5,"Rất đáng tiền, chạy mượt mà, chính hãng 100%."
ORI-000329,ORD-260223-0248,MB-001,ASUS-ROG-MAXIMUS-Z790,"Mainboard ASUS ROG Maximus Z790 Hero (LGA 1700, DDR5, ATX)",Mainboard - Bo mạch chủ,ASUS,1,15990000,18000000,15990000,5,"Hàng chuẩn GearVN, nguyên seal mới cứng, bảo hành đầy đủ. Vote 5 sao!"
ORI-000330,ORD-251025-0249,GPU-002,MSI-RTX4080-SUPER-16G,VGA MSI GeForce RTX 4080 Super 16GB Gaming X Slim,VGA - Card màn hình,MSI,1,26990000,30000000,26990000,5,"Hàng chuẩn GearVN, nguyên seal mới cứng, bảo hành đầy đủ. Vote 5 sao!"
ORI-000331,ORD-260117-0250,MOUSE-001,LOGITECH-G-PRO-X-SUPERLIGHT2,"Chuột gaming Logitech G Pro X Superlight 2 (Không dây, 32000 DPI)",Chuột - Mouse,Logitech,1,3390000,3800000,3390000,4,"Sản phẩm tốt, nhân viên tư vấn nhiệt tình, sẽ tiếp tục ủng hộ."
ORI-000332,ORD-260117-0250,SSD-004,CRUCIAL-P5-PLUS-500GB,SSD Crucial P5 Plus 500GB NVMe M.2 PCIe Gen4,SSD - Ổ cứng thể rắn,Crucial,1,990000,1200000,990000,5,"Rất đáng tiền, chạy mượt mà, chính hãng 100%."
ORI-000333,ORD-260117-0251,PSU-002,SEASONIC-FOCUS-GX-850,Nguồn Seasonic Focus GX 850W 80 Plus Gold Full Modular,PSU - Nguồn máy tính,Seasonic,1,3290000,3800000,3290000,3,Chất lượng sản phẩm ok nhưng tổng đài hỗ trợ kỹ thuật phản hồi hơi chậm.
ORI-000334,ORD-260328-0252,MOUSE-001,LOGITECH-G-PRO-X-SUPERLIGHT2,"Chuột gaming Logitech G Pro X Superlight 2 (Không dây, 32000 DPI)",Chuột - Mouse,Logitech,1,3390000,3800000,3390000,5,"Hàng chuẩn GearVN, nguyên seal mới cứng, bảo hành đầy đủ. Vote 5 sao!"
ORI-000335,ORD-260328-0252,CASE-002,JONSBO-D41-MESH,"Vỏ Case Jonsbo D41 Mesh Screen (Mid Tower, ATX, Màn hình LCD)",Case - Vỏ máy tính,Jonsbo,1,2290000,2600000,2290000,5,"Hàng chuẩn GearVN, nguyên seal mới cứng, bảo hành đầy đủ. Vote 5 sao!"
ORI-000336,ORD-250811-0253,MONITOR-002,SAMSUNG-ODYSSEY-G7-32-4K,"Màn hình Samsung Odyssey G7 32"" 4K UHD 144Hz IPS",Màn hình - Monitor,Samsung,1,12990000,15000000,12990000,5,"Lắp đặt dễ dàng, chạy êm ái và mát mẻ. Shop hỗ trợ nhiệt tình."
ORI-000337,ORD-250811-0253,RAM-003,KINGSTON-FURY-DDR4-16GB-3200,RAM Kingston Fury Beast DDR4 16GB (2x8GB) 3200MHz,RAM - Bộ nhớ trong,Kingston,1,1290000,1500000,1290000,4,"Thiết kế đẹp, chạy mát, dịch vụ chăm sóc khách hàng khá tốt."
ORI-000338,ORD-260205-0254,CASE-002,JONSBO-D41-MESH,"Vỏ Case Jonsbo D41 Mesh Screen (Mid Tower, ATX, Màn hình LCD)",Case - Vỏ máy tính,Jonsbo,1,2290000,2600000,2290000,4,"Sản phẩm dùng tốt, đúng mô tả, tuy nhiên giao hàng hơi trễ 1 ngày."
ORI-000339,ORD-260205-0254,COOL-001,CORSAIR-H150I-ELITE-360MM,Tản nhiệt nước AIO Corsair iCUE H150i Elite LCD 360mm,Tản nhiệt - Cooling,Corsair,1,4490000,5000000,4490000,4,"Hiệu năng tốt trong tầm giá, dùng mượt mà không lỗi lầm gì."
ORI-000340,ORD-251122-0255,GPU-002,MSI-RTX4080-SUPER-16G,VGA MSI GeForce RTX 4080 Super 16GB Gaming X Slim,VGA - Card màn hình,MSI,1,26990000,30000000,26990000,4,"Thiết kế đẹp, chạy mát, dịch vụ chăm sóc khách hàng khá tốt."
ORI-000341,ORD-251122-0255,GPU-003,GIGABYTE-RTX4070-SUPER-12G,VGA GIGABYTE GeForce RTX 4070 Super Gaming OC 12GB,VGA - Card màn hình,GIGABYTE,1,16490000,18500000,16490000,5,"Rất đáng tiền, chạy mượt mà, chính hãng 100%."
ORI-000342,ORD-251106-0256,HDD-001,SEAGATE-BARRACUDA-4TB,"Ổ cứng HDD Seagate Barracuda 4TB 3.5"" SATA 5400RPM",HDD - Ổ cứng cơ,Seagate,1,2190000,2500000,2190000,5,"Thiết kế đẹp mắt, hiệu năng vượt trội so với tầm giá. Rất hài lòng!"
ORI-000343,ORD-251106-0256,CPU-006,INTEL-I3-14100F,"CPU Intel Core i3-14100F (3.5GHz Turbo 4.7GHz, 4 nhân 8 luồng)",CPU - Bộ vi xử lý,Intel,1,2490000,2800000,2490000,1,"Giao hàng quá chậm (mất 7 ngày), hàng móp méo hư hại nghiêm trọng."
ORI-000344,ORD-260520-0257,MB-003,GIGABYTE-X670E-AORUS-MASTER,"Mainboard GIGABYTE X670E AORUS Master (AM5, DDR5, ATX)",Mainboard - Bo mạch chủ,GIGABYTE,1,11490000,13000000,11490000,4,"Chất lượng ổn áp, chạy ngon lành, đóng gói kỹ càng."
ORI-000345,ORD-260117-0258,HEADSET-001,CORSAIR-VIRTUOSO-RGB-XT,Tai nghe gaming Corsair Virtuoso RGB Wireless XT,Tai nghe - Headset,Corsair,1,4290000,5000000,4290000,4,"Thiết kế đẹp, chạy mát, dịch vụ chăm sóc khách hàng khá tốt."
ORI-000346,ORD-260117-0258,COOL-003,DEEPCOOL-AK620-DIGITAL,"Tản nhiệt khí DeepCool AK620 Digital (Dual Tower, 2x120mm)",Tản nhiệt - Cooling,Deepcool,1,1490000,1800000,1490000,2,"Hiệu năng không đúng như quảng cáo, hay bị sụt nguồn đột ngột."
ORI-000347,ORD-251103-0259,COOL-002,THERMALRIGHT-PHANTOM-SPIRIT-120,Tản nhiệt khí Thermalright Phantom Spirit 120 SE ARGB,Tản nhiệt - Cooling,Thermalright,1,990000,1200000,990000,3,"Sản phẩm bình thường, không quá nổi bật, dịch vụ giao hàng ở mức trung bình."
ORI-000348,ORD-251103-0259,CASE-002,JONSBO-D41-MESH,"Vỏ Case Jonsbo D41 Mesh Screen (Mid Tower, ATX, Màn hình LCD)",Case - Vỏ máy tính,Jonsbo,1,2290000,2600000,2290000,5,"Lắp đặt dễ dàng, chạy êm ái và mát mẻ. Shop hỗ trợ nhiệt tình."
ORI-000349,ORD-251129-0260,FAN-001,LIANLI-UNI-FAN-AL120-3PACK,"Fan Case Lian Li UNI FAN AL120 RGB (3-Pack, Daisy-chain)",Fan - Quạt tản nhiệt,Lian Li,1,1490000,1800000,1490000,5,"Hàng chuẩn GearVN, nguyên seal mới cứng, bảo hành đầy đủ. Vote 5 sao!"
ORI-000350,ORD-251129-0260,COOL-002,THERMALRIGHT-PHANTOM-SPIRIT-120,Tản nhiệt khí Thermalright Phantom Spirit 120 SE ARGB,Tản nhiệt - Cooling,Thermalright,1,990000,1200000,990000,5,"Sản phẩm cực kỳ chất lượng, đóng gói cẩn thận, giao hàng nhanh."
ORI-000351,ORD-250907-0261,MB-004,ASUS-TUF-B760M-PLUS-WIFI,"Mainboard ASUS TUF Gaming B760M-Plus WiFi (LGA 1700, DDR5, mATX)",Mainboard - Bo mạch chủ,ASUS,1,3990000,4500000,3990000,4,"Hiệu năng tốt trong tầm giá, dùng mượt mà không lỗi lầm gì."
ORI-000352,ORD-260513-0262,KB-002,RAZER-BLACKWIDOW-V4-75,Bàn phím cơ Razer BlackWidow V4 75% (Razer Yellow Switch),Bàn phím - Keyboard,Razer,1,3290000,3800000,3290000,5,"Rất đáng tiền, chạy mượt mà, chính hãng 100%."
ORI-000353,ORD-251113-0263,MOUSE-002,RAZER-DEATHADDER-V3-HTE,Chuột gaming Razer DeathAdder V3 HyperSpeed (Không dây),Chuột - Mouse,Razer,1,1890000,2200000,1890000,5,"Rất đáng tiền, chạy mượt mà, chính hãng 100%."
ORI-000354,ORD-260113-0264,RAM-001,CORSAIR-DDR5-32GB-6000,RAM Corsair Dominator Titanium DDR5 32GB (2x16GB) 6000MHz,RAM - Bộ nhớ trong,Corsair,1,3990000,4500000,3990000,5,"Rất đáng tiền, chạy mượt mà, chính hãng 100%."
ORI-000355,ORD-260113-0264,HEADSET-001,CORSAIR-VIRTUOSO-RGB-XT,Tai nghe gaming Corsair Virtuoso RGB Wireless XT,Tai nghe - Headset,Corsair,1,4290000,5000000,4290000,5,"Thiết kế đẹp mắt, hiệu năng vượt trội so với tầm giá. Rất hài lòng!"
ORI-000356,ORD-260228-0265,MONITOR-001,LG-27GP850P-27-QHD-165HZ,"Màn hình LG UltraGear 27GP850P-B 27"" QHD IPS 165Hz 1ms",Màn hình - Monitor,LG,1,8990000,10500000,8990000,5,"Rất đáng tiền, chạy mượt mà, chính hãng 100%."
ORI-000357,ORD-251207-0266,FAN-002,NOCTUA-NF-A12X25-PWM,Fan Case Noctua NF-A12x25 PWM 120mm (Hiệu suất cao),Fan - Quạt tản nhiệt,Noctua,1,990000,1200000,990000,5,"Thiết kế đẹp mắt, hiệu năng vượt trội so với tầm giá. Rất hài lòng!"
ORI-000358,ORD-260314-0267,MOUSE-002,RAZER-DEATHADDER-V3-HTE,Chuột gaming Razer DeathAdder V3 HyperSpeed (Không dây),Chuột - Mouse,Razer,1,1890000,2200000,1890000,5,"Thiết kế đẹp mắt, hiệu năng vượt trội so với tầm giá. Rất hài lòng!"
ORI-000359,ORD-250721-0268,HDD-001,SEAGATE-BARRACUDA-4TB,"Ổ cứng HDD Seagate Barracuda 4TB 3.5"" SATA 5400RPM",HDD - Ổ cứng cơ,Seagate,1,2190000,2500000,2190000,5,"Sản phẩm cực kỳ chất lượng, đóng gói cẩn thận, giao hàng nhanh."
ORI-000360,ORD-250927-0269,GPU-003,GIGABYTE-RTX4070-SUPER-12G,VGA GIGABYTE GeForce RTX 4070 Super Gaming OC 12GB,VGA - Card màn hình,GIGABYTE,1,16490000,18500000,16490000,3,"Sản phẩm bình thường, không quá nổi bật, dịch vụ giao hàng ở mức trung bình."
ORI-000361,ORD-250927-0269,COOL-003,DEEPCOOL-AK620-DIGITAL,"Tản nhiệt khí DeepCool AK620 Digital (Dual Tower, 2x120mm)",Tản nhiệt - Cooling,Deepcool,1,1490000,1800000,1490000,4,"Chất lượng ổn áp, chạy ngon lành, đóng gói kỹ càng."
ORI-000362,ORD-260114-0270,CPU-002,INTEL-I7-14700K,"CPU Intel Core i7-14700K (3.4GHz Turbo 5.6GHz, 20 nhân 28 luồng)",CPU - Bộ vi xử lý,Intel,1,8490000,9500000,8490000,5,"Hàng chuẩn GearVN, nguyên seal mới cứng, bảo hành đầy đủ. Vote 5 sao!"
ORI-000363,ORD-250924-0271,KB-001,CORSAIR-K100-RGB-OPX,Bàn phím cơ Corsair K100 RGB Optical-Mechanical (OPX Switch),Bàn phím - Keyboard,Corsair,1,5490000,6000000,5490000,4,"Sản phẩm dùng tốt, đúng mô tả, tuy nhiên giao hàng hơi trễ 1 ngày."
ORI-000364,ORD-250924-0271,CPU-005,AMD-R7-7700X,"CPU AMD Ryzen 7 7700X (4.5GHz Turbo 5.4GHz, 8 nhân 16 luồng)",CPU - Bộ vi xử lý,AMD,1,6890000,7500000,6890000,5,"Lắp đặt dễ dàng, chạy êm ái và mát mẻ. Shop hỗ trợ nhiệt tình."
ORI-000365,ORD-260208-0272,HDD-001,SEAGATE-BARRACUDA-4TB,"Ổ cứng HDD Seagate Barracuda 4TB 3.5"" SATA 5400RPM",HDD - Ổ cứng cơ,Seagate,1,2190000,2500000,2190000,5,"Rất đáng tiền, chạy mượt mà, chính hãng 100%."
ORI-000366,ORD-250717-0273,SSD-001,SAMSUNG-980-PRO-2TB,SSD Samsung 980 Pro 2TB NVMe M.2 PCIe Gen4,SSD - Ổ cứng thể rắn,Samsung,1,3490000,3900000,3490000,5,"Hàng chuẩn GearVN, nguyên seal mới cứng, bảo hành đầy đủ. Vote 5 sao!"
ORI-000367,ORD-260203-0274,CPU-003,INTEL-I5-14600K,"CPU Intel Core i5-14600K (3.5GHz Turbo 5.3GHz, 14 nhân 20 luồng)",CPU - Bộ vi xử lý,Intel,1,5490000,6200000,5490000,5,"Sản phẩm cực kỳ chất lượng, đóng gói cẩn thận, giao hàng nhanh."
ORI-000368,ORD-260218-0275,GPU-002,MSI-RTX4080-SUPER-16G,VGA MSI GeForce RTX 4080 Super 16GB Gaming X Slim,VGA - Card màn hình,MSI,1,26990000,30000000,26990000,5,"Thiết kế đẹp mắt, hiệu năng vượt trội so với tầm giá. Rất hài lòng!"
ORI-000369,ORD-251106-0276,GPU-001,ASUS-ROG-RTX4090-24G,VGA ASUS ROG Strix GeForce RTX 4090 24GB GDDR6X OC,VGA - Card màn hình,ASUS,1,52990000,58000000,52990000,5,"Thiết kế đẹp mắt, hiệu năng vượt trội so với tầm giá. Rất hài lòng!"
ORI-000370,ORD-250927-0277,HEADSET-001,CORSAIR-VIRTUOSO-RGB-XT,Tai nghe gaming Corsair Virtuoso RGB Wireless XT,Tai nghe - Headset,Corsair,1,4290000,5000000,4290000,5,"Thiết kế đẹp mắt, hiệu năng vượt trội so với tầm giá. Rất hài lòng!"
ORI-000371,ORD-250927-0277,RAM-001,CORSAIR-DDR5-32GB-6000,RAM Corsair Dominator Titanium DDR5 32GB (2x16GB) 6000MHz,RAM - Bộ nhớ trong,Corsair,1,3990000,4500000,3990000,5,"Lắp đặt dễ dàng, chạy êm ái và mát mẻ. Shop hỗ trợ nhiệt tình."
ORI-000372,ORD-251004-0278,GPU-004,ASUS-RX7900XTX-24G,VGA ASUS TUF Gaming Radeon RX 7900 XTX OC 24GB,VGA - Card màn hình,ASUS,1,22990000,25000000,22990000,5,"Hàng chuẩn GearVN, nguyên seal mới cứng, bảo hành đầy đủ. Vote 5 sao!"
ORI-000373,ORD-251004-0278,CPU-002,INTEL-I7-14700K,"CPU Intel Core i7-14700K (3.4GHz Turbo 5.6GHz, 20 nhân 28 luồng)",CPU - Bộ vi xử lý,Intel,1,8490000,9500000,8490000,5,"Rất đáng tiền, chạy mượt mà, chính hãng 100%."
ORI-000374,ORD-250921-0279,GPU-004,ASUS-RX7900XTX-24G,VGA ASUS TUF Gaming Radeon RX 7900 XTX OC 24GB,VGA - Card màn hình,ASUS,1,22990000,25000000,22990000,5,"Lắp đặt dễ dàng, chạy êm ái và mát mẻ. Shop hỗ trợ nhiệt tình."
ORI-000375,ORD-251202-0280,PSU-002,SEASONIC-FOCUS-GX-850,Nguồn Seasonic Focus GX 850W 80 Plus Gold Full Modular,PSU - Nguồn máy tính,Seasonic,1,3290000,3800000,3290000,5,"Sản phẩm cực kỳ chất lượng, đóng gói cẩn thận, giao hàng nhanh."
ORI-000376,ORD-251121-0281,MONITOR-002,SAMSUNG-ODYSSEY-G7-32-4K,"Màn hình Samsung Odyssey G7 32"" 4K UHD 144Hz IPS",Màn hình - Monitor,Samsung,1,12990000,15000000,12990000,5,"Thiết kế đẹp mắt, hiệu năng vượt trội so với tầm giá. Rất hài lòng!"
ORI-000377,ORD-251126-0282,RAM-002,GSKILL-DDR5-32GB-6000,RAM G.Skill Trident Z5 RGB DDR5 32GB (2x16GB) 6000MHz CL30,RAM - Bộ nhớ trong,G.Skill,1,3690000,4200000,3690000,5,"Hàng chuẩn GearVN, nguyên seal mới cứng, bảo hành đầy đủ. Vote 5 sao!"
ORI-000378,ORD-251126-0282,SSD-003,KINGSTON-KC3000-1TB,SSD Kingston KC3000 1TB NVMe M.2 PCIe Gen4,SSD - Ổ cứng thể rắn,Kingston,1,1890000,2200000,1890000,5,"Lắp đặt dễ dàng, chạy êm ái và mát mẻ. Shop hỗ trợ nhiệt tình."
ORI-000379,ORD-250811-0283,CPU-003,INTEL-I5-14600K,"CPU Intel Core i5-14600K (3.5GHz Turbo 5.3GHz, 14 nhân 20 luồng)",CPU - Bộ vi xử lý,Intel,1,5490000,6200000,5490000,5,"Lắp đặt dễ dàng, chạy êm ái và mát mẻ. Shop hỗ trợ nhiệt tình."
ORI-000380,ORD-260121-0284,SSD-001,SAMSUNG-980-PRO-2TB,SSD Samsung 980 Pro 2TB NVMe M.2 PCIe Gen4,SSD - Ổ cứng thể rắn,Samsung,1,3490000,3900000,3490000,5,"Thiết kế đẹp mắt, hiệu năng vượt trội so với tầm giá. Rất hài lòng!"
ORI-000381,ORD-251117-0285,HDD-002,WD-RED-PLUS-8TB,"Ổ cứng HDD WD Red Plus 8TB 3.5"" SATA NAS",HDD - Ổ cứng cơ,Western Digital,1,4490000,5200000,4490000,5,"Hàng chuẩn GearVN, nguyên seal mới cứng, bảo hành đầy đủ. Vote 5 sao!"
ORI-000382,ORD-251117-0285,SSD-001,SAMSUNG-980-PRO-2TB,SSD Samsung 980 Pro 2TB NVMe M.2 PCIe Gen4,SSD - Ổ cứng thể rắn,Samsung,1,3490000,3900000,3490000,4,"Hiệu năng tốt trong tầm giá, dùng mượt mà không lỗi lầm gì."
ORI-000383,ORD-250713-0286,MB-004,ASUS-TUF-B760M-PLUS-WIFI,"Mainboard ASUS TUF Gaming B760M-Plus WiFi (LGA 1700, DDR5, mATX)",Mainboard - Bo mạch chủ,ASUS,1,3990000,4500000,3990000,4,"Sản phẩm tốt, nhân viên tư vấn nhiệt tình, sẽ tiếp tục ủng hộ."
ORI-000384,ORD-251130-0287,MB-004,ASUS-TUF-B760M-PLUS-WIFI,"Mainboard ASUS TUF Gaming B760M-Plus WiFi (LGA 1700, DDR5, mATX)",Mainboard - Bo mạch chủ,ASUS,1,3990000,4500000,3990000,5,"Rất đáng tiền, chạy mượt mà, chính hãng 100%."
ORI-000385,ORD-260430-0288,COOL-001,CORSAIR-H150I-ELITE-360MM,Tản nhiệt nước AIO Corsair iCUE H150i Elite LCD 360mm,Tản nhiệt - Cooling,Corsair,1,4490000,5000000,4490000,5,"Thiết kế đẹp mắt, hiệu năng vượt trội so với tầm giá. Rất hài lòng!"
ORI-000386,ORD-260329-0289,MONITOR-002,SAMSUNG-ODYSSEY-G7-32-4K,"Màn hình Samsung Odyssey G7 32"" 4K UHD 144Hz IPS",Màn hình - Monitor,Samsung,1,12990000,15000000,12990000,5,"Rất đáng tiền, chạy mượt mà, chính hãng 100%."
ORI-000387,ORD-260329-0289,COOL-001,CORSAIR-H150I-ELITE-360MM,Tản nhiệt nước AIO Corsair iCUE H150i Elite LCD 360mm,Tản nhiệt - Cooling,Corsair,1,4490000,5000000,4490000,5,"Thiết kế đẹp mắt, hiệu năng vượt trội so với tầm giá. Rất hài lòng!"
ORI-000388,ORD-260110-0290,HDD-002,WD-RED-PLUS-8TB,"Ổ cứng HDD WD Red Plus 8TB 3.5"" SATA NAS",HDD - Ổ cứng cơ,Western Digital,1,4490000,5200000,4490000,5,"Rất đáng tiền, chạy mượt mà, chính hãng 100%."
ORI-000389,ORD-260110-0290,COOL-001,CORSAIR-H150I-ELITE-360MM,Tản nhiệt nước AIO Corsair iCUE H150i Elite LCD 360mm,Tản nhiệt - Cooling,Corsair,1,4490000,5000000,4490000,5,"Hàng chuẩn GearVN, nguyên seal mới cứng, bảo hành đầy đủ. Vote 5 sao!"
ORI-000390,ORD-250906-0291,MB-001,ASUS-ROG-MAXIMUS-Z790,"Mainboard ASUS ROG Maximus Z790 Hero (LGA 1700, DDR5, ATX)",Mainboard - Bo mạch chủ,ASUS,1,15990000,18000000,15990000,5,"Lắp đặt dễ dàng, chạy êm ái và mát mẻ. Shop hỗ trợ nhiệt tình."
ORI-000391,ORD-250906-0291,GPU-005,MSI-RTX4060-TI-8G-VENTUS,VGA MSI GeForce RTX 4060 Ti 8G Ventus 2X OC,VGA - Card màn hình,MSI,1,9490000,11000000,9490000,5,"Lắp đặt dễ dàng, chạy êm ái và mát mẻ. Shop hỗ trợ nhiệt tình."
ORI-000392,ORD-260120-0292,SSD-001,SAMSUNG-980-PRO-2TB,SSD Samsung 980 Pro 2TB NVMe M.2 PCIe Gen4,SSD - Ổ cứng thể rắn,Samsung,1,3490000,3900000,3490000,4,"Chất lượng ổn áp, chạy ngon lành, đóng gói kỹ càng."
ORI-000393,ORD-260224-0293,CPU-002,INTEL-I7-14700K,"CPU Intel Core i7-14700K (3.4GHz Turbo 5.6GHz, 20 nhân 28 luồng)",CPU - Bộ vi xử lý,Intel,1,8490000,9500000,8490000,4,"Sản phẩm tốt, nhân viên tư vấn nhiệt tình, sẽ tiếp tục ủng hộ."
ORI-000394,ORD-260224-0293,RAM-004,CORSAIR-DDR5-64GB-6400,RAM Corsair Vengeance DDR5 64GB (2x32GB) 6400MHz CL32,RAM - Bộ nhớ trong,Corsair,1,6490000,7500000,6490000,5,"Hàng chuẩn GearVN, nguyên seal mới cứng, bảo hành đầy đủ. Vote 5 sao!"
ORI-000395,ORD-251203-0294,COOL-002,THERMALRIGHT-PHANTOM-SPIRIT-120,Tản nhiệt khí Thermalright Phantom Spirit 120 SE ARGB,Tản nhiệt - Cooling,Thermalright,1,990000,1200000,990000,5,"Rất đáng tiền, chạy mượt mà, chính hãng 100%."
ORI-000396,ORD-250625-0295,HDD-001,SEAGATE-BARRACUDA-4TB,"Ổ cứng HDD Seagate Barracuda 4TB 3.5"" SATA 5400RPM",HDD - Ổ cứng cơ,Seagate,1,2190000,2500000,2190000,4,"Sản phẩm tốt, nhân viên tư vấn nhiệt tình, sẽ tiếp tục ủng hộ."
ORI-000397,ORD-260225-0296,CPU-006,INTEL-I3-14100F,"CPU Intel Core i3-14100F (3.5GHz Turbo 4.7GHz, 4 nhân 8 luồng)",CPU - Bộ vi xử lý,Intel,1,2490000,2800000,2490000,5,"Sản phẩm cực kỳ chất lượng, đóng gói cẩn thận, giao hàng nhanh."
ORI-000398,ORD-251224-0297,MB-004,ASUS-TUF-B760M-PLUS-WIFI,"Mainboard ASUS TUF Gaming B760M-Plus WiFi (LGA 1700, DDR5, mATX)",Mainboard - Bo mạch chủ,ASUS,1,3990000,4500000,3990000,4,"Chất lượng ổn áp, chạy ngon lành, đóng gói kỹ càng."
ORI-000399,ORD-260112-0298,KB-001,CORSAIR-K100-RGB-OPX,Bàn phím cơ Corsair K100 RGB Optical-Mechanical (OPX Switch),Bàn phím - Keyboard,Corsair,1,5490000,6000000,5490000,5,"Thiết kế đẹp mắt, hiệu năng vượt trội so với tầm giá. Rất hài lòng!"
ORI-000400,ORD-250921-0299,GPU-001,ASUS-ROG-RTX4090-24G,VGA ASUS ROG Strix GeForce RTX 4090 24GB GDDR6X OC,VGA - Card màn hình,ASUS,1,52990000,58000000,52990000,3,Chất lượng sản phẩm ok nhưng tổng đài hỗ trợ kỹ thuật phản hồi hơi chậm.
ORI-000401,ORD-251123-0300,PSU-002,SEASONIC-FOCUS-GX-850,Nguồn Seasonic Focus GX 850W 80 Plus Gold Full Modular,PSU - Nguồn máy tính,Seasonic,1,3290000,3800000,3290000,5,"Rất đáng tiền, chạy mượt mà, chính hãng 100%."
ORI-000402,ORD-251123-0300,COOL-001,CORSAIR-H150I-ELITE-360MM,Tản nhiệt nước AIO Corsair iCUE H150i Elite LCD 360mm,Tản nhiệt - Cooling,Corsair,1,4490000,5000000,4490000,5,"Sản phẩm cực kỳ chất lượng, đóng gói cẩn thận, giao hàng nhanh."
ORI-000403,ORD-250924-0301,COOL-002,THERMALRIGHT-PHANTOM-SPIRIT-120,Tản nhiệt khí Thermalright Phantom Spirit 120 SE ARGB,Tản nhiệt - Cooling,Thermalright,1,990000,1200000,990000,5,"Sản phẩm cực kỳ chất lượng, đóng gói cẩn thận, giao hàng nhanh."
ORI-000404,ORD-250924-0301,MB-002,MSI-MAG-Z790-TOMAHAWK,"Mainboard MSI MAG Z790 Tomahawk WiFi (LGA 1700, DDR5, ATX)",Mainboard - Bo mạch chủ,MSI,1,6990000,7800000,6990000,4,"Sản phẩm tốt, nhân viên tư vấn nhiệt tình, sẽ tiếp tục ủng hộ."
ORI-000405,ORD-251210-0302,HEADSET-001,CORSAIR-VIRTUOSO-RGB-XT,Tai nghe gaming Corsair Virtuoso RGB Wireless XT,Tai nghe - Headset,Corsair,1,4290000,5000000,4290000,3,"Sản phẩm bình thường, không quá nổi bật, dịch vụ giao hàng ở mức trung bình."
ORI-000406,ORD-251104-0303,PSU-002,SEASONIC-FOCUS-GX-850,Nguồn Seasonic Focus GX 850W 80 Plus Gold Full Modular,PSU - Nguồn máy tính,Seasonic,1,3290000,3800000,3290000,5,"Hàng chuẩn GearVN, nguyên seal mới cứng, bảo hành đầy đủ. Vote 5 sao!"
ORI-000407,ORD-251102-0304,RAM-002,GSKILL-DDR5-32GB-6000,RAM G.Skill Trident Z5 RGB DDR5 32GB (2x16GB) 6000MHz CL30,RAM - Bộ nhớ trong,G.Skill,1,3690000,4200000,3690000,,
ORI-000408,ORD-251102-0304,SSD-001,SAMSUNG-980-PRO-2TB,SSD Samsung 980 Pro 2TB NVMe M.2 PCIe Gen4,SSD - Ổ cứng thể rắn,Samsung,1,3490000,3900000,3490000,,
ORI-000409,ORD-250821-0305,FAN-002,NOCTUA-NF-A12X25-PWM,Fan Case Noctua NF-A12x25 PWM 120mm (Hiệu suất cao),Fan - Quạt tản nhiệt,Noctua,1,990000,1200000,990000,5,"Rất đáng tiền, chạy mượt mà, chính hãng 100%."
ORI-000410,ORD-250821-0305,MB-004,ASUS-TUF-B760M-PLUS-WIFI,"Mainboard ASUS TUF Gaming B760M-Plus WiFi (LGA 1700, DDR5, mATX)",Mainboard - Bo mạch chủ,ASUS,1,3990000,4500000,3990000,5,"Lắp đặt dễ dàng, chạy êm ái và mát mẻ. Shop hỗ trợ nhiệt tình."
ORI-000411,ORD-251109-0306,HDD-001,SEAGATE-BARRACUDA-4TB,"Ổ cứng HDD Seagate Barracuda 4TB 3.5"" SATA 5400RPM",HDD - Ổ cứng cơ,Seagate,1,2190000,2500000,2190000,5,"Sản phẩm cực kỳ chất lượng, đóng gói cẩn thận, giao hàng nhanh."
ORI-000412,ORD-251109-0306,RAM-004,CORSAIR-DDR5-64GB-6400,RAM Corsair Vengeance DDR5 64GB (2x32GB) 6400MHz CL32,RAM - Bộ nhớ trong,Corsair,1,6490000,7500000,6490000,5,"Hàng chuẩn GearVN, nguyên seal mới cứng, bảo hành đầy đủ. Vote 5 sao!"
ORI-000413,ORD-250831-0307,PSU-002,SEASONIC-FOCUS-GX-850,Nguồn Seasonic Focus GX 850W 80 Plus Gold Full Modular,PSU - Nguồn máy tính,Seasonic,1,3290000,3800000,3290000,4,"Sản phẩm tốt, nhân viên tư vấn nhiệt tình, sẽ tiếp tục ủng hộ."
ORI-000414,ORD-260302-0308,GPU-003,GIGABYTE-RTX4070-SUPER-12G,VGA GIGABYTE GeForce RTX 4070 Super Gaming OC 12GB,VGA - Card màn hình,GIGABYTE,1,16490000,18500000,16490000,5,"Sản phẩm cực kỳ chất lượng, đóng gói cẩn thận, giao hàng nhanh."
ORI-000415,ORD-260122-0309,MONITOR-001,LG-27GP850P-27-QHD-165HZ,"Màn hình LG UltraGear 27GP850P-B 27"" QHD IPS 165Hz 1ms",Màn hình - Monitor,LG,1,8990000,10500000,8990000,5,"Hàng chuẩn GearVN, nguyên seal mới cứng, bảo hành đầy đủ. Vote 5 sao!"
ORI-000416,ORD-251115-0310,SSD-004,CRUCIAL-P5-PLUS-500GB,SSD Crucial P5 Plus 500GB NVMe M.2 PCIe Gen4,SSD - Ổ cứng thể rắn,Crucial,1,990000,1200000,990000,4,"Hiệu năng tốt trong tầm giá, dùng mượt mà không lỗi lầm gì."
ORI-000417,ORD-251115-0310,SSD-003,KINGSTON-KC3000-1TB,SSD Kingston KC3000 1TB NVMe M.2 PCIe Gen4,SSD - Ổ cứng thể rắn,Kingston,1,1890000,2200000,1890000,5,"Sản phẩm cực kỳ chất lượng, đóng gói cẩn thận, giao hàng nhanh."
ORI-000418,ORD-250630-0311,CPU-005,AMD-R7-7700X,"CPU AMD Ryzen 7 7700X (4.5GHz Turbo 5.4GHz, 8 nhân 16 luồng)",CPU - Bộ vi xử lý,AMD,1,6890000,7500000,6890000,5,"Thiết kế đẹp mắt, hiệu năng vượt trội so với tầm giá. Rất hài lòng!"
ORI-000419,ORD-250629-0312,MB-003,GIGABYTE-X670E-AORUS-MASTER,"Mainboard GIGABYTE X670E AORUS Master (AM5, DDR5, ATX)",Mainboard - Bo mạch chủ,GIGABYTE,1,11490000,13000000,11490000,5,"Hàng chuẩn GearVN, nguyên seal mới cứng, bảo hành đầy đủ. Vote 5 sao!"
ORI-000420,ORD-260423-0313,SSD-001,SAMSUNG-980-PRO-2TB,SSD Samsung 980 Pro 2TB NVMe M.2 PCIe Gen4,SSD - Ổ cứng thể rắn,Samsung,1,3490000,3900000,3490000,5,"Hàng chuẩn GearVN, nguyên seal mới cứng, bảo hành đầy đủ. Vote 5 sao!"
ORI-000421,ORD-260108-0314,GPU-001,ASUS-ROG-RTX4090-24G,VGA ASUS ROG Strix GeForce RTX 4090 24GB GDDR6X OC,VGA - Card màn hình,ASUS,1,52990000,58000000,52990000,3,"Dùng tạm ổn, nhưng vỏ hộp hơi móp méo khi vận chuyển."
ORI-000422,ORD-251230-0315,SSD-001,SAMSUNG-980-PRO-2TB,SSD Samsung 980 Pro 2TB NVMe M.2 PCIe Gen4,SSD - Ổ cứng thể rắn,Samsung,1,3490000,3900000,3490000,5,"Lắp đặt dễ dàng, chạy êm ái và mát mẻ. Shop hỗ trợ nhiệt tình."
ORI-000423,ORD-251230-0315,GPU-005,MSI-RTX4060-TI-8G-VENTUS,VGA MSI GeForce RTX 4060 Ti 8G Ventus 2X OC,VGA - Card màn hình,MSI,1,9490000,11000000,9490000,5,"Sản phẩm cực kỳ chất lượng, đóng gói cẩn thận, giao hàng nhanh."
ORI-000424,ORD-260106-0316,MONITOR-001,LG-27GP850P-27-QHD-165HZ,"Màn hình LG UltraGear 27GP850P-B 27"" QHD IPS 165Hz 1ms",Màn hình - Monitor,LG,1,8990000,10500000,8990000,5,"Hàng chuẩn GearVN, nguyên seal mới cứng, bảo hành đầy đủ. Vote 5 sao!"
ORI-000425,ORD-260106-0316,CPU-001,INTEL-I9-14900K,"CPU Intel Core i9-14900K (3.2GHz Turbo 6.0GHz, 24 nhân 32 luồng)",CPU - Bộ vi xử lý,Intel,1,12990000,14500000,12990000,5,"Lắp đặt dễ dàng, chạy êm ái và mát mẻ. Shop hỗ trợ nhiệt tình."
ORI-000426,ORD-250831-0317,HDD-002,WD-RED-PLUS-8TB,"Ổ cứng HDD WD Red Plus 8TB 3.5"" SATA NAS",HDD - Ổ cứng cơ,Western Digital,1,4490000,5200000,4490000,5,"Thiết kế đẹp mắt, hiệu năng vượt trội so với tầm giá. Rất hài lòng!"
ORI-000427,ORD-260407-0318,CPU-002,INTEL-I7-14700K,"CPU Intel Core i7-14700K (3.4GHz Turbo 5.6GHz, 20 nhân 28 luồng)",CPU - Bộ vi xử lý,Intel,1,8490000,9500000,8490000,4,"Chất lượng ổn áp, chạy ngon lành, đóng gói kỹ càng."
ORI-000428,ORD-251221-0319,MOUSE-001,LOGITECH-G-PRO-X-SUPERLIGHT2,"Chuột gaming Logitech G Pro X Superlight 2 (Không dây, 32000 DPI)",Chuột - Mouse,Logitech,1,3390000,3800000,3390000,5,"Hàng chuẩn GearVN, nguyên seal mới cứng, bảo hành đầy đủ. Vote 5 sao!"
ORI-000429,ORD-260214-0320,COOL-002,THERMALRIGHT-PHANTOM-SPIRIT-120,Tản nhiệt khí Thermalright Phantom Spirit 120 SE ARGB,Tản nhiệt - Cooling,Thermalright,1,990000,1200000,990000,5,"Rất đáng tiền, chạy mượt mà, chính hãng 100%."
ORI-000430,ORD-251031-0321,GPU-002,MSI-RTX4080-SUPER-16G,VGA MSI GeForce RTX 4080 Super 16GB Gaming X Slim,VGA - Card màn hình,MSI,1,26990000,30000000,26990000,5,"Lắp đặt dễ dàng, chạy êm ái và mát mẻ. Shop hỗ trợ nhiệt tình."
ORI-000431,ORD-250629-0322,MB-004,ASUS-TUF-B760M-PLUS-WIFI,"Mainboard ASUS TUF Gaming B760M-Plus WiFi (LGA 1700, DDR5, mATX)",Mainboard - Bo mạch chủ,ASUS,1,3990000,4500000,3990000,5,"Rất đáng tiền, chạy mượt mà, chính hãng 100%."
ORI-000432,ORD-251013-0323,MB-002,MSI-MAG-Z790-TOMAHAWK,"Mainboard MSI MAG Z790 Tomahawk WiFi (LGA 1700, DDR5, ATX)",Mainboard - Bo mạch chủ,MSI,1,6990000,7800000,6990000,5,"Thiết kế đẹp mắt, hiệu năng vượt trội so với tầm giá. Rất hài lòng!"
ORI-000433,ORD-260113-0324,HDD-001,SEAGATE-BARRACUDA-4TB,"Ổ cứng HDD Seagate Barracuda 4TB 3.5"" SATA 5400RPM",HDD - Ổ cứng cơ,Seagate,1,2190000,2500000,2190000,3,"Sản phẩm bình thường, không quá nổi bật, dịch vụ giao hàng ở mức trung bình."
ORI-000434,ORD-251119-0325,HDD-001,SEAGATE-BARRACUDA-4TB,"Ổ cứng HDD Seagate Barracuda 4TB 3.5"" SATA 5400RPM",HDD - Ổ cứng cơ,Seagate,1,2190000,2500000,2190000,3,"Dùng tạm ổn, nhưng vỏ hộp hơi móp méo khi vận chuyển."
ORI-000435,ORD-260530-0326,CPU-002,INTEL-I7-14700K,"CPU Intel Core i7-14700K (3.4GHz Turbo 5.6GHz, 20 nhân 28 luồng)",CPU - Bộ vi xử lý,Intel,1,8490000,9500000,8490000,2,"Giao sai phiên bản màu sắc, đang chờ shop đổi trả."
ORI-000436,ORD-260530-0326,CPU-006,INTEL-I3-14100F,"CPU Intel Core i3-14100F (3.5GHz Turbo 4.7GHz, 4 nhân 8 luồng)",CPU - Bộ vi xử lý,Intel,1,2490000,2800000,2490000,5,"Thiết kế đẹp mắt, hiệu năng vượt trội so với tầm giá. Rất hài lòng!"
ORI-000437,ORD-251212-0327,MB-003,GIGABYTE-X670E-AORUS-MASTER,"Mainboard GIGABYTE X670E AORUS Master (AM5, DDR5, ATX)",Mainboard - Bo mạch chủ,GIGABYTE,1,11490000,13000000,11490000,,
ORI-000438,ORD-260508-0328,KB-001,CORSAIR-K100-RGB-OPX,Bàn phím cơ Corsair K100 RGB Optical-Mechanical (OPX Switch),Bàn phím - Keyboard,Corsair,1,5490000,6000000,5490000,,
ORI-000439,ORD-260326-0329,CASE-002,JONSBO-D41-MESH,"Vỏ Case Jonsbo D41 Mesh Screen (Mid Tower, ATX, Màn hình LCD)",Case - Vỏ máy tính,Jonsbo,1,2290000,2600000,2290000,5,"Hàng chuẩn GearVN, nguyên seal mới cứng, bảo hành đầy đủ. Vote 5 sao!"
ORI-000440,ORD-250830-0330,SSD-003,KINGSTON-KC3000-1TB,SSD Kingston KC3000 1TB NVMe M.2 PCIe Gen4,SSD - Ổ cứng thể rắn,Kingston,1,1890000,2200000,1890000,5,"Thiết kế đẹp mắt, hiệu năng vượt trội so với tầm giá. Rất hài lòng!"
ORI-000441,ORD-260206-0331,MB-001,ASUS-ROG-MAXIMUS-Z790,"Mainboard ASUS ROG Maximus Z790 Hero (LGA 1700, DDR5, ATX)",Mainboard - Bo mạch chủ,ASUS,1,15990000,18000000,15990000,4,"Sản phẩm dùng tốt, đúng mô tả, tuy nhiên giao hàng hơi trễ 1 ngày."
ORI-000442,ORD-260512-0332,MB-001,ASUS-ROG-MAXIMUS-Z790,"Mainboard ASUS ROG Maximus Z790 Hero (LGA 1700, DDR5, ATX)",Mainboard - Bo mạch chủ,ASUS,1,15990000,18000000,15990000,5,"Lắp đặt dễ dàng, chạy êm ái và mát mẻ. Shop hỗ trợ nhiệt tình."
ORI-000443,ORD-260512-0332,CPU-005,AMD-R7-7700X,"CPU AMD Ryzen 7 7700X (4.5GHz Turbo 5.4GHz, 8 nhân 16 luồng)",CPU - Bộ vi xử lý,AMD,1,6890000,7500000,6890000,5,"Thiết kế đẹp mắt, hiệu năng vượt trội so với tầm giá. Rất hài lòng!"
ORI-000444,ORD-250714-0333,MB-001,ASUS-ROG-MAXIMUS-Z790,"Mainboard ASUS ROG Maximus Z790 Hero (LGA 1700, DDR5, ATX)",Mainboard - Bo mạch chủ,ASUS,1,15990000,18000000,15990000,5,"Sản phẩm cực kỳ chất lượng, đóng gói cẩn thận, giao hàng nhanh."
ORI-000445,ORD-250714-0333,GPU-001,ASUS-ROG-RTX4090-24G,VGA ASUS ROG Strix GeForce RTX 4090 24GB GDDR6X OC,VGA - Card màn hình,ASUS,1,52990000,58000000,52990000,5,"Hàng chuẩn GearVN, nguyên seal mới cứng, bảo hành đầy đủ. Vote 5 sao!"
ORI-000446,ORD-250814-0334,MOUSE-001,LOGITECH-G-PRO-X-SUPERLIGHT2,"Chuột gaming Logitech G Pro X Superlight 2 (Không dây, 32000 DPI)",Chuột - Mouse,Logitech,1,3390000,3800000,3390000,4,"Sản phẩm tốt, nhân viên tư vấn nhiệt tình, sẽ tiếp tục ủng hộ."
ORI-000447,ORD-260315-0335,GPU-005,MSI-RTX4060-TI-8G-VENTUS,VGA MSI GeForce RTX 4060 Ti 8G Ventus 2X OC,VGA - Card màn hình,MSI,1,9490000,11000000,9490000,4,"Sản phẩm tốt, nhân viên tư vấn nhiệt tình, sẽ tiếp tục ủng hộ."
ORI-000448,ORD-250705-0336,COOL-001,CORSAIR-H150I-ELITE-360MM,Tản nhiệt nước AIO Corsair iCUE H150i Elite LCD 360mm,Tản nhiệt - Cooling,Corsair,1,4490000,5000000,4490000,5,"Thiết kế đẹp mắt, hiệu năng vượt trội so với tầm giá. Rất hài lòng!"
ORI-000449,ORD-250705-0336,CPU-004,AMD-R9-7950X,"CPU AMD Ryzen 9 7950X (4.5GHz Turbo 5.7GHz, 16 nhân 32 luồng)",CPU - Bộ vi xử lý,AMD,1,13490000,15000000,13490000,5,"Thiết kế đẹp mắt, hiệu năng vượt trội so với tầm giá. Rất hài lòng!"
ORI-000450,ORD-260107-0337,CASE-001,LIANLI-PC-O11D-EVO,"Vỏ Case Lian Li PC-O11 Dynamic Evo (Mid Tower, ATX)",Case - Vỏ máy tính,Lian Li,1,3490000,3900000,3490000,5,"Lắp đặt dễ dàng, chạy êm ái và mát mẻ. Shop hỗ trợ nhiệt tình."
ORI-000451,ORD-251026-0338,MOUSE-001,LOGITECH-G-PRO-X-SUPERLIGHT2,"Chuột gaming Logitech G Pro X Superlight 2 (Không dây, 32000 DPI)",Chuột - Mouse,Logitech,1,3390000,3800000,3390000,4,"Hiệu năng tốt trong tầm giá, dùng mượt mà không lỗi lầm gì."
ORI-000452,ORD-250731-0339,RAM-002,GSKILL-DDR5-32GB-6000,RAM G.Skill Trident Z5 RGB DDR5 32GB (2x16GB) 6000MHz CL30,RAM - Bộ nhớ trong,G.Skill,1,3690000,4200000,3690000,5,"Thiết kế đẹp mắt, hiệu năng vượt trội so với tầm giá. Rất hài lòng!"
ORI-000453,ORD-260330-0340,HDD-002,WD-RED-PLUS-8TB,"Ổ cứng HDD WD Red Plus 8TB 3.5"" SATA NAS",HDD - Ổ cứng cơ,Western Digital,1,4490000,5200000,4490000,5,"Sản phẩm cực kỳ chất lượng, đóng gói cẩn thận, giao hàng nhanh."
ORI-000454,ORD-260330-0340,GPU-005,MSI-RTX4060-TI-8G-VENTUS,VGA MSI GeForce RTX 4060 Ti 8G Ventus 2X OC,VGA - Card màn hình,MSI,1,9490000,11000000,9490000,5,"Thiết kế đẹp mắt, hiệu năng vượt trội so với tầm giá. Rất hài lòng!"
ORI-000455,ORD-260408-0341,PSU-002,SEASONIC-FOCUS-GX-850,Nguồn Seasonic Focus GX 850W 80 Plus Gold Full Modular,PSU - Nguồn máy tính,Seasonic,1,3290000,3800000,3290000,5,"Hàng chuẩn GearVN, nguyên seal mới cứng, bảo hành đầy đủ. Vote 5 sao!"
ORI-000456,ORD-251227-0342,CPU-005,AMD-R7-7700X,"CPU AMD Ryzen 7 7700X (4.5GHz Turbo 5.4GHz, 8 nhân 16 luồng)",CPU - Bộ vi xử lý,AMD,1,6890000,7500000,6890000,5,"Thiết kế đẹp mắt, hiệu năng vượt trội so với tầm giá. Rất hài lòng!"
ORI-000457,ORD-250908-0343,PSU-003,COOLERMASTER-V750-GOLD,Nguồn Cooler Master MWE Gold 750W 80 Plus Gold Full Modular,PSU - Nguồn máy tính,Cooler Master,1,2490000,2900000,2490000,5,"Sản phẩm cực kỳ chất lượng, đóng gói cẩn thận, giao hàng nhanh."
ORI-000458,ORD-251205-0344,CPU-005,AMD-R7-7700X,"CPU AMD Ryzen 7 7700X (4.5GHz Turbo 5.4GHz, 8 nhân 16 luồng)",CPU - Bộ vi xử lý,AMD,1,6890000,7500000,6890000,5,"Rất đáng tiền, chạy mượt mà, chính hãng 100%."
ORI-000459,ORD-260618-0345,SSD-003,KINGSTON-KC3000-1TB,SSD Kingston KC3000 1TB NVMe M.2 PCIe Gen4,SSD - Ổ cứng thể rắn,Kingston,1,1890000,2200000,1890000,,
ORI-000460,ORD-260618-0345,CASE-001,LIANLI-PC-O11D-EVO,"Vỏ Case Lian Li PC-O11 Dynamic Evo (Mid Tower, ATX)",Case - Vỏ máy tính,Lian Li,1,3490000,3900000,3490000,,
ORI-000461,ORD-250724-0346,CPU-004,AMD-R9-7950X,"CPU AMD Ryzen 9 7950X (4.5GHz Turbo 5.7GHz, 16 nhân 32 luồng)",CPU - Bộ vi xử lý,AMD,1,13490000,15000000,13490000,4,"Sản phẩm dùng tốt, đúng mô tả, tuy nhiên giao hàng hơi trễ 1 ngày."
ORI-000462,ORD-250724-0346,GPU-002,MSI-RTX4080-SUPER-16G,VGA MSI GeForce RTX 4080 Super 16GB Gaming X Slim,VGA - Card màn hình,MSI,1,26990000,30000000,26990000,5,"Rất đáng tiền, chạy mượt mà, chính hãng 100%."
ORI-000463,ORD-260119-0347,MOUSE-002,RAZER-DEATHADDER-V3-HTE,Chuột gaming Razer DeathAdder V3 HyperSpeed (Không dây),Chuột - Mouse,Razer,1,1890000,2200000,1890000,3,Chất lượng sản phẩm ok nhưng tổng đài hỗ trợ kỹ thuật phản hồi hơi chậm.
ORI-000464,ORD-260119-0347,RAM-002,GSKILL-DDR5-32GB-6000,RAM G.Skill Trident Z5 RGB DDR5 32GB (2x16GB) 6000MHz CL30,RAM - Bộ nhớ trong,G.Skill,1,3690000,4200000,3690000,5,"Hàng chuẩn GearVN, nguyên seal mới cứng, bảo hành đầy đủ. Vote 5 sao!"
ORI-000465,ORD-260125-0348,CASE-001,LIANLI-PC-O11D-EVO,"Vỏ Case Lian Li PC-O11 Dynamic Evo (Mid Tower, ATX)",Case - Vỏ máy tính,Lian Li,1,3490000,3900000,3490000,5,"Lắp đặt dễ dàng, chạy êm ái và mát mẻ. Shop hỗ trợ nhiệt tình."
ORI-000466,ORD-260125-0348,CHAIR-001,SECRETLAB-TITAN-EVO-2022,"Ghế gaming Secretlab Titan Evo 2022 (SoftWeave Plus, Medium)",Ghế gaming - Gaming Chair,Secretlab,1,12990000,14500000,12990000,5,"Hàng chuẩn GearVN, nguyên seal mới cứng, bảo hành đầy đủ. Vote 5 sao!"
ORI-000467,ORD-260105-0349,RAM-001,CORSAIR-DDR5-32GB-6000,RAM Corsair Dominator Titanium DDR5 32GB (2x16GB) 6000MHz,RAM - Bộ nhớ trong,Corsair,1,3990000,4500000,3990000,3,"Sản phẩm bình thường, không quá nổi bật, dịch vụ giao hàng ở mức trung bình."
ORI-000468,ORD-260105-0349,HDD-002,WD-RED-PLUS-8TB,"Ổ cứng HDD WD Red Plus 8TB 3.5"" SATA NAS",HDD - Ổ cứng cơ,Western Digital,1,4490000,5200000,4490000,5,"Thiết kế đẹp mắt, hiệu năng vượt trội so với tầm giá. Rất hài lòng!"
ORI-000469,ORD-251219-0350,FAN-002,NOCTUA-NF-A12X25-PWM,Fan Case Noctua NF-A12x25 PWM 120mm (Hiệu suất cao),Fan - Quạt tản nhiệt,Noctua,1,990000,1200000,990000,5,"Thiết kế đẹp mắt, hiệu năng vượt trội so với tầm giá. Rất hài lòng!"
ORI-000470,ORD-260217-0351,GPU-004,ASUS-RX7900XTX-24G,VGA ASUS TUF Gaming Radeon RX 7900 XTX OC 24GB,VGA - Card màn hình,ASUS,1,22990000,25000000,22990000,5,"Lắp đặt dễ dàng, chạy êm ái và mát mẻ. Shop hỗ trợ nhiệt tình."
ORI-000471,ORD-260122-0352,GPU-002,MSI-RTX4080-SUPER-16G,VGA MSI GeForce RTX 4080 Super 16GB Gaming X Slim,VGA - Card màn hình,MSI,1,26990000,30000000,26990000,4,"Sản phẩm tốt, nhân viên tư vấn nhiệt tình, sẽ tiếp tục ủng hộ."
ORI-000472,ORD-251213-0353,CPU-001,INTEL-I9-14900K,"CPU Intel Core i9-14900K (3.2GHz Turbo 6.0GHz, 24 nhân 32 luồng)",CPU - Bộ vi xử lý,Intel,1,12990000,14500000,12990000,5,"Rất đáng tiền, chạy mượt mà, chính hãng 100%."
ORI-000473,ORD-251213-0353,PSU-003,COOLERMASTER-V750-GOLD,Nguồn Cooler Master MWE Gold 750W 80 Plus Gold Full Modular,PSU - Nguồn máy tính,Cooler Master,1,2490000,2900000,2490000,4,"Thiết kế đẹp, chạy mát, dịch vụ chăm sóc khách hàng khá tốt."
ORI-000474,ORD-260311-0354,CPU-002,INTEL-I7-14700K,"CPU Intel Core i7-14700K (3.4GHz Turbo 5.6GHz, 20 nhân 28 luồng)",CPU - Bộ vi xử lý,Intel,1,8490000,9500000,8490000,5,"Lắp đặt dễ dàng, chạy êm ái và mát mẻ. Shop hỗ trợ nhiệt tình."
ORI-000475,ORD-260311-0354,MOUSE-001,LOGITECH-G-PRO-X-SUPERLIGHT2,"Chuột gaming Logitech G Pro X Superlight 2 (Không dây, 32000 DPI)",Chuột - Mouse,Logitech,1,3390000,3800000,3390000,4,"Chất lượng ổn áp, chạy ngon lành, đóng gói kỹ càng."
ORI-000476,ORD-250901-0355,CPU-006,INTEL-I3-14100F,"CPU Intel Core i3-14100F (3.5GHz Turbo 4.7GHz, 4 nhân 8 luồng)",CPU - Bộ vi xử lý,Intel,1,2490000,2800000,2490000,5,"Sản phẩm cực kỳ chất lượng, đóng gói cẩn thận, giao hàng nhanh."
ORI-000477,ORD-250901-0355,PSU-002,SEASONIC-FOCUS-GX-850,Nguồn Seasonic Focus GX 850W 80 Plus Gold Full Modular,PSU - Nguồn máy tính,Seasonic,1,3290000,3800000,3290000,5,"Rất đáng tiền, chạy mượt mà, chính hãng 100%."
ORI-000478,ORD-251203-0356,HDD-001,SEAGATE-BARRACUDA-4TB,"Ổ cứng HDD Seagate Barracuda 4TB 3.5"" SATA 5400RPM",HDD - Ổ cứng cơ,Seagate,1,2190000,2500000,2190000,3,"Dùng tạm ổn, nhưng vỏ hộp hơi móp méo khi vận chuyển."
ORI-000479,ORD-260115-0357,GPU-003,GIGABYTE-RTX4070-SUPER-12G,VGA GIGABYTE GeForce RTX 4070 Super Gaming OC 12GB,VGA - Card màn hình,GIGABYTE,1,16490000,18500000,16490000,5,"Thiết kế đẹp mắt, hiệu năng vượt trội so với tầm giá. Rất hài lòng!"
ORI-000480,ORD-260115-0357,SSD-004,CRUCIAL-P5-PLUS-500GB,SSD Crucial P5 Plus 500GB NVMe M.2 PCIe Gen4,SSD - Ổ cứng thể rắn,Crucial,1,990000,1200000,990000,4,"Sản phẩm dùng tốt, đúng mô tả, tuy nhiên giao hàng hơi trễ 1 ngày."
ORI-000481,ORD-260408-0358,PSU-003,COOLERMASTER-V750-GOLD,Nguồn Cooler Master MWE Gold 750W 80 Plus Gold Full Modular,PSU - Nguồn máy tính,Cooler Master,1,2490000,2900000,2490000,5,"Rất đáng tiền, chạy mượt mà, chính hãng 100%."
ORI-000482,ORD-250827-0359,RAM-002,GSKILL-DDR5-32GB-6000,RAM G.Skill Trident Z5 RGB DDR5 32GB (2x16GB) 6000MHz CL30,RAM - Bộ nhớ trong,G.Skill,1,3690000,4200000,3690000,5,"Lắp đặt dễ dàng, chạy êm ái và mát mẻ. Shop hỗ trợ nhiệt tình."
ORI-000483,ORD-250718-0360,HDD-001,SEAGATE-BARRACUDA-4TB,"Ổ cứng HDD Seagate Barracuda 4TB 3.5"" SATA 5400RPM",HDD - Ổ cứng cơ,Seagate,1,2190000,2500000,2190000,5,"Sản phẩm cực kỳ chất lượng, đóng gói cẩn thận, giao hàng nhanh."
ORI-000484,ORD-250718-0360,GPU-002,MSI-RTX4080-SUPER-16G,VGA MSI GeForce RTX 4080 Super 16GB Gaming X Slim,VGA - Card màn hình,MSI,1,26990000,30000000,26990000,1,"Sản phẩm bị lỗi hỏng ngay khi bóc hộp, không lên nguồn. Dịch vụ tệ."
ORI-000485,ORD-251109-0361,CPU-004,AMD-R9-7950X,"CPU AMD Ryzen 9 7950X (4.5GHz Turbo 5.7GHz, 16 nhân 32 luồng)",CPU - Bộ vi xử lý,AMD,1,13490000,15000000,13490000,5,"Thiết kế đẹp mắt, hiệu năng vượt trội so với tầm giá. Rất hài lòng!"
ORI-000486,ORD-250910-0362,COOL-002,THERMALRIGHT-PHANTOM-SPIRIT-120,Tản nhiệt khí Thermalright Phantom Spirit 120 SE ARGB,Tản nhiệt - Cooling,Thermalright,1,990000,1200000,990000,5,"Lắp đặt dễ dàng, chạy êm ái và mát mẻ. Shop hỗ trợ nhiệt tình."
ORI-000487,ORD-251110-0363,MOUSE-002,RAZER-DEATHADDER-V3-HTE,Chuột gaming Razer DeathAdder V3 HyperSpeed (Không dây),Chuột - Mouse,Razer,1,1890000,2200000,1890000,3,"Sản phẩm bình thường, không quá nổi bật, dịch vụ giao hàng ở mức trung bình."
ORI-000488,ORD-251227-0364,GPU-003,GIGABYTE-RTX4070-SUPER-12G,VGA GIGABYTE GeForce RTX 4070 Super Gaming OC 12GB,VGA - Card màn hình,GIGABYTE,1,16490000,18500000,16490000,5,"Sản phẩm cực kỳ chất lượng, đóng gói cẩn thận, giao hàng nhanh."
ORI-000489,ORD-260617-0365,CASE-002,JONSBO-D41-MESH,"Vỏ Case Jonsbo D41 Mesh Screen (Mid Tower, ATX, Màn hình LCD)",Case - Vỏ máy tính,Jonsbo,1,2290000,2600000,2290000,,
ORI-000490,ORD-260617-0365,HDD-002,WD-RED-PLUS-8TB,"Ổ cứng HDD WD Red Plus 8TB 3.5"" SATA NAS",HDD - Ổ cứng cơ,Western Digital,1,4490000,5200000,4490000,,
ORI-000491,ORD-251210-0366,KB-001,CORSAIR-K100-RGB-OPX,Bàn phím cơ Corsair K100 RGB Optical-Mechanical (OPX Switch),Bàn phím - Keyboard,Corsair,1,5490000,6000000,5490000,3,"Sản phẩm bình thường, không quá nổi bật, dịch vụ giao hàng ở mức trung bình."
ORI-000492,ORD-251009-0367,GPU-003,GIGABYTE-RTX4070-SUPER-12G,VGA GIGABYTE GeForce RTX 4070 Super Gaming OC 12GB,VGA - Card màn hình,GIGABYTE,1,16490000,18500000,16490000,5,"Rất đáng tiền, chạy mượt mà, chính hãng 100%."
ORI-000493,ORD-250706-0368,MONITOR-002,SAMSUNG-ODYSSEY-G7-32-4K,"Màn hình Samsung Odyssey G7 32"" 4K UHD 144Hz IPS",Màn hình - Monitor,Samsung,1,12990000,15000000,12990000,5,"Hàng chuẩn GearVN, nguyên seal mới cứng, bảo hành đầy đủ. Vote 5 sao!"
ORI-000494,ORD-250820-0369,CPU-002,INTEL-I7-14700K,"CPU Intel Core i7-14700K (3.4GHz Turbo 5.6GHz, 20 nhân 28 luồng)",CPU - Bộ vi xử lý,Intel,1,8490000,9500000,8490000,5,"Thiết kế đẹp mắt, hiệu năng vượt trội so với tầm giá. Rất hài lòng!"
ORI-000495,ORD-250820-0369,SSD-002,WD-BLACK-SN850X-1TB,SSD WD Black SN850X 1TB NVMe M.2 PCIe Gen4,SSD - Ổ cứng thể rắn,Western Digital,1,2190000,2500000,2190000,3,Chất lượng sản phẩm ok nhưng tổng đài hỗ trợ kỹ thuật phản hồi hơi chậm.
ORI-000496,ORD-251207-0370,MB-001,ASUS-ROG-MAXIMUS-Z790,"Mainboard ASUS ROG Maximus Z790 Hero (LGA 1700, DDR5, ATX)",Mainboard - Bo mạch chủ,ASUS,1,15990000,18000000,15990000,4,"Chất lượng ổn áp, chạy ngon lành, đóng gói kỹ càng."
ORI-000497,ORD-251022-0371,RAM-004,CORSAIR-DDR5-64GB-6400,RAM Corsair Vengeance DDR5 64GB (2x32GB) 6400MHz CL32,RAM - Bộ nhớ trong,Corsair,1,6490000,7500000,6490000,5,"Rất đáng tiền, chạy mượt mà, chính hãng 100%."
ORI-000498,ORD-260130-0372,SSD-002,WD-BLACK-SN850X-1TB,SSD WD Black SN850X 1TB NVMe M.2 PCIe Gen4,SSD - Ổ cứng thể rắn,Western Digital,1,2190000,2500000,2190000,4,"Sản phẩm dùng tốt, đúng mô tả, tuy nhiên giao hàng hơi trễ 1 ngày."
ORI-000499,ORD-250816-0373,HDD-001,SEAGATE-BARRACUDA-4TB,"Ổ cứng HDD Seagate Barracuda 4TB 3.5"" SATA 5400RPM",HDD - Ổ cứng cơ,Seagate,1,2190000,2500000,2190000,5,"Thiết kế đẹp mắt, hiệu năng vượt trội so với tầm giá. Rất hài lòng!"
ORI-000500,ORD-250816-0373,HDD-002,WD-RED-PLUS-8TB,"Ổ cứng HDD WD Red Plus 8TB 3.5"" SATA NAS",HDD - Ổ cứng cơ,Western Digital,1,4490000,5200000,4490000,4,"Sản phẩm tốt, nhân viên tư vấn nhiệt tình, sẽ tiếp tục ủng hộ."
ORI-000501,ORD-251010-0374,RAM-003,KINGSTON-FURY-DDR4-16GB-3200,RAM Kingston Fury Beast DDR4 16GB (2x8GB) 3200MHz,RAM - Bộ nhớ trong,Kingston,1,1290000,1500000,1290000,5,"Lắp đặt dễ dàng, chạy êm ái và mát mẻ. Shop hỗ trợ nhiệt tình."
ORI-000502,ORD-251010-0374,RAM-001,CORSAIR-DDR5-32GB-6000,RAM Corsair Dominator Titanium DDR5 32GB (2x16GB) 6000MHz,RAM - Bộ nhớ trong,Corsair,1,3990000,4500000,3990000,5,"Hàng chuẩn GearVN, nguyên seal mới cứng, bảo hành đầy đủ. Vote 5 sao!"
ORI-000503,ORD-250629-0375,KB-002,RAZER-BLACKWIDOW-V4-75,Bàn phím cơ Razer BlackWidow V4 75% (Razer Yellow Switch),Bàn phím - Keyboard,Razer,1,3290000,3800000,3290000,5,"Hàng chuẩn GearVN, nguyên seal mới cứng, bảo hành đầy đủ. Vote 5 sao!"
ORI-000504,ORD-250629-0375,CHAIR-001,SECRETLAB-TITAN-EVO-2022,"Ghế gaming Secretlab Titan Evo 2022 (SoftWeave Plus, Medium)",Ghế gaming - Gaming Chair,Secretlab,1,12990000,14500000,12990000,3,"Sản phẩm bình thường, không quá nổi bật, dịch vụ giao hàng ở mức trung bình."
ORI-000505,ORD-260607-0376,CHAIR-001,SECRETLAB-TITAN-EVO-2022,"Ghế gaming Secretlab Titan Evo 2022 (SoftWeave Plus, Medium)",Ghế gaming - Gaming Chair,Secretlab,1,12990000,14500000,12990000,5,"Rất đáng tiền, chạy mượt mà, chính hãng 100%."
ORI-000506,ORD-260117-0377,CPU-001,INTEL-I9-14900K,"CPU Intel Core i9-14900K (3.2GHz Turbo 6.0GHz, 24 nhân 32 luồng)",CPU - Bộ vi xử lý,Intel,1,12990000,14500000,12990000,5,"Rất đáng tiền, chạy mượt mà, chính hãng 100%."
ORI-000507,ORD-260117-0377,MB-003,GIGABYTE-X670E-AORUS-MASTER,"Mainboard GIGABYTE X670E AORUS Master (AM5, DDR5, ATX)",Mainboard - Bo mạch chủ,GIGABYTE,1,11490000,13000000,11490000,4,"Chất lượng ổn áp, chạy ngon lành, đóng gói kỹ càng."
ORI-000508,ORD-251017-0378,RAM-002,GSKILL-DDR5-32GB-6000,RAM G.Skill Trident Z5 RGB DDR5 32GB (2x16GB) 6000MHz CL30,RAM - Bộ nhớ trong,G.Skill,1,3690000,4200000,3690000,1,"Sản phẩm bị lỗi hỏng ngay khi bóc hộp, không lên nguồn. Dịch vụ tệ."
ORI-000509,ORD-260327-0379,SSD-002,WD-BLACK-SN850X-1TB,SSD WD Black SN850X 1TB NVMe M.2 PCIe Gen4,SSD - Ổ cứng thể rắn,Western Digital,1,2190000,2500000,2190000,5,"Thiết kế đẹp mắt, hiệu năng vượt trội so với tầm giá. Rất hài lòng!"
ORI-000510,ORD-251101-0380,RAM-004,CORSAIR-DDR5-64GB-6400,RAM Corsair Vengeance DDR5 64GB (2x32GB) 6400MHz CL32,RAM - Bộ nhớ trong,Corsair,1,6490000,7500000,6490000,5,"Lắp đặt dễ dàng, chạy êm ái và mát mẻ. Shop hỗ trợ nhiệt tình."
ORI-000511,ORD-251101-0380,FAN-001,LIANLI-UNI-FAN-AL120-3PACK,"Fan Case Lian Li UNI FAN AL120 RGB (3-Pack, Daisy-chain)",Fan - Quạt tản nhiệt,Lian Li,1,1490000,1800000,1490000,4,"Hiệu năng tốt trong tầm giá, dùng mượt mà không lỗi lầm gì."
ORI-000512,ORD-250905-0381,SSD-003,KINGSTON-KC3000-1TB,SSD Kingston KC3000 1TB NVMe M.2 PCIe Gen4,SSD - Ổ cứng thể rắn,Kingston,1,1890000,2200000,1890000,5,"Thiết kế đẹp mắt, hiệu năng vượt trội so với tầm giá. Rất hài lòng!"
ORI-000513,ORD-251204-0382,GPU-005,MSI-RTX4060-TI-8G-VENTUS,VGA MSI GeForce RTX 4060 Ti 8G Ventus 2X OC,VGA - Card màn hình,MSI,1,9490000,11000000,9490000,5,"Thiết kế đẹp mắt, hiệu năng vượt trội so với tầm giá. Rất hài lòng!"
ORI-000514,ORD-250928-0383,GPU-005,MSI-RTX4060-TI-8G-VENTUS,VGA MSI GeForce RTX 4060 Ti 8G Ventus 2X OC,VGA - Card màn hình,MSI,1,9490000,11000000,9490000,5,"Thiết kế đẹp mắt, hiệu năng vượt trội so với tầm giá. Rất hài lòng!"
ORI-000515,ORD-251230-0384,RAM-004,CORSAIR-DDR5-64GB-6400,RAM Corsair Vengeance DDR5 64GB (2x32GB) 6400MHz CL32,RAM - Bộ nhớ trong,Corsair,1,6490000,7500000,6490000,5,"Hàng chuẩn GearVN, nguyên seal mới cứng, bảo hành đầy đủ. Vote 5 sao!"
ORI-000516,ORD-260106-0385,PSU-001,CORSAIR-HX1000I-1000W,Nguồn Corsair HX1000i 1000W 80 Plus Platinum Full Modular,PSU - Nguồn máy tính,Corsair,1,4990000,5500000,4990000,4,"Thiết kế đẹp, chạy mát, dịch vụ chăm sóc khách hàng khá tốt."
ORI-000517,ORD-260106-0385,PSU-003,COOLERMASTER-V750-GOLD,Nguồn Cooler Master MWE Gold 750W 80 Plus Gold Full Modular,PSU - Nguồn máy tính,Cooler Master,1,2490000,2900000,2490000,5,"Lắp đặt dễ dàng, chạy êm ái và mát mẻ. Shop hỗ trợ nhiệt tình."
ORI-000518,ORD-260406-0386,CPU-001,INTEL-I9-14900K,"CPU Intel Core i9-14900K (3.2GHz Turbo 6.0GHz, 24 nhân 32 luồng)",CPU - Bộ vi xử lý,Intel,1,12990000,14500000,12990000,5,"Thiết kế đẹp mắt, hiệu năng vượt trội so với tầm giá. Rất hài lòng!"
ORI-000519,ORD-250902-0387,MB-002,MSI-MAG-Z790-TOMAHAWK,"Mainboard MSI MAG Z790 Tomahawk WiFi (LGA 1700, DDR5, ATX)",Mainboard - Bo mạch chủ,MSI,1,6990000,7800000,6990000,5,"Sản phẩm cực kỳ chất lượng, đóng gói cẩn thận, giao hàng nhanh."
ORI-000520,ORD-260515-0388,KB-002,RAZER-BLACKWIDOW-V4-75,Bàn phím cơ Razer BlackWidow V4 75% (Razer Yellow Switch),Bàn phím - Keyboard,Razer,1,3290000,3800000,3290000,5,"Hàng chuẩn GearVN, nguyên seal mới cứng, bảo hành đầy đủ. Vote 5 sao!"
ORI-000521,ORD-260129-0389,CHAIR-001,SECRETLAB-TITAN-EVO-2022,"Ghế gaming Secretlab Titan Evo 2022 (SoftWeave Plus, Medium)",Ghế gaming - Gaming Chair,Secretlab,1,12990000,14500000,12990000,4,"Hiệu năng tốt trong tầm giá, dùng mượt mà không lỗi lầm gì."
ORI-000522,ORD-250915-0390,HDD-002,WD-RED-PLUS-8TB,"Ổ cứng HDD WD Red Plus 8TB 3.5"" SATA NAS",HDD - Ổ cứng cơ,Western Digital,1,4490000,5200000,4490000,5,"Rất đáng tiền, chạy mượt mà, chính hãng 100%."
ORI-000523,ORD-260227-0391,MOUSE-001,LOGITECH-G-PRO-X-SUPERLIGHT2,"Chuột gaming Logitech G Pro X Superlight 2 (Không dây, 32000 DPI)",Chuột - Mouse,Logitech,1,3390000,3800000,3390000,5,"Lắp đặt dễ dàng, chạy êm ái và mát mẻ. Shop hỗ trợ nhiệt tình."
ORI-000524,ORD-250809-0392,HDD-002,WD-RED-PLUS-8TB,"Ổ cứng HDD WD Red Plus 8TB 3.5"" SATA NAS",HDD - Ổ cứng cơ,Western Digital,1,4490000,5200000,4490000,5,"Lắp đặt dễ dàng, chạy êm ái và mát mẻ. Shop hỗ trợ nhiệt tình."
ORI-000525,ORD-250809-0392,KB-002,RAZER-BLACKWIDOW-V4-75,Bàn phím cơ Razer BlackWidow V4 75% (Razer Yellow Switch),Bàn phím - Keyboard,Razer,1,3290000,3800000,3290000,5,"Thiết kế đẹp mắt, hiệu năng vượt trội so với tầm giá. Rất hài lòng!"
ORI-000526,ORD-250624-0393,MONITOR-002,SAMSUNG-ODYSSEY-G7-32-4K,"Màn hình Samsung Odyssey G7 32"" 4K UHD 144Hz IPS",Màn hình - Monitor,Samsung,1,12990000,15000000,12990000,3,Chất lượng sản phẩm ok nhưng tổng đài hỗ trợ kỹ thuật phản hồi hơi chậm.
ORI-000527,ORD-250624-0393,GPU-003,GIGABYTE-RTX4070-SUPER-12G,VGA GIGABYTE GeForce RTX 4070 Super Gaming OC 12GB,VGA - Card màn hình,GIGABYTE,1,16490000,18500000,16490000,5,"Lắp đặt dễ dàng, chạy êm ái và mát mẻ. Shop hỗ trợ nhiệt tình."
ORI-000528,ORD-250904-0394,MB-004,ASUS-TUF-B760M-PLUS-WIFI,"Mainboard ASUS TUF Gaming B760M-Plus WiFi (LGA 1700, DDR5, mATX)",Mainboard - Bo mạch chủ,ASUS,1,3990000,4500000,3990000,3,"Dùng tạm ổn, nhưng vỏ hộp hơi móp méo khi vận chuyển."
ORI-000529,ORD-260209-0395,GPU-004,ASUS-RX7900XTX-24G,VGA ASUS TUF Gaming Radeon RX 7900 XTX OC 24GB,VGA - Card màn hình,ASUS,1,22990000,25000000,22990000,2,"Hiệu năng không đúng như quảng cáo, hay bị sụt nguồn đột ngột."
ORI-000530,ORD-260222-0396,SSD-002,WD-BLACK-SN850X-1TB,SSD WD Black SN850X 1TB NVMe M.2 PCIe Gen4,SSD - Ổ cứng thể rắn,Western Digital,1,2190000,2500000,2190000,4,"Thiết kế đẹp, chạy mát, dịch vụ chăm sóc khách hàng khá tốt."
ORI-000531,ORD-260316-0397,MB-001,ASUS-ROG-MAXIMUS-Z790,"Mainboard ASUS ROG Maximus Z790 Hero (LGA 1700, DDR5, ATX)",Mainboard - Bo mạch chủ,ASUS,1,15990000,18000000,15990000,3,"Sản phẩm bình thường, không quá nổi bật, dịch vụ giao hàng ở mức trung bình."
ORI-000532,ORD-260316-0397,RAM-004,CORSAIR-DDR5-64GB-6400,RAM Corsair Vengeance DDR5 64GB (2x32GB) 6400MHz CL32,RAM - Bộ nhớ trong,Corsair,1,6490000,7500000,6490000,5,"Rất đáng tiền, chạy mượt mà, chính hãng 100%."
ORI-000533,ORD-250620-0398,MB-003,GIGABYTE-X670E-AORUS-MASTER,"Mainboard GIGABYTE X670E AORUS Master (AM5, DDR5, ATX)",Mainboard - Bo mạch chủ,GIGABYTE,1,11490000,13000000,11490000,3,"Sản phẩm bình thường, không quá nổi bật, dịch vụ giao hàng ở mức trung bình."
ORI-000534,ORD-260615-0399,FAN-001,LIANLI-UNI-FAN-AL120-3PACK,"Fan Case Lian Li UNI FAN AL120 RGB (3-Pack, Daisy-chain)",Fan - Quạt tản nhiệt,Lian Li,1,1490000,1800000,1490000,4,"Chất lượng ổn áp, chạy ngon lành, đóng gói kỹ càng."
ORI-000535,ORD-250830-0400,SSD-001,SAMSUNG-980-PRO-2TB,SSD Samsung 980 Pro 2TB NVMe M.2 PCIe Gen4,SSD - Ổ cứng thể rắn,Samsung,1,3490000,3900000,3490000,5,"Lắp đặt dễ dàng, chạy êm ái và mát mẻ. Shop hỗ trợ nhiệt tình."
ORI-000536,ORD-251129-0401,GPU-005,MSI-RTX4060-TI-8G-VENTUS,VGA MSI GeForce RTX 4060 Ti 8G Ventus 2X OC,VGA - Card màn hình,MSI,1,9490000,11000000,9490000,5,"Lắp đặt dễ dàng, chạy êm ái và mát mẻ. Shop hỗ trợ nhiệt tình."
ORI-000537,ORD-260601-0402,GPU-005,MSI-RTX4060-TI-8G-VENTUS,VGA MSI GeForce RTX 4060 Ti 8G Ventus 2X OC,VGA - Card màn hình,MSI,1,9490000,11000000,9490000,4,"Chất lượng ổn áp, chạy ngon lành, đóng gói kỹ càng."
ORI-000538,ORD-260601-0402,KB-001,CORSAIR-K100-RGB-OPX,Bàn phím cơ Corsair K100 RGB Optical-Mechanical (OPX Switch),Bàn phím - Keyboard,Corsair,1,5490000,6000000,5490000,5,"Rất đáng tiền, chạy mượt mà, chính hãng 100%."
ORI-000539,ORD-250821-0403,SSD-001,SAMSUNG-980-PRO-2TB,SSD Samsung 980 Pro 2TB NVMe M.2 PCIe Gen4,SSD - Ổ cứng thể rắn,Samsung,1,3490000,3900000,3490000,5,"Lắp đặt dễ dàng, chạy êm ái và mát mẻ. Shop hỗ trợ nhiệt tình."
ORI-000540,ORD-250821-0403,RAM-002,GSKILL-DDR5-32GB-6000,RAM G.Skill Trident Z5 RGB DDR5 32GB (2x16GB) 6000MHz CL30,RAM - Bộ nhớ trong,G.Skill,1,3690000,4200000,3690000,5,"Rất đáng tiền, chạy mượt mà, chính hãng 100%."
ORI-000541,ORD-260524-0404,COOL-002,THERMALRIGHT-PHANTOM-SPIRIT-120,Tản nhiệt khí Thermalright Phantom Spirit 120 SE ARGB,Tản nhiệt - Cooling,Thermalright,1,990000,1200000,990000,5,"Hàng chuẩn GearVN, nguyên seal mới cứng, bảo hành đầy đủ. Vote 5 sao!"
ORI-000542,ORD-260524-0404,CPU-004,AMD-R9-7950X,"CPU AMD Ryzen 9 7950X (4.5GHz Turbo 5.7GHz, 16 nhân 32 luồng)",CPU - Bộ vi xử lý,AMD,1,13490000,15000000,13490000,5,"Sản phẩm cực kỳ chất lượng, đóng gói cẩn thận, giao hàng nhanh."
ORI-000543,ORD-251017-0405,MB-002,MSI-MAG-Z790-TOMAHAWK,"Mainboard MSI MAG Z790 Tomahawk WiFi (LGA 1700, DDR5, ATX)",Mainboard - Bo mạch chủ,MSI,1,6990000,7800000,6990000,5,"Hàng chuẩn GearVN, nguyên seal mới cứng, bảo hành đầy đủ. Vote 5 sao!"
ORI-000544,ORD-251230-0406,CPU-004,AMD-R9-7950X,"CPU AMD Ryzen 9 7950X (4.5GHz Turbo 5.7GHz, 16 nhân 32 luồng)",CPU - Bộ vi xử lý,AMD,1,13490000,15000000,13490000,5,"Hàng chuẩn GearVN, nguyên seal mới cứng, bảo hành đầy đủ. Vote 5 sao!"
ORI-000545,ORD-251230-0406,FAN-002,NOCTUA-NF-A12X25-PWM,Fan Case Noctua NF-A12x25 PWM 120mm (Hiệu suất cao),Fan - Quạt tản nhiệt,Noctua,1,990000,1200000,990000,4,"Sản phẩm tốt, nhân viên tư vấn nhiệt tình, sẽ tiếp tục ủng hộ."
ORI-000546,ORD-251208-0407,RAM-002,GSKILL-DDR5-32GB-6000,RAM G.Skill Trident Z5 RGB DDR5 32GB (2x16GB) 6000MHz CL30,RAM - Bộ nhớ trong,G.Skill,1,3690000,4200000,3690000,5,"Sản phẩm cực kỳ chất lượng, đóng gói cẩn thận, giao hàng nhanh."
ORI-000547,ORD-250902-0408,CPU-003,INTEL-I5-14600K,"CPU Intel Core i5-14600K (3.5GHz Turbo 5.3GHz, 14 nhân 20 luồng)",CPU - Bộ vi xử lý,Intel,1,5490000,6200000,5490000,5,"Sản phẩm cực kỳ chất lượng, đóng gói cẩn thận, giao hàng nhanh."
ORI-000548,ORD-250902-0408,SSD-002,WD-BLACK-SN850X-1TB,SSD WD Black SN850X 1TB NVMe M.2 PCIe Gen4,SSD - Ổ cứng thể rắn,Western Digital,1,2190000,2500000,2190000,5,"Thiết kế đẹp mắt, hiệu năng vượt trội so với tầm giá. Rất hài lòng!"
ORI-000549,ORD-251211-0409,CASE-002,JONSBO-D41-MESH,"Vỏ Case Jonsbo D41 Mesh Screen (Mid Tower, ATX, Màn hình LCD)",Case - Vỏ máy tính,Jonsbo,1,2290000,2600000,2290000,4,"Chất lượng ổn áp, chạy ngon lành, đóng gói kỹ càng."
ORI-000550,ORD-260131-0410,CPU-006,INTEL-I3-14100F,"CPU Intel Core i3-14100F (3.5GHz Turbo 4.7GHz, 4 nhân 8 luồng)",CPU - Bộ vi xử lý,Intel,1,2490000,2800000,2490000,4,"Chất lượng ổn áp, chạy ngon lành, đóng gói kỹ càng."
ORI-000551,ORD-260212-0411,KB-001,CORSAIR-K100-RGB-OPX,Bàn phím cơ Corsair K100 RGB Optical-Mechanical (OPX Switch),Bàn phím - Keyboard,Corsair,1,5490000,6000000,5490000,5,"Lắp đặt dễ dàng, chạy êm ái và mát mẻ. Shop hỗ trợ nhiệt tình."
ORI-000552,ORD-250715-0412,RAM-002,GSKILL-DDR5-32GB-6000,RAM G.Skill Trident Z5 RGB DDR5 32GB (2x16GB) 6000MHz CL30,RAM - Bộ nhớ trong,G.Skill,1,3690000,4200000,3690000,5,"Lắp đặt dễ dàng, chạy êm ái và mát mẻ. Shop hỗ trợ nhiệt tình."
ORI-000553,ORD-251129-0413,RAM-004,CORSAIR-DDR5-64GB-6400,RAM Corsair Vengeance DDR5 64GB (2x32GB) 6400MHz CL32,RAM - Bộ nhớ trong,Corsair,1,6490000,7500000,6490000,5,"Sản phẩm cực kỳ chất lượng, đóng gói cẩn thận, giao hàng nhanh."
ORI-000554,ORD-251129-0413,RAM-003,KINGSTON-FURY-DDR4-16GB-3200,RAM Kingston Fury Beast DDR4 16GB (2x8GB) 3200MHz,RAM - Bộ nhớ trong,Kingston,1,1290000,1500000,1290000,5,"Lắp đặt dễ dàng, chạy êm ái và mát mẻ. Shop hỗ trợ nhiệt tình."
ORI-000555,ORD-260524-0414,COOL-001,CORSAIR-H150I-ELITE-360MM,Tản nhiệt nước AIO Corsair iCUE H150i Elite LCD 360mm,Tản nhiệt - Cooling,Corsair,1,4490000,5000000,4490000,5,"Hàng chuẩn GearVN, nguyên seal mới cứng, bảo hành đầy đủ. Vote 5 sao!"
ORI-000556,ORD-251201-0415,FAN-002,NOCTUA-NF-A12X25-PWM,Fan Case Noctua NF-A12x25 PWM 120mm (Hiệu suất cao),Fan - Quạt tản nhiệt,Noctua,1,990000,1200000,990000,5,"Hàng chuẩn GearVN, nguyên seal mới cứng, bảo hành đầy đủ. Vote 5 sao!"
ORI-000557,ORD-251201-0415,CPU-005,AMD-R7-7700X,"CPU AMD Ryzen 7 7700X (4.5GHz Turbo 5.4GHz, 8 nhân 16 luồng)",CPU - Bộ vi xử lý,AMD,1,6890000,7500000,6890000,5,"Hàng chuẩn GearVN, nguyên seal mới cứng, bảo hành đầy đủ. Vote 5 sao!"
ORI-000558,ORD-250702-0416,HDD-001,SEAGATE-BARRACUDA-4TB,"Ổ cứng HDD Seagate Barracuda 4TB 3.5"" SATA 5400RPM",HDD - Ổ cứng cơ,Seagate,1,2190000,2500000,2190000,4,"Thiết kế đẹp, chạy mát, dịch vụ chăm sóc khách hàng khá tốt."
ORI-000559,ORD-250702-0416,MOUSE-001,LOGITECH-G-PRO-X-SUPERLIGHT2,"Chuột gaming Logitech G Pro X Superlight 2 (Không dây, 32000 DPI)",Chuột - Mouse,Logitech,1,3390000,3800000,3390000,5,"Rất đáng tiền, chạy mượt mà, chính hãng 100%."
ORI-000560,ORD-251026-0417,RAM-002,GSKILL-DDR5-32GB-6000,RAM G.Skill Trident Z5 RGB DDR5 32GB (2x16GB) 6000MHz CL30,RAM - Bộ nhớ trong,G.Skill,1,3690000,4200000,3690000,5,"Hàng chuẩn GearVN, nguyên seal mới cứng, bảo hành đầy đủ. Vote 5 sao!"
ORI-000561,ORD-250910-0418,CPU-003,INTEL-I5-14600K,"CPU Intel Core i5-14600K (3.5GHz Turbo 5.3GHz, 14 nhân 20 luồng)",CPU - Bộ vi xử lý,Intel,1,5490000,6200000,5490000,4,"Thiết kế đẹp, chạy mát, dịch vụ chăm sóc khách hàng khá tốt."
ORI-000562,ORD-251128-0419,KB-002,RAZER-BLACKWIDOW-V4-75,Bàn phím cơ Razer BlackWidow V4 75% (Razer Yellow Switch),Bàn phím - Keyboard,Razer,1,3290000,3800000,3290000,2,"Hiệu năng không đúng như quảng cáo, hay bị sụt nguồn đột ngột."
ORI-000563,ORD-251230-0420,GPU-002,MSI-RTX4080-SUPER-16G,VGA MSI GeForce RTX 4080 Super 16GB Gaming X Slim,VGA - Card màn hình,MSI,1,26990000,30000000,26990000,4,"Thiết kế đẹp, chạy mát, dịch vụ chăm sóc khách hàng khá tốt."
ORI-000564,ORD-260618-0421,CASE-002,JONSBO-D41-MESH,"Vỏ Case Jonsbo D41 Mesh Screen (Mid Tower, ATX, Màn hình LCD)",Case - Vỏ máy tính,Jonsbo,1,2290000,2600000,2290000,1,"Giao hàng quá chậm (mất 7 ngày), hàng móp méo hư hại nghiêm trọng."
ORI-000565,ORD-260618-0421,COOL-003,DEEPCOOL-AK620-DIGITAL,"Tản nhiệt khí DeepCool AK620 Digital (Dual Tower, 2x120mm)",Tản nhiệt - Cooling,Deepcool,1,1490000,1800000,1490000,3,"Sản phẩm bình thường, không quá nổi bật, dịch vụ giao hàng ở mức trung bình."
ORI-000566,ORD-250821-0422,CASE-002,JONSBO-D41-MESH,"Vỏ Case Jonsbo D41 Mesh Screen (Mid Tower, ATX, Màn hình LCD)",Case - Vỏ máy tính,Jonsbo,1,2290000,2600000,2290000,3,"Sản phẩm bình thường, không quá nổi bật, dịch vụ giao hàng ở mức trung bình."
ORI-000567,ORD-250821-0422,CPU-002,INTEL-I7-14700K,"CPU Intel Core i7-14700K (3.4GHz Turbo 5.6GHz, 20 nhân 28 luồng)",CPU - Bộ vi xử lý,Intel,1,8490000,9500000,8490000,3,"Sản phẩm bình thường, không quá nổi bật, dịch vụ giao hàng ở mức trung bình."
ORI-000568,ORD-260204-0423,CPU-006,INTEL-I3-14100F,"CPU Intel Core i3-14100F (3.5GHz Turbo 4.7GHz, 4 nhân 8 luồng)",CPU - Bộ vi xử lý,Intel,1,2490000,2800000,2490000,5,"Sản phẩm cực kỳ chất lượng, đóng gói cẩn thận, giao hàng nhanh."
ORI-000569,ORD-260204-0423,SSD-002,WD-BLACK-SN850X-1TB,SSD WD Black SN850X 1TB NVMe M.2 PCIe Gen4,SSD - Ổ cứng thể rắn,Western Digital,1,2190000,2500000,2190000,5,"Sản phẩm cực kỳ chất lượng, đóng gói cẩn thận, giao hàng nhanh."
ORI-000570,ORD-260130-0424,PSU-003,COOLERMASTER-V750-GOLD,Nguồn Cooler Master MWE Gold 750W 80 Plus Gold Full Modular,PSU - Nguồn máy tính,Cooler Master,1,2490000,2900000,2490000,5,"Hàng chuẩn GearVN, nguyên seal mới cứng, bảo hành đầy đủ. Vote 5 sao!"
ORI-000571,ORD-251202-0425,KB-002,RAZER-BLACKWIDOW-V4-75,Bàn phím cơ Razer BlackWidow V4 75% (Razer Yellow Switch),Bàn phím - Keyboard,Razer,1,3290000,3800000,3290000,3,"Hiệu năng đủ dùng cho tác vụ cơ bản, nhiệt độ hơi ấm khi tải nặng."
ORI-000572,ORD-251202-0425,MB-001,ASUS-ROG-MAXIMUS-Z790,"Mainboard ASUS ROG Maximus Z790 Hero (LGA 1700, DDR5, ATX)",Mainboard - Bo mạch chủ,ASUS,1,15990000,18000000,15990000,5,"Thiết kế đẹp mắt, hiệu năng vượt trội so với tầm giá. Rất hài lòng!"
ORI-000573,ORD-260208-0426,MB-002,MSI-MAG-Z790-TOMAHAWK,"Mainboard MSI MAG Z790 Tomahawk WiFi (LGA 1700, DDR5, ATX)",Mainboard - Bo mạch chủ,MSI,1,6990000,7800000,6990000,4,"Sản phẩm dùng tốt, đúng mô tả, tuy nhiên giao hàng hơi trễ 1 ngày."
ORI-000574,ORD-260208-0426,PSU-001,CORSAIR-HX1000I-1000W,Nguồn Corsair HX1000i 1000W 80 Plus Platinum Full Modular,PSU - Nguồn máy tính,Corsair,1,4990000,5500000,4990000,2,"Sản phẩm có dấu hiệu trầy xước nhẹ, giao hàng chậm, đóng gói sơ sài."
ORI-000575,ORD-251229-0427,HDD-001,SEAGATE-BARRACUDA-4TB,"Ổ cứng HDD Seagate Barracuda 4TB 3.5"" SATA 5400RPM",HDD - Ổ cứng cơ,Seagate,1,2190000,2500000,2190000,5,"Rất đáng tiền, chạy mượt mà, chính hãng 100%."
ORI-000576,ORD-260211-0428,CPU-005,AMD-R7-7700X,"CPU AMD Ryzen 7 7700X (4.5GHz Turbo 5.4GHz, 8 nhân 16 luồng)",CPU - Bộ vi xử lý,AMD,1,6890000,7500000,6890000,5,"Thiết kế đẹp mắt, hiệu năng vượt trội so với tầm giá. Rất hài lòng!"
ORI-000577,ORD-251202-0429,GPU-003,GIGABYTE-RTX4070-SUPER-12G,VGA GIGABYTE GeForce RTX 4070 Super Gaming OC 12GB,VGA - Card màn hình,GIGABYTE,1,16490000,18500000,16490000,4,"Hiệu năng tốt trong tầm giá, dùng mượt mà không lỗi lầm gì."
ORI-000578,ORD-251028-0430,MOUSE-001,LOGITECH-G-PRO-X-SUPERLIGHT2,"Chuột gaming Logitech G Pro X Superlight 2 (Không dây, 32000 DPI)",Chuột - Mouse,Logitech,1,3390000,3800000,3390000,4,"Thiết kế đẹp, chạy mát, dịch vụ chăm sóc khách hàng khá tốt."
ORI-000579,ORD-251028-0430,GPU-002,MSI-RTX4080-SUPER-16G,VGA MSI GeForce RTX 4080 Super 16GB Gaming X Slim,VGA - Card màn hình,MSI,1,26990000,30000000,26990000,4,"Sản phẩm dùng tốt, đúng mô tả, tuy nhiên giao hàng hơi trễ 1 ngày."
ORI-000580,ORD-250905-0431,CASE-002,JONSBO-D41-MESH,"Vỏ Case Jonsbo D41 Mesh Screen (Mid Tower, ATX, Màn hình LCD)",Case - Vỏ máy tính,Jonsbo,1,2290000,2600000,2290000,5,"Lắp đặt dễ dàng, chạy êm ái và mát mẻ. Shop hỗ trợ nhiệt tình."
ORI-000581,ORD-251207-0432,COOL-002,THERMALRIGHT-PHANTOM-SPIRIT-120,Tản nhiệt khí Thermalright Phantom Spirit 120 SE ARGB,Tản nhiệt - Cooling,Thermalright,1,990000,1200000,990000,1,"Hàng cũ đóng lại seal, chạy lỗi liên tục, bảo hành rất phiền phức. Không nên mua."
ORI-000582,ORD-250620-0433,COOL-002,THERMALRIGHT-PHANTOM-SPIRIT-120,Tản nhiệt khí Thermalright Phantom Spirit 120 SE ARGB,Tản nhiệt - Cooling,Thermalright,1,990000,1200000,990000,5,"Hàng chuẩn GearVN, nguyên seal mới cứng, bảo hành đầy đủ. Vote 5 sao!"
ORI-000583,ORD-260510-0434,MB-001,ASUS-ROG-MAXIMUS-Z790,"Mainboard ASUS ROG Maximus Z790 Hero (LGA 1700, DDR5, ATX)",Mainboard - Bo mạch chủ,ASUS,1,15990000,18000000,15990000,5,"Lắp đặt dễ dàng, chạy êm ái và mát mẻ. Shop hỗ trợ nhiệt tình."
ORI-000584,ORD-260530-0435,CPU-004,AMD-R9-7950X,"CPU AMD Ryzen 9 7950X (4.5GHz Turbo 5.7GHz, 16 nhân 32 luồng)",CPU - Bộ vi xử lý,AMD,1,13490000,15000000,13490000,5,"Thiết kế đẹp mắt, hiệu năng vượt trội so với tầm giá. Rất hài lòng!"
ORI-000585,ORD-260530-0435,RAM-001,CORSAIR-DDR5-32GB-6000,RAM Corsair Dominator Titanium DDR5 32GB (2x16GB) 6000MHz,RAM - Bộ nhớ trong,Corsair,1,3990000,4500000,3990000,5,"Sản phẩm cực kỳ chất lượng, đóng gói cẩn thận, giao hàng nhanh."
ORI-000586,ORD-260213-0436,PSU-003,COOLERMASTER-V750-GOLD,Nguồn Cooler Master MWE Gold 750W 80 Plus Gold Full Modular,PSU - Nguồn máy tính,Cooler Master,1,2490000,2900000,2490000,5,"Lắp đặt dễ dàng, chạy êm ái và mát mẻ. Shop hỗ trợ nhiệt tình."
ORI-000587,ORD-260131-0437,CPU-004,AMD-R9-7950X,"CPU AMD Ryzen 9 7950X (4.5GHz Turbo 5.7GHz, 16 nhân 32 luồng)",CPU - Bộ vi xử lý,AMD,1,13490000,15000000,13490000,5,"Lắp đặt dễ dàng, chạy êm ái và mát mẻ. Shop hỗ trợ nhiệt tình."
ORI-000588,ORD-250821-0438,KB-001,CORSAIR-K100-RGB-OPX,Bàn phím cơ Corsair K100 RGB Optical-Mechanical (OPX Switch),Bàn phím - Keyboard,Corsair,1,5490000,6000000,5490000,5,"Thiết kế đẹp mắt, hiệu năng vượt trội so với tầm giá. Rất hài lòng!"
ORI-000589,ORD-250711-0439,CPU-005,AMD-R7-7700X,"CPU AMD Ryzen 7 7700X (4.5GHz Turbo 5.4GHz, 8 nhân 16 luồng)",CPU - Bộ vi xử lý,AMD,1,6890000,7500000,6890000,5,"Rất đáng tiền, chạy mượt mà, chính hãng 100%."
ORI-000590,ORD-251227-0440,CASE-001,LIANLI-PC-O11D-EVO,"Vỏ Case Lian Li PC-O11 Dynamic Evo (Mid Tower, ATX)",Case - Vỏ máy tính,Lian Li,1,3490000,3900000,3490000,,
ORI-000591,ORD-251104-0441,COOL-003,DEEPCOOL-AK620-DIGITAL,"Tản nhiệt khí DeepCool AK620 Digital (Dual Tower, 2x120mm)",Tản nhiệt - Cooling,Deepcool,1,1490000,1800000,1490000,5,"Sản phẩm cực kỳ chất lượng, đóng gói cẩn thận, giao hàng nhanh."
ORI-000592,ORD-251025-0442,PSU-001,CORSAIR-HX1000I-1000W,Nguồn Corsair HX1000i 1000W 80 Plus Platinum Full Modular,PSU - Nguồn máy tính,Corsair,1,4990000,5500000,4990000,5,"Sản phẩm cực kỳ chất lượng, đóng gói cẩn thận, giao hàng nhanh."
ORI-000593,ORD-250921-0443,GPU-002,MSI-RTX4080-SUPER-16G,VGA MSI GeForce RTX 4080 Super 16GB Gaming X Slim,VGA - Card màn hình,MSI,1,26990000,30000000,26990000,5,"Rất đáng tiền, chạy mượt mà, chính hãng 100%."
ORI-000594,ORD-250921-0443,SSD-003,KINGSTON-KC3000-1TB,SSD Kingston KC3000 1TB NVMe M.2 PCIe Gen4,SSD - Ổ cứng thể rắn,Kingston,1,1890000,2200000,1890000,5,"Rất đáng tiền, chạy mượt mà, chính hãng 100%."
ORI-000595,ORD-251014-0444,MB-003,GIGABYTE-X670E-AORUS-MASTER,"Mainboard GIGABYTE X670E AORUS Master (AM5, DDR5, ATX)",Mainboard - Bo mạch chủ,GIGABYTE,1,11490000,13000000,11490000,5,"Thiết kế đẹp mắt, hiệu năng vượt trội so với tầm giá. Rất hài lòng!"
ORI-000596,ORD-251125-0445,PSU-001,CORSAIR-HX1000I-1000W,Nguồn Corsair HX1000i 1000W 80 Plus Platinum Full Modular,PSU - Nguồn máy tính,Corsair,1,4990000,5500000,4990000,5,"Hàng chuẩn GearVN, nguyên seal mới cứng, bảo hành đầy đủ. Vote 5 sao!"
ORI-000597,ORD-251125-0445,SSD-002,WD-BLACK-SN850X-1TB,SSD WD Black SN850X 1TB NVMe M.2 PCIe Gen4,SSD - Ổ cứng thể rắn,Western Digital,1,2190000,2500000,2190000,5,"Sản phẩm cực kỳ chất lượng, đóng gói cẩn thận, giao hàng nhanh."
ORI-000598,ORD-251117-0446,PSU-002,SEASONIC-FOCUS-GX-850,Nguồn Seasonic Focus GX 850W 80 Plus Gold Full Modular,PSU - Nguồn máy tính,Seasonic,1,3290000,3800000,3290000,5,"Hàng chuẩn GearVN, nguyên seal mới cứng, bảo hành đầy đủ. Vote 5 sao!"
ORI-000599,ORD-251117-0446,KB-002,RAZER-BLACKWIDOW-V4-75,Bàn phím cơ Razer BlackWidow V4 75% (Razer Yellow Switch),Bàn phím - Keyboard,Razer,1,3290000,3800000,3290000,5,"Thiết kế đẹp mắt, hiệu năng vượt trội so với tầm giá. Rất hài lòng!"
ORI-000600,ORD-251207-0447,CASE-002,JONSBO-D41-MESH,"Vỏ Case Jonsbo D41 Mesh Screen (Mid Tower, ATX, Màn hình LCD)",Case - Vỏ máy tính,Jonsbo,1,2290000,2600000,2290000,2,"Sản phẩm có dấu hiệu trầy xước nhẹ, giao hàng chậm, đóng gói sơ sài."
ORI-000601,ORD-251207-0447,COOL-001,CORSAIR-H150I-ELITE-360MM,Tản nhiệt nước AIO Corsair iCUE H150i Elite LCD 360mm,Tản nhiệt - Cooling,Corsair,1,4490000,5000000,4490000,5,"Sản phẩm cực kỳ chất lượng, đóng gói cẩn thận, giao hàng nhanh."
ORI-000602,ORD-260410-0448,MB-002,MSI-MAG-Z790-TOMAHAWK,"Mainboard MSI MAG Z790 Tomahawk WiFi (LGA 1700, DDR5, ATX)",Mainboard - Bo mạch chủ,MSI,1,6990000,7800000,6990000,5,"Thiết kế đẹp mắt, hiệu năng vượt trội so với tầm giá. Rất hài lòng!"
ORI-000603,ORD-260601-0449,CPU-006,INTEL-I3-14100F,"CPU Intel Core i3-14100F (3.5GHz Turbo 4.7GHz, 4 nhân 8 luồng)",CPU - Bộ vi xử lý,Intel,1,2490000,2800000,2490000,5,"Thiết kế đẹp mắt, hiệu năng vượt trội so với tầm giá. Rất hài lòng!"
ORI-000604,ORD-250817-0450,SSD-003,KINGSTON-KC3000-1TB,SSD Kingston KC3000 1TB NVMe M.2 PCIe Gen4,SSD - Ổ cứng thể rắn,Kingston,1,1890000,2200000,1890000,3,"Dùng tạm ổn, nhưng vỏ hộp hơi móp méo khi vận chuyển."
ORI-000605,ORD-250817-0450,HEADSET-001,CORSAIR-VIRTUOSO-RGB-XT,Tai nghe gaming Corsair Virtuoso RGB Wireless XT,Tai nghe - Headset,Corsair,1,4290000,5000000,4290000,5,"Hàng chuẩn GearVN, nguyên seal mới cứng, bảo hành đầy đủ. Vote 5 sao!"
ORI-000606,ORD-250829-0451,CHAIR-001,SECRETLAB-TITAN-EVO-2022,"Ghế gaming Secretlab Titan Evo 2022 (SoftWeave Plus, Medium)",Ghế gaming - Gaming Chair,Secretlab,1,12990000,14500000,12990000,5,"Rất đáng tiền, chạy mượt mà, chính hãng 100%."
ORI-000607,ORD-260310-0452,RAM-001,CORSAIR-DDR5-32GB-6000,RAM Corsair Dominator Titanium DDR5 32GB (2x16GB) 6000MHz,RAM - Bộ nhớ trong,Corsair,1,3990000,4500000,3990000,4,"Hiệu năng tốt trong tầm giá, dùng mượt mà không lỗi lầm gì."
ORI-000608,ORD-260310-0452,CPU-003,INTEL-I5-14600K,"CPU Intel Core i5-14600K (3.5GHz Turbo 5.3GHz, 14 nhân 20 luồng)",CPU - Bộ vi xử lý,Intel,1,5490000,6200000,5490000,5,"Sản phẩm cực kỳ chất lượng, đóng gói cẩn thận, giao hàng nhanh."
ORI-000609,ORD-260616-0453,MB-002,MSI-MAG-Z790-TOMAHAWK,"Mainboard MSI MAG Z790 Tomahawk WiFi (LGA 1700, DDR5, ATX)",Mainboard - Bo mạch chủ,MSI,1,6990000,7800000,6990000,,
ORI-000610,ORD-251109-0454,FAN-002,NOCTUA-NF-A12X25-PWM,Fan Case Noctua NF-A12x25 PWM 120mm (Hiệu suất cao),Fan - Quạt tản nhiệt,Noctua,1,990000,1200000,990000,4,"Sản phẩm tốt, nhân viên tư vấn nhiệt tình, sẽ tiếp tục ủng hộ."
ORI-000611,ORD-251102-0455,SSD-002,WD-BLACK-SN850X-1TB,SSD WD Black SN850X 1TB NVMe M.2 PCIe Gen4,SSD - Ổ cứng thể rắn,Western Digital,1,2190000,2500000,2190000,5,"Hàng chuẩn GearVN, nguyên seal mới cứng, bảo hành đầy đủ. Vote 5 sao!"
ORI-000612,ORD-251102-0455,GPU-005,MSI-RTX4060-TI-8G-VENTUS,VGA MSI GeForce RTX 4060 Ti 8G Ventus 2X OC,VGA - Card màn hình,MSI,1,9490000,11000000,9490000,5,"Sản phẩm cực kỳ chất lượng, đóng gói cẩn thận, giao hàng nhanh."
ORI-000613,ORD-250826-0456,HEADSET-001,CORSAIR-VIRTUOSO-RGB-XT,Tai nghe gaming Corsair Virtuoso RGB Wireless XT,Tai nghe - Headset,Corsair,1,4290000,5000000,4290000,5,"Rất đáng tiền, chạy mượt mà, chính hãng 100%."
ORI-000614,ORD-250826-0456,MB-003,GIGABYTE-X670E-AORUS-MASTER,"Mainboard GIGABYTE X670E AORUS Master (AM5, DDR5, ATX)",Mainboard - Bo mạch chủ,GIGABYTE,1,11490000,13000000,11490000,4,"Chất lượng ổn áp, chạy ngon lành, đóng gói kỹ càng."
ORI-000615,ORD-250813-0457,FAN-002,NOCTUA-NF-A12X25-PWM,Fan Case Noctua NF-A12x25 PWM 120mm (Hiệu suất cao),Fan - Quạt tản nhiệt,Noctua,1,990000,1200000,990000,5,"Rất đáng tiền, chạy mượt mà, chính hãng 100%."
ORI-000616,ORD-250813-0457,HEADSET-001,CORSAIR-VIRTUOSO-RGB-XT,Tai nghe gaming Corsair Virtuoso RGB Wireless XT,Tai nghe - Headset,Corsair,1,4290000,5000000,4290000,5,"Rất đáng tiền, chạy mượt mà, chính hãng 100%."
ORI-000617,ORD-250729-0458,CASE-001,LIANLI-PC-O11D-EVO,"Vỏ Case Lian Li PC-O11 Dynamic Evo (Mid Tower, ATX)",Case - Vỏ máy tính,Lian Li,1,3490000,3900000,3490000,4,"Sản phẩm dùng tốt, đúng mô tả, tuy nhiên giao hàng hơi trễ 1 ngày."
ORI-000618,ORD-260604-0459,MB-001,ASUS-ROG-MAXIMUS-Z790,"Mainboard ASUS ROG Maximus Z790 Hero (LGA 1700, DDR5, ATX)",Mainboard - Bo mạch chủ,ASUS,1,15990000,18000000,15990000,5,"Hàng chuẩn GearVN, nguyên seal mới cứng, bảo hành đầy đủ. Vote 5 sao!"
ORI-000619,ORD-260110-0460,SSD-002,WD-BLACK-SN850X-1TB,SSD WD Black SN850X 1TB NVMe M.2 PCIe Gen4,SSD - Ổ cứng thể rắn,Western Digital,1,2190000,2500000,2190000,5,"Sản phẩm cực kỳ chất lượng, đóng gói cẩn thận, giao hàng nhanh."
ORI-000620,ORD-260123-0461,MOUSE-002,RAZER-DEATHADDER-V3-HTE,Chuột gaming Razer DeathAdder V3 HyperSpeed (Không dây),Chuột - Mouse,Razer,1,1890000,2200000,1890000,5,"Thiết kế đẹp mắt, hiệu năng vượt trội so với tầm giá. Rất hài lòng!"
ORI-000621,ORD-251216-0462,SSD-001,SAMSUNG-980-PRO-2TB,SSD Samsung 980 Pro 2TB NVMe M.2 PCIe Gen4,SSD - Ổ cứng thể rắn,Samsung,1,3490000,3900000,3490000,5,"Thiết kế đẹp mắt, hiệu năng vượt trội so với tầm giá. Rất hài lòng!"
ORI-000622,ORD-251209-0463,GPU-003,GIGABYTE-RTX4070-SUPER-12G,VGA GIGABYTE GeForce RTX 4070 Super Gaming OC 12GB,VGA - Card màn hình,GIGABYTE,1,16490000,18500000,16490000,4,"Sản phẩm dùng tốt, đúng mô tả, tuy nhiên giao hàng hơi trễ 1 ngày."
ORI-000623,ORD-250804-0464,CPU-005,AMD-R7-7700X,"CPU AMD Ryzen 7 7700X (4.5GHz Turbo 5.4GHz, 8 nhân 16 luồng)",CPU - Bộ vi xử lý,AMD,1,6890000,7500000,6890000,5,"Hàng chuẩn GearVN, nguyên seal mới cứng, bảo hành đầy đủ. Vote 5 sao!"
ORI-000624,ORD-250922-0465,GPU-001,ASUS-ROG-RTX4090-24G,VGA ASUS ROG Strix GeForce RTX 4090 24GB GDDR6X OC,VGA - Card màn hình,ASUS,1,52990000,58000000,52990000,4,"Chất lượng ổn áp, chạy ngon lành, đóng gói kỹ càng."
ORI-000625,ORD-250723-0466,MONITOR-002,SAMSUNG-ODYSSEY-G7-32-4K,"Màn hình Samsung Odyssey G7 32"" 4K UHD 144Hz IPS",Màn hình - Monitor,Samsung,1,12990000,15000000,12990000,5,"Rất đáng tiền, chạy mượt mà, chính hãng 100%."
ORI-000626,ORD-250723-0466,RAM-004,CORSAIR-DDR5-64GB-6400,RAM Corsair Vengeance DDR5 64GB (2x32GB) 6400MHz CL32,RAM - Bộ nhớ trong,Corsair,1,6490000,7500000,6490000,4,"Chất lượng ổn áp, chạy ngon lành, đóng gói kỹ càng."
ORI-000627,ORD-250922-0467,CPU-003,INTEL-I5-14600K,"CPU Intel Core i5-14600K (3.5GHz Turbo 5.3GHz, 14 nhân 20 luồng)",CPU - Bộ vi xử lý,Intel,1,5490000,6200000,5490000,4,"Sản phẩm dùng tốt, đúng mô tả, tuy nhiên giao hàng hơi trễ 1 ngày."
ORI-000628,ORD-250922-0467,MONITOR-001,LG-27GP850P-27-QHD-165HZ,"Màn hình LG UltraGear 27GP850P-B 27"" QHD IPS 165Hz 1ms",Màn hình - Monitor,LG,1,8990000,10500000,8990000,5,"Rất đáng tiền, chạy mượt mà, chính hãng 100%."
ORI-000629,ORD-250709-0468,CPU-002,INTEL-I7-14700K,"CPU Intel Core i7-14700K (3.4GHz Turbo 5.6GHz, 20 nhân 28 luồng)",CPU - Bộ vi xử lý,Intel,1,8490000,9500000,8490000,5,"Hàng chuẩn GearVN, nguyên seal mới cứng, bảo hành đầy đủ. Vote 5 sao!"
ORI-000630,ORD-250709-0468,COOL-003,DEEPCOOL-AK620-DIGITAL,"Tản nhiệt khí DeepCool AK620 Digital (Dual Tower, 2x120mm)",Tản nhiệt - Cooling,Deepcool,1,1490000,1800000,1490000,5,"Sản phẩm cực kỳ chất lượng, đóng gói cẩn thận, giao hàng nhanh."
ORI-000631,ORD-260224-0469,SSD-003,KINGSTON-KC3000-1TB,SSD Kingston KC3000 1TB NVMe M.2 PCIe Gen4,SSD - Ổ cứng thể rắn,Kingston,1,1890000,2200000,1890000,5,"Thiết kế đẹp mắt, hiệu năng vượt trội so với tầm giá. Rất hài lòng!"
ORI-000632,ORD-250727-0470,COOL-001,CORSAIR-H150I-ELITE-360MM,Tản nhiệt nước AIO Corsair iCUE H150i Elite LCD 360mm,Tản nhiệt - Cooling,Corsair,1,4490000,5000000,4490000,5,"Rất đáng tiền, chạy mượt mà, chính hãng 100%."
ORI-000633,ORD-260504-0471,HEADSET-001,CORSAIR-VIRTUOSO-RGB-XT,Tai nghe gaming Corsair Virtuoso RGB Wireless XT,Tai nghe - Headset,Corsair,1,4290000,5000000,4290000,5,"Rất đáng tiền, chạy mượt mà, chính hãng 100%."
ORI-000634,ORD-251124-0472,CPU-005,AMD-R7-7700X,"CPU AMD Ryzen 7 7700X (4.5GHz Turbo 5.4GHz, 8 nhân 16 luồng)",CPU - Bộ vi xử lý,AMD,1,6890000,7500000,6890000,1,"Sản phẩm bị lỗi hỏng ngay khi bóc hộp, không lên nguồn. Dịch vụ tệ."
ORI-000635,ORD-250910-0473,CPU-002,INTEL-I7-14700K,"CPU Intel Core i7-14700K (3.4GHz Turbo 5.6GHz, 20 nhân 28 luồng)",CPU - Bộ vi xử lý,Intel,1,8490000,9500000,8490000,,
ORI-000636,ORD-251119-0474,MONITOR-001,LG-27GP850P-27-QHD-165HZ,"Màn hình LG UltraGear 27GP850P-B 27"" QHD IPS 165Hz 1ms",Màn hình - Monitor,LG,1,8990000,10500000,8990000,4,"Sản phẩm tốt, nhân viên tư vấn nhiệt tình, sẽ tiếp tục ủng hộ."
ORI-000637,ORD-251119-0475,RAM-001,CORSAIR-DDR5-32GB-6000,RAM Corsair Dominator Titanium DDR5 32GB (2x16GB) 6000MHz,RAM - Bộ nhớ trong,Corsair,1,3990000,4500000,3990000,5,"Hàng chuẩn GearVN, nguyên seal mới cứng, bảo hành đầy đủ. Vote 5 sao!"
ORI-000638,ORD-260224-0476,RAM-001,CORSAIR-DDR5-32GB-6000,RAM Corsair Dominator Titanium DDR5 32GB (2x16GB) 6000MHz,RAM - Bộ nhớ trong,Corsair,1,3990000,4500000,3990000,5,"Sản phẩm cực kỳ chất lượng, đóng gói cẩn thận, giao hàng nhanh."
ORI-000639,ORD-260224-0476,KB-001,CORSAIR-K100-RGB-OPX,Bàn phím cơ Corsair K100 RGB Optical-Mechanical (OPX Switch),Bàn phím - Keyboard,Corsair,1,5490000,6000000,5490000,5,"Thiết kế đẹp mắt, hiệu năng vượt trội so với tầm giá. Rất hài lòng!"
ORI-000640,ORD-251229-0477,PSU-001,CORSAIR-HX1000I-1000W,Nguồn Corsair HX1000i 1000W 80 Plus Platinum Full Modular,PSU - Nguồn máy tính,Corsair,1,4990000,5500000,4990000,4,"Thiết kế đẹp, chạy mát, dịch vụ chăm sóc khách hàng khá tốt."
ORI-000641,ORD-251112-0478,RAM-001,CORSAIR-DDR5-32GB-6000,RAM Corsair Dominator Titanium DDR5 32GB (2x16GB) 6000MHz,RAM - Bộ nhớ trong,Corsair,1,3990000,4500000,3990000,3,"Hiệu năng đủ dùng cho tác vụ cơ bản, nhiệt độ hơi ấm khi tải nặng."
ORI-000642,ORD-251128-0479,RAM-002,GSKILL-DDR5-32GB-6000,RAM G.Skill Trident Z5 RGB DDR5 32GB (2x16GB) 6000MHz CL30,RAM - Bộ nhớ trong,G.Skill,1,3690000,4200000,3690000,5,"Thiết kế đẹp mắt, hiệu năng vượt trội so với tầm giá. Rất hài lòng!"
ORI-000643,ORD-251128-0479,MOUSE-002,RAZER-DEATHADDER-V3-HTE,Chuột gaming Razer DeathAdder V3 HyperSpeed (Không dây),Chuột - Mouse,Razer,1,1890000,2200000,1890000,5,"Lắp đặt dễ dàng, chạy êm ái và mát mẻ. Shop hỗ trợ nhiệt tình."
ORI-000644,ORD-250911-0480,CHAIR-001,SECRETLAB-TITAN-EVO-2022,"Ghế gaming Secretlab Titan Evo 2022 (SoftWeave Plus, Medium)",Ghế gaming - Gaming Chair,Secretlab,1,12990000,14500000,12990000,4,"Sản phẩm dùng tốt, đúng mô tả, tuy nhiên giao hàng hơi trễ 1 ngày."
ORI-000645,ORD-260216-0481,CASE-002,JONSBO-D41-MESH,"Vỏ Case Jonsbo D41 Mesh Screen (Mid Tower, ATX, Màn hình LCD)",Case - Vỏ máy tính,Jonsbo,1,2290000,2600000,2290000,5,"Rất đáng tiền, chạy mượt mà, chính hãng 100%."
ORI-000646,ORD-251210-0482,GPU-005,MSI-RTX4060-TI-8G-VENTUS,VGA MSI GeForce RTX 4060 Ti 8G Ventus 2X OC,VGA - Card màn hình,MSI,1,9490000,11000000,9490000,5,"Sản phẩm cực kỳ chất lượng, đóng gói cẩn thận, giao hàng nhanh."
ORI-000647,ORD-251125-0483,COOL-003,DEEPCOOL-AK620-DIGITAL,"Tản nhiệt khí DeepCool AK620 Digital (Dual Tower, 2x120mm)",Tản nhiệt - Cooling,Deepcool,1,1490000,1800000,1490000,5,"Hàng chuẩn GearVN, nguyên seal mới cứng, bảo hành đầy đủ. Vote 5 sao!"
ORI-000648,ORD-251214-0484,MB-004,ASUS-TUF-B760M-PLUS-WIFI,"Mainboard ASUS TUF Gaming B760M-Plus WiFi (LGA 1700, DDR5, mATX)",Mainboard - Bo mạch chủ,ASUS,1,3990000,4500000,3990000,5,"Rất đáng tiền, chạy mượt mà, chính hãng 100%."
ORI-000649,ORD-251214-0484,MB-002,MSI-MAG-Z790-TOMAHAWK,"Mainboard MSI MAG Z790 Tomahawk WiFi (LGA 1700, DDR5, ATX)",Mainboard - Bo mạch chủ,MSI,1,6990000,7800000,6990000,5,"Rất đáng tiền, chạy mượt mà, chính hãng 100%."
ORI-000650,ORD-251111-0485,CHAIR-001,SECRETLAB-TITAN-EVO-2022,"Ghế gaming Secretlab Titan Evo 2022 (SoftWeave Plus, Medium)",Ghế gaming - Gaming Chair,Secretlab,1,12990000,14500000,12990000,5,"Rất đáng tiền, chạy mượt mà, chính hãng 100%."
ORI-000651,ORD-260301-0486,CASE-001,LIANLI-PC-O11D-EVO,"Vỏ Case Lian Li PC-O11 Dynamic Evo (Mid Tower, ATX)",Case - Vỏ máy tính,Lian Li,1,3490000,3900000,3490000,5,"Hàng chuẩn GearVN, nguyên seal mới cứng, bảo hành đầy đủ. Vote 5 sao!"
ORI-000652,ORD-260125-0487,MB-004,ASUS-TUF-B760M-PLUS-WIFI,"Mainboard ASUS TUF Gaming B760M-Plus WiFi (LGA 1700, DDR5, mATX)",Mainboard - Bo mạch chủ,ASUS,1,3990000,4500000,3990000,4,"Sản phẩm tốt, nhân viên tư vấn nhiệt tình, sẽ tiếp tục ủng hộ."
ORI-000653,ORD-260203-0488,PSU-003,COOLERMASTER-V750-GOLD,Nguồn Cooler Master MWE Gold 750W 80 Plus Gold Full Modular,PSU - Nguồn máy tính,Cooler Master,1,2490000,2900000,2490000,5,"Rất đáng tiền, chạy mượt mà, chính hãng 100%."
ORI-000654,ORD-260203-0488,CPU-005,AMD-R7-7700X,"CPU AMD Ryzen 7 7700X (4.5GHz Turbo 5.4GHz, 8 nhân 16 luồng)",CPU - Bộ vi xử lý,AMD,1,6890000,7500000,6890000,4,"Sản phẩm tốt, nhân viên tư vấn nhiệt tình, sẽ tiếp tục ủng hộ."
ORI-000655,ORD-250831-0489,MONITOR-002,SAMSUNG-ODYSSEY-G7-32-4K,"Màn hình Samsung Odyssey G7 32"" 4K UHD 144Hz IPS",Màn hình - Monitor,Samsung,1,12990000,15000000,12990000,3,"Dùng tạm ổn, nhưng vỏ hộp hơi móp méo khi vận chuyển."
ORI-000656,ORD-260225-0490,CPU-005,AMD-R7-7700X,"CPU AMD Ryzen 7 7700X (4.5GHz Turbo 5.4GHz, 8 nhân 16 luồng)",CPU - Bộ vi xử lý,AMD,1,6890000,7500000,6890000,,
ORI-000657,ORD-260512-0491,CPU-004,AMD-R9-7950X,"CPU AMD Ryzen 9 7950X (4.5GHz Turbo 5.7GHz, 16 nhân 32 luồng)",CPU - Bộ vi xử lý,AMD,1,13490000,15000000,13490000,5,"Sản phẩm cực kỳ chất lượng, đóng gói cẩn thận, giao hàng nhanh."
ORI-000658,ORD-260106-0492,CPU-006,INTEL-I3-14100F,"CPU Intel Core i3-14100F (3.5GHz Turbo 4.7GHz, 4 nhân 8 luồng)",CPU - Bộ vi xử lý,Intel,1,2490000,2800000,2490000,5,"Thiết kế đẹp mắt, hiệu năng vượt trội so với tầm giá. Rất hài lòng!"
ORI-000659,ORD-251106-0493,RAM-001,CORSAIR-DDR5-32GB-6000,RAM Corsair Dominator Titanium DDR5 32GB (2x16GB) 6000MHz,RAM - Bộ nhớ trong,Corsair,1,3990000,4500000,3990000,5,"Hàng chuẩn GearVN, nguyên seal mới cứng, bảo hành đầy đủ. Vote 5 sao!"
ORI-000660,ORD-250903-0494,MONITOR-002,SAMSUNG-ODYSSEY-G7-32-4K,"Màn hình Samsung Odyssey G7 32"" 4K UHD 144Hz IPS",Màn hình - Monitor,Samsung,1,12990000,15000000,12990000,5,"Rất đáng tiền, chạy mượt mà, chính hãng 100%."
ORI-000661,ORD-250903-0494,FAN-002,NOCTUA-NF-A12X25-PWM,Fan Case Noctua NF-A12x25 PWM 120mm (Hiệu suất cao),Fan - Quạt tản nhiệt,Noctua,1,990000,1200000,990000,2,"Hiệu năng không đúng như quảng cáo, hay bị sụt nguồn đột ngột."
ORI-000662,ORD-260324-0495,MOUSE-002,RAZER-DEATHADDER-V3-HTE,Chuột gaming Razer DeathAdder V3 HyperSpeed (Không dây),Chuột - Mouse,Razer,1,1890000,2200000,1890000,5,"Lắp đặt dễ dàng, chạy êm ái và mát mẻ. Shop hỗ trợ nhiệt tình."
ORI-000663,ORD-260227-0496,MOUSE-002,RAZER-DEATHADDER-V3-HTE,Chuột gaming Razer DeathAdder V3 HyperSpeed (Không dây),Chuột - Mouse,Razer,1,1890000,2200000,1890000,5,"Hàng chuẩn GearVN, nguyên seal mới cứng, bảo hành đầy đủ. Vote 5 sao!"
ORI-000664,ORD-260227-0496,HDD-002,WD-RED-PLUS-8TB,"Ổ cứng HDD WD Red Plus 8TB 3.5"" SATA NAS",HDD - Ổ cứng cơ,Western Digital,1,4490000,5200000,4490000,5,"Thiết kế đẹp mắt, hiệu năng vượt trội so với tầm giá. Rất hài lòng!"
ORI-000665,ORD-260105-0497,MB-002,MSI-MAG-Z790-TOMAHAWK,"Mainboard MSI MAG Z790 Tomahawk WiFi (LGA 1700, DDR5, ATX)",Mainboard - Bo mạch chủ,MSI,1,6990000,7800000,6990000,5,"Sản phẩm cực kỳ chất lượng, đóng gói cẩn thận, giao hàng nhanh."
ORI-000666,ORD-260105-0497,KB-002,RAZER-BLACKWIDOW-V4-75,Bàn phím cơ Razer BlackWidow V4 75% (Razer Yellow Switch),Bàn phím - Keyboard,Razer,1,3290000,3800000,3290000,5,"Hàng chuẩn GearVN, nguyên seal mới cứng, bảo hành đầy đủ. Vote 5 sao!"
ORI-000667,ORD-260512-0498,MB-002,MSI-MAG-Z790-TOMAHAWK,"Mainboard MSI MAG Z790 Tomahawk WiFi (LGA 1700, DDR5, ATX)",Mainboard - Bo mạch chủ,MSI,1,6990000,7800000,6990000,5,"Lắp đặt dễ dàng, chạy êm ái và mát mẻ. Shop hỗ trợ nhiệt tình."
ORI-000668,ORD-260220-0499,MB-003,GIGABYTE-X670E-AORUS-MASTER,"Mainboard GIGABYTE X670E AORUS Master (AM5, DDR5, ATX)",Mainboard - Bo mạch chủ,GIGABYTE,1,11490000,13000000,11490000,5,"Lắp đặt dễ dàng, chạy êm ái và mát mẻ. Shop hỗ trợ nhiệt tình."
ORI-000669,ORD-250626-0500,RAM-002,GSKILL-DDR5-32GB-6000,RAM G.Skill Trident Z5 RGB DDR5 32GB (2x16GB) 6000MHz CL30,RAM - Bộ nhớ trong,G.Skill,1,3690000,4200000,3690000,5,"Rất đáng tiền, chạy mượt mà, chính hãng 100%."
ORI-000670,ORD-260225-0501,COOL-003,DEEPCOOL-AK620-DIGITAL,"Tản nhiệt khí DeepCool AK620 Digital (Dual Tower, 2x120mm)",Tản nhiệt - Cooling,Deepcool,1,1490000,1800000,1490000,5,"Hàng chuẩn GearVN, nguyên seal mới cứng, bảo hành đầy đủ. Vote 5 sao!"
ORI-000671,ORD-260322-0502,GPU-005,MSI-RTX4060-TI-8G-VENTUS,VGA MSI GeForce RTX 4060 Ti 8G Ventus 2X OC,VGA - Card màn hình,MSI,1,9490000,11000000,9490000,5,"Hàng chuẩn GearVN, nguyên seal mới cứng, bảo hành đầy đủ. Vote 5 sao!"
ORI-000672,ORD-260330-0503,GPU-004,ASUS-RX7900XTX-24G,VGA ASUS TUF Gaming Radeon RX 7900 XTX OC 24GB,VGA - Card màn hình,ASUS,1,22990000,25000000,22990000,5,"Thiết kế đẹp mắt, hiệu năng vượt trội so với tầm giá. Rất hài lòng!"
ORI-000673,ORD-250813-0504,MB-001,ASUS-ROG-MAXIMUS-Z790,"Mainboard ASUS ROG Maximus Z790 Hero (LGA 1700, DDR5, ATX)",Mainboard - Bo mạch chủ,ASUS,1,15990000,18000000,15990000,5,"Lắp đặt dễ dàng, chạy êm ái và mát mẻ. Shop hỗ trợ nhiệt tình."
ORI-000674,ORD-251219-0505,GPU-002,MSI-RTX4080-SUPER-16G,VGA MSI GeForce RTX 4080 Super 16GB Gaming X Slim,VGA - Card màn hình,MSI,1,26990000,30000000,26990000,5,"Sản phẩm cực kỳ chất lượng, đóng gói cẩn thận, giao hàng nhanh."
ORI-000675,ORD-250809-0506,MONITOR-001,LG-27GP850P-27-QHD-165HZ,"Màn hình LG UltraGear 27GP850P-B 27"" QHD IPS 165Hz 1ms",Màn hình - Monitor,LG,1,8990000,10500000,8990000,4,"Chất lượng ổn áp, chạy ngon lành, đóng gói kỹ càng."
ORI-000676,ORD-260414-0507,SSD-004,CRUCIAL-P5-PLUS-500GB,SSD Crucial P5 Plus 500GB NVMe M.2 PCIe Gen4,SSD - Ổ cứng thể rắn,Crucial,1,990000,1200000,990000,4,"Thiết kế đẹp, chạy mát, dịch vụ chăm sóc khách hàng khá tốt."
ORI-000677,ORD-260414-0507,HEADSET-001,CORSAIR-VIRTUOSO-RGB-XT,Tai nghe gaming Corsair Virtuoso RGB Wireless XT,Tai nghe - Headset,Corsair,1,4290000,5000000,4290000,5,"Thiết kế đẹp mắt, hiệu năng vượt trội so với tầm giá. Rất hài lòng!"
ORI-000678,ORD-251217-0508,MOUSE-002,RAZER-DEATHADDER-V3-HTE,Chuột gaming Razer DeathAdder V3 HyperSpeed (Không dây),Chuột - Mouse,Razer,1,1890000,2200000,1890000,4,"Thiết kế đẹp, chạy mát, dịch vụ chăm sóc khách hàng khá tốt."
ORI-000679,ORD-251217-0508,MB-004,ASUS-TUF-B760M-PLUS-WIFI,"Mainboard ASUS TUF Gaming B760M-Plus WiFi (LGA 1700, DDR5, mATX)",Mainboard - Bo mạch chủ,ASUS,1,3990000,4500000,3990000,4,"Thiết kế đẹp, chạy mát, dịch vụ chăm sóc khách hàng khá tốt."
ORI-000680,ORD-251130-0509,PSU-001,CORSAIR-HX1000I-1000W,Nguồn Corsair HX1000i 1000W 80 Plus Platinum Full Modular,PSU - Nguồn máy tính,Corsair,1,4990000,5500000,4990000,4,"Chất lượng ổn áp, chạy ngon lành, đóng gói kỹ càng."
ORI-000681,ORD-251227-0510,HEADSET-001,CORSAIR-VIRTUOSO-RGB-XT,Tai nghe gaming Corsair Virtuoso RGB Wireless XT,Tai nghe - Headset,Corsair,1,4290000,5000000,4290000,5,"Hàng chuẩn GearVN, nguyên seal mới cứng, bảo hành đầy đủ. Vote 5 sao!"
ORI-000682,ORD-251125-0511,GPU-005,MSI-RTX4060-TI-8G-VENTUS,VGA MSI GeForce RTX 4060 Ti 8G Ventus 2X OC,VGA - Card màn hình,MSI,1,9490000,11000000,9490000,5,"Thiết kế đẹp mắt, hiệu năng vượt trội so với tầm giá. Rất hài lòng!"
ORI-000683,ORD-251125-0511,COOL-002,THERMALRIGHT-PHANTOM-SPIRIT-120,Tản nhiệt khí Thermalright Phantom Spirit 120 SE ARGB,Tản nhiệt - Cooling,Thermalright,1,990000,1200000,990000,5,"Lắp đặt dễ dàng, chạy êm ái và mát mẻ. Shop hỗ trợ nhiệt tình."
ORI-000684,ORD-250906-0512,SSD-002,WD-BLACK-SN850X-1TB,SSD WD Black SN850X 1TB NVMe M.2 PCIe Gen4,SSD - Ổ cứng thể rắn,Western Digital,1,2190000,2500000,2190000,4,"Sản phẩm dùng tốt, đúng mô tả, tuy nhiên giao hàng hơi trễ 1 ngày."
ORI-000685,ORD-250817-0513,SSD-001,SAMSUNG-980-PRO-2TB,SSD Samsung 980 Pro 2TB NVMe M.2 PCIe Gen4,SSD - Ổ cứng thể rắn,Samsung,1,3490000,3900000,3490000,5,"Thiết kế đẹp mắt, hiệu năng vượt trội so với tầm giá. Rất hài lòng!"
ORI-000686,ORD-260425-0514,RAM-004,CORSAIR-DDR5-64GB-6400,RAM Corsair Vengeance DDR5 64GB (2x32GB) 6400MHz CL32,RAM - Bộ nhớ trong,Corsair,1,6490000,7500000,6490000,4,"Hiệu năng tốt trong tầm giá, dùng mượt mà không lỗi lầm gì."
ORI-000687,ORD-260108-0515,SSD-004,CRUCIAL-P5-PLUS-500GB,SSD Crucial P5 Plus 500GB NVMe M.2 PCIe Gen4,SSD - Ổ cứng thể rắn,Crucial,1,990000,1200000,990000,5,"Hàng chuẩn GearVN, nguyên seal mới cứng, bảo hành đầy đủ. Vote 5 sao!"
ORI-000688,ORD-260108-0515,MB-002,MSI-MAG-Z790-TOMAHAWK,"Mainboard MSI MAG Z790 Tomahawk WiFi (LGA 1700, DDR5, ATX)",Mainboard - Bo mạch chủ,MSI,1,6990000,7800000,6990000,5,"Sản phẩm cực kỳ chất lượng, đóng gói cẩn thận, giao hàng nhanh."
ORI-000689,ORD-250821-0516,CPU-001,INTEL-I9-14900K,"CPU Intel Core i9-14900K (3.2GHz Turbo 6.0GHz, 24 nhân 32 luồng)",CPU - Bộ vi xử lý,Intel,1,12990000,14500000,12990000,5,"Rất đáng tiền, chạy mượt mà, chính hãng 100%."
ORI-000690,ORD-260101-0517,CPU-006,INTEL-I3-14100F,"CPU Intel Core i3-14100F (3.5GHz Turbo 4.7GHz, 4 nhân 8 luồng)",CPU - Bộ vi xử lý,Intel,1,2490000,2800000,2490000,4,"Chất lượng ổn áp, chạy ngon lành, đóng gói kỹ càng."
ORI-000691,ORD-250623-0518,PSU-003,COOLERMASTER-V750-GOLD,Nguồn Cooler Master MWE Gold 750W 80 Plus Gold Full Modular,PSU - Nguồn máy tính,Cooler Master,1,2490000,2900000,2490000,5,"Hàng chuẩn GearVN, nguyên seal mới cứng, bảo hành đầy đủ. Vote 5 sao!"
ORI-000692,ORD-251231-0519,RAM-002,GSKILL-DDR5-32GB-6000,RAM G.Skill Trident Z5 RGB DDR5 32GB (2x16GB) 6000MHz CL30,RAM - Bộ nhớ trong,G.Skill,1,3690000,4200000,3690000,5,"Sản phẩm cực kỳ chất lượng, đóng gói cẩn thận, giao hàng nhanh."
ORI-000693,ORD-251231-0519,PSU-002,SEASONIC-FOCUS-GX-850,Nguồn Seasonic Focus GX 850W 80 Plus Gold Full Modular,PSU - Nguồn máy tính,Seasonic,1,3290000,3800000,3290000,4,"Thiết kế đẹp, chạy mát, dịch vụ chăm sóc khách hàng khá tốt."
ORI-000694,ORD-260305-0520,PSU-003,COOLERMASTER-V750-GOLD,Nguồn Cooler Master MWE Gold 750W 80 Plus Gold Full Modular,PSU - Nguồn máy tính,Cooler Master,1,2490000,2900000,2490000,4,"Sản phẩm tốt, nhân viên tư vấn nhiệt tình, sẽ tiếp tục ủng hộ."
ORI-000695,ORD-260305-0520,KB-002,RAZER-BLACKWIDOW-V4-75,Bàn phím cơ Razer BlackWidow V4 75% (Razer Yellow Switch),Bàn phím - Keyboard,Razer,1,3290000,3800000,3290000,5,"Lắp đặt dễ dàng, chạy êm ái và mát mẻ. Shop hỗ trợ nhiệt tình."
ORI-000696,ORD-251011-0521,MOUSE-001,LOGITECH-G-PRO-X-SUPERLIGHT2,"Chuột gaming Logitech G Pro X Superlight 2 (Không dây, 32000 DPI)",Chuột - Mouse,Logitech,1,3390000,3800000,3390000,5,"Thiết kế đẹp mắt, hiệu năng vượt trội so với tầm giá. Rất hài lòng!"
ORI-000697,ORD-251011-0521,PSU-003,COOLERMASTER-V750-GOLD,Nguồn Cooler Master MWE Gold 750W 80 Plus Gold Full Modular,PSU - Nguồn máy tính,Cooler Master,1,2490000,2900000,2490000,4,"Chất lượng ổn áp, chạy ngon lành, đóng gói kỹ càng."
ORI-000698,ORD-251213-0522,GPU-001,ASUS-ROG-RTX4090-24G,VGA ASUS ROG Strix GeForce RTX 4090 24GB GDDR6X OC,VGA - Card màn hình,ASUS,1,52990000,58000000,52990000,5,"Rất đáng tiền, chạy mượt mà, chính hãng 100%."
ORI-000699,ORD-251213-0522,HEADSET-001,CORSAIR-VIRTUOSO-RGB-XT,Tai nghe gaming Corsair Virtuoso RGB Wireless XT,Tai nghe - Headset,Corsair,1,4290000,5000000,4290000,4,"Sản phẩm dùng tốt, đúng mô tả, tuy nhiên giao hàng hơi trễ 1 ngày."
ORI-000700,ORD-260114-0523,SSD-001,SAMSUNG-980-PRO-2TB,SSD Samsung 980 Pro 2TB NVMe M.2 PCIe Gen4,SSD - Ổ cứng thể rắn,Samsung,1,3490000,3900000,3490000,5,"Lắp đặt dễ dàng, chạy êm ái và mát mẻ. Shop hỗ trợ nhiệt tình."
ORI-000701,ORD-250927-0524,COOL-001,CORSAIR-H150I-ELITE-360MM,Tản nhiệt nước AIO Corsair iCUE H150i Elite LCD 360mm,Tản nhiệt - Cooling,Corsair,1,4490000,5000000,4490000,5,"Hàng chuẩn GearVN, nguyên seal mới cứng, bảo hành đầy đủ. Vote 5 sao!"
ORI-000702,ORD-250927-0524,HDD-001,SEAGATE-BARRACUDA-4TB,"Ổ cứng HDD Seagate Barracuda 4TB 3.5"" SATA 5400RPM",HDD - Ổ cứng cơ,Seagate,1,2190000,2500000,2190000,3,"Hiệu năng đủ dùng cho tác vụ cơ bản, nhiệt độ hơi ấm khi tải nặng."
ORI-000703,ORD-250807-0525,COOL-003,DEEPCOOL-AK620-DIGITAL,"Tản nhiệt khí DeepCool AK620 Digital (Dual Tower, 2x120mm)",Tản nhiệt - Cooling,Deepcool,1,1490000,1800000,1490000,4,"Sản phẩm dùng tốt, đúng mô tả, tuy nhiên giao hàng hơi trễ 1 ngày."
ORI-000704,ORD-251022-0526,MB-004,ASUS-TUF-B760M-PLUS-WIFI,"Mainboard ASUS TUF Gaming B760M-Plus WiFi (LGA 1700, DDR5, mATX)",Mainboard - Bo mạch chủ,ASUS,1,3990000,4500000,3990000,5,"Hàng chuẩn GearVN, nguyên seal mới cứng, bảo hành đầy đủ. Vote 5 sao!"
ORI-000705,ORD-250809-0527,COOL-003,DEEPCOOL-AK620-DIGITAL,"Tản nhiệt khí DeepCool AK620 Digital (Dual Tower, 2x120mm)",Tản nhiệt - Cooling,Deepcool,1,1490000,1800000,1490000,5,"Rất đáng tiền, chạy mượt mà, chính hãng 100%."
ORI-000706,ORD-250720-0528,GPU-003,GIGABYTE-RTX4070-SUPER-12G,VGA GIGABYTE GeForce RTX 4070 Super Gaming OC 12GB,VGA - Card màn hình,GIGABYTE,1,16490000,18500000,16490000,4,"Hiệu năng tốt trong tầm giá, dùng mượt mà không lỗi lầm gì."
ORI-000707,ORD-251010-0529,CASE-002,JONSBO-D41-MESH,"Vỏ Case Jonsbo D41 Mesh Screen (Mid Tower, ATX, Màn hình LCD)",Case - Vỏ máy tính,Jonsbo,1,2290000,2600000,2290000,5,"Hàng chuẩn GearVN, nguyên seal mới cứng, bảo hành đầy đủ. Vote 5 sao!"
ORI-000708,ORD-260618-0530,SSD-001,SAMSUNG-980-PRO-2TB,SSD Samsung 980 Pro 2TB NVMe M.2 PCIe Gen4,SSD - Ổ cứng thể rắn,Samsung,1,3490000,3900000,3490000,5,"Thiết kế đẹp mắt, hiệu năng vượt trội so với tầm giá. Rất hài lòng!"
ORI-000709,ORD-260618-0530,COOL-003,DEEPCOOL-AK620-DIGITAL,"Tản nhiệt khí DeepCool AK620 Digital (Dual Tower, 2x120mm)",Tản nhiệt - Cooling,Deepcool,1,1490000,1800000,1490000,5,"Hàng chuẩn GearVN, nguyên seal mới cứng, bảo hành đầy đủ. Vote 5 sao!"
ORI-000710,ORD-250927-0531,RAM-001,CORSAIR-DDR5-32GB-6000,RAM Corsair Dominator Titanium DDR5 32GB (2x16GB) 6000MHz,RAM - Bộ nhớ trong,Corsair,1,3990000,4500000,3990000,3,"Hiệu năng đủ dùng cho tác vụ cơ bản, nhiệt độ hơi ấm khi tải nặng."
ORI-000711,ORD-250909-0532,COOL-001,CORSAIR-H150I-ELITE-360MM,Tản nhiệt nước AIO Corsair iCUE H150i Elite LCD 360mm,Tản nhiệt - Cooling,Corsair,1,4490000,5000000,4490000,5,"Hàng chuẩn GearVN, nguyên seal mới cứng, bảo hành đầy đủ. Vote 5 sao!"
ORI-000712,ORD-260530-0533,MB-001,ASUS-ROG-MAXIMUS-Z790,"Mainboard ASUS ROG Maximus Z790 Hero (LGA 1700, DDR5, ATX)",Mainboard - Bo mạch chủ,ASUS,1,15990000,18000000,15990000,5,"Rất đáng tiền, chạy mượt mà, chính hãng 100%."
ORI-000713,ORD-260503-0534,CPU-006,INTEL-I3-14100F,"CPU Intel Core i3-14100F (3.5GHz Turbo 4.7GHz, 4 nhân 8 luồng)",CPU - Bộ vi xử lý,Intel,1,2490000,2800000,2490000,5,"Hàng chuẩn GearVN, nguyên seal mới cứng, bảo hành đầy đủ. Vote 5 sao!"
ORI-000714,ORD-250828-0535,GPU-005,MSI-RTX4060-TI-8G-VENTUS,VGA MSI GeForce RTX 4060 Ti 8G Ventus 2X OC,VGA - Card màn hình,MSI,1,9490000,11000000,9490000,,
ORI-000715,ORD-260403-0536,KB-001,CORSAIR-K100-RGB-OPX,Bàn phím cơ Corsair K100 RGB Optical-Mechanical (OPX Switch),Bàn phím - Keyboard,Corsair,1,5490000,6000000,5490000,5,"Sản phẩm cực kỳ chất lượng, đóng gói cẩn thận, giao hàng nhanh."
ORI-000716,ORD-251206-0537,CPU-003,INTEL-I5-14600K,"CPU Intel Core i5-14600K (3.5GHz Turbo 5.3GHz, 14 nhân 20 luồng)",CPU - Bộ vi xử lý,Intel,1,5490000,6200000,5490000,3,"Sản phẩm bình thường, không quá nổi bật, dịch vụ giao hàng ở mức trung bình."
ORI-000717,ORD-251206-0537,MOUSE-001,LOGITECH-G-PRO-X-SUPERLIGHT2,"Chuột gaming Logitech G Pro X Superlight 2 (Không dây, 32000 DPI)",Chuột - Mouse,Logitech,1,3390000,3800000,3390000,5,"Hàng chuẩn GearVN, nguyên seal mới cứng, bảo hành đầy đủ. Vote 5 sao!"
ORI-000718,ORD-251111-0538,SSD-004,CRUCIAL-P5-PLUS-500GB,SSD Crucial P5 Plus 500GB NVMe M.2 PCIe Gen4,SSD - Ổ cứng thể rắn,Crucial,1,990000,1200000,990000,5,"Thiết kế đẹp mắt, hiệu năng vượt trội so với tầm giá. Rất hài lòng!"
ORI-000719,ORD-251111-0538,COOL-003,DEEPCOOL-AK620-DIGITAL,"Tản nhiệt khí DeepCool AK620 Digital (Dual Tower, 2x120mm)",Tản nhiệt - Cooling,Deepcool,1,1490000,1800000,1490000,5,"Hàng chuẩn GearVN, nguyên seal mới cứng, bảo hành đầy đủ. Vote 5 sao!"
ORI-000720,ORD-251129-0539,COOL-003,DEEPCOOL-AK620-DIGITAL,"Tản nhiệt khí DeepCool AK620 Digital (Dual Tower, 2x120mm)",Tản nhiệt - Cooling,Deepcool,1,1490000,1800000,1490000,,
ORI-000721,ORD-251129-0539,CASE-001,LIANLI-PC-O11D-EVO,"Vỏ Case Lian Li PC-O11 Dynamic Evo (Mid Tower, ATX)",Case - Vỏ máy tính,Lian Li,1,3490000,3900000,3490000,,
ORI-000722,ORD-250821-0540,SSD-004,CRUCIAL-P5-PLUS-500GB,SSD Crucial P5 Plus 500GB NVMe M.2 PCIe Gen4,SSD - Ổ cứng thể rắn,Crucial,1,990000,1200000,990000,5,"Sản phẩm cực kỳ chất lượng, đóng gói cẩn thận, giao hàng nhanh."
ORI-000723,ORD-260501-0541,COOL-001,CORSAIR-H150I-ELITE-360MM,Tản nhiệt nước AIO Corsair iCUE H150i Elite LCD 360mm,Tản nhiệt - Cooling,Corsair,1,4490000,5000000,4490000,5,"Sản phẩm cực kỳ chất lượng, đóng gói cẩn thận, giao hàng nhanh."
ORI-000724,ORD-260501-0541,CHAIR-001,SECRETLAB-TITAN-EVO-2022,"Ghế gaming Secretlab Titan Evo 2022 (SoftWeave Plus, Medium)",Ghế gaming - Gaming Chair,Secretlab,1,12990000,14500000,12990000,3,"Sản phẩm bình thường, không quá nổi bật, dịch vụ giao hàng ở mức trung bình."
ORI-000725,ORD-251216-0542,RAM-003,KINGSTON-FURY-DDR4-16GB-3200,RAM Kingston Fury Beast DDR4 16GB (2x8GB) 3200MHz,RAM - Bộ nhớ trong,Kingston,1,1290000,1500000,1290000,5,"Rất đáng tiền, chạy mượt mà, chính hãng 100%."
ORI-000726,ORD-251216-0542,GPU-005,MSI-RTX4060-TI-8G-VENTUS,VGA MSI GeForce RTX 4060 Ti 8G Ventus 2X OC,VGA - Card màn hình,MSI,1,9490000,11000000,9490000,5,"Thiết kế đẹp mắt, hiệu năng vượt trội so với tầm giá. Rất hài lòng!"
ORI-000727,ORD-260426-0543,PSU-003,COOLERMASTER-V750-GOLD,Nguồn Cooler Master MWE Gold 750W 80 Plus Gold Full Modular,PSU - Nguồn máy tính,Cooler Master,1,2490000,2900000,2490000,5,"Hàng chuẩn GearVN, nguyên seal mới cứng, bảo hành đầy đủ. Vote 5 sao!"
ORI-000728,ORD-251124-0544,PSU-002,SEASONIC-FOCUS-GX-850,Nguồn Seasonic Focus GX 850W 80 Plus Gold Full Modular,PSU - Nguồn máy tính,Seasonic,1,3290000,3800000,3290000,5,"Rất đáng tiền, chạy mượt mà, chính hãng 100%."
ORI-000729,ORD-260213-0545,KB-002,RAZER-BLACKWIDOW-V4-75,Bàn phím cơ Razer BlackWidow V4 75% (Razer Yellow Switch),Bàn phím - Keyboard,Razer,1,3290000,3800000,3290000,5,"Sản phẩm cực kỳ chất lượng, đóng gói cẩn thận, giao hàng nhanh."
ORI-000730,ORD-251120-0546,HDD-002,WD-RED-PLUS-8TB,"Ổ cứng HDD WD Red Plus 8TB 3.5"" SATA NAS",HDD - Ổ cứng cơ,Western Digital,1,4490000,5200000,4490000,4,"Thiết kế đẹp, chạy mát, dịch vụ chăm sóc khách hàng khá tốt."
ORI-000731,ORD-260426-0547,CPU-004,AMD-R9-7950X,"CPU AMD Ryzen 9 7950X (4.5GHz Turbo 5.7GHz, 16 nhân 32 luồng)",CPU - Bộ vi xử lý,AMD,1,13490000,15000000,13490000,5,"Lắp đặt dễ dàng, chạy êm ái và mát mẻ. Shop hỗ trợ nhiệt tình."
ORI-000732,ORD-260222-0548,FAN-002,NOCTUA-NF-A12X25-PWM,Fan Case Noctua NF-A12x25 PWM 120mm (Hiệu suất cao),Fan - Quạt tản nhiệt,Noctua,1,990000,1200000,990000,5,"Sản phẩm cực kỳ chất lượng, đóng gói cẩn thận, giao hàng nhanh."
ORI-000733,ORD-260222-0548,SSD-003,KINGSTON-KC3000-1TB,SSD Kingston KC3000 1TB NVMe M.2 PCIe Gen4,SSD - Ổ cứng thể rắn,Kingston,1,1890000,2200000,1890000,5,"Rất đáng tiền, chạy mượt mà, chính hãng 100%."
ORI-000734,ORD-250708-0549,CPU-002,INTEL-I7-14700K,"CPU Intel Core i7-14700K (3.4GHz Turbo 5.6GHz, 20 nhân 28 luồng)",CPU - Bộ vi xử lý,Intel,1,8490000,9500000,8490000,5,"Lắp đặt dễ dàng, chạy êm ái và mát mẻ. Shop hỗ trợ nhiệt tình."
ORI-000735,ORD-250708-0549,GPU-003,GIGABYTE-RTX4070-SUPER-12G,VGA GIGABYTE GeForce RTX 4070 Super Gaming OC 12GB,VGA - Card màn hình,GIGABYTE,1,16490000,18500000,16490000,3,Chất lượng sản phẩm ok nhưng tổng đài hỗ trợ kỹ thuật phản hồi hơi chậm.
ORI-000736,ORD-251130-0550,SSD-001,SAMSUNG-980-PRO-2TB,SSD Samsung 980 Pro 2TB NVMe M.2 PCIe Gen4,SSD - Ổ cứng thể rắn,Samsung,1,3490000,3900000,3490000,5,"Sản phẩm cực kỳ chất lượng, đóng gói cẩn thận, giao hàng nhanh."
ORI-000737,ORD-251130-0550,RAM-001,CORSAIR-DDR5-32GB-6000,RAM Corsair Dominator Titanium DDR5 32GB (2x16GB) 6000MHz,RAM - Bộ nhớ trong,Corsair,1,3990000,4500000,3990000,5,"Thiết kế đẹp mắt, hiệu năng vượt trội so với tầm giá. Rất hài lòng!"
ORI-000738,ORD-250822-0551,COOL-003,DEEPCOOL-AK620-DIGITAL,"Tản nhiệt khí DeepCool AK620 Digital (Dual Tower, 2x120mm)",Tản nhiệt - Cooling,Deepcool,1,1490000,1800000,1490000,5,"Rất đáng tiền, chạy mượt mà, chính hãng 100%."
ORI-000739,ORD-250910-0552,SSD-003,KINGSTON-KC3000-1TB,SSD Kingston KC3000 1TB NVMe M.2 PCIe Gen4,SSD - Ổ cứng thể rắn,Kingston,1,1890000,2200000,1890000,5,"Hàng chuẩn GearVN, nguyên seal mới cứng, bảo hành đầy đủ. Vote 5 sao!"
ORI-000740,ORD-260118-0553,FAN-002,NOCTUA-NF-A12X25-PWM,Fan Case Noctua NF-A12x25 PWM 120mm (Hiệu suất cao),Fan - Quạt tản nhiệt,Noctua,1,990000,1200000,990000,,
ORI-000741,ORD-251107-0554,MB-002,MSI-MAG-Z790-TOMAHAWK,"Mainboard MSI MAG Z790 Tomahawk WiFi (LGA 1700, DDR5, ATX)",Mainboard - Bo mạch chủ,MSI,1,6990000,7800000,6990000,5,"Sản phẩm cực kỳ chất lượng, đóng gói cẩn thận, giao hàng nhanh."
ORI-000742,ORD-260212-0555,FAN-001,LIANLI-UNI-FAN-AL120-3PACK,"Fan Case Lian Li UNI FAN AL120 RGB (3-Pack, Daisy-chain)",Fan - Quạt tản nhiệt,Lian Li,1,1490000,1800000,1490000,4,"Sản phẩm dùng tốt, đúng mô tả, tuy nhiên giao hàng hơi trễ 1 ngày."
ORI-000743,ORD-260212-0555,COOL-003,DEEPCOOL-AK620-DIGITAL,"Tản nhiệt khí DeepCool AK620 Digital (Dual Tower, 2x120mm)",Tản nhiệt - Cooling,Deepcool,1,1490000,1800000,1490000,4,"Thiết kế đẹp, chạy mát, dịch vụ chăm sóc khách hàng khá tốt."
ORI-000744,ORD-251111-0556,CPU-004,AMD-R9-7950X,"CPU AMD Ryzen 9 7950X (4.5GHz Turbo 5.7GHz, 16 nhân 32 luồng)",CPU - Bộ vi xử lý,AMD,1,13490000,15000000,13490000,5,"Rất đáng tiền, chạy mượt mà, chính hãng 100%."
ORI-000745,ORD-251111-0556,FAN-001,LIANLI-UNI-FAN-AL120-3PACK,"Fan Case Lian Li UNI FAN AL120 RGB (3-Pack, Daisy-chain)",Fan - Quạt tản nhiệt,Lian Li,1,1490000,1800000,1490000,5,"Sản phẩm cực kỳ chất lượng, đóng gói cẩn thận, giao hàng nhanh."
ORI-000746,ORD-260508-0557,FAN-001,LIANLI-UNI-FAN-AL120-3PACK,"Fan Case Lian Li UNI FAN AL120 RGB (3-Pack, Daisy-chain)",Fan - Quạt tản nhiệt,Lian Li,1,1490000,1800000,1490000,2,"Sản phẩm có dấu hiệu trầy xước nhẹ, giao hàng chậm, đóng gói sơ sài."
ORI-000747,ORD-250917-0558,CPU-005,AMD-R7-7700X,"CPU AMD Ryzen 7 7700X (4.5GHz Turbo 5.4GHz, 8 nhân 16 luồng)",CPU - Bộ vi xử lý,AMD,1,6890000,7500000,6890000,,
ORI-000748,ORD-251219-0559,COOL-002,THERMALRIGHT-PHANTOM-SPIRIT-120,Tản nhiệt khí Thermalright Phantom Spirit 120 SE ARGB,Tản nhiệt - Cooling,Thermalright,1,990000,1200000,990000,5,"Lắp đặt dễ dàng, chạy êm ái và mát mẻ. Shop hỗ trợ nhiệt tình."
ORI-000749,ORD-260107-0560,MB-004,ASUS-TUF-B760M-PLUS-WIFI,"Mainboard ASUS TUF Gaming B760M-Plus WiFi (LGA 1700, DDR5, mATX)",Mainboard - Bo mạch chủ,ASUS,1,3990000,4500000,3990000,3,"Hiệu năng đủ dùng cho tác vụ cơ bản, nhiệt độ hơi ấm khi tải nặng."
ORI-000750,ORD-251115-0561,COOL-003,DEEPCOOL-AK620-DIGITAL,"Tản nhiệt khí DeepCool AK620 Digital (Dual Tower, 2x120mm)",Tản nhiệt - Cooling,Deepcool,1,1490000,1800000,1490000,5,"Rất đáng tiền, chạy mượt mà, chính hãng 100%."
ORI-000751,ORD-260420-0562,KB-002,RAZER-BLACKWIDOW-V4-75,Bàn phím cơ Razer BlackWidow V4 75% (Razer Yellow Switch),Bàn phím - Keyboard,Razer,1,3290000,3800000,3290000,5,"Hàng chuẩn GearVN, nguyên seal mới cứng, bảo hành đầy đủ. Vote 5 sao!"
ORI-000752,ORD-260225-0563,COOL-003,DEEPCOOL-AK620-DIGITAL,"Tản nhiệt khí DeepCool AK620 Digital (Dual Tower, 2x120mm)",Tản nhiệt - Cooling,Deepcool,1,1490000,1800000,1490000,4,"Thiết kế đẹp, chạy mát, dịch vụ chăm sóc khách hàng khá tốt."
ORI-000753,ORD-250811-0564,CPU-002,INTEL-I7-14700K,"CPU Intel Core i7-14700K (3.4GHz Turbo 5.6GHz, 20 nhân 28 luồng)",CPU - Bộ vi xử lý,Intel,1,8490000,9500000,8490000,5,"Thiết kế đẹp mắt, hiệu năng vượt trội so với tầm giá. Rất hài lòng!"
ORI-000754,ORD-251204-0565,KB-001,CORSAIR-K100-RGB-OPX,Bàn phím cơ Corsair K100 RGB Optical-Mechanical (OPX Switch),Bàn phím - Keyboard,Corsair,1,5490000,6000000,5490000,5,"Lắp đặt dễ dàng, chạy êm ái và mát mẻ. Shop hỗ trợ nhiệt tình."
ORI-000755,ORD-250809-0566,GPU-005,MSI-RTX4060-TI-8G-VENTUS,VGA MSI GeForce RTX 4060 Ti 8G Ventus 2X OC,VGA - Card màn hình,MSI,1,9490000,11000000,9490000,5,"Sản phẩm cực kỳ chất lượng, đóng gói cẩn thận, giao hàng nhanh."
ORI-000756,ORD-260212-0567,KB-001,CORSAIR-K100-RGB-OPX,Bàn phím cơ Corsair K100 RGB Optical-Mechanical (OPX Switch),Bàn phím - Keyboard,Corsair,1,5490000,6000000,5490000,1,"Sản phẩm bị lỗi hỏng ngay khi bóc hộp, không lên nguồn. Dịch vụ tệ."
ORI-000757,ORD-260209-0568,CPU-002,INTEL-I7-14700K,"CPU Intel Core i7-14700K (3.4GHz Turbo 5.6GHz, 20 nhân 28 luồng)",CPU - Bộ vi xử lý,Intel,1,8490000,9500000,8490000,5,"Hàng chuẩn GearVN, nguyên seal mới cứng, bảo hành đầy đủ. Vote 5 sao!"
ORI-000758,ORD-251112-0569,CPU-002,INTEL-I7-14700K,"CPU Intel Core i7-14700K (3.4GHz Turbo 5.6GHz, 20 nhân 28 luồng)",CPU - Bộ vi xử lý,Intel,1,8490000,9500000,8490000,4,"Chất lượng ổn áp, chạy ngon lành, đóng gói kỹ càng."
ORI-000759,ORD-251112-0569,MB-004,ASUS-TUF-B760M-PLUS-WIFI,"Mainboard ASUS TUF Gaming B760M-Plus WiFi (LGA 1700, DDR5, mATX)",Mainboard - Bo mạch chủ,ASUS,1,3990000,4500000,3990000,4,"Sản phẩm tốt, nhân viên tư vấn nhiệt tình, sẽ tiếp tục ủng hộ."
ORI-000760,ORD-250830-0570,CPU-001,INTEL-I9-14900K,"CPU Intel Core i9-14900K (3.2GHz Turbo 6.0GHz, 24 nhân 32 luồng)",CPU - Bộ vi xử lý,Intel,1,12990000,14500000,12990000,5,"Thiết kế đẹp mắt, hiệu năng vượt trội so với tầm giá. Rất hài lòng!"
ORI-000761,ORD-260103-0571,KB-002,RAZER-BLACKWIDOW-V4-75,Bàn phím cơ Razer BlackWidow V4 75% (Razer Yellow Switch),Bàn phím - Keyboard,Razer,1,3290000,3800000,3290000,5,"Thiết kế đẹp mắt, hiệu năng vượt trội so với tầm giá. Rất hài lòng!"
ORI-000762,ORD-251003-0572,CASE-002,JONSBO-D41-MESH,"Vỏ Case Jonsbo D41 Mesh Screen (Mid Tower, ATX, Màn hình LCD)",Case - Vỏ máy tính,Jonsbo,1,2290000,2600000,2290000,5,"Hàng chuẩn GearVN, nguyên seal mới cứng, bảo hành đầy đủ. Vote 5 sao!"
ORI-000763,ORD-251003-0572,CPU-006,INTEL-I3-14100F,"CPU Intel Core i3-14100F (3.5GHz Turbo 4.7GHz, 4 nhân 8 luồng)",CPU - Bộ vi xử lý,Intel,1,2490000,2800000,2490000,5,"Sản phẩm cực kỳ chất lượng, đóng gói cẩn thận, giao hàng nhanh."
ORI-000764,ORD-251217-0573,MB-003,GIGABYTE-X670E-AORUS-MASTER,"Mainboard GIGABYTE X670E AORUS Master (AM5, DDR5, ATX)",Mainboard - Bo mạch chủ,GIGABYTE,1,11490000,13000000,11490000,4,"Sản phẩm tốt, nhân viên tư vấn nhiệt tình, sẽ tiếp tục ủng hộ."
ORI-000765,ORD-251217-0573,CPU-005,AMD-R7-7700X,"CPU AMD Ryzen 7 7700X (4.5GHz Turbo 5.4GHz, 8 nhân 16 luồng)",CPU - Bộ vi xử lý,AMD,1,6890000,7500000,6890000,4,"Chất lượng ổn áp, chạy ngon lành, đóng gói kỹ càng."
ORI-000766,ORD-260110-0574,CPU-006,INTEL-I3-14100F,"CPU Intel Core i3-14100F (3.5GHz Turbo 4.7GHz, 4 nhân 8 luồng)",CPU - Bộ vi xử lý,Intel,1,2490000,2800000,2490000,5,"Hàng chuẩn GearVN, nguyên seal mới cứng, bảo hành đầy đủ. Vote 5 sao!"
ORI-000767,ORD-260110-0574,SSD-002,WD-BLACK-SN850X-1TB,SSD WD Black SN850X 1TB NVMe M.2 PCIe Gen4,SSD - Ổ cứng thể rắn,Western Digital,1,2190000,2500000,2190000,5,"Rất đáng tiền, chạy mượt mà, chính hãng 100%."
ORI-000768,ORD-260211-0575,CHAIR-001,SECRETLAB-TITAN-EVO-2022,"Ghế gaming Secretlab Titan Evo 2022 (SoftWeave Plus, Medium)",Ghế gaming - Gaming Chair,Secretlab,1,12990000,14500000,12990000,5,"Sản phẩm cực kỳ chất lượng, đóng gói cẩn thận, giao hàng nhanh."
ORI-000769,ORD-260111-0576,MB-004,ASUS-TUF-B760M-PLUS-WIFI,"Mainboard ASUS TUF Gaming B760M-Plus WiFi (LGA 1700, DDR5, mATX)",Mainboard - Bo mạch chủ,ASUS,1,3990000,4500000,3990000,4,"Sản phẩm dùng tốt, đúng mô tả, tuy nhiên giao hàng hơi trễ 1 ngày."
ORI-000770,ORD-260414-0577,RAM-001,CORSAIR-DDR5-32GB-6000,RAM Corsair Dominator Titanium DDR5 32GB (2x16GB) 6000MHz,RAM - Bộ nhớ trong,Corsair,1,3990000,4500000,3990000,5,"Lắp đặt dễ dàng, chạy êm ái và mát mẻ. Shop hỗ trợ nhiệt tình."
ORI-000771,ORD-251230-0578,KB-002,RAZER-BLACKWIDOW-V4-75,Bàn phím cơ Razer BlackWidow V4 75% (Razer Yellow Switch),Bàn phím - Keyboard,Razer,1,3290000,3800000,3290000,5,"Lắp đặt dễ dàng, chạy êm ái và mát mẻ. Shop hỗ trợ nhiệt tình."
ORI-000772,ORD-251230-0578,RAM-003,KINGSTON-FURY-DDR4-16GB-3200,RAM Kingston Fury Beast DDR4 16GB (2x8GB) 3200MHz,RAM - Bộ nhớ trong,Kingston,1,1290000,1500000,1290000,5,"Lắp đặt dễ dàng, chạy êm ái và mát mẻ. Shop hỗ trợ nhiệt tình."
ORI-000773,ORD-251126-0579,MB-001,ASUS-ROG-MAXIMUS-Z790,"Mainboard ASUS ROG Maximus Z790 Hero (LGA 1700, DDR5, ATX)",Mainboard - Bo mạch chủ,ASUS,1,15990000,18000000,15990000,5,"Hàng chuẩn GearVN, nguyên seal mới cứng, bảo hành đầy đủ. Vote 5 sao!"
ORI-000774,ORD-251126-0579,GPU-001,ASUS-ROG-RTX4090-24G,VGA ASUS ROG Strix GeForce RTX 4090 24GB GDDR6X OC,VGA - Card màn hình,ASUS,1,52990000,58000000,52990000,5,"Sản phẩm cực kỳ chất lượng, đóng gói cẩn thận, giao hàng nhanh."
ORI-000775,ORD-250918-0580,CHAIR-001,SECRETLAB-TITAN-EVO-2022,"Ghế gaming Secretlab Titan Evo 2022 (SoftWeave Plus, Medium)",Ghế gaming - Gaming Chair,Secretlab,1,12990000,14500000,12990000,3,"Hiệu năng đủ dùng cho tác vụ cơ bản, nhiệt độ hơi ấm khi tải nặng."
ORI-000776,ORD-251122-0581,MB-003,GIGABYTE-X670E-AORUS-MASTER,"Mainboard GIGABYTE X670E AORUS Master (AM5, DDR5, ATX)",Mainboard - Bo mạch chủ,GIGABYTE,1,11490000,13000000,11490000,4,"Hiệu năng tốt trong tầm giá, dùng mượt mà không lỗi lầm gì."
ORI-000777,ORD-260223-0582,CPU-004,AMD-R9-7950X,"CPU AMD Ryzen 9 7950X (4.5GHz Turbo 5.7GHz, 16 nhân 32 luồng)",CPU - Bộ vi xử lý,AMD,1,13490000,15000000,13490000,3,"Sản phẩm bình thường, không quá nổi bật, dịch vụ giao hàng ở mức trung bình."
ORI-000778,ORD-260415-0583,COOL-002,THERMALRIGHT-PHANTOM-SPIRIT-120,Tản nhiệt khí Thermalright Phantom Spirit 120 SE ARGB,Tản nhiệt - Cooling,Thermalright,1,990000,1200000,990000,3,"Hiệu năng đủ dùng cho tác vụ cơ bản, nhiệt độ hơi ấm khi tải nặng."
ORI-000779,ORD-250720-0584,GPU-002,MSI-RTX4080-SUPER-16G,VGA MSI GeForce RTX 4080 Super 16GB Gaming X Slim,VGA - Card màn hình,MSI,1,26990000,30000000,26990000,5,"Lắp đặt dễ dàng, chạy êm ái và mát mẻ. Shop hỗ trợ nhiệt tình."
ORI-000780,ORD-250720-0584,CPU-005,AMD-R7-7700X,"CPU AMD Ryzen 7 7700X (4.5GHz Turbo 5.4GHz, 8 nhân 16 luồng)",CPU - Bộ vi xử lý,AMD,1,6890000,7500000,6890000,5,"Hàng chuẩn GearVN, nguyên seal mới cứng, bảo hành đầy đủ. Vote 5 sao!"
ORI-000781,ORD-251128-0585,RAM-003,KINGSTON-FURY-DDR4-16GB-3200,RAM Kingston Fury Beast DDR4 16GB (2x8GB) 3200MHz,RAM - Bộ nhớ trong,Kingston,1,1290000,1500000,1290000,4,"Hiệu năng tốt trong tầm giá, dùng mượt mà không lỗi lầm gì."
ORI-000782,ORD-250619-0586,MONITOR-001,LG-27GP850P-27-QHD-165HZ,"Màn hình LG UltraGear 27GP850P-B 27"" QHD IPS 165Hz 1ms",Màn hình - Monitor,LG,1,8990000,10500000,8990000,5,"Rất đáng tiền, chạy mượt mà, chính hãng 100%."
ORI-000783,ORD-250619-0586,SSD-001,SAMSUNG-980-PRO-2TB,SSD Samsung 980 Pro 2TB NVMe M.2 PCIe Gen4,SSD - Ổ cứng thể rắn,Samsung,1,3490000,3900000,3490000,5,"Hàng chuẩn GearVN, nguyên seal mới cứng, bảo hành đầy đủ. Vote 5 sao!"
ORI-000784,ORD-260406-0587,PSU-002,SEASONIC-FOCUS-GX-850,Nguồn Seasonic Focus GX 850W 80 Plus Gold Full Modular,PSU - Nguồn máy tính,Seasonic,1,3290000,3800000,3290000,4,"Hiệu năng tốt trong tầm giá, dùng mượt mà không lỗi lầm gì."
ORI-000785,ORD-260406-0587,CPU-001,INTEL-I9-14900K,"CPU Intel Core i9-14900K (3.2GHz Turbo 6.0GHz, 24 nhân 32 luồng)",CPU - Bộ vi xử lý,Intel,1,12990000,14500000,12990000,5,"Hàng chuẩn GearVN, nguyên seal mới cứng, bảo hành đầy đủ. Vote 5 sao!"
ORI-000786,ORD-251114-0588,SSD-002,WD-BLACK-SN850X-1TB,SSD WD Black SN850X 1TB NVMe M.2 PCIe Gen4,SSD - Ổ cứng thể rắn,Western Digital,1,2190000,2500000,2190000,5,"Lắp đặt dễ dàng, chạy êm ái và mát mẻ. Shop hỗ trợ nhiệt tình."
ORI-000787,ORD-250806-0589,SSD-004,CRUCIAL-P5-PLUS-500GB,SSD Crucial P5 Plus 500GB NVMe M.2 PCIe Gen4,SSD - Ổ cứng thể rắn,Crucial,1,990000,1200000,990000,2,"Giao sai phiên bản màu sắc, đang chờ shop đổi trả."
ORI-000788,ORD-250806-0589,COOL-003,DEEPCOOL-AK620-DIGITAL,"Tản nhiệt khí DeepCool AK620 Digital (Dual Tower, 2x120mm)",Tản nhiệt - Cooling,Deepcool,1,1490000,1800000,1490000,5,"Hàng chuẩn GearVN, nguyên seal mới cứng, bảo hành đầy đủ. Vote 5 sao!"
ORI-000789,ORD-251204-0590,GPU-005,MSI-RTX4060-TI-8G-VENTUS,VGA MSI GeForce RTX 4060 Ti 8G Ventus 2X OC,VGA - Card màn hình,MSI,1,9490000,11000000,9490000,5,"Lắp đặt dễ dàng, chạy êm ái và mát mẻ. Shop hỗ trợ nhiệt tình."
ORI-000790,ORD-260130-0591,MB-001,ASUS-ROG-MAXIMUS-Z790,"Mainboard ASUS ROG Maximus Z790 Hero (LGA 1700, DDR5, ATX)",Mainboard - Bo mạch chủ,ASUS,1,15990000,18000000,15990000,3,"Sản phẩm bình thường, không quá nổi bật, dịch vụ giao hàng ở mức trung bình."
ORI-000791,ORD-260130-0591,GPU-005,MSI-RTX4060-TI-8G-VENTUS,VGA MSI GeForce RTX 4060 Ti 8G Ventus 2X OC,VGA - Card màn hình,MSI,1,9490000,11000000,9490000,5,"Rất đáng tiền, chạy mượt mà, chính hãng 100%."
ORI-000792,ORD-260219-0592,CHAIR-001,SECRETLAB-TITAN-EVO-2022,"Ghế gaming Secretlab Titan Evo 2022 (SoftWeave Plus, Medium)",Ghế gaming - Gaming Chair,Secretlab,1,12990000,14500000,12990000,4,"Sản phẩm dùng tốt, đúng mô tả, tuy nhiên giao hàng hơi trễ 1 ngày."
ORI-000793,ORD-250828-0593,MB-003,GIGABYTE-X670E-AORUS-MASTER,"Mainboard GIGABYTE X670E AORUS Master (AM5, DDR5, ATX)",Mainboard - Bo mạch chủ,GIGABYTE,1,11490000,13000000,11490000,5,"Lắp đặt dễ dàng, chạy êm ái và mát mẻ. Shop hỗ trợ nhiệt tình."
ORI-000794,ORD-250828-0593,CPU-001,INTEL-I9-14900K,"CPU Intel Core i9-14900K (3.2GHz Turbo 6.0GHz, 24 nhân 32 luồng)",CPU - Bộ vi xử lý,Intel,1,12990000,14500000,12990000,5,"Sản phẩm cực kỳ chất lượng, đóng gói cẩn thận, giao hàng nhanh."
ORI-000795,ORD-251204-0594,MONITOR-001,LG-27GP850P-27-QHD-165HZ,"Màn hình LG UltraGear 27GP850P-B 27"" QHD IPS 165Hz 1ms",Màn hình - Monitor,LG,1,8990000,10500000,8990000,5,"Sản phẩm cực kỳ chất lượng, đóng gói cẩn thận, giao hàng nhanh."
ORI-000796,ORD-251204-0594,MB-001,ASUS-ROG-MAXIMUS-Z790,"Mainboard ASUS ROG Maximus Z790 Hero (LGA 1700, DDR5, ATX)",Mainboard - Bo mạch chủ,ASUS,1,15990000,18000000,15990000,5,"Sản phẩm cực kỳ chất lượng, đóng gói cẩn thận, giao hàng nhanh."
ORI-000797,ORD-251015-0595,GPU-002,MSI-RTX4080-SUPER-16G,VGA MSI GeForce RTX 4080 Super 16GB Gaming X Slim,VGA - Card màn hình,MSI,1,26990000,30000000,26990000,5,"Rất đáng tiền, chạy mượt mà, chính hãng 100%."
ORI-000798,ORD-251125-0596,CASE-002,JONSBO-D41-MESH,"Vỏ Case Jonsbo D41 Mesh Screen (Mid Tower, ATX, Màn hình LCD)",Case - Vỏ máy tính,Jonsbo,1,2290000,2600000,2290000,5,"Lắp đặt dễ dàng, chạy êm ái và mát mẻ. Shop hỗ trợ nhiệt tình."
ORI-000799,ORD-251125-0596,CPU-006,INTEL-I3-14100F,"CPU Intel Core i3-14100F (3.5GHz Turbo 4.7GHz, 4 nhân 8 luồng)",CPU - Bộ vi xử lý,Intel,1,2490000,2800000,2490000,5,"Sản phẩm cực kỳ chất lượng, đóng gói cẩn thận, giao hàng nhanh."
ORI-000800,ORD-251130-0597,GPU-004,ASUS-RX7900XTX-24G,VGA ASUS TUF Gaming Radeon RX 7900 XTX OC 24GB,VGA - Card màn hình,ASUS,1,22990000,25000000,22990000,4,"Sản phẩm tốt, nhân viên tư vấn nhiệt tình, sẽ tiếp tục ủng hộ."
ORI-000801,ORD-251130-0597,PSU-001,CORSAIR-HX1000I-1000W,Nguồn Corsair HX1000i 1000W 80 Plus Platinum Full Modular,PSU - Nguồn máy tính,Corsair,1,4990000,5500000,4990000,5,"Hàng chuẩn GearVN, nguyên seal mới cứng, bảo hành đầy đủ. Vote 5 sao!"
ORI-000802,ORD-260612-0598,PSU-001,CORSAIR-HX1000I-1000W,Nguồn Corsair HX1000i 1000W 80 Plus Platinum Full Modular,PSU - Nguồn máy tính,Corsair,1,4990000,5500000,4990000,5,"Sản phẩm cực kỳ chất lượng, đóng gói cẩn thận, giao hàng nhanh."
ORI-000803,ORD-260220-0599,HDD-001,SEAGATE-BARRACUDA-4TB,"Ổ cứng HDD Seagate Barracuda 4TB 3.5"" SATA 5400RPM",HDD - Ổ cứng cơ,Seagate,1,2190000,2500000,2190000,5,"Hàng chuẩn GearVN, nguyên seal mới cứng, bảo hành đầy đủ. Vote 5 sao!"
ORI-000804,ORD-260319-0600,GPU-005,MSI-RTX4060-TI-8G-VENTUS,VGA MSI GeForce RTX 4060 Ti 8G Ventus 2X OC,VGA - Card màn hình,MSI,1,9490000,11000000,9490000,4,"Thiết kế đẹp, chạy mát, dịch vụ chăm sóc khách hàng khá tốt."
ORI-000805,ORD-260316-0601,COOL-002,THERMALRIGHT-PHANTOM-SPIRIT-120,Tản nhiệt khí Thermalright Phantom Spirit 120 SE ARGB,Tản nhiệt - Cooling,Thermalright,1,990000,1200000,990000,5,"Sản phẩm cực kỳ chất lượng, đóng gói cẩn thận, giao hàng nhanh."
ORI-000806,ORD-250623-0602,CPU-005,AMD-R7-7700X,"CPU AMD Ryzen 7 7700X (4.5GHz Turbo 5.4GHz, 8 nhân 16 luồng)",CPU - Bộ vi xử lý,AMD,1,6890000,7500000,6890000,5,"Hàng chuẩn GearVN, nguyên seal mới cứng, bảo hành đầy đủ. Vote 5 sao!"
ORI-000807,ORD-260321-0603,MOUSE-001,LOGITECH-G-PRO-X-SUPERLIGHT2,"Chuột gaming Logitech G Pro X Superlight 2 (Không dây, 32000 DPI)",Chuột - Mouse,Logitech,1,3390000,3800000,3390000,5,"Hàng chuẩn GearVN, nguyên seal mới cứng, bảo hành đầy đủ. Vote 5 sao!"
ORI-000808,ORD-250706-0604,FAN-001,LIANLI-UNI-FAN-AL120-3PACK,"Fan Case Lian Li UNI FAN AL120 RGB (3-Pack, Daisy-chain)",Fan - Quạt tản nhiệt,Lian Li,1,1490000,1800000,1490000,4,"Sản phẩm dùng tốt, đúng mô tả, tuy nhiên giao hàng hơi trễ 1 ngày."
ORI-000809,ORD-250706-0604,RAM-001,CORSAIR-DDR5-32GB-6000,RAM Corsair Dominator Titanium DDR5 32GB (2x16GB) 6000MHz,RAM - Bộ nhớ trong,Corsair,1,3990000,4500000,3990000,3,"Dùng tạm ổn, nhưng vỏ hộp hơi móp méo khi vận chuyển."
ORI-000810,ORD-250731-0605,MOUSE-002,RAZER-DEATHADDER-V3-HTE,Chuột gaming Razer DeathAdder V3 HyperSpeed (Không dây),Chuột - Mouse,Razer,1,1890000,2200000,1890000,5,"Hàng chuẩn GearVN, nguyên seal mới cứng, bảo hành đầy đủ. Vote 5 sao!"
ORI-000811,ORD-260127-0606,GPU-001,ASUS-ROG-RTX4090-24G,VGA ASUS ROG Strix GeForce RTX 4090 24GB GDDR6X OC,VGA - Card màn hình,ASUS,1,52990000,58000000,52990000,1,"Sản phẩm bị lỗi hỏng ngay khi bóc hộp, không lên nguồn. Dịch vụ tệ."
ORI-000812,ORD-251210-0607,CPU-004,AMD-R9-7950X,"CPU AMD Ryzen 9 7950X (4.5GHz Turbo 5.7GHz, 16 nhân 32 luồng)",CPU - Bộ vi xử lý,AMD,1,13490000,15000000,13490000,1,"Giao hàng quá chậm (mất 7 ngày), hàng móp méo hư hại nghiêm trọng."
ORI-000813,ORD-260109-0608,MOUSE-001,LOGITECH-G-PRO-X-SUPERLIGHT2,"Chuột gaming Logitech G Pro X Superlight 2 (Không dây, 32000 DPI)",Chuột - Mouse,Logitech,1,3390000,3800000,3390000,5,"Lắp đặt dễ dàng, chạy êm ái và mát mẻ. Shop hỗ trợ nhiệt tình."
ORI-000814,ORD-260110-0609,MB-001,ASUS-ROG-MAXIMUS-Z790,"Mainboard ASUS ROG Maximus Z790 Hero (LGA 1700, DDR5, ATX)",Mainboard - Bo mạch chủ,ASUS,1,15990000,18000000,15990000,5,"Rất đáng tiền, chạy mượt mà, chính hãng 100%."
ORI-000815,ORD-250902-0610,KB-001,CORSAIR-K100-RGB-OPX,Bàn phím cơ Corsair K100 RGB Optical-Mechanical (OPX Switch),Bàn phím - Keyboard,Corsair,1,5490000,6000000,5490000,5,"Hàng chuẩn GearVN, nguyên seal mới cứng, bảo hành đầy đủ. Vote 5 sao!"
ORI-000816,ORD-250902-0610,COOL-001,CORSAIR-H150I-ELITE-360MM,Tản nhiệt nước AIO Corsair iCUE H150i Elite LCD 360mm,Tản nhiệt - Cooling,Corsair,1,4490000,5000000,4490000,4,"Sản phẩm tốt, nhân viên tư vấn nhiệt tình, sẽ tiếp tục ủng hộ."
ORI-000817,ORD-250917-0611,SSD-002,WD-BLACK-SN850X-1TB,SSD WD Black SN850X 1TB NVMe M.2 PCIe Gen4,SSD - Ổ cứng thể rắn,Western Digital,1,2190000,2500000,2190000,5,"Lắp đặt dễ dàng, chạy êm ái và mát mẻ. Shop hỗ trợ nhiệt tình."
ORI-000818,ORD-250917-0611,CASE-002,JONSBO-D41-MESH,"Vỏ Case Jonsbo D41 Mesh Screen (Mid Tower, ATX, Màn hình LCD)",Case - Vỏ máy tính,Jonsbo,1,2290000,2600000,2290000,3,"Sản phẩm bình thường, không quá nổi bật, dịch vụ giao hàng ở mức trung bình."
ORI-000819,ORD-251217-0612,RAM-002,GSKILL-DDR5-32GB-6000,RAM G.Skill Trident Z5 RGB DDR5 32GB (2x16GB) 6000MHz CL30,RAM - Bộ nhớ trong,G.Skill,1,3690000,4200000,3690000,5,"Rất đáng tiền, chạy mượt mà, chính hãng 100%."
ORI-000820,ORD-251217-0612,KB-001,CORSAIR-K100-RGB-OPX,Bàn phím cơ Corsair K100 RGB Optical-Mechanical (OPX Switch),Bàn phím - Keyboard,Corsair,1,5490000,6000000,5490000,5,"Rất đáng tiền, chạy mượt mà, chính hãng 100%."
ORI-000821,ORD-250915-0613,PSU-003,COOLERMASTER-V750-GOLD,Nguồn Cooler Master MWE Gold 750W 80 Plus Gold Full Modular,PSU - Nguồn máy tính,Cooler Master,1,2490000,2900000,2490000,,
ORI-000822,ORD-260101-0614,CPU-004,AMD-R9-7950X,"CPU AMD Ryzen 9 7950X (4.5GHz Turbo 5.7GHz, 16 nhân 32 luồng)",CPU - Bộ vi xử lý,AMD,1,13490000,15000000,13490000,5,"Hàng chuẩn GearVN, nguyên seal mới cứng, bảo hành đầy đủ. Vote 5 sao!"
ORI-000823,ORD-260101-0614,MONITOR-002,SAMSUNG-ODYSSEY-G7-32-4K,"Màn hình Samsung Odyssey G7 32"" 4K UHD 144Hz IPS",Màn hình - Monitor,Samsung,1,12990000,15000000,12990000,5,"Sản phẩm cực kỳ chất lượng, đóng gói cẩn thận, giao hàng nhanh."
ORI-000824,ORD-251231-0615,CPU-002,INTEL-I7-14700K,"CPU Intel Core i7-14700K (3.4GHz Turbo 5.6GHz, 20 nhân 28 luồng)",CPU - Bộ vi xử lý,Intel,1,8490000,9500000,8490000,5,"Hàng chuẩn GearVN, nguyên seal mới cứng, bảo hành đầy đủ. Vote 5 sao!"
ORI-000825,ORD-251203-0616,PSU-001,CORSAIR-HX1000I-1000W,Nguồn Corsair HX1000i 1000W 80 Plus Platinum Full Modular,PSU - Nguồn máy tính,Corsair,1,4990000,5500000,4990000,5,"Hàng chuẩn GearVN, nguyên seal mới cứng, bảo hành đầy đủ. Vote 5 sao!"
ORI-000826,ORD-251203-0616,MOUSE-001,LOGITECH-G-PRO-X-SUPERLIGHT2,"Chuột gaming Logitech G Pro X Superlight 2 (Không dây, 32000 DPI)",Chuột - Mouse,Logitech,1,3390000,3800000,3390000,5,"Rất đáng tiền, chạy mượt mà, chính hãng 100%."
ORI-000827,ORD-260202-0617,RAM-001,CORSAIR-DDR5-32GB-6000,RAM Corsair Dominator Titanium DDR5 32GB (2x16GB) 6000MHz,RAM - Bộ nhớ trong,Corsair,1,3990000,4500000,3990000,5,"Lắp đặt dễ dàng, chạy êm ái và mát mẻ. Shop hỗ trợ nhiệt tình."
ORI-000828,ORD-260510-0618,SSD-004,CRUCIAL-P5-PLUS-500GB,SSD Crucial P5 Plus 500GB NVMe M.2 PCIe Gen4,SSD - Ổ cứng thể rắn,Crucial,1,990000,1200000,990000,5,"Lắp đặt dễ dàng, chạy êm ái và mát mẻ. Shop hỗ trợ nhiệt tình."
ORI-000829,ORD-251105-0619,CPU-006,INTEL-I3-14100F,"CPU Intel Core i3-14100F (3.5GHz Turbo 4.7GHz, 4 nhân 8 luồng)",CPU - Bộ vi xử lý,Intel,1,2490000,2800000,2490000,1,"Hàng cũ đóng lại seal, chạy lỗi liên tục, bảo hành rất phiền phức. Không nên mua."
ORI-000830,ORD-260115-0620,SSD-003,KINGSTON-KC3000-1TB,SSD Kingston KC3000 1TB NVMe M.2 PCIe Gen4,SSD - Ổ cứng thể rắn,Kingston,1,1890000,2200000,1890000,5,"Thiết kế đẹp mắt, hiệu năng vượt trội so với tầm giá. Rất hài lòng!"
ORI-000831,ORD-250803-0621,RAM-004,CORSAIR-DDR5-64GB-6400,RAM Corsair Vengeance DDR5 64GB (2x32GB) 6400MHz CL32,RAM - Bộ nhớ trong,Corsair,1,6490000,7500000,6490000,5,"Thiết kế đẹp mắt, hiệu năng vượt trội so với tầm giá. Rất hài lòng!"
ORI-000832,ORD-250803-0621,RAM-004,CORSAIR-DDR5-64GB-6400,RAM Corsair Vengeance DDR5 64GB (2x32GB) 6400MHz CL32,RAM - Bộ nhớ trong,Corsair,1,6490000,7500000,6490000,5,"Thiết kế đẹp mắt, hiệu năng vượt trội so với tầm giá. Rất hài lòng!"
ORI-000833,ORD-260514-0622,SSD-004,CRUCIAL-P5-PLUS-500GB,SSD Crucial P5 Plus 500GB NVMe M.2 PCIe Gen4,SSD - Ổ cứng thể rắn,Crucial,1,990000,1200000,990000,5,"Lắp đặt dễ dàng, chạy êm ái và mát mẻ. Shop hỗ trợ nhiệt tình."
ORI-000834,ORD-260205-0623,RAM-001,CORSAIR-DDR5-32GB-6000,RAM Corsair Dominator Titanium DDR5 32GB (2x16GB) 6000MHz,RAM - Bộ nhớ trong,Corsair,1,3990000,4500000,3990000,5,"Thiết kế đẹp mắt, hiệu năng vượt trội so với tầm giá. Rất hài lòng!"
ORI-000835,ORD-260224-0624,CASE-002,JONSBO-D41-MESH,"Vỏ Case Jonsbo D41 Mesh Screen (Mid Tower, ATX, Màn hình LCD)",Case - Vỏ máy tính,Jonsbo,1,2290000,2600000,2290000,5,"Lắp đặt dễ dàng, chạy êm ái và mát mẻ. Shop hỗ trợ nhiệt tình."
ORI-000836,ORD-260209-0625,GPU-001,ASUS-ROG-RTX4090-24G,VGA ASUS ROG Strix GeForce RTX 4090 24GB GDDR6X OC,VGA - Card màn hình,ASUS,1,52990000,58000000,52990000,5,"Sản phẩm cực kỳ chất lượng, đóng gói cẩn thận, giao hàng nhanh."
ORI-000837,ORD-251116-0626,CHAIR-001,SECRETLAB-TITAN-EVO-2022,"Ghế gaming Secretlab Titan Evo 2022 (SoftWeave Plus, Medium)",Ghế gaming - Gaming Chair,Secretlab,1,12990000,14500000,12990000,5,"Lắp đặt dễ dàng, chạy êm ái và mát mẻ. Shop hỗ trợ nhiệt tình."
ORI-000838,ORD-260227-0627,MOUSE-002,RAZER-DEATHADDER-V3-HTE,Chuột gaming Razer DeathAdder V3 HyperSpeed (Không dây),Chuột - Mouse,Razer,1,1890000,2200000,1890000,4,"Sản phẩm dùng tốt, đúng mô tả, tuy nhiên giao hàng hơi trễ 1 ngày."
ORI-000839,ORD-250820-0628,SSD-001,SAMSUNG-980-PRO-2TB,SSD Samsung 980 Pro 2TB NVMe M.2 PCIe Gen4,SSD - Ổ cứng thể rắn,Samsung,1,3490000,3900000,3490000,5,"Thiết kế đẹp mắt, hiệu năng vượt trội so với tầm giá. Rất hài lòng!"
ORI-000840,ORD-260316-0629,GPU-005,MSI-RTX4060-TI-8G-VENTUS,VGA MSI GeForce RTX 4060 Ti 8G Ventus 2X OC,VGA - Card màn hình,MSI,1,9490000,11000000,9490000,4,"Sản phẩm tốt, nhân viên tư vấn nhiệt tình, sẽ tiếp tục ủng hộ."
ORI-000841,ORD-260316-0629,RAM-001,CORSAIR-DDR5-32GB-6000,RAM Corsair Dominator Titanium DDR5 32GB (2x16GB) 6000MHz,RAM - Bộ nhớ trong,Corsair,1,3990000,4500000,3990000,5,"Rất đáng tiền, chạy mượt mà, chính hãng 100%."
ORI-000842,ORD-250812-0630,FAN-002,NOCTUA-NF-A12X25-PWM,Fan Case Noctua NF-A12x25 PWM 120mm (Hiệu suất cao),Fan - Quạt tản nhiệt,Noctua,1,990000,1200000,990000,5,"Sản phẩm cực kỳ chất lượng, đóng gói cẩn thận, giao hàng nhanh."
ORI-000843,ORD-251108-0631,CPU-006,INTEL-I3-14100F,"CPU Intel Core i3-14100F (3.5GHz Turbo 4.7GHz, 4 nhân 8 luồng)",CPU - Bộ vi xử lý,Intel,1,2490000,2800000,2490000,5,"Hàng chuẩn GearVN, nguyên seal mới cứng, bảo hành đầy đủ. Vote 5 sao!"
ORI-000844,ORD-251108-0631,CASE-001,LIANLI-PC-O11D-EVO,"Vỏ Case Lian Li PC-O11 Dynamic Evo (Mid Tower, ATX)",Case - Vỏ máy tính,Lian Li,1,3490000,3900000,3490000,5,"Sản phẩm cực kỳ chất lượng, đóng gói cẩn thận, giao hàng nhanh."
ORI-000845,ORD-251228-0632,CPU-005,AMD-R7-7700X,"CPU AMD Ryzen 7 7700X (4.5GHz Turbo 5.4GHz, 8 nhân 16 luồng)",CPU - Bộ vi xử lý,AMD,1,6890000,7500000,6890000,3,"Hiệu năng đủ dùng cho tác vụ cơ bản, nhiệt độ hơi ấm khi tải nặng."
ORI-000846,ORD-260111-0633,HDD-001,SEAGATE-BARRACUDA-4TB,"Ổ cứng HDD Seagate Barracuda 4TB 3.5"" SATA 5400RPM",HDD - Ổ cứng cơ,Seagate,1,2190000,2500000,2190000,5,"Rất đáng tiền, chạy mượt mà, chính hãng 100%."
ORI-000847,ORD-260111-0633,RAM-003,KINGSTON-FURY-DDR4-16GB-3200,RAM Kingston Fury Beast DDR4 16GB (2x8GB) 3200MHz,RAM - Bộ nhớ trong,Kingston,1,1290000,1500000,1290000,5,"Rất đáng tiền, chạy mượt mà, chính hãng 100%."
ORI-000848,ORD-260210-0634,RAM-001,CORSAIR-DDR5-32GB-6000,RAM Corsair Dominator Titanium DDR5 32GB (2x16GB) 6000MHz,RAM - Bộ nhớ trong,Corsair,1,3990000,4500000,3990000,5,"Sản phẩm cực kỳ chất lượng, đóng gói cẩn thận, giao hàng nhanh."
ORI-000849,ORD-260210-0634,FAN-002,NOCTUA-NF-A12X25-PWM,Fan Case Noctua NF-A12x25 PWM 120mm (Hiệu suất cao),Fan - Quạt tản nhiệt,Noctua,1,990000,1200000,990000,5,"Rất đáng tiền, chạy mượt mà, chính hãng 100%."
ORI-000850,ORD-250628-0635,RAM-001,CORSAIR-DDR5-32GB-6000,RAM Corsair Dominator Titanium DDR5 32GB (2x16GB) 6000MHz,RAM - Bộ nhớ trong,Corsair,1,3990000,4500000,3990000,5,"Lắp đặt dễ dàng, chạy êm ái và mát mẻ. Shop hỗ trợ nhiệt tình."
ORI-000851,ORD-251129-0636,GPU-005,MSI-RTX4060-TI-8G-VENTUS,VGA MSI GeForce RTX 4060 Ti 8G Ventus 2X OC,VGA - Card màn hình,MSI,1,9490000,11000000,9490000,5,"Hàng chuẩn GearVN, nguyên seal mới cứng, bảo hành đầy đủ. Vote 5 sao!"
ORI-000852,ORD-251129-0636,GPU-004,ASUS-RX7900XTX-24G,VGA ASUS TUF Gaming Radeon RX 7900 XTX OC 24GB,VGA - Card màn hình,ASUS,1,22990000,25000000,22990000,5,"Sản phẩm cực kỳ chất lượng, đóng gói cẩn thận, giao hàng nhanh."
ORI-000853,ORD-250817-0637,HDD-001,SEAGATE-BARRACUDA-4TB,"Ổ cứng HDD Seagate Barracuda 4TB 3.5"" SATA 5400RPM",HDD - Ổ cứng cơ,Seagate,1,2190000,2500000,2190000,2,"Sản phẩm có dấu hiệu trầy xước nhẹ, giao hàng chậm, đóng gói sơ sài."
ORI-000854,ORD-260605-0638,RAM-004,CORSAIR-DDR5-64GB-6400,RAM Corsair Vengeance DDR5 64GB (2x32GB) 6400MHz CL32,RAM - Bộ nhớ trong,Corsair,1,6490000,7500000,6490000,5,"Sản phẩm cực kỳ chất lượng, đóng gói cẩn thận, giao hàng nhanh."
ORI-000855,ORD-260522-0639,MOUSE-002,RAZER-DEATHADDER-V3-HTE,Chuột gaming Razer DeathAdder V3 HyperSpeed (Không dây),Chuột - Mouse,Razer,1,1890000,2200000,1890000,5,"Rất đáng tiền, chạy mượt mà, chính hãng 100%."
ORI-000856,ORD-250831-0640,PSU-001,CORSAIR-HX1000I-1000W,Nguồn Corsair HX1000i 1000W 80 Plus Platinum Full Modular,PSU - Nguồn máy tính,Corsair,1,4990000,5500000,4990000,5,"Rất đáng tiền, chạy mượt mà, chính hãng 100%."
ORI-000857,ORD-250831-0640,SSD-002,WD-BLACK-SN850X-1TB,SSD WD Black SN850X 1TB NVMe M.2 PCIe Gen4,SSD - Ổ cứng thể rắn,Western Digital,1,2190000,2500000,2190000,4,"Sản phẩm tốt, nhân viên tư vấn nhiệt tình, sẽ tiếp tục ủng hộ."
ORI-000858,ORD-251225-0641,RAM-003,KINGSTON-FURY-DDR4-16GB-3200,RAM Kingston Fury Beast DDR4 16GB (2x8GB) 3200MHz,RAM - Bộ nhớ trong,Kingston,1,1290000,1500000,1290000,5,"Lắp đặt dễ dàng, chạy êm ái và mát mẻ. Shop hỗ trợ nhiệt tình."
ORI-000859,ORD-251226-0642,FAN-001,LIANLI-UNI-FAN-AL120-3PACK,"Fan Case Lian Li UNI FAN AL120 RGB (3-Pack, Daisy-chain)",Fan - Quạt tản nhiệt,Lian Li,1,1490000,1800000,1490000,5,"Hàng chuẩn GearVN, nguyên seal mới cứng, bảo hành đầy đủ. Vote 5 sao!"
ORI-000860,ORD-251123-0643,COOL-003,DEEPCOOL-AK620-DIGITAL,"Tản nhiệt khí DeepCool AK620 Digital (Dual Tower, 2x120mm)",Tản nhiệt - Cooling,Deepcool,1,1490000,1800000,1490000,5,"Rất đáng tiền, chạy mượt mà, chính hãng 100%."
ORI-000861,ORD-250713-0644,GPU-002,MSI-RTX4080-SUPER-16G,VGA MSI GeForce RTX 4080 Super 16GB Gaming X Slim,VGA - Card màn hình,MSI,1,26990000,30000000,26990000,5,"Sản phẩm cực kỳ chất lượng, đóng gói cẩn thận, giao hàng nhanh."
ORI-000862,ORD-250713-0644,CPU-003,INTEL-I5-14600K,"CPU Intel Core i5-14600K (3.5GHz Turbo 5.3GHz, 14 nhân 20 luồng)",CPU - Bộ vi xử lý,Intel,1,5490000,6200000,5490000,5,"Thiết kế đẹp mắt, hiệu năng vượt trội so với tầm giá. Rất hài lòng!"
ORI-000863,ORD-251202-0645,MOUSE-002,RAZER-DEATHADDER-V3-HTE,Chuột gaming Razer DeathAdder V3 HyperSpeed (Không dây),Chuột - Mouse,Razer,1,1890000,2200000,1890000,2,"Hiệu năng không đúng như quảng cáo, hay bị sụt nguồn đột ngột."
ORI-000864,ORD-251202-0645,MONITOR-002,SAMSUNG-ODYSSEY-G7-32-4K,"Màn hình Samsung Odyssey G7 32"" 4K UHD 144Hz IPS",Màn hình - Monitor,Samsung,1,12990000,15000000,12990000,5,"Lắp đặt dễ dàng, chạy êm ái và mát mẻ. Shop hỗ trợ nhiệt tình."
ORI-000865,ORD-260201-0646,KB-002,RAZER-BLACKWIDOW-V4-75,Bàn phím cơ Razer BlackWidow V4 75% (Razer Yellow Switch),Bàn phím - Keyboard,Razer,1,3290000,3800000,3290000,5,"Hàng chuẩn GearVN, nguyên seal mới cứng, bảo hành đầy đủ. Vote 5 sao!"
ORI-000866,ORD-260114-0647,CASE-001,LIANLI-PC-O11D-EVO,"Vỏ Case Lian Li PC-O11 Dynamic Evo (Mid Tower, ATX)",Case - Vỏ máy tính,Lian Li,1,3490000,3900000,3490000,5,"Rất đáng tiền, chạy mượt mà, chính hãng 100%."
ORI-000867,ORD-260129-0648,GPU-001,ASUS-ROG-RTX4090-24G,VGA ASUS ROG Strix GeForce RTX 4090 24GB GDDR6X OC,VGA - Card màn hình,ASUS,1,52990000,58000000,52990000,5,"Hàng chuẩn GearVN, nguyên seal mới cứng, bảo hành đầy đủ. Vote 5 sao!"
ORI-000868,ORD-260213-0649,CASE-001,LIANLI-PC-O11D-EVO,"Vỏ Case Lian Li PC-O11 Dynamic Evo (Mid Tower, ATX)",Case - Vỏ máy tính,Lian Li,1,3490000,3900000,3490000,4,"Chất lượng ổn áp, chạy ngon lành, đóng gói kỹ càng."
ORI-000869,ORD-260213-0649,PSU-002,SEASONIC-FOCUS-GX-850,Nguồn Seasonic Focus GX 850W 80 Plus Gold Full Modular,PSU - Nguồn máy tính,Seasonic,1,3290000,3800000,3290000,5,"Sản phẩm cực kỳ chất lượng, đóng gói cẩn thận, giao hàng nhanh."
ORI-000870,ORD-250919-0650,RAM-002,GSKILL-DDR5-32GB-6000,RAM G.Skill Trident Z5 RGB DDR5 32GB (2x16GB) 6000MHz CL30,RAM - Bộ nhớ trong,G.Skill,1,3690000,4200000,3690000,5,"Rất đáng tiền, chạy mượt mà, chính hãng 100%."
ORI-000871,ORD-251216-0651,FAN-001,LIANLI-UNI-FAN-AL120-3PACK,"Fan Case Lian Li UNI FAN AL120 RGB (3-Pack, Daisy-chain)",Fan - Quạt tản nhiệt,Lian Li,1,1490000,1800000,1490000,5,"Rất đáng tiền, chạy mượt mà, chính hãng 100%."
ORI-000872,ORD-251216-0651,MOUSE-002,RAZER-DEATHADDER-V3-HTE,Chuột gaming Razer DeathAdder V3 HyperSpeed (Không dây),Chuột - Mouse,Razer,1,1890000,2200000,1890000,4,"Sản phẩm dùng tốt, đúng mô tả, tuy nhiên giao hàng hơi trễ 1 ngày."
ORI-000873,ORD-250922-0652,MOUSE-001,LOGITECH-G-PRO-X-SUPERLIGHT2,"Chuột gaming Logitech G Pro X Superlight 2 (Không dây, 32000 DPI)",Chuột - Mouse,Logitech,1,3390000,3800000,3390000,5,"Sản phẩm cực kỳ chất lượng, đóng gói cẩn thận, giao hàng nhanh."
ORI-000874,ORD-250922-0652,MOUSE-002,RAZER-DEATHADDER-V3-HTE,Chuột gaming Razer DeathAdder V3 HyperSpeed (Không dây),Chuột - Mouse,Razer,1,1890000,2200000,1890000,5,"Sản phẩm cực kỳ chất lượng, đóng gói cẩn thận, giao hàng nhanh."
ORI-000875,ORD-250801-0653,CPU-002,INTEL-I7-14700K,"CPU Intel Core i7-14700K (3.4GHz Turbo 5.6GHz, 20 nhân 28 luồng)",CPU - Bộ vi xử lý,Intel,1,8490000,9500000,8490000,3,Chất lượng sản phẩm ok nhưng tổng đài hỗ trợ kỹ thuật phản hồi hơi chậm.
ORI-000876,ORD-250705-0654,COOL-003,DEEPCOOL-AK620-DIGITAL,"Tản nhiệt khí DeepCool AK620 Digital (Dual Tower, 2x120mm)",Tản nhiệt - Cooling,Deepcool,1,1490000,1800000,1490000,4,"Chất lượng ổn áp, chạy ngon lành, đóng gói kỹ càng."
ORI-000877,ORD-250705-0654,GPU-002,MSI-RTX4080-SUPER-16G,VGA MSI GeForce RTX 4080 Super 16GB Gaming X Slim,VGA - Card màn hình,MSI,1,26990000,30000000,26990000,4,"Sản phẩm tốt, nhân viên tư vấn nhiệt tình, sẽ tiếp tục ủng hộ."
ORI-000878,ORD-250802-0655,MB-003,GIGABYTE-X670E-AORUS-MASTER,"Mainboard GIGABYTE X670E AORUS Master (AM5, DDR5, ATX)",Mainboard - Bo mạch chủ,GIGABYTE,1,11490000,13000000,11490000,3,"Dùng tạm ổn, nhưng vỏ hộp hơi móp méo khi vận chuyển."
ORI-000879,ORD-250802-0655,GPU-002,MSI-RTX4080-SUPER-16G,VGA MSI GeForce RTX 4080 Super 16GB Gaming X Slim,VGA - Card màn hình,MSI,1,26990000,30000000,26990000,5,"Rất đáng tiền, chạy mượt mà, chính hãng 100%."
ORI-000880,ORD-260213-0656,GPU-003,GIGABYTE-RTX4070-SUPER-12G,VGA GIGABYTE GeForce RTX 4070 Super Gaming OC 12GB,VGA - Card màn hình,GIGABYTE,1,16490000,18500000,16490000,5,"Hàng chuẩn GearVN, nguyên seal mới cứng, bảo hành đầy đủ. Vote 5 sao!"
ORI-000881,ORD-250812-0657,COOL-001,CORSAIR-H150I-ELITE-360MM,Tản nhiệt nước AIO Corsair iCUE H150i Elite LCD 360mm,Tản nhiệt - Cooling,Corsair,1,4490000,5000000,4490000,2,"Hiệu năng không đúng như quảng cáo, hay bị sụt nguồn đột ngột."
ORI-000882,ORD-251202-0658,GPU-002,MSI-RTX4080-SUPER-16G,VGA MSI GeForce RTX 4080 Super 16GB Gaming X Slim,VGA - Card màn hình,MSI,1,26990000,30000000,26990000,5,"Hàng chuẩn GearVN, nguyên seal mới cứng, bảo hành đầy đủ. Vote 5 sao!"
ORI-000883,ORD-250907-0659,HDD-002,WD-RED-PLUS-8TB,"Ổ cứng HDD WD Red Plus 8TB 3.5"" SATA NAS",HDD - Ổ cứng cơ,Western Digital,1,4490000,5200000,4490000,5,"Lắp đặt dễ dàng, chạy êm ái và mát mẻ. Shop hỗ trợ nhiệt tình."
ORI-000884,ORD-250907-0659,COOL-003,DEEPCOOL-AK620-DIGITAL,"Tản nhiệt khí DeepCool AK620 Digital (Dual Tower, 2x120mm)",Tản nhiệt - Cooling,Deepcool,1,1490000,1800000,1490000,4,"Chất lượng ổn áp, chạy ngon lành, đóng gói kỹ càng."
ORI-000885,ORD-260402-0660,MB-002,MSI-MAG-Z790-TOMAHAWK,"Mainboard MSI MAG Z790 Tomahawk WiFi (LGA 1700, DDR5, ATX)",Mainboard - Bo mạch chủ,MSI,1,6990000,7800000,6990000,1,"Giao hàng quá chậm (mất 7 ngày), hàng móp méo hư hại nghiêm trọng."
ORI-000886,ORD-260402-0660,GPU-005,MSI-RTX4060-TI-8G-VENTUS,VGA MSI GeForce RTX 4060 Ti 8G Ventus 2X OC,VGA - Card màn hình,MSI,1,9490000,11000000,9490000,4,"Chất lượng ổn áp, chạy ngon lành, đóng gói kỹ càng."
ORI-000887,ORD-251220-0661,GPU-003,GIGABYTE-RTX4070-SUPER-12G,VGA GIGABYTE GeForce RTX 4070 Super Gaming OC 12GB,VGA - Card màn hình,GIGABYTE,1,16490000,18500000,16490000,5,"Rất đáng tiền, chạy mượt mà, chính hãng 100%."
ORI-000888,ORD-250723-0662,MB-002,MSI-MAG-Z790-TOMAHAWK,"Mainboard MSI MAG Z790 Tomahawk WiFi (LGA 1700, DDR5, ATX)",Mainboard - Bo mạch chủ,MSI,1,6990000,7800000,6990000,4,"Sản phẩm tốt, nhân viên tư vấn nhiệt tình, sẽ tiếp tục ủng hộ."
ORI-000889,ORD-260404-0663,COOL-003,DEEPCOOL-AK620-DIGITAL,"Tản nhiệt khí DeepCool AK620 Digital (Dual Tower, 2x120mm)",Tản nhiệt - Cooling,Deepcool,1,1490000,1800000,1490000,5,"Thiết kế đẹp mắt, hiệu năng vượt trội so với tầm giá. Rất hài lòng!"
ORI-000890,ORD-260518-0664,MB-004,ASUS-TUF-B760M-PLUS-WIFI,"Mainboard ASUS TUF Gaming B760M-Plus WiFi (LGA 1700, DDR5, mATX)",Mainboard - Bo mạch chủ,ASUS,1,3990000,4500000,3990000,5,"Thiết kế đẹp mắt, hiệu năng vượt trội so với tầm giá. Rất hài lòng!"
ORI-000891,ORD-250710-0665,MB-004,ASUS-TUF-B760M-PLUS-WIFI,"Mainboard ASUS TUF Gaming B760M-Plus WiFi (LGA 1700, DDR5, mATX)",Mainboard - Bo mạch chủ,ASUS,1,3990000,4500000,3990000,5,"Rất đáng tiền, chạy mượt mà, chính hãng 100%."
ORI-000892,ORD-260410-0666,RAM-004,CORSAIR-DDR5-64GB-6400,RAM Corsair Vengeance DDR5 64GB (2x32GB) 6400MHz CL32,RAM - Bộ nhớ trong,Corsair,1,6490000,7500000,6490000,3,"Sản phẩm bình thường, không quá nổi bật, dịch vụ giao hàng ở mức trung bình."
ORI-000893,ORD-260410-0666,SSD-004,CRUCIAL-P5-PLUS-500GB,SSD Crucial P5 Plus 500GB NVMe M.2 PCIe Gen4,SSD - Ổ cứng thể rắn,Crucial,1,990000,1200000,990000,4,"Hiệu năng tốt trong tầm giá, dùng mượt mà không lỗi lầm gì."
ORI-000894,ORD-250806-0667,GPU-003,GIGABYTE-RTX4070-SUPER-12G,VGA GIGABYTE GeForce RTX 4070 Super Gaming OC 12GB,VGA - Card màn hình,GIGABYTE,1,16490000,18500000,16490000,1,"Sản phẩm bị lỗi hỏng ngay khi bóc hộp, không lên nguồn. Dịch vụ tệ."
ORI-000895,ORD-251107-0668,MB-004,ASUS-TUF-B760M-PLUS-WIFI,"Mainboard ASUS TUF Gaming B760M-Plus WiFi (LGA 1700, DDR5, mATX)",Mainboard - Bo mạch chủ,ASUS,1,3990000,4500000,3990000,,
ORI-000896,ORD-260218-0669,PSU-002,SEASONIC-FOCUS-GX-850,Nguồn Seasonic Focus GX 850W 80 Plus Gold Full Modular,PSU - Nguồn máy tính,Seasonic,1,3290000,3800000,3290000,5,"Hàng chuẩn GearVN, nguyên seal mới cứng, bảo hành đầy đủ. Vote 5 sao!"
ORI-000897,ORD-250827-0670,MB-003,GIGABYTE-X670E-AORUS-MASTER,"Mainboard GIGABYTE X670E AORUS Master (AM5, DDR5, ATX)",Mainboard - Bo mạch chủ,GIGABYTE,1,11490000,13000000,11490000,1,"Giao hàng quá chậm (mất 7 ngày), hàng móp méo hư hại nghiêm trọng."
ORI-000898,ORD-250827-0670,CPU-006,INTEL-I3-14100F,"CPU Intel Core i3-14100F (3.5GHz Turbo 4.7GHz, 4 nhân 8 luồng)",CPU - Bộ vi xử lý,Intel,1,2490000,2800000,2490000,5,"Thiết kế đẹp mắt, hiệu năng vượt trội so với tầm giá. Rất hài lòng!"
ORI-000899,ORD-260619-0671,HEADSET-001,CORSAIR-VIRTUOSO-RGB-XT,Tai nghe gaming Corsair Virtuoso RGB Wireless XT,Tai nghe - Headset,Corsair,1,4290000,5000000,4290000,3,"Dùng tạm ổn, nhưng vỏ hộp hơi móp méo khi vận chuyển."
ORI-000900,ORD-260619-0671,COOL-003,DEEPCOOL-AK620-DIGITAL,"Tản nhiệt khí DeepCool AK620 Digital (Dual Tower, 2x120mm)",Tản nhiệt - Cooling,Deepcool,1,1490000,1800000,1490000,5,"Rất đáng tiền, chạy mượt mà, chính hãng 100%."
ORI-000901,ORD-251224-0672,CPU-002,INTEL-I7-14700K,"CPU Intel Core i7-14700K (3.4GHz Turbo 5.6GHz, 20 nhân 28 luồng)",CPU - Bộ vi xử lý,Intel,1,8490000,9500000,8490000,5,"Lắp đặt dễ dàng, chạy êm ái và mát mẻ. Shop hỗ trợ nhiệt tình."
ORI-000902,ORD-251224-0672,KB-001,CORSAIR-K100-RGB-OPX,Bàn phím cơ Corsair K100 RGB Optical-Mechanical (OPX Switch),Bàn phím - Keyboard,Corsair,1,5490000,6000000,5490000,2,"Giao sai phiên bản màu sắc, đang chờ shop đổi trả."
ORI-000903,ORD-250808-0673,SSD-004,CRUCIAL-P5-PLUS-500GB,SSD Crucial P5 Plus 500GB NVMe M.2 PCIe Gen4,SSD - Ổ cứng thể rắn,Crucial,1,990000,1200000,990000,5,"Thiết kế đẹp mắt, hiệu năng vượt trội so với tầm giá. Rất hài lòng!"
ORI-000904,ORD-260320-0674,KB-002,RAZER-BLACKWIDOW-V4-75,Bàn phím cơ Razer BlackWidow V4 75% (Razer Yellow Switch),Bàn phím - Keyboard,Razer,1,3290000,3800000,3290000,4,"Sản phẩm tốt, nhân viên tư vấn nhiệt tình, sẽ tiếp tục ủng hộ."
ORI-000905,ORD-251230-0675,PSU-002,SEASONIC-FOCUS-GX-850,Nguồn Seasonic Focus GX 850W 80 Plus Gold Full Modular,PSU - Nguồn máy tính,Seasonic,1,3290000,3800000,3290000,,
ORI-000906,ORD-260113-0676,MB-003,GIGABYTE-X670E-AORUS-MASTER,"Mainboard GIGABYTE X670E AORUS Master (AM5, DDR5, ATX)",Mainboard - Bo mạch chủ,GIGABYTE,1,11490000,13000000,11490000,5,"Lắp đặt dễ dàng, chạy êm ái và mát mẻ. Shop hỗ trợ nhiệt tình."
ORI-000907,ORD-260113-0676,MONITOR-002,SAMSUNG-ODYSSEY-G7-32-4K,"Màn hình Samsung Odyssey G7 32"" 4K UHD 144Hz IPS",Màn hình - Monitor,Samsung,1,12990000,15000000,12990000,5,"Hàng chuẩn GearVN, nguyên seal mới cứng, bảo hành đầy đủ. Vote 5 sao!"
ORI-000908,ORD-260201-0677,CHAIR-001,SECRETLAB-TITAN-EVO-2022,"Ghế gaming Secretlab Titan Evo 2022 (SoftWeave Plus, Medium)",Ghế gaming - Gaming Chair,Secretlab,1,12990000,14500000,12990000,5,"Lắp đặt dễ dàng, chạy êm ái và mát mẻ. Shop hỗ trợ nhiệt tình."
ORI-000909,ORD-250925-0678,CPU-001,INTEL-I9-14900K,"CPU Intel Core i9-14900K (3.2GHz Turbo 6.0GHz, 24 nhân 32 luồng)",CPU - Bộ vi xử lý,Intel,1,12990000,14500000,12990000,5,"Thiết kế đẹp mắt, hiệu năng vượt trội so với tầm giá. Rất hài lòng!"
ORI-000910,ORD-250925-0678,MB-004,ASUS-TUF-B760M-PLUS-WIFI,"Mainboard ASUS TUF Gaming B760M-Plus WiFi (LGA 1700, DDR5, mATX)",Mainboard - Bo mạch chủ,ASUS,1,3990000,4500000,3990000,3,"Hiệu năng đủ dùng cho tác vụ cơ bản, nhiệt độ hơi ấm khi tải nặng."
ORI-000911,ORD-260124-0679,RAM-001,CORSAIR-DDR5-32GB-6000,RAM Corsair Dominator Titanium DDR5 32GB (2x16GB) 6000MHz,RAM - Bộ nhớ trong,Corsair,1,3990000,4500000,3990000,4,"Hiệu năng tốt trong tầm giá, dùng mượt mà không lỗi lầm gì."
ORI-000912,ORD-260518-0680,COOL-001,CORSAIR-H150I-ELITE-360MM,Tản nhiệt nước AIO Corsair iCUE H150i Elite LCD 360mm,Tản nhiệt - Cooling,Corsair,1,4490000,5000000,4490000,4,"Sản phẩm tốt, nhân viên tư vấn nhiệt tình, sẽ tiếp tục ủng hộ."
ORI-000913,ORD-250819-0681,CPU-001,INTEL-I9-14900K,"CPU Intel Core i9-14900K (3.2GHz Turbo 6.0GHz, 24 nhân 32 luồng)",CPU - Bộ vi xử lý,Intel,1,12990000,14500000,12990000,4,"Sản phẩm tốt, nhân viên tư vấn nhiệt tình, sẽ tiếp tục ủng hộ."
ORI-000914,ORD-260315-0682,GPU-004,ASUS-RX7900XTX-24G,VGA ASUS TUF Gaming Radeon RX 7900 XTX OC 24GB,VGA - Card màn hình,ASUS,1,22990000,25000000,22990000,4,"Chất lượng ổn áp, chạy ngon lành, đóng gói kỹ càng."
ORI-000915,ORD-260315-0682,HEADSET-001,CORSAIR-VIRTUOSO-RGB-XT,Tai nghe gaming Corsair Virtuoso RGB Wireless XT,Tai nghe - Headset,Corsair,1,4290000,5000000,4290000,3,"Sản phẩm bình thường, không quá nổi bật, dịch vụ giao hàng ở mức trung bình."
ORI-000916,ORD-260212-0683,CPU-002,INTEL-I7-14700K,"CPU Intel Core i7-14700K (3.4GHz Turbo 5.6GHz, 20 nhân 28 luồng)",CPU - Bộ vi xử lý,Intel,1,8490000,9500000,8490000,5,"Lắp đặt dễ dàng, chạy êm ái và mát mẻ. Shop hỗ trợ nhiệt tình."
ORI-000917,ORD-250721-0684,CPU-006,INTEL-I3-14100F,"CPU Intel Core i3-14100F (3.5GHz Turbo 4.7GHz, 4 nhân 8 luồng)",CPU - Bộ vi xử lý,Intel,1,2490000,2800000,2490000,5,"Thiết kế đẹp mắt, hiệu năng vượt trội so với tầm giá. Rất hài lòng!"
ORI-000918,ORD-260531-0685,COOL-002,THERMALRIGHT-PHANTOM-SPIRIT-120,Tản nhiệt khí Thermalright Phantom Spirit 120 SE ARGB,Tản nhiệt - Cooling,Thermalright,1,990000,1200000,990000,5,"Lắp đặt dễ dàng, chạy êm ái và mát mẻ. Shop hỗ trợ nhiệt tình."
ORI-000919,ORD-260531-0685,CPU-004,AMD-R9-7950X,"CPU AMD Ryzen 9 7950X (4.5GHz Turbo 5.7GHz, 16 nhân 32 luồng)",CPU - Bộ vi xử lý,AMD,1,13490000,15000000,13490000,4,"Chất lượng ổn áp, chạy ngon lành, đóng gói kỹ càng."
ORI-000920,ORD-260309-0686,RAM-001,CORSAIR-DDR5-32GB-6000,RAM Corsair Dominator Titanium DDR5 32GB (2x16GB) 6000MHz,RAM - Bộ nhớ trong,Corsair,1,3990000,4500000,3990000,5,"Rất đáng tiền, chạy mượt mà, chính hãng 100%."
ORI-000921,ORD-260309-0686,CPU-002,INTEL-I7-14700K,"CPU Intel Core i7-14700K (3.4GHz Turbo 5.6GHz, 20 nhân 28 luồng)",CPU - Bộ vi xử lý,Intel,1,8490000,9500000,8490000,5,"Lắp đặt dễ dàng, chạy êm ái và mát mẻ. Shop hỗ trợ nhiệt tình."
ORI-000922,ORD-251106-0687,COOL-002,THERMALRIGHT-PHANTOM-SPIRIT-120,Tản nhiệt khí Thermalright Phantom Spirit 120 SE ARGB,Tản nhiệt - Cooling,Thermalright,1,990000,1200000,990000,5,"Thiết kế đẹp mắt, hiệu năng vượt trội so với tầm giá. Rất hài lòng!"
ORI-000923,ORD-260521-0688,GPU-001,ASUS-ROG-RTX4090-24G,VGA ASUS ROG Strix GeForce RTX 4090 24GB GDDR6X OC,VGA - Card màn hình,ASUS,1,52990000,58000000,52990000,5,"Thiết kế đẹp mắt, hiệu năng vượt trội so với tầm giá. Rất hài lòng!"
ORI-000924,ORD-260521-0688,GPU-004,ASUS-RX7900XTX-24G,VGA ASUS TUF Gaming Radeon RX 7900 XTX OC 24GB,VGA - Card màn hình,ASUS,1,22990000,25000000,22990000,4,"Chất lượng ổn áp, chạy ngon lành, đóng gói kỹ càng."
ORI-000925,ORD-251028-0689,MB-001,ASUS-ROG-MAXIMUS-Z790,"Mainboard ASUS ROG Maximus Z790 Hero (LGA 1700, DDR5, ATX)",Mainboard - Bo mạch chủ,ASUS,1,15990000,18000000,15990000,3,"Dùng tạm ổn, nhưng vỏ hộp hơi móp méo khi vận chuyển."
ORI-000926,ORD-251120-0690,HDD-001,SEAGATE-BARRACUDA-4TB,"Ổ cứng HDD Seagate Barracuda 4TB 3.5"" SATA 5400RPM",HDD - Ổ cứng cơ,Seagate,1,2190000,2500000,2190000,5,"Hàng chuẩn GearVN, nguyên seal mới cứng, bảo hành đầy đủ. Vote 5 sao!"
ORI-000927,ORD-260525-0691,RAM-002,GSKILL-DDR5-32GB-6000,RAM G.Skill Trident Z5 RGB DDR5 32GB (2x16GB) 6000MHz CL30,RAM - Bộ nhớ trong,G.Skill,1,3690000,4200000,3690000,5,"Thiết kế đẹp mắt, hiệu năng vượt trội so với tầm giá. Rất hài lòng!"
ORI-000928,ORD-250824-0692,SSD-002,WD-BLACK-SN850X-1TB,SSD WD Black SN850X 1TB NVMe M.2 PCIe Gen4,SSD - Ổ cứng thể rắn,Western Digital,1,2190000,2500000,2190000,5,"Lắp đặt dễ dàng, chạy êm ái và mát mẻ. Shop hỗ trợ nhiệt tình."
ORI-000929,ORD-260429-0693,CPU-003,INTEL-I5-14600K,"CPU Intel Core i5-14600K (3.5GHz Turbo 5.3GHz, 14 nhân 20 luồng)",CPU - Bộ vi xử lý,Intel,1,5490000,6200000,5490000,5,"Sản phẩm cực kỳ chất lượng, đóng gói cẩn thận, giao hàng nhanh."
ORI-000930,ORD-251014-0694,RAM-002,GSKILL-DDR5-32GB-6000,RAM G.Skill Trident Z5 RGB DDR5 32GB (2x16GB) 6000MHz CL30,RAM - Bộ nhớ trong,G.Skill,1,3690000,4200000,3690000,5,"Thiết kế đẹp mắt, hiệu năng vượt trội so với tầm giá. Rất hài lòng!"
ORI-000931,ORD-251014-0694,COOL-001,CORSAIR-H150I-ELITE-360MM,Tản nhiệt nước AIO Corsair iCUE H150i Elite LCD 360mm,Tản nhiệt - Cooling,Corsair,1,4490000,5000000,4490000,4,"Sản phẩm dùng tốt, đúng mô tả, tuy nhiên giao hàng hơi trễ 1 ngày."
ORI-000932,ORD-260428-0695,GPU-004,ASUS-RX7900XTX-24G,VGA ASUS TUF Gaming Radeon RX 7900 XTX OC 24GB,VGA - Card màn hình,ASUS,1,22990000,25000000,22990000,5,"Lắp đặt dễ dàng, chạy êm ái và mát mẻ. Shop hỗ trợ nhiệt tình."
ORI-000933,ORD-251209-0696,GPU-002,MSI-RTX4080-SUPER-16G,VGA MSI GeForce RTX 4080 Super 16GB Gaming X Slim,VGA - Card màn hình,MSI,1,26990000,30000000,26990000,5,"Lắp đặt dễ dàng, chạy êm ái và mát mẻ. Shop hỗ trợ nhiệt tình."
ORI-000934,ORD-260610-0697,CPU-001,INTEL-I9-14900K,"CPU Intel Core i9-14900K (3.2GHz Turbo 6.0GHz, 24 nhân 32 luồng)",CPU - Bộ vi xử lý,Intel,1,12990000,14500000,12990000,5,"Hàng chuẩn GearVN, nguyên seal mới cứng, bảo hành đầy đủ. Vote 5 sao!"
ORI-000935,ORD-251223-0698,HDD-002,WD-RED-PLUS-8TB,"Ổ cứng HDD WD Red Plus 8TB 3.5"" SATA NAS",HDD - Ổ cứng cơ,Western Digital,1,4490000,5200000,4490000,5,"Rất đáng tiền, chạy mượt mà, chính hãng 100%."
ORI-000936,ORD-250817-0699,HDD-001,SEAGATE-BARRACUDA-4TB,"Ổ cứng HDD Seagate Barracuda 4TB 3.5"" SATA 5400RPM",HDD - Ổ cứng cơ,Seagate,1,2190000,2500000,2190000,5,"Lắp đặt dễ dàng, chạy êm ái và mát mẻ. Shop hỗ trợ nhiệt tình."
ORI-000937,ORD-250915-0700,RAM-003,KINGSTON-FURY-DDR4-16GB-3200,RAM Kingston Fury Beast DDR4 16GB (2x8GB) 3200MHz,RAM - Bộ nhớ trong,Kingston,1,1290000,1500000,1290000,5,"Hàng chuẩn GearVN, nguyên seal mới cứng, bảo hành đầy đủ. Vote 5 sao!"
ORI-000938,ORD-260109-0701,COOL-003,DEEPCOOL-AK620-DIGITAL,"Tản nhiệt khí DeepCool AK620 Digital (Dual Tower, 2x120mm)",Tản nhiệt - Cooling,Deepcool,1,1490000,1800000,1490000,5,"Rất đáng tiền, chạy mượt mà, chính hãng 100%."
ORI-000939,ORD-251111-0702,COOL-003,DEEPCOOL-AK620-DIGITAL,"Tản nhiệt khí DeepCool AK620 Digital (Dual Tower, 2x120mm)",Tản nhiệt - Cooling,Deepcool,1,1490000,1800000,1490000,5,"Sản phẩm cực kỳ chất lượng, đóng gói cẩn thận, giao hàng nhanh."
ORI-000940,ORD-260131-0703,SSD-004,CRUCIAL-P5-PLUS-500GB,SSD Crucial P5 Plus 500GB NVMe M.2 PCIe Gen4,SSD - Ổ cứng thể rắn,Crucial,1,990000,1200000,990000,4,"Sản phẩm tốt, nhân viên tư vấn nhiệt tình, sẽ tiếp tục ủng hộ."
ORI-000941,ORD-250917-0704,PSU-002,SEASONIC-FOCUS-GX-850,Nguồn Seasonic Focus GX 850W 80 Plus Gold Full Modular,PSU - Nguồn máy tính,Seasonic,1,3290000,3800000,3290000,5,"Hàng chuẩn GearVN, nguyên seal mới cứng, bảo hành đầy đủ. Vote 5 sao!"
ORI-000942,ORD-251202-0705,CPU-003,INTEL-I5-14600K,"CPU Intel Core i5-14600K (3.5GHz Turbo 5.3GHz, 14 nhân 20 luồng)",CPU - Bộ vi xử lý,Intel,1,5490000,6200000,5490000,5,"Rất đáng tiền, chạy mượt mà, chính hãng 100%."
ORI-000943,ORD-260110-0706,PSU-002,SEASONIC-FOCUS-GX-850,Nguồn Seasonic Focus GX 850W 80 Plus Gold Full Modular,PSU - Nguồn máy tính,Seasonic,1,3290000,3800000,3290000,5,"Sản phẩm cực kỳ chất lượng, đóng gói cẩn thận, giao hàng nhanh."
ORI-000944,ORD-251108-0707,CPU-005,AMD-R7-7700X,"CPU AMD Ryzen 7 7700X (4.5GHz Turbo 5.4GHz, 8 nhân 16 luồng)",CPU - Bộ vi xử lý,AMD,1,6890000,7500000,6890000,4,"Sản phẩm tốt, nhân viên tư vấn nhiệt tình, sẽ tiếp tục ủng hộ."
ORI-000945,ORD-251108-0707,CPU-003,INTEL-I5-14600K,"CPU Intel Core i5-14600K (3.5GHz Turbo 5.3GHz, 14 nhân 20 luồng)",CPU - Bộ vi xử lý,Intel,1,5490000,6200000,5490000,3,"Dùng tạm ổn, nhưng vỏ hộp hơi móp méo khi vận chuyển."
ORI-000946,ORD-251103-0708,SSD-003,KINGSTON-KC3000-1TB,SSD Kingston KC3000 1TB NVMe M.2 PCIe Gen4,SSD - Ổ cứng thể rắn,Kingston,1,1890000,2200000,1890000,5,"Hàng chuẩn GearVN, nguyên seal mới cứng, bảo hành đầy đủ. Vote 5 sao!"
ORI-000947,ORD-260521-0709,RAM-003,KINGSTON-FURY-DDR4-16GB-3200,RAM Kingston Fury Beast DDR4 16GB (2x8GB) 3200MHz,RAM - Bộ nhớ trong,Kingston,1,1290000,1500000,1290000,5,"Rất đáng tiền, chạy mượt mà, chính hãng 100%."
ORI-000948,ORD-251129-0710,GPU-001,ASUS-ROG-RTX4090-24G,VGA ASUS ROG Strix GeForce RTX 4090 24GB GDDR6X OC,VGA - Card màn hình,ASUS,1,52990000,58000000,52990000,5,"Lắp đặt dễ dàng, chạy êm ái và mát mẻ. Shop hỗ trợ nhiệt tình."
ORI-000949,ORD-251129-0710,SSD-003,KINGSTON-KC3000-1TB,SSD Kingston KC3000 1TB NVMe M.2 PCIe Gen4,SSD - Ổ cứng thể rắn,Kingston,1,1890000,2200000,1890000,4,"Sản phẩm tốt, nhân viên tư vấn nhiệt tình, sẽ tiếp tục ủng hộ."
ORI-000950,ORD-250810-0711,KB-002,RAZER-BLACKWIDOW-V4-75,Bàn phím cơ Razer BlackWidow V4 75% (Razer Yellow Switch),Bàn phím - Keyboard,Razer,1,3290000,3800000,3290000,3,"Sản phẩm bình thường, không quá nổi bật, dịch vụ giao hàng ở mức trung bình."
ORI-000951,ORD-250729-0712,GPU-001,ASUS-ROG-RTX4090-24G,VGA ASUS ROG Strix GeForce RTX 4090 24GB GDDR6X OC,VGA - Card màn hình,ASUS,1,52990000,58000000,52990000,2,"Sản phẩm có dấu hiệu trầy xước nhẹ, giao hàng chậm, đóng gói sơ sài."
ORI-000952,ORD-260331-0713,HEADSET-001,CORSAIR-VIRTUOSO-RGB-XT,Tai nghe gaming Corsair Virtuoso RGB Wireless XT,Tai nghe - Headset,Corsair,1,4290000,5000000,4290000,4,"Sản phẩm dùng tốt, đúng mô tả, tuy nhiên giao hàng hơi trễ 1 ngày."
ORI-000953,ORD-260331-0713,FAN-001,LIANLI-UNI-FAN-AL120-3PACK,"Fan Case Lian Li UNI FAN AL120 RGB (3-Pack, Daisy-chain)",Fan - Quạt tản nhiệt,Lian Li,1,1490000,1800000,1490000,5,"Thiết kế đẹp mắt, hiệu năng vượt trội so với tầm giá. Rất hài lòng!"
ORI-000954,ORD-250626-0714,KB-002,RAZER-BLACKWIDOW-V4-75,Bàn phím cơ Razer BlackWidow V4 75% (Razer Yellow Switch),Bàn phím - Keyboard,Razer,1,3290000,3800000,3290000,3,"Dùng tạm ổn, nhưng vỏ hộp hơi móp méo khi vận chuyển."
ORI-000955,ORD-260213-0715,MB-003,GIGABYTE-X670E-AORUS-MASTER,"Mainboard GIGABYTE X670E AORUS Master (AM5, DDR5, ATX)",Mainboard - Bo mạch chủ,GIGABYTE,1,11490000,13000000,11490000,5,"Hàng chuẩn GearVN, nguyên seal mới cứng, bảo hành đầy đủ. Vote 5 sao!"
ORI-000956,ORD-260213-0716,CPU-002,INTEL-I7-14700K,"CPU Intel Core i7-14700K (3.4GHz Turbo 5.6GHz, 20 nhân 28 luồng)",CPU - Bộ vi xử lý,Intel,1,8490000,9500000,8490000,4,"Sản phẩm tốt, nhân viên tư vấn nhiệt tình, sẽ tiếp tục ủng hộ."
ORI-000957,ORD-260213-0716,RAM-002,GSKILL-DDR5-32GB-6000,RAM G.Skill Trident Z5 RGB DDR5 32GB (2x16GB) 6000MHz CL30,RAM - Bộ nhớ trong,G.Skill,1,3690000,4200000,3690000,4,"Chất lượng ổn áp, chạy ngon lành, đóng gói kỹ càng."
ORI-000958,ORD-251102-0717,CASE-002,JONSBO-D41-MESH,"Vỏ Case Jonsbo D41 Mesh Screen (Mid Tower, ATX, Màn hình LCD)",Case - Vỏ máy tính,Jonsbo,1,2290000,2600000,2290000,5,"Rất đáng tiền, chạy mượt mà, chính hãng 100%."
ORI-000959,ORD-250812-0718,KB-002,RAZER-BLACKWIDOW-V4-75,Bàn phím cơ Razer BlackWidow V4 75% (Razer Yellow Switch),Bàn phím - Keyboard,Razer,1,3290000,3800000,3290000,5,"Sản phẩm cực kỳ chất lượng, đóng gói cẩn thận, giao hàng nhanh."
ORI-000960,ORD-250819-0719,RAM-004,CORSAIR-DDR5-64GB-6400,RAM Corsair Vengeance DDR5 64GB (2x32GB) 6400MHz CL32,RAM - Bộ nhớ trong,Corsair,1,6490000,7500000,6490000,4,"Sản phẩm tốt, nhân viên tư vấn nhiệt tình, sẽ tiếp tục ủng hộ."
ORI-000961,ORD-260116-0720,GPU-003,GIGABYTE-RTX4070-SUPER-12G,VGA GIGABYTE GeForce RTX 4070 Super Gaming OC 12GB,VGA - Card màn hình,GIGABYTE,1,16490000,18500000,16490000,4,"Sản phẩm tốt, nhân viên tư vấn nhiệt tình, sẽ tiếp tục ủng hộ."
ORI-000962,ORD-260204-0721,MONITOR-002,SAMSUNG-ODYSSEY-G7-32-4K,"Màn hình Samsung Odyssey G7 32"" 4K UHD 144Hz IPS",Màn hình - Monitor,Samsung,1,12990000,15000000,12990000,5,"Lắp đặt dễ dàng, chạy êm ái và mát mẻ. Shop hỗ trợ nhiệt tình."
ORI-000963,ORD-251128-0722,HEADSET-001,CORSAIR-VIRTUOSO-RGB-XT,Tai nghe gaming Corsair Virtuoso RGB Wireless XT,Tai nghe - Headset,Corsair,1,4290000,5000000,4290000,5,"Hàng chuẩn GearVN, nguyên seal mới cứng, bảo hành đầy đủ. Vote 5 sao!"
ORI-000964,ORD-251128-0722,GPU-001,ASUS-ROG-RTX4090-24G,VGA ASUS ROG Strix GeForce RTX 4090 24GB GDDR6X OC,VGA - Card màn hình,ASUS,1,52990000,58000000,52990000,5,"Rất đáng tiền, chạy mượt mà, chính hãng 100%."
ORI-000965,ORD-260102-0723,GPU-005,MSI-RTX4060-TI-8G-VENTUS,VGA MSI GeForce RTX 4060 Ti 8G Ventus 2X OC,VGA - Card màn hình,MSI,1,9490000,11000000,9490000,5,"Lắp đặt dễ dàng, chạy êm ái và mát mẻ. Shop hỗ trợ nhiệt tình."
ORI-000966,ORD-260102-0723,HDD-001,SEAGATE-BARRACUDA-4TB,"Ổ cứng HDD Seagate Barracuda 4TB 3.5"" SATA 5400RPM",HDD - Ổ cứng cơ,Seagate,1,2190000,2500000,2190000,4,"Sản phẩm dùng tốt, đúng mô tả, tuy nhiên giao hàng hơi trễ 1 ngày."
ORI-000967,ORD-260619-0724,MB-002,MSI-MAG-Z790-TOMAHAWK,"Mainboard MSI MAG Z790 Tomahawk WiFi (LGA 1700, DDR5, ATX)",Mainboard - Bo mạch chủ,MSI,1,6990000,7800000,6990000,,
ORI-000968,ORD-260307-0725,CHAIR-001,SECRETLAB-TITAN-EVO-2022,"Ghế gaming Secretlab Titan Evo 2022 (SoftWeave Plus, Medium)",Ghế gaming - Gaming Chair,Secretlab,1,12990000,14500000,12990000,5,"Hàng chuẩn GearVN, nguyên seal mới cứng, bảo hành đầy đủ. Vote 5 sao!"
ORI-000969,ORD-260307-0725,SSD-002,WD-BLACK-SN850X-1TB,SSD WD Black SN850X 1TB NVMe M.2 PCIe Gen4,SSD - Ổ cứng thể rắn,Western Digital,1,2190000,2500000,2190000,4,"Sản phẩm dùng tốt, đúng mô tả, tuy nhiên giao hàng hơi trễ 1 ngày."
ORI-000970,ORD-260604-0726,CPU-004,AMD-R9-7950X,"CPU AMD Ryzen 9 7950X (4.5GHz Turbo 5.7GHz, 16 nhân 32 luồng)",CPU - Bộ vi xử lý,AMD,1,13490000,15000000,13490000,5,"Sản phẩm cực kỳ chất lượng, đóng gói cẩn thận, giao hàng nhanh."
ORI-000971,ORD-251015-0727,COOL-002,THERMALRIGHT-PHANTOM-SPIRIT-120,Tản nhiệt khí Thermalright Phantom Spirit 120 SE ARGB,Tản nhiệt - Cooling,Thermalright,1,990000,1200000,990000,5,"Thiết kế đẹp mắt, hiệu năng vượt trội so với tầm giá. Rất hài lòng!"
ORI-000972,ORD-250818-0728,GPU-001,ASUS-ROG-RTX4090-24G,VGA ASUS ROG Strix GeForce RTX 4090 24GB GDDR6X OC,VGA - Card màn hình,ASUS,1,52990000,58000000,52990000,5,"Thiết kế đẹp mắt, hiệu năng vượt trội so với tầm giá. Rất hài lòng!"
ORI-000973,ORD-260604-0729,PSU-001,CORSAIR-HX1000I-1000W,Nguồn Corsair HX1000i 1000W 80 Plus Platinum Full Modular,PSU - Nguồn máy tính,Corsair,1,4990000,5500000,4990000,4,"Chất lượng ổn áp, chạy ngon lành, đóng gói kỹ càng."
ORI-000974,ORD-260604-0729,CASE-001,LIANLI-PC-O11D-EVO,"Vỏ Case Lian Li PC-O11 Dynamic Evo (Mid Tower, ATX)",Case - Vỏ máy tính,Lian Li,1,3490000,3900000,3490000,5,"Thiết kế đẹp mắt, hiệu năng vượt trội so với tầm giá. Rất hài lòng!"
ORI-000975,ORD-260410-0730,GPU-005,MSI-RTX4060-TI-8G-VENTUS,VGA MSI GeForce RTX 4060 Ti 8G Ventus 2X OC,VGA - Card màn hình,MSI,1,9490000,11000000,9490000,3,Chất lượng sản phẩm ok nhưng tổng đài hỗ trợ kỹ thuật phản hồi hơi chậm.
ORI-000976,ORD-260410-0730,CPU-004,AMD-R9-7950X,"CPU AMD Ryzen 9 7950X (4.5GHz Turbo 5.7GHz, 16 nhân 32 luồng)",CPU - Bộ vi xử lý,AMD,1,13490000,15000000,13490000,5,"Rất đáng tiền, chạy mượt mà, chính hãng 100%."
ORI-000977,ORD-251114-0731,COOL-001,CORSAIR-H150I-ELITE-360MM,Tản nhiệt nước AIO Corsair iCUE H150i Elite LCD 360mm,Tản nhiệt - Cooling,Corsair,1,4490000,5000000,4490000,5,"Thiết kế đẹp mắt, hiệu năng vượt trội so với tầm giá. Rất hài lòng!"
ORI-000978,ORD-251114-0731,CHAIR-001,SECRETLAB-TITAN-EVO-2022,"Ghế gaming Secretlab Titan Evo 2022 (SoftWeave Plus, Medium)",Ghế gaming - Gaming Chair,Secretlab,1,12990000,14500000,12990000,5,"Thiết kế đẹp mắt, hiệu năng vượt trội so với tầm giá. Rất hài lòng!"
ORI-000979,ORD-251005-0732,CASE-002,JONSBO-D41-MESH,"Vỏ Case Jonsbo D41 Mesh Screen (Mid Tower, ATX, Màn hình LCD)",Case - Vỏ máy tính,Jonsbo,1,2290000,2600000,2290000,5,"Lắp đặt dễ dàng, chạy êm ái và mát mẻ. Shop hỗ trợ nhiệt tình."
ORI-000980,ORD-251005-0732,CPU-004,AMD-R9-7950X,"CPU AMD Ryzen 9 7950X (4.5GHz Turbo 5.7GHz, 16 nhân 32 luồng)",CPU - Bộ vi xử lý,AMD,1,13490000,15000000,13490000,5,"Lắp đặt dễ dàng, chạy êm ái và mát mẻ. Shop hỗ trợ nhiệt tình."
ORI-000981,ORD-251214-0733,MB-003,GIGABYTE-X670E-AORUS-MASTER,"Mainboard GIGABYTE X670E AORUS Master (AM5, DDR5, ATX)",Mainboard - Bo mạch chủ,GIGABYTE,1,11490000,13000000,11490000,4,"Sản phẩm tốt, nhân viên tư vấn nhiệt tình, sẽ tiếp tục ủng hộ."
ORI-000982,ORD-260309-0734,GPU-004,ASUS-RX7900XTX-24G,VGA ASUS TUF Gaming Radeon RX 7900 XTX OC 24GB,VGA - Card màn hình,ASUS,1,22990000,25000000,22990000,5,"Sản phẩm cực kỳ chất lượng, đóng gói cẩn thận, giao hàng nhanh."
ORI-000983,ORD-260309-0734,HDD-002,WD-RED-PLUS-8TB,"Ổ cứng HDD WD Red Plus 8TB 3.5"" SATA NAS",HDD - Ổ cứng cơ,Western Digital,1,4490000,5200000,4490000,5,"Rất đáng tiền, chạy mượt mà, chính hãng 100%."
ORI-000984,ORD-251113-0735,CPU-005,AMD-R7-7700X,"CPU AMD Ryzen 7 7700X (4.5GHz Turbo 5.4GHz, 8 nhân 16 luồng)",CPU - Bộ vi xử lý,AMD,1,6890000,7500000,6890000,5,"Hàng chuẩn GearVN, nguyên seal mới cứng, bảo hành đầy đủ. Vote 5 sao!"
ORI-000985,ORD-260317-0736,KB-001,CORSAIR-K100-RGB-OPX,Bàn phím cơ Corsair K100 RGB Optical-Mechanical (OPX Switch),Bàn phím - Keyboard,Corsair,1,5490000,6000000,5490000,5,"Hàng chuẩn GearVN, nguyên seal mới cứng, bảo hành đầy đủ. Vote 5 sao!"
ORI-000986,ORD-260426-0737,MONITOR-001,LG-27GP850P-27-QHD-165HZ,"Màn hình LG UltraGear 27GP850P-B 27"" QHD IPS 165Hz 1ms",Màn hình - Monitor,LG,1,8990000,10500000,8990000,5,"Sản phẩm cực kỳ chất lượng, đóng gói cẩn thận, giao hàng nhanh."
ORI-000987,ORD-260426-0737,HDD-002,WD-RED-PLUS-8TB,"Ổ cứng HDD WD Red Plus 8TB 3.5"" SATA NAS",HDD - Ổ cứng cơ,Western Digital,1,4490000,5200000,4490000,1,"Sản phẩm bị lỗi hỏng ngay khi bóc hộp, không lên nguồn. Dịch vụ tệ."
ORI-000988,ORD-251129-0738,SSD-002,WD-BLACK-SN850X-1TB,SSD WD Black SN850X 1TB NVMe M.2 PCIe Gen4,SSD - Ổ cứng thể rắn,Western Digital,1,2190000,2500000,2190000,,
ORI-000989,ORD-250824-0739,CASE-002,JONSBO-D41-MESH,"Vỏ Case Jonsbo D41 Mesh Screen (Mid Tower, ATX, Màn hình LCD)",Case - Vỏ máy tính,Jonsbo,1,2290000,2600000,2290000,5,"Sản phẩm cực kỳ chất lượng, đóng gói cẩn thận, giao hàng nhanh."
ORI-000990,ORD-251122-0740,SSD-003,KINGSTON-KC3000-1TB,SSD Kingston KC3000 1TB NVMe M.2 PCIe Gen4,SSD - Ổ cứng thể rắn,Kingston,1,1890000,2200000,1890000,5,"Lắp đặt dễ dàng, chạy êm ái và mát mẻ. Shop hỗ trợ nhiệt tình."
ORI-000991,ORD-251212-0741,CASE-002,JONSBO-D41-MESH,"Vỏ Case Jonsbo D41 Mesh Screen (Mid Tower, ATX, Màn hình LCD)",Case - Vỏ máy tính,Jonsbo,1,2290000,2600000,2290000,5,"Hàng chuẩn GearVN, nguyên seal mới cứng, bảo hành đầy đủ. Vote 5 sao!"
ORI-000992,ORD-260320-0742,COOL-003,DEEPCOOL-AK620-DIGITAL,"Tản nhiệt khí DeepCool AK620 Digital (Dual Tower, 2x120mm)",Tản nhiệt - Cooling,Deepcool,1,1490000,1800000,1490000,5,"Hàng chuẩn GearVN, nguyên seal mới cứng, bảo hành đầy đủ. Vote 5 sao!"
ORI-000993,ORD-251026-0743,SSD-002,WD-BLACK-SN850X-1TB,SSD WD Black SN850X 1TB NVMe M.2 PCIe Gen4,SSD - Ổ cứng thể rắn,Western Digital,1,2190000,2500000,2190000,5,"Lắp đặt dễ dàng, chạy êm ái và mát mẻ. Shop hỗ trợ nhiệt tình."
ORI-000994,ORD-251026-0743,CASE-002,JONSBO-D41-MESH,"Vỏ Case Jonsbo D41 Mesh Screen (Mid Tower, ATX, Màn hình LCD)",Case - Vỏ máy tính,Jonsbo,1,2290000,2600000,2290000,1,"Sản phẩm bị lỗi hỏng ngay khi bóc hộp, không lên nguồn. Dịch vụ tệ."
ORI-000995,ORD-250728-0744,MB-001,ASUS-ROG-MAXIMUS-Z790,"Mainboard ASUS ROG Maximus Z790 Hero (LGA 1700, DDR5, ATX)",Mainboard - Bo mạch chủ,ASUS,1,15990000,18000000,15990000,5,"Sản phẩm cực kỳ chất lượng, đóng gói cẩn thận, giao hàng nhanh."
ORI-000996,ORD-250807-0745,MB-002,MSI-MAG-Z790-TOMAHAWK,"Mainboard MSI MAG Z790 Tomahawk WiFi (LGA 1700, DDR5, ATX)",Mainboard - Bo mạch chủ,MSI,1,6990000,7800000,6990000,4,"Hiệu năng tốt trong tầm giá, dùng mượt mà không lỗi lầm gì."
ORI-000997,ORD-260305-0746,FAN-001,LIANLI-UNI-FAN-AL120-3PACK,"Fan Case Lian Li UNI FAN AL120 RGB (3-Pack, Daisy-chain)",Fan - Quạt tản nhiệt,Lian Li,1,1490000,1800000,1490000,5,"Lắp đặt dễ dàng, chạy êm ái và mát mẻ. Shop hỗ trợ nhiệt tình."
ORI-000998,ORD-260418-0747,HEADSET-001,CORSAIR-VIRTUOSO-RGB-XT,Tai nghe gaming Corsair Virtuoso RGB Wireless XT,Tai nghe - Headset,Corsair,1,4290000,5000000,4290000,5,"Rất đáng tiền, chạy mượt mà, chính hãng 100%."
ORI-000999,ORD-260418-0747,RAM-001,CORSAIR-DDR5-32GB-6000,RAM Corsair Dominator Titanium DDR5 32GB (2x16GB) 6000MHz,RAM - Bộ nhớ trong,Corsair,1,3990000,4500000,3990000,4,"Sản phẩm dùng tốt, đúng mô tả, tuy nhiên giao hàng hơi trễ 1 ngày."
ORI-001000,ORD-260103-0748,PSU-001,CORSAIR-HX1000I-1000W,Nguồn Corsair HX1000i 1000W 80 Plus Platinum Full Modular,PSU - Nguồn máy tính,Corsair,1,4990000,5500000,4990000,5,"Sản phẩm cực kỳ chất lượng, đóng gói cẩn thận, giao hàng nhanh."
ORI-001001,ORD-251226-0749,MONITOR-002,SAMSUNG-ODYSSEY-G7-32-4K,"Màn hình Samsung Odyssey G7 32"" 4K UHD 144Hz IPS",Màn hình - Monitor,Samsung,1,12990000,15000000,12990000,5,"Rất đáng tiền, chạy mượt mà, chính hãng 100%."
ORI-001002,ORD-251226-0749,RAM-001,CORSAIR-DDR5-32GB-6000,RAM Corsair Dominator Titanium DDR5 32GB (2x16GB) 6000MHz,RAM - Bộ nhớ trong,Corsair,1,3990000,4500000,3990000,5,"Rất đáng tiền, chạy mượt mà, chính hãng 100%."
ORI-001003,ORD-250807-0750,KB-002,RAZER-BLACKWIDOW-V4-75,Bàn phím cơ Razer BlackWidow V4 75% (Razer Yellow Switch),Bàn phím - Keyboard,Razer,1,3290000,3800000,3290000,5,"Lắp đặt dễ dàng, chạy êm ái và mát mẻ. Shop hỗ trợ nhiệt tình."
ORI-001004,ORD-250807-0750,MB-001,ASUS-ROG-MAXIMUS-Z790,"Mainboard ASUS ROG Maximus Z790 Hero (LGA 1700, DDR5, ATX)",Mainboard - Bo mạch chủ,ASUS,1,15990000,18000000,15990000,4,"Chất lượng ổn áp, chạy ngon lành, đóng gói kỹ càng."
ORI-001005,ORD-251219-0751,MONITOR-002,SAMSUNG-ODYSSEY-G7-32-4K,"Màn hình Samsung Odyssey G7 32"" 4K UHD 144Hz IPS",Màn hình - Monitor,Samsung,1,12990000,15000000,12990000,5,"Sản phẩm cực kỳ chất lượng, đóng gói cẩn thận, giao hàng nhanh."
ORI-001006,ORD-251219-0751,RAM-004,CORSAIR-DDR5-64GB-6400,RAM Corsair Vengeance DDR5 64GB (2x32GB) 6400MHz CL32,RAM - Bộ nhớ trong,Corsair,1,6490000,7500000,6490000,4,"Sản phẩm tốt, nhân viên tư vấn nhiệt tình, sẽ tiếp tục ủng hộ."
ORI-001007,ORD-251116-0752,SSD-001,SAMSUNG-980-PRO-2TB,SSD Samsung 980 Pro 2TB NVMe M.2 PCIe Gen4,SSD - Ổ cứng thể rắn,Samsung,1,3490000,3900000,3490000,5,"Sản phẩm cực kỳ chất lượng, đóng gói cẩn thận, giao hàng nhanh."
ORI-001008,ORD-251116-0752,PSU-001,CORSAIR-HX1000I-1000W,Nguồn Corsair HX1000i 1000W 80 Plus Platinum Full Modular,PSU - Nguồn máy tính,Corsair,1,4990000,5500000,4990000,5,"Sản phẩm cực kỳ chất lượng, đóng gói cẩn thận, giao hàng nhanh."
ORI-001009,ORD-260105-0753,KB-001,CORSAIR-K100-RGB-OPX,Bàn phím cơ Corsair K100 RGB Optical-Mechanical (OPX Switch),Bàn phím - Keyboard,Corsair,1,5490000,6000000,5490000,5,"Hàng chuẩn GearVN, nguyên seal mới cứng, bảo hành đầy đủ. Vote 5 sao!"
ORI-001010,ORD-260302-0754,SSD-002,WD-BLACK-SN850X-1TB,SSD WD Black SN850X 1TB NVMe M.2 PCIe Gen4,SSD - Ổ cứng thể rắn,Western Digital,1,2190000,2500000,2190000,5,"Thiết kế đẹp mắt, hiệu năng vượt trội so với tầm giá. Rất hài lòng!"
ORI-001011,ORD-250829-0755,MB-004,ASUS-TUF-B760M-PLUS-WIFI,"Mainboard ASUS TUF Gaming B760M-Plus WiFi (LGA 1700, DDR5, mATX)",Mainboard - Bo mạch chủ,ASUS,1,3990000,4500000,3990000,4,"Thiết kế đẹp, chạy mát, dịch vụ chăm sóc khách hàng khá tốt."
ORI-001012,ORD-250623-0756,RAM-001,CORSAIR-DDR5-32GB-6000,RAM Corsair Dominator Titanium DDR5 32GB (2x16GB) 6000MHz,RAM - Bộ nhớ trong,Corsair,1,3990000,4500000,3990000,2,"Giao sai phiên bản màu sắc, đang chờ shop đổi trả."
ORI-001013,ORD-260201-0757,GPU-003,GIGABYTE-RTX4070-SUPER-12G,VGA GIGABYTE GeForce RTX 4070 Super Gaming OC 12GB,VGA - Card màn hình,GIGABYTE,1,16490000,18500000,16490000,5,"Lắp đặt dễ dàng, chạy êm ái và mát mẻ. Shop hỗ trợ nhiệt tình."
ORI-001014,ORD-260201-0757,CPU-006,INTEL-I3-14100F,"CPU Intel Core i3-14100F (3.5GHz Turbo 4.7GHz, 4 nhân 8 luồng)",CPU - Bộ vi xử lý,Intel,1,2490000,2800000,2490000,5,"Thiết kế đẹp mắt, hiệu năng vượt trội so với tầm giá. Rất hài lòng!"
ORI-001015,ORD-250930-0758,CPU-001,INTEL-I9-14900K,"CPU Intel Core i9-14900K (3.2GHz Turbo 6.0GHz, 24 nhân 32 luồng)",CPU - Bộ vi xử lý,Intel,1,12990000,14500000,12990000,3,"Hiệu năng đủ dùng cho tác vụ cơ bản, nhiệt độ hơi ấm khi tải nặng."
ORI-001016,ORD-251117-0759,SSD-002,WD-BLACK-SN850X-1TB,SSD WD Black SN850X 1TB NVMe M.2 PCIe Gen4,SSD - Ổ cứng thể rắn,Western Digital,1,2190000,2500000,2190000,,
ORI-001017,ORD-251117-0759,RAM-003,KINGSTON-FURY-DDR4-16GB-3200,RAM Kingston Fury Beast DDR4 16GB (2x8GB) 3200MHz,RAM - Bộ nhớ trong,Kingston,1,1290000,1500000,1290000,,
ORI-001018,ORD-250720-0760,CPU-002,INTEL-I7-14700K,"CPU Intel Core i7-14700K (3.4GHz Turbo 5.6GHz, 20 nhân 28 luồng)",CPU - Bộ vi xử lý,Intel,1,8490000,9500000,8490000,5,"Thiết kế đẹp mắt, hiệu năng vượt trội so với tầm giá. Rất hài lòng!"
ORI-001019,ORD-260217-0761,MB-002,MSI-MAG-Z790-TOMAHAWK,"Mainboard MSI MAG Z790 Tomahawk WiFi (LGA 1700, DDR5, ATX)",Mainboard - Bo mạch chủ,MSI,1,6990000,7800000,6990000,5,"Hàng chuẩn GearVN, nguyên seal mới cứng, bảo hành đầy đủ. Vote 5 sao!"
ORI-001020,ORD-260209-0762,MB-001,ASUS-ROG-MAXIMUS-Z790,"Mainboard ASUS ROG Maximus Z790 Hero (LGA 1700, DDR5, ATX)",Mainboard - Bo mạch chủ,ASUS,1,15990000,18000000,15990000,4,"Chất lượng ổn áp, chạy ngon lành, đóng gói kỹ càng."
ORI-001021,ORD-260209-0762,HDD-002,WD-RED-PLUS-8TB,"Ổ cứng HDD WD Red Plus 8TB 3.5"" SATA NAS",HDD - Ổ cứng cơ,Western Digital,1,4490000,5200000,4490000,5,"Sản phẩm cực kỳ chất lượng, đóng gói cẩn thận, giao hàng nhanh."
ORI-001022,ORD-260524-0763,MONITOR-001,LG-27GP850P-27-QHD-165HZ,"Màn hình LG UltraGear 27GP850P-B 27"" QHD IPS 165Hz 1ms",Màn hình - Monitor,LG,1,8990000,10500000,8990000,5,"Sản phẩm cực kỳ chất lượng, đóng gói cẩn thận, giao hàng nhanh."
ORI-001023,ORD-260524-0763,GPU-003,GIGABYTE-RTX4070-SUPER-12G,VGA GIGABYTE GeForce RTX 4070 Super Gaming OC 12GB,VGA - Card màn hình,GIGABYTE,1,16490000,18500000,16490000,3,"Sản phẩm bình thường, không quá nổi bật, dịch vụ giao hàng ở mức trung bình."
ORI-001024,ORD-260602-0764,RAM-001,CORSAIR-DDR5-32GB-6000,RAM Corsair Dominator Titanium DDR5 32GB (2x16GB) 6000MHz,RAM - Bộ nhớ trong,Corsair,1,3990000,4500000,3990000,5,"Hàng chuẩn GearVN, nguyên seal mới cứng, bảo hành đầy đủ. Vote 5 sao!"
ORI-001025,ORD-260604-0765,CPU-001,INTEL-I9-14900K,"CPU Intel Core i9-14900K (3.2GHz Turbo 6.0GHz, 24 nhân 32 luồng)",CPU - Bộ vi xử lý,Intel,1,12990000,14500000,12990000,4,"Sản phẩm dùng tốt, đúng mô tả, tuy nhiên giao hàng hơi trễ 1 ngày."
ORI-001026,ORD-251031-0766,CPU-003,INTEL-I5-14600K,"CPU Intel Core i5-14600K (3.5GHz Turbo 5.3GHz, 14 nhân 20 luồng)",CPU - Bộ vi xử lý,Intel,1,5490000,6200000,5490000,5,"Sản phẩm cực kỳ chất lượng, đóng gói cẩn thận, giao hàng nhanh."
ORI-001027,ORD-260210-0767,HDD-002,WD-RED-PLUS-8TB,"Ổ cứng HDD WD Red Plus 8TB 3.5"" SATA NAS",HDD - Ổ cứng cơ,Western Digital,1,4490000,5200000,4490000,5,"Rất đáng tiền, chạy mượt mà, chính hãng 100%."
ORI-001028,ORD-260116-0768,RAM-002,GSKILL-DDR5-32GB-6000,RAM G.Skill Trident Z5 RGB DDR5 32GB (2x16GB) 6000MHz CL30,RAM - Bộ nhớ trong,G.Skill,1,3690000,4200000,3690000,5,"Sản phẩm cực kỳ chất lượng, đóng gói cẩn thận, giao hàng nhanh."
ORI-001029,ORD-260116-0768,MB-001,ASUS-ROG-MAXIMUS-Z790,"Mainboard ASUS ROG Maximus Z790 Hero (LGA 1700, DDR5, ATX)",Mainboard - Bo mạch chủ,ASUS,1,15990000,18000000,15990000,5,"Sản phẩm cực kỳ chất lượng, đóng gói cẩn thận, giao hàng nhanh."
ORI-001030,ORD-260131-0769,MONITOR-001,LG-27GP850P-27-QHD-165HZ,"Màn hình LG UltraGear 27GP850P-B 27"" QHD IPS 165Hz 1ms",Màn hình - Monitor,LG,1,8990000,10500000,8990000,5,"Sản phẩm cực kỳ chất lượng, đóng gói cẩn thận, giao hàng nhanh."
ORI-001031,ORD-250907-0770,COOL-001,CORSAIR-H150I-ELITE-360MM,Tản nhiệt nước AIO Corsair iCUE H150i Elite LCD 360mm,Tản nhiệt - Cooling,Corsair,1,4490000,5000000,4490000,5,"Sản phẩm cực kỳ chất lượng, đóng gói cẩn thận, giao hàng nhanh."
ORI-001032,ORD-250918-0771,PSU-001,CORSAIR-HX1000I-1000W,Nguồn Corsair HX1000i 1000W 80 Plus Platinum Full Modular,PSU - Nguồn máy tính,Corsair,1,4990000,5500000,4990000,5,"Hàng chuẩn GearVN, nguyên seal mới cứng, bảo hành đầy đủ. Vote 5 sao!"
ORI-001033,ORD-251116-0772,FAN-002,NOCTUA-NF-A12X25-PWM,Fan Case Noctua NF-A12x25 PWM 120mm (Hiệu suất cao),Fan - Quạt tản nhiệt,Noctua,1,990000,1200000,990000,5,"Sản phẩm cực kỳ chất lượng, đóng gói cẩn thận, giao hàng nhanh."
ORI-001034,ORD-251116-0772,SSD-003,KINGSTON-KC3000-1TB,SSD Kingston KC3000 1TB NVMe M.2 PCIe Gen4,SSD - Ổ cứng thể rắn,Kingston,1,1890000,2200000,1890000,2,"Sản phẩm có dấu hiệu trầy xước nhẹ, giao hàng chậm, đóng gói sơ sài."
ORI-001035,ORD-260414-0773,FAN-002,NOCTUA-NF-A12X25-PWM,Fan Case Noctua NF-A12x25 PWM 120mm (Hiệu suất cao),Fan - Quạt tản nhiệt,Noctua,1,990000,1200000,990000,5,"Rất đáng tiền, chạy mượt mà, chính hãng 100%."
ORI-001036,ORD-260128-0774,FAN-001,LIANLI-UNI-FAN-AL120-3PACK,"Fan Case Lian Li UNI FAN AL120 RGB (3-Pack, Daisy-chain)",Fan - Quạt tản nhiệt,Lian Li,1,1490000,1800000,1490000,5,"Rất đáng tiền, chạy mượt mà, chính hãng 100%."
ORI-001037,ORD-260615-0775,RAM-002,GSKILL-DDR5-32GB-6000,RAM G.Skill Trident Z5 RGB DDR5 32GB (2x16GB) 6000MHz CL30,RAM - Bộ nhớ trong,G.Skill,1,3690000,4200000,3690000,5,"Sản phẩm cực kỳ chất lượng, đóng gói cẩn thận, giao hàng nhanh."
ORI-001038,ORD-250912-0776,MOUSE-002,RAZER-DEATHADDER-V3-HTE,Chuột gaming Razer DeathAdder V3 HyperSpeed (Không dây),Chuột - Mouse,Razer,1,1890000,2200000,1890000,5,"Hàng chuẩn GearVN, nguyên seal mới cứng, bảo hành đầy đủ. Vote 5 sao!"
ORI-001039,ORD-260418-0777,MONITOR-001,LG-27GP850P-27-QHD-165HZ,"Màn hình LG UltraGear 27GP850P-B 27"" QHD IPS 165Hz 1ms",Màn hình - Monitor,LG,1,8990000,10500000,8990000,5,"Lắp đặt dễ dàng, chạy êm ái và mát mẻ. Shop hỗ trợ nhiệt tình."
ORI-001040,ORD-250826-0778,MONITOR-001,LG-27GP850P-27-QHD-165HZ,"Màn hình LG UltraGear 27GP850P-B 27"" QHD IPS 165Hz 1ms",Màn hình - Monitor,LG,1,8990000,10500000,8990000,3,Chất lượng sản phẩm ok nhưng tổng đài hỗ trợ kỹ thuật phản hồi hơi chậm.
ORI-001041,ORD-260207-0779,FAN-001,LIANLI-UNI-FAN-AL120-3PACK,"Fan Case Lian Li UNI FAN AL120 RGB (3-Pack, Daisy-chain)",Fan - Quạt tản nhiệt,Lian Li,1,1490000,1800000,1490000,4,"Hiệu năng tốt trong tầm giá, dùng mượt mà không lỗi lầm gì."
ORI-001042,ORD-260507-0780,CASE-002,JONSBO-D41-MESH,"Vỏ Case Jonsbo D41 Mesh Screen (Mid Tower, ATX, Màn hình LCD)",Case - Vỏ máy tính,Jonsbo,1,2290000,2600000,2290000,5,"Sản phẩm cực kỳ chất lượng, đóng gói cẩn thận, giao hàng nhanh."
ORI-001043,ORD-251216-0781,CASE-001,LIANLI-PC-O11D-EVO,"Vỏ Case Lian Li PC-O11 Dynamic Evo (Mid Tower, ATX)",Case - Vỏ máy tính,Lian Li,1,3490000,3900000,3490000,3,"Hiệu năng đủ dùng cho tác vụ cơ bản, nhiệt độ hơi ấm khi tải nặng."
ORI-001044,ORD-251124-0782,RAM-001,CORSAIR-DDR5-32GB-6000,RAM Corsair Dominator Titanium DDR5 32GB (2x16GB) 6000MHz,RAM - Bộ nhớ trong,Corsair,1,3990000,4500000,3990000,5,"Rất đáng tiền, chạy mượt mà, chính hãng 100%."
ORI-001045,ORD-251124-0782,SSD-003,KINGSTON-KC3000-1TB,SSD Kingston KC3000 1TB NVMe M.2 PCIe Gen4,SSD - Ổ cứng thể rắn,Kingston,1,1890000,2200000,1890000,5,"Hàng chuẩn GearVN, nguyên seal mới cứng, bảo hành đầy đủ. Vote 5 sao!"
ORI-001046,ORD-251201-0783,SSD-002,WD-BLACK-SN850X-1TB,SSD WD Black SN850X 1TB NVMe M.2 PCIe Gen4,SSD - Ổ cứng thể rắn,Western Digital,1,2190000,2500000,2190000,5,"Rất đáng tiền, chạy mượt mà, chính hãng 100%."
ORI-001047,ORD-251201-0783,CASE-001,LIANLI-PC-O11D-EVO,"Vỏ Case Lian Li PC-O11 Dynamic Evo (Mid Tower, ATX)",Case - Vỏ máy tính,Lian Li,1,3490000,3900000,3490000,5,"Lắp đặt dễ dàng, chạy êm ái và mát mẻ. Shop hỗ trợ nhiệt tình."
ORI-001048,ORD-260615-0784,CHAIR-001,SECRETLAB-TITAN-EVO-2022,"Ghế gaming Secretlab Titan Evo 2022 (SoftWeave Plus, Medium)",Ghế gaming - Gaming Chair,Secretlab,1,12990000,14500000,12990000,5,"Thiết kế đẹp mắt, hiệu năng vượt trội so với tầm giá. Rất hài lòng!"
ORI-001049,ORD-250903-0785,CPU-003,INTEL-I5-14600K,"CPU Intel Core i5-14600K (3.5GHz Turbo 5.3GHz, 14 nhân 20 luồng)",CPU - Bộ vi xử lý,Intel,1,5490000,6200000,5490000,5,"Sản phẩm cực kỳ chất lượng, đóng gói cẩn thận, giao hàng nhanh."
ORI-001050,ORD-250903-0785,CPU-004,AMD-R9-7950X,"CPU AMD Ryzen 9 7950X (4.5GHz Turbo 5.7GHz, 16 nhân 32 luồng)",CPU - Bộ vi xử lý,AMD,1,13490000,15000000,13490000,5,"Rất đáng tiền, chạy mượt mà, chính hãng 100%."
ORI-001051,ORD-260604-0786,RAM-001,CORSAIR-DDR5-32GB-6000,RAM Corsair Dominator Titanium DDR5 32GB (2x16GB) 6000MHz,RAM - Bộ nhớ trong,Corsair,1,3990000,4500000,3990000,5,"Thiết kế đẹp mắt, hiệu năng vượt trội so với tầm giá. Rất hài lòng!"
ORI-001052,ORD-260604-0786,MB-004,ASUS-TUF-B760M-PLUS-WIFI,"Mainboard ASUS TUF Gaming B760M-Plus WiFi (LGA 1700, DDR5, mATX)",Mainboard - Bo mạch chủ,ASUS,1,3990000,4500000,3990000,3,"Hiệu năng đủ dùng cho tác vụ cơ bản, nhiệt độ hơi ấm khi tải nặng."
ORI-001053,ORD-251109-0787,PSU-002,SEASONIC-FOCUS-GX-850,Nguồn Seasonic Focus GX 850W 80 Plus Gold Full Modular,PSU - Nguồn máy tính,Seasonic,1,3290000,3800000,3290000,5,"Rất đáng tiền, chạy mượt mà, chính hãng 100%."
ORI-001054,ORD-250730-0788,SSD-001,SAMSUNG-980-PRO-2TB,SSD Samsung 980 Pro 2TB NVMe M.2 PCIe Gen4,SSD - Ổ cứng thể rắn,Samsung,1,3490000,3900000,3490000,5,"Rất đáng tiền, chạy mượt mà, chính hãng 100%."
ORI-001055,ORD-260219-0789,RAM-003,KINGSTON-FURY-DDR4-16GB-3200,RAM Kingston Fury Beast DDR4 16GB (2x8GB) 3200MHz,RAM - Bộ nhớ trong,Kingston,1,1290000,1500000,1290000,2,"Hiệu năng không đúng như quảng cáo, hay bị sụt nguồn đột ngột."
ORI-001056,ORD-251117-0790,RAM-002,GSKILL-DDR5-32GB-6000,RAM G.Skill Trident Z5 RGB DDR5 32GB (2x16GB) 6000MHz CL30,RAM - Bộ nhớ trong,G.Skill,1,3690000,4200000,3690000,5,"Thiết kế đẹp mắt, hiệu năng vượt trội so với tầm giá. Rất hài lòng!"
ORI-001057,ORD-250804-0791,CPU-004,AMD-R9-7950X,"CPU AMD Ryzen 9 7950X (4.5GHz Turbo 5.7GHz, 16 nhân 32 luồng)",CPU - Bộ vi xử lý,AMD,1,13490000,15000000,13490000,5,"Lắp đặt dễ dàng, chạy êm ái và mát mẻ. Shop hỗ trợ nhiệt tình."
ORI-001058,ORD-250804-0791,PSU-003,COOLERMASTER-V750-GOLD,Nguồn Cooler Master MWE Gold 750W 80 Plus Gold Full Modular,PSU - Nguồn máy tính,Cooler Master,1,2490000,2900000,2490000,1,"Sản phẩm bị lỗi hỏng ngay khi bóc hộp, không lên nguồn. Dịch vụ tệ."
ORI-001059,ORD-260219-0792,KB-001,CORSAIR-K100-RGB-OPX,Bàn phím cơ Corsair K100 RGB Optical-Mechanical (OPX Switch),Bàn phím - Keyboard,Corsair,1,5490000,6000000,5490000,5,"Thiết kế đẹp mắt, hiệu năng vượt trội so với tầm giá. Rất hài lòng!"
ORI-001060,ORD-260219-0792,MONITOR-001,LG-27GP850P-27-QHD-165HZ,"Màn hình LG UltraGear 27GP850P-B 27"" QHD IPS 165Hz 1ms",Màn hình - Monitor,LG,1,8990000,10500000,8990000,5,"Thiết kế đẹp mắt, hiệu năng vượt trội so với tầm giá. Rất hài lòng!"
ORI-001061,ORD-251219-0793,PSU-001,CORSAIR-HX1000I-1000W,Nguồn Corsair HX1000i 1000W 80 Plus Platinum Full Modular,PSU - Nguồn máy tính,Corsair,1,4990000,5500000,4990000,5,"Rất đáng tiền, chạy mượt mà, chính hãng 100%."
ORI-001062,ORD-250911-0794,GPU-004,ASUS-RX7900XTX-24G,VGA ASUS TUF Gaming Radeon RX 7900 XTX OC 24GB,VGA - Card màn hình,ASUS,1,22990000,25000000,22990000,4,"Sản phẩm dùng tốt, đúng mô tả, tuy nhiên giao hàng hơi trễ 1 ngày."
ORI-001063,ORD-250928-0795,SSD-002,WD-BLACK-SN850X-1TB,SSD WD Black SN850X 1TB NVMe M.2 PCIe Gen4,SSD - Ổ cứng thể rắn,Western Digital,1,2190000,2500000,2190000,5,"Thiết kế đẹp mắt, hiệu năng vượt trội so với tầm giá. Rất hài lòng!"
ORI-001064,ORD-260128-0796,MONITOR-002,SAMSUNG-ODYSSEY-G7-32-4K,"Màn hình Samsung Odyssey G7 32"" 4K UHD 144Hz IPS",Màn hình - Monitor,Samsung,1,12990000,15000000,12990000,5,"Sản phẩm cực kỳ chất lượng, đóng gói cẩn thận, giao hàng nhanh."
ORI-001065,ORD-260128-0796,CPU-004,AMD-R9-7950X,"CPU AMD Ryzen 9 7950X (4.5GHz Turbo 5.7GHz, 16 nhân 32 luồng)",CPU - Bộ vi xử lý,AMD,1,13490000,15000000,13490000,4,"Sản phẩm tốt, nhân viên tư vấn nhiệt tình, sẽ tiếp tục ủng hộ."
ORI-001066,ORD-260308-0797,CPU-006,INTEL-I3-14100F,"CPU Intel Core i3-14100F (3.5GHz Turbo 4.7GHz, 4 nhân 8 luồng)",CPU - Bộ vi xử lý,Intel,1,2490000,2800000,2490000,5,"Sản phẩm cực kỳ chất lượng, đóng gói cẩn thận, giao hàng nhanh."
ORI-001067,ORD-260216-0798,SSD-004,CRUCIAL-P5-PLUS-500GB,SSD Crucial P5 Plus 500GB NVMe M.2 PCIe Gen4,SSD - Ổ cứng thể rắn,Crucial,1,990000,1200000,990000,5,"Hàng chuẩn GearVN, nguyên seal mới cứng, bảo hành đầy đủ. Vote 5 sao!"
ORI-001068,ORD-260207-0799,COOL-002,THERMALRIGHT-PHANTOM-SPIRIT-120,Tản nhiệt khí Thermalright Phantom Spirit 120 SE ARGB,Tản nhiệt - Cooling,Thermalright,1,990000,1200000,990000,5,"Hàng chuẩn GearVN, nguyên seal mới cứng, bảo hành đầy đủ. Vote 5 sao!"
ORI-001069,ORD-250623-0800,FAN-002,NOCTUA-NF-A12X25-PWM,Fan Case Noctua NF-A12x25 PWM 120mm (Hiệu suất cao),Fan - Quạt tản nhiệt,Noctua,1,990000,1200000,990000,5,"Lắp đặt dễ dàng, chạy êm ái và mát mẻ. Shop hỗ trợ nhiệt tình."
ORI-001070,ORD-251113-0801,RAM-001,CORSAIR-DDR5-32GB-6000,RAM Corsair Dominator Titanium DDR5 32GB (2x16GB) 6000MHz,RAM - Bộ nhớ trong,Corsair,1,3990000,4500000,3990000,5,"Sản phẩm cực kỳ chất lượng, đóng gói cẩn thận, giao hàng nhanh."
ORI-001071,ORD-260223-0802,CPU-001,INTEL-I9-14900K,"CPU Intel Core i9-14900K (3.2GHz Turbo 6.0GHz, 24 nhân 32 luồng)",CPU - Bộ vi xử lý,Intel,1,12990000,14500000,12990000,4,"Sản phẩm tốt, nhân viên tư vấn nhiệt tình, sẽ tiếp tục ủng hộ."
ORI-001072,ORD-260223-0802,GPU-001,ASUS-ROG-RTX4090-24G,VGA ASUS ROG Strix GeForce RTX 4090 24GB GDDR6X OC,VGA - Card màn hình,ASUS,1,52990000,58000000,52990000,5,"Rất đáng tiền, chạy mượt mà, chính hãng 100%."
ORI-001073,ORD-260208-0803,MONITOR-002,SAMSUNG-ODYSSEY-G7-32-4K,"Màn hình Samsung Odyssey G7 32"" 4K UHD 144Hz IPS",Màn hình - Monitor,Samsung,1,12990000,15000000,12990000,5,"Lắp đặt dễ dàng, chạy êm ái và mát mẻ. Shop hỗ trợ nhiệt tình."
ORI-001074,ORD-260208-0803,GPU-001,ASUS-ROG-RTX4090-24G,VGA ASUS ROG Strix GeForce RTX 4090 24GB GDDR6X OC,VGA - Card màn hình,ASUS,1,52990000,58000000,52990000,5,"Lắp đặt dễ dàng, chạy êm ái và mát mẻ. Shop hỗ trợ nhiệt tình."
ORI-001075,ORD-251128-0804,CPU-005,AMD-R7-7700X,"CPU AMD Ryzen 7 7700X (4.5GHz Turbo 5.4GHz, 8 nhân 16 luồng)",CPU - Bộ vi xử lý,AMD,1,6890000,7500000,6890000,3,"Sản phẩm bình thường, không quá nổi bật, dịch vụ giao hàng ở mức trung bình."
ORI-001076,ORD-260106-0805,RAM-002,GSKILL-DDR5-32GB-6000,RAM G.Skill Trident Z5 RGB DDR5 32GB (2x16GB) 6000MHz CL30,RAM - Bộ nhớ trong,G.Skill,1,3690000,4200000,3690000,5,"Hàng chuẩn GearVN, nguyên seal mới cứng, bảo hành đầy đủ. Vote 5 sao!"
ORI-001077,ORD-260106-0805,MONITOR-001,LG-27GP850P-27-QHD-165HZ,"Màn hình LG UltraGear 27GP850P-B 27"" QHD IPS 165Hz 1ms",Màn hình - Monitor,LG,1,8990000,10500000,8990000,4,"Chất lượng ổn áp, chạy ngon lành, đóng gói kỹ càng."
ORI-001078,ORD-250629-0806,HEADSET-001,CORSAIR-VIRTUOSO-RGB-XT,Tai nghe gaming Corsair Virtuoso RGB Wireless XT,Tai nghe - Headset,Corsair,1,4290000,5000000,4290000,5,"Sản phẩm cực kỳ chất lượng, đóng gói cẩn thận, giao hàng nhanh."
ORI-001079,ORD-250629-0806,PSU-001,CORSAIR-HX1000I-1000W,Nguồn Corsair HX1000i 1000W 80 Plus Platinum Full Modular,PSU - Nguồn máy tính,Corsair,1,4990000,5500000,4990000,4,"Thiết kế đẹp, chạy mát, dịch vụ chăm sóc khách hàng khá tốt."
ORI-001080,ORD-260222-0807,CHAIR-001,SECRETLAB-TITAN-EVO-2022,"Ghế gaming Secretlab Titan Evo 2022 (SoftWeave Plus, Medium)",Ghế gaming - Gaming Chair,Secretlab,1,12990000,14500000,12990000,,
ORI-001081,ORD-260220-0808,MB-003,GIGABYTE-X670E-AORUS-MASTER,"Mainboard GIGABYTE X670E AORUS Master (AM5, DDR5, ATX)",Mainboard - Bo mạch chủ,GIGABYTE,1,11490000,13000000,11490000,4,"Sản phẩm dùng tốt, đúng mô tả, tuy nhiên giao hàng hơi trễ 1 ngày."
ORI-001082,ORD-260220-0808,SSD-003,KINGSTON-KC3000-1TB,SSD Kingston KC3000 1TB NVMe M.2 PCIe Gen4,SSD - Ổ cứng thể rắn,Kingston,1,1890000,2200000,1890000,5,"Rất đáng tiền, chạy mượt mà, chính hãng 100%."
ORI-001083,ORD-251229-0809,CPU-005,AMD-R7-7700X,"CPU AMD Ryzen 7 7700X (4.5GHz Turbo 5.4GHz, 8 nhân 16 luồng)",CPU - Bộ vi xử lý,AMD,1,6890000,7500000,6890000,5,"Hàng chuẩn GearVN, nguyên seal mới cứng, bảo hành đầy đủ. Vote 5 sao!"
ORI-001084,ORD-251229-0809,MOUSE-001,LOGITECH-G-PRO-X-SUPERLIGHT2,"Chuột gaming Logitech G Pro X Superlight 2 (Không dây, 32000 DPI)",Chuột - Mouse,Logitech,1,3390000,3800000,3390000,5,"Sản phẩm cực kỳ chất lượng, đóng gói cẩn thận, giao hàng nhanh."
ORI-001085,ORD-251216-0810,MOUSE-002,RAZER-DEATHADDER-V3-HTE,Chuột gaming Razer DeathAdder V3 HyperSpeed (Không dây),Chuột - Mouse,Razer,1,1890000,2200000,1890000,5,"Thiết kế đẹp mắt, hiệu năng vượt trội so với tầm giá. Rất hài lòng!"
ORI-001086,ORD-260127-0811,MB-002,MSI-MAG-Z790-TOMAHAWK,"Mainboard MSI MAG Z790 Tomahawk WiFi (LGA 1700, DDR5, ATX)",Mainboard - Bo mạch chủ,MSI,1,6990000,7800000,6990000,5,"Thiết kế đẹp mắt, hiệu năng vượt trội so với tầm giá. Rất hài lòng!"
ORI-001087,ORD-260519-0812,MOUSE-001,LOGITECH-G-PRO-X-SUPERLIGHT2,"Chuột gaming Logitech G Pro X Superlight 2 (Không dây, 32000 DPI)",Chuột - Mouse,Logitech,1,3390000,3800000,3390000,5,"Rất đáng tiền, chạy mượt mà, chính hãng 100%."
ORI-001088,ORD-260525-0813,FAN-002,NOCTUA-NF-A12X25-PWM,Fan Case Noctua NF-A12x25 PWM 120mm (Hiệu suất cao),Fan - Quạt tản nhiệt,Noctua,1,990000,1200000,990000,4,"Sản phẩm dùng tốt, đúng mô tả, tuy nhiên giao hàng hơi trễ 1 ngày."
ORI-001089,ORD-251118-0814,GPU-003,GIGABYTE-RTX4070-SUPER-12G,VGA GIGABYTE GeForce RTX 4070 Super Gaming OC 12GB,VGA - Card màn hình,GIGABYTE,1,16490000,18500000,16490000,5,"Lắp đặt dễ dàng, chạy êm ái và mát mẻ. Shop hỗ trợ nhiệt tình."
ORI-001090,ORD-251118-0815,FAN-001,LIANLI-UNI-FAN-AL120-3PACK,"Fan Case Lian Li UNI FAN AL120 RGB (3-Pack, Daisy-chain)",Fan - Quạt tản nhiệt,Lian Li,1,1490000,1800000,1490000,3,Chất lượng sản phẩm ok nhưng tổng đài hỗ trợ kỹ thuật phản hồi hơi chậm.
ORI-001091,ORD-250707-0816,SSD-002,WD-BLACK-SN850X-1TB,SSD WD Black SN850X 1TB NVMe M.2 PCIe Gen4,SSD - Ổ cứng thể rắn,Western Digital,1,2190000,2500000,2190000,5,"Sản phẩm cực kỳ chất lượng, đóng gói cẩn thận, giao hàng nhanh."
ORI-001092,ORD-260103-0817,GPU-002,MSI-RTX4080-SUPER-16G,VGA MSI GeForce RTX 4080 Super 16GB Gaming X Slim,VGA - Card màn hình,MSI,1,26990000,30000000,26990000,3,Chất lượng sản phẩm ok nhưng tổng đài hỗ trợ kỹ thuật phản hồi hơi chậm.
ORI-001093,ORD-260103-0817,SSD-004,CRUCIAL-P5-PLUS-500GB,SSD Crucial P5 Plus 500GB NVMe M.2 PCIe Gen4,SSD - Ổ cứng thể rắn,Crucial,1,990000,1200000,990000,4,"Thiết kế đẹp, chạy mát, dịch vụ chăm sóc khách hàng khá tốt."
ORI-001094,ORD-260605-0818,GPU-003,GIGABYTE-RTX4070-SUPER-12G,VGA GIGABYTE GeForce RTX 4070 Super Gaming OC 12GB,VGA - Card màn hình,GIGABYTE,1,16490000,18500000,16490000,5,"Rất đáng tiền, chạy mượt mà, chính hãng 100%."
ORI-001095,ORD-250725-0819,SSD-004,CRUCIAL-P5-PLUS-500GB,SSD Crucial P5 Plus 500GB NVMe M.2 PCIe Gen4,SSD - Ổ cứng thể rắn,Crucial,1,990000,1200000,990000,5,"Thiết kế đẹp mắt, hiệu năng vượt trội so với tầm giá. Rất hài lòng!"
ORI-001096,ORD-251211-0820,CPU-003,INTEL-I5-14600K,"CPU Intel Core i5-14600K (3.5GHz Turbo 5.3GHz, 14 nhân 20 luồng)",CPU - Bộ vi xử lý,Intel,1,5490000,6200000,5490000,4,"Chất lượng ổn áp, chạy ngon lành, đóng gói kỹ càng."
ORI-001097,ORD-251120-0821,SSD-003,KINGSTON-KC3000-1TB,SSD Kingston KC3000 1TB NVMe M.2 PCIe Gen4,SSD - Ổ cứng thể rắn,Kingston,1,1890000,2200000,1890000,5,"Sản phẩm cực kỳ chất lượng, đóng gói cẩn thận, giao hàng nhanh."
ORI-001098,ORD-251120-0821,GPU-001,ASUS-ROG-RTX4090-24G,VGA ASUS ROG Strix GeForce RTX 4090 24GB GDDR6X OC,VGA - Card màn hình,ASUS,1,52990000,58000000,52990000,5,"Sản phẩm cực kỳ chất lượng, đóng gói cẩn thận, giao hàng nhanh."
ORI-001099,ORD-250704-0822,KB-001,CORSAIR-K100-RGB-OPX,Bàn phím cơ Corsair K100 RGB Optical-Mechanical (OPX Switch),Bàn phím - Keyboard,Corsair,1,5490000,6000000,5490000,5,"Thiết kế đẹp mắt, hiệu năng vượt trội so với tầm giá. Rất hài lòng!"
ORI-001100,ORD-250704-0822,MOUSE-002,RAZER-DEATHADDER-V3-HTE,Chuột gaming Razer DeathAdder V3 HyperSpeed (Không dây),Chuột - Mouse,Razer,1,1890000,2200000,1890000,4,"Hiệu năng tốt trong tầm giá, dùng mượt mà không lỗi lầm gì."
ORI-001101,ORD-250908-0823,SSD-002,WD-BLACK-SN850X-1TB,SSD WD Black SN850X 1TB NVMe M.2 PCIe Gen4,SSD - Ổ cứng thể rắn,Western Digital,1,2190000,2500000,2190000,5,"Hàng chuẩn GearVN, nguyên seal mới cứng, bảo hành đầy đủ. Vote 5 sao!"
ORI-001102,ORD-251010-0824,GPU-004,ASUS-RX7900XTX-24G,VGA ASUS TUF Gaming Radeon RX 7900 XTX OC 24GB,VGA - Card màn hình,ASUS,1,22990000,25000000,22990000,4,"Hiệu năng tốt trong tầm giá, dùng mượt mà không lỗi lầm gì."
ORI-001103,ORD-251129-0825,SSD-004,CRUCIAL-P5-PLUS-500GB,SSD Crucial P5 Plus 500GB NVMe M.2 PCIe Gen4,SSD - Ổ cứng thể rắn,Crucial,1,990000,1200000,990000,5,"Thiết kế đẹp mắt, hiệu năng vượt trội so với tầm giá. Rất hài lòng!"
ORI-001104,ORD-251129-0825,PSU-002,SEASONIC-FOCUS-GX-850,Nguồn Seasonic Focus GX 850W 80 Plus Gold Full Modular,PSU - Nguồn máy tính,Seasonic,1,3290000,3800000,3290000,5,"Sản phẩm cực kỳ chất lượng, đóng gói cẩn thận, giao hàng nhanh."
ORI-001105,ORD-250913-0826,KB-001,CORSAIR-K100-RGB-OPX,Bàn phím cơ Corsair K100 RGB Optical-Mechanical (OPX Switch),Bàn phím - Keyboard,Corsair,1,5490000,6000000,5490000,3,"Sản phẩm bình thường, không quá nổi bật, dịch vụ giao hàng ở mức trung bình."
ORI-001106,ORD-260527-0827,SSD-001,SAMSUNG-980-PRO-2TB,SSD Samsung 980 Pro 2TB NVMe M.2 PCIe Gen4,SSD - Ổ cứng thể rắn,Samsung,1,3490000,3900000,3490000,5,"Rất đáng tiền, chạy mượt mà, chính hãng 100%."
ORI-001107,ORD-260313-0828,RAM-002,GSKILL-DDR5-32GB-6000,RAM G.Skill Trident Z5 RGB DDR5 32GB (2x16GB) 6000MHz CL30,RAM - Bộ nhớ trong,G.Skill,1,3690000,4200000,3690000,5,"Rất đáng tiền, chạy mượt mà, chính hãng 100%."
ORI-001108,ORD-260125-0829,MONITOR-002,SAMSUNG-ODYSSEY-G7-32-4K,"Màn hình Samsung Odyssey G7 32"" 4K UHD 144Hz IPS",Màn hình - Monitor,Samsung,1,12990000,15000000,12990000,5,"Rất đáng tiền, chạy mượt mà, chính hãng 100%."
ORI-001109,ORD-260125-0829,CPU-006,INTEL-I3-14100F,"CPU Intel Core i3-14100F (3.5GHz Turbo 4.7GHz, 4 nhân 8 luồng)",CPU - Bộ vi xử lý,Intel,1,2490000,2800000,2490000,5,"Rất đáng tiền, chạy mượt mà, chính hãng 100%."
ORI-001110,ORD-260213-0830,HEADSET-001,CORSAIR-VIRTUOSO-RGB-XT,Tai nghe gaming Corsair Virtuoso RGB Wireless XT,Tai nghe - Headset,Corsair,1,4290000,5000000,4290000,4,"Thiết kế đẹp, chạy mát, dịch vụ chăm sóc khách hàng khá tốt."
ORI-001111,ORD-260213-0830,CPU-002,INTEL-I7-14700K,"CPU Intel Core i7-14700K (3.4GHz Turbo 5.6GHz, 20 nhân 28 luồng)",CPU - Bộ vi xử lý,Intel,1,8490000,9500000,8490000,4,"Sản phẩm dùng tốt, đúng mô tả, tuy nhiên giao hàng hơi trễ 1 ngày."
ORI-001112,ORD-250827-0831,CPU-004,AMD-R9-7950X,"CPU AMD Ryzen 9 7950X (4.5GHz Turbo 5.7GHz, 16 nhân 32 luồng)",CPU - Bộ vi xử lý,AMD,1,13490000,15000000,13490000,5,"Thiết kế đẹp mắt, hiệu năng vượt trội so với tầm giá. Rất hài lòng!"
ORI-001113,ORD-251211-0832,SSD-003,KINGSTON-KC3000-1TB,SSD Kingston KC3000 1TB NVMe M.2 PCIe Gen4,SSD - Ổ cứng thể rắn,Kingston,1,1890000,2200000,1890000,5,"Rất đáng tiền, chạy mượt mà, chính hãng 100%."
ORI-001114,ORD-251211-0832,SSD-004,CRUCIAL-P5-PLUS-500GB,SSD Crucial P5 Plus 500GB NVMe M.2 PCIe Gen4,SSD - Ổ cứng thể rắn,Crucial,1,990000,1200000,990000,5,"Sản phẩm cực kỳ chất lượng, đóng gói cẩn thận, giao hàng nhanh."
ORI-001115,ORD-260222-0833,KB-002,RAZER-BLACKWIDOW-V4-75,Bàn phím cơ Razer BlackWidow V4 75% (Razer Yellow Switch),Bàn phím - Keyboard,Razer,1,3290000,3800000,3290000,5,"Rất đáng tiền, chạy mượt mà, chính hãng 100%."
ORI-001116,ORD-260222-0833,SSD-003,KINGSTON-KC3000-1TB,SSD Kingston KC3000 1TB NVMe M.2 PCIe Gen4,SSD - Ổ cứng thể rắn,Kingston,1,1890000,2200000,1890000,4,"Sản phẩm tốt, nhân viên tư vấn nhiệt tình, sẽ tiếp tục ủng hộ."
ORI-001117,ORD-260222-0834,SSD-003,KINGSTON-KC3000-1TB,SSD Kingston KC3000 1TB NVMe M.2 PCIe Gen4,SSD - Ổ cứng thể rắn,Kingston,1,1890000,2200000,1890000,5,"Thiết kế đẹp mắt, hiệu năng vượt trội so với tầm giá. Rất hài lòng!"
ORI-001118,ORD-260222-0835,RAM-001,CORSAIR-DDR5-32GB-6000,RAM Corsair Dominator Titanium DDR5 32GB (2x16GB) 6000MHz,RAM - Bộ nhớ trong,Corsair,1,3990000,4500000,3990000,5,"Hàng chuẩn GearVN, nguyên seal mới cứng, bảo hành đầy đủ. Vote 5 sao!"
ORI-001119,ORD-260222-0835,MB-002,MSI-MAG-Z790-TOMAHAWK,"Mainboard MSI MAG Z790 Tomahawk WiFi (LGA 1700, DDR5, ATX)",Mainboard - Bo mạch chủ,MSI,1,6990000,7800000,6990000,5,"Rất đáng tiền, chạy mượt mà, chính hãng 100%."
ORI-001120,ORD-260416-0836,MB-001,ASUS-ROG-MAXIMUS-Z790,"Mainboard ASUS ROG Maximus Z790 Hero (LGA 1700, DDR5, ATX)",Mainboard - Bo mạch chủ,ASUS,1,15990000,18000000,15990000,4,"Sản phẩm tốt, nhân viên tư vấn nhiệt tình, sẽ tiếp tục ủng hộ."
ORI-001121,ORD-260416-0836,FAN-001,LIANLI-UNI-FAN-AL120-3PACK,"Fan Case Lian Li UNI FAN AL120 RGB (3-Pack, Daisy-chain)",Fan - Quạt tản nhiệt,Lian Li,1,1490000,1800000,1490000,5,"Sản phẩm cực kỳ chất lượng, đóng gói cẩn thận, giao hàng nhanh."
ORI-001122,ORD-250915-0837,GPU-003,GIGABYTE-RTX4070-SUPER-12G,VGA GIGABYTE GeForce RTX 4070 Super Gaming OC 12GB,VGA - Card màn hình,GIGABYTE,1,16490000,18500000,16490000,5,"Hàng chuẩn GearVN, nguyên seal mới cứng, bảo hành đầy đủ. Vote 5 sao!"
ORI-001123,ORD-260521-0838,KB-002,RAZER-BLACKWIDOW-V4-75,Bàn phím cơ Razer BlackWidow V4 75% (Razer Yellow Switch),Bàn phím - Keyboard,Razer,1,3290000,3800000,3290000,5,"Rất đáng tiền, chạy mượt mà, chính hãng 100%."
ORI-001124,ORD-260521-0838,SSD-003,KINGSTON-KC3000-1TB,SSD Kingston KC3000 1TB NVMe M.2 PCIe Gen4,SSD - Ổ cứng thể rắn,Kingston,1,1890000,2200000,1890000,4,"Sản phẩm tốt, nhân viên tư vấn nhiệt tình, sẽ tiếp tục ủng hộ."
ORI-001125,ORD-260106-0839,CPU-002,INTEL-I7-14700K,"CPU Intel Core i7-14700K (3.4GHz Turbo 5.6GHz, 20 nhân 28 luồng)",CPU - Bộ vi xử lý,Intel,1,8490000,9500000,8490000,4,"Thiết kế đẹp, chạy mát, dịch vụ chăm sóc khách hàng khá tốt."
ORI-001126,ORD-251210-0840,GPU-001,ASUS-ROG-RTX4090-24G,VGA ASUS ROG Strix GeForce RTX 4090 24GB GDDR6X OC,VGA - Card màn hình,ASUS,1,52990000,58000000,52990000,3,Chất lượng sản phẩm ok nhưng tổng đài hỗ trợ kỹ thuật phản hồi hơi chậm.
ORI-001127,ORD-251210-0840,COOL-001,CORSAIR-H150I-ELITE-360MM,Tản nhiệt nước AIO Corsair iCUE H150i Elite LCD 360mm,Tản nhiệt - Cooling,Corsair,1,4490000,5000000,4490000,5,"Thiết kế đẹp mắt, hiệu năng vượt trội so với tầm giá. Rất hài lòng!"
ORI-001128,ORD-250724-0841,SSD-003,KINGSTON-KC3000-1TB,SSD Kingston KC3000 1TB NVMe M.2 PCIe Gen4,SSD - Ổ cứng thể rắn,Kingston,1,1890000,2200000,1890000,4,"Hiệu năng tốt trong tầm giá, dùng mượt mà không lỗi lầm gì."
ORI-001129,ORD-250724-0841,MB-001,ASUS-ROG-MAXIMUS-Z790,"Mainboard ASUS ROG Maximus Z790 Hero (LGA 1700, DDR5, ATX)",Mainboard - Bo mạch chủ,ASUS,1,15990000,18000000,15990000,5,"Lắp đặt dễ dàng, chạy êm ái và mát mẻ. Shop hỗ trợ nhiệt tình."
ORI-001130,ORD-260619-0842,COOL-002,THERMALRIGHT-PHANTOM-SPIRIT-120,Tản nhiệt khí Thermalright Phantom Spirit 120 SE ARGB,Tản nhiệt - Cooling,Thermalright,1,990000,1200000,990000,,
ORI-001131,ORD-260125-0843,MB-001,ASUS-ROG-MAXIMUS-Z790,"Mainboard ASUS ROG Maximus Z790 Hero (LGA 1700, DDR5, ATX)",Mainboard - Bo mạch chủ,ASUS,1,15990000,18000000,15990000,5,"Lắp đặt dễ dàng, chạy êm ái và mát mẻ. Shop hỗ trợ nhiệt tình."
ORI-001132,ORD-260125-0843,MB-004,ASUS-TUF-B760M-PLUS-WIFI,"Mainboard ASUS TUF Gaming B760M-Plus WiFi (LGA 1700, DDR5, mATX)",Mainboard - Bo mạch chủ,ASUS,1,3990000,4500000,3990000,5,"Hàng chuẩn GearVN, nguyên seal mới cứng, bảo hành đầy đủ. Vote 5 sao!"
ORI-001133,ORD-251206-0844,MOUSE-002,RAZER-DEATHADDER-V3-HTE,Chuột gaming Razer DeathAdder V3 HyperSpeed (Không dây),Chuột - Mouse,Razer,1,1890000,2200000,1890000,3,Chất lượng sản phẩm ok nhưng tổng đài hỗ trợ kỹ thuật phản hồi hơi chậm.
ORI-001134,ORD-251108-0845,CPU-001,INTEL-I9-14900K,"CPU Intel Core i9-14900K (3.2GHz Turbo 6.0GHz, 24 nhân 32 luồng)",CPU - Bộ vi xử lý,Intel,1,12990000,14500000,12990000,5,"Lắp đặt dễ dàng, chạy êm ái và mát mẻ. Shop hỗ trợ nhiệt tình."
ORI-001135,ORD-251114-0846,GPU-002,MSI-RTX4080-SUPER-16G,VGA MSI GeForce RTX 4080 Super 16GB Gaming X Slim,VGA - Card màn hình,MSI,1,26990000,30000000,26990000,5,"Lắp đặt dễ dàng, chạy êm ái và mát mẻ. Shop hỗ trợ nhiệt tình."
ORI-001136,ORD-251114-0846,KB-001,CORSAIR-K100-RGB-OPX,Bàn phím cơ Corsair K100 RGB Optical-Mechanical (OPX Switch),Bàn phím - Keyboard,Corsair,1,5490000,6000000,5490000,5,"Rất đáng tiền, chạy mượt mà, chính hãng 100%."
ORI-001137,ORD-260430-0847,GPU-002,MSI-RTX4080-SUPER-16G,VGA MSI GeForce RTX 4080 Super 16GB Gaming X Slim,VGA - Card màn hình,MSI,1,26990000,30000000,26990000,2,"Sản phẩm có dấu hiệu trầy xước nhẹ, giao hàng chậm, đóng gói sơ sài."
ORI-001138,ORD-260430-0847,MOUSE-002,RAZER-DEATHADDER-V3-HTE,Chuột gaming Razer DeathAdder V3 HyperSpeed (Không dây),Chuột - Mouse,Razer,1,1890000,2200000,1890000,5,"Rất đáng tiền, chạy mượt mà, chính hãng 100%."
ORI-001139,ORD-260211-0848,KB-002,RAZER-BLACKWIDOW-V4-75,Bàn phím cơ Razer BlackWidow V4 75% (Razer Yellow Switch),Bàn phím - Keyboard,Razer,1,3290000,3800000,3290000,5,"Sản phẩm cực kỳ chất lượng, đóng gói cẩn thận, giao hàng nhanh."
ORI-001140,ORD-260211-0848,CPU-005,AMD-R7-7700X,"CPU AMD Ryzen 7 7700X (4.5GHz Turbo 5.4GHz, 8 nhân 16 luồng)",CPU - Bộ vi xử lý,AMD,1,6890000,7500000,6890000,4,"Hiệu năng tốt trong tầm giá, dùng mượt mà không lỗi lầm gì."
ORI-001141,ORD-250808-0849,RAM-003,KINGSTON-FURY-DDR4-16GB-3200,RAM Kingston Fury Beast DDR4 16GB (2x8GB) 3200MHz,RAM - Bộ nhớ trong,Kingston,1,1290000,1500000,1290000,5,"Thiết kế đẹp mắt, hiệu năng vượt trội so với tầm giá. Rất hài lòng!"
ORI-001142,ORD-250808-0849,PSU-001,CORSAIR-HX1000I-1000W,Nguồn Corsair HX1000i 1000W 80 Plus Platinum Full Modular,PSU - Nguồn máy tính,Corsair,1,4990000,5500000,4990000,5,"Thiết kế đẹp mắt, hiệu năng vượt trội so với tầm giá. Rất hài lòng!"
ORI-001143,ORD-251202-0850,PSU-001,CORSAIR-HX1000I-1000W,Nguồn Corsair HX1000i 1000W 80 Plus Platinum Full Modular,PSU - Nguồn máy tính,Corsair,1,4990000,5500000,4990000,5,"Lắp đặt dễ dàng, chạy êm ái và mát mẻ. Shop hỗ trợ nhiệt tình."
ORI-001144,ORD-251202-0850,HEADSET-001,CORSAIR-VIRTUOSO-RGB-XT,Tai nghe gaming Corsair Virtuoso RGB Wireless XT,Tai nghe - Headset,Corsair,1,4290000,5000000,4290000,5,"Hàng chuẩn GearVN, nguyên seal mới cứng, bảo hành đầy đủ. Vote 5 sao!"
ORI-001145,ORD-250623-0851,FAN-001,LIANLI-UNI-FAN-AL120-3PACK,"Fan Case Lian Li UNI FAN AL120 RGB (3-Pack, Daisy-chain)",Fan - Quạt tản nhiệt,Lian Li,1,1490000,1800000,1490000,4,"Chất lượng ổn áp, chạy ngon lành, đóng gói kỹ càng."
ORI-001146,ORD-250623-0851,CASE-002,JONSBO-D41-MESH,"Vỏ Case Jonsbo D41 Mesh Screen (Mid Tower, ATX, Màn hình LCD)",Case - Vỏ máy tính,Jonsbo,1,2290000,2600000,2290000,5,"Hàng chuẩn GearVN, nguyên seal mới cứng, bảo hành đầy đủ. Vote 5 sao!"
ORI-001147,ORD-260227-0852,HDD-002,WD-RED-PLUS-8TB,"Ổ cứng HDD WD Red Plus 8TB 3.5"" SATA NAS",HDD - Ổ cứng cơ,Western Digital,1,4490000,5200000,4490000,2,"Giao sai phiên bản màu sắc, đang chờ shop đổi trả."
ORI-001148,ORD-260227-0852,SSD-004,CRUCIAL-P5-PLUS-500GB,SSD Crucial P5 Plus 500GB NVMe M.2 PCIe Gen4,SSD - Ổ cứng thể rắn,Crucial,1,990000,1200000,990000,5,"Rất đáng tiền, chạy mượt mà, chính hãng 100%."
ORI-001149,ORD-260524-0853,KB-001,CORSAIR-K100-RGB-OPX,Bàn phím cơ Corsair K100 RGB Optical-Mechanical (OPX Switch),Bàn phím - Keyboard,Corsair,1,5490000,6000000,5490000,4,"Hiệu năng tốt trong tầm giá, dùng mượt mà không lỗi lầm gì."
ORI-001150,ORD-260516-0854,GPU-005,MSI-RTX4060-TI-8G-VENTUS,VGA MSI GeForce RTX 4060 Ti 8G Ventus 2X OC,VGA - Card màn hình,MSI,1,9490000,11000000,9490000,5,"Sản phẩm cực kỳ chất lượng, đóng gói cẩn thận, giao hàng nhanh."
ORI-001151,ORD-250928-0855,MONITOR-001,LG-27GP850P-27-QHD-165HZ,"Màn hình LG UltraGear 27GP850P-B 27"" QHD IPS 165Hz 1ms",Màn hình - Monitor,LG,1,8990000,10500000,8990000,5,"Sản phẩm cực kỳ chất lượng, đóng gói cẩn thận, giao hàng nhanh."
ORI-001152,ORD-250623-0856,CPU-002,INTEL-I7-14700K,"CPU Intel Core i7-14700K (3.4GHz Turbo 5.6GHz, 20 nhân 28 luồng)",CPU - Bộ vi xử lý,Intel,1,8490000,9500000,8490000,4,"Sản phẩm dùng tốt, đúng mô tả, tuy nhiên giao hàng hơi trễ 1 ngày."
ORI-001153,ORD-260411-0857,SSD-004,CRUCIAL-P5-PLUS-500GB,SSD Crucial P5 Plus 500GB NVMe M.2 PCIe Gen4,SSD - Ổ cứng thể rắn,Crucial,1,990000,1200000,990000,5,"Lắp đặt dễ dàng, chạy êm ái và mát mẻ. Shop hỗ trợ nhiệt tình."
ORI-001154,ORD-260228-0858,HDD-001,SEAGATE-BARRACUDA-4TB,"Ổ cứng HDD Seagate Barracuda 4TB 3.5"" SATA 5400RPM",HDD - Ổ cứng cơ,Seagate,1,2190000,2500000,2190000,5,"Hàng chuẩn GearVN, nguyên seal mới cứng, bảo hành đầy đủ. Vote 5 sao!"
ORI-001155,ORD-251127-0859,CPU-002,INTEL-I7-14700K,"CPU Intel Core i7-14700K (3.4GHz Turbo 5.6GHz, 20 nhân 28 luồng)",CPU - Bộ vi xử lý,Intel,1,8490000,9500000,8490000,5,"Hàng chuẩn GearVN, nguyên seal mới cứng, bảo hành đầy đủ. Vote 5 sao!"
ORI-001156,ORD-251127-0859,COOL-003,DEEPCOOL-AK620-DIGITAL,"Tản nhiệt khí DeepCool AK620 Digital (Dual Tower, 2x120mm)",Tản nhiệt - Cooling,Deepcool,1,1490000,1800000,1490000,5,"Sản phẩm cực kỳ chất lượng, đóng gói cẩn thận, giao hàng nhanh."
ORI-001157,ORD-251126-0860,CPU-004,AMD-R9-7950X,"CPU AMD Ryzen 9 7950X (4.5GHz Turbo 5.7GHz, 16 nhân 32 luồng)",CPU - Bộ vi xử lý,AMD,1,13490000,15000000,13490000,5,"Hàng chuẩn GearVN, nguyên seal mới cứng, bảo hành đầy đủ. Vote 5 sao!"
ORI-001158,ORD-251126-0860,CPU-005,AMD-R7-7700X,"CPU AMD Ryzen 7 7700X (4.5GHz Turbo 5.4GHz, 8 nhân 16 luồng)",CPU - Bộ vi xử lý,AMD,1,6890000,7500000,6890000,4,"Sản phẩm dùng tốt, đúng mô tả, tuy nhiên giao hàng hơi trễ 1 ngày."
ORI-001159,ORD-250905-0861,GPU-004,ASUS-RX7900XTX-24G,VGA ASUS TUF Gaming Radeon RX 7900 XTX OC 24GB,VGA - Card màn hình,ASUS,1,22990000,25000000,22990000,5,"Lắp đặt dễ dàng, chạy êm ái và mát mẻ. Shop hỗ trợ nhiệt tình."
ORI-001160,ORD-250905-0861,MOUSE-002,RAZER-DEATHADDER-V3-HTE,Chuột gaming Razer DeathAdder V3 HyperSpeed (Không dây),Chuột - Mouse,Razer,1,1890000,2200000,1890000,5,"Rất đáng tiền, chạy mượt mà, chính hãng 100%."
ORI-001161,ORD-250821-0862,SSD-001,SAMSUNG-980-PRO-2TB,SSD Samsung 980 Pro 2TB NVMe M.2 PCIe Gen4,SSD - Ổ cứng thể rắn,Samsung,1,3490000,3900000,3490000,5,"Hàng chuẩn GearVN, nguyên seal mới cứng, bảo hành đầy đủ. Vote 5 sao!"
ORI-001162,ORD-250821-0862,CASE-001,LIANLI-PC-O11D-EVO,"Vỏ Case Lian Li PC-O11 Dynamic Evo (Mid Tower, ATX)",Case - Vỏ máy tính,Lian Li,1,3490000,3900000,3490000,5,"Lắp đặt dễ dàng, chạy êm ái và mát mẻ. Shop hỗ trợ nhiệt tình."
ORI-001163,ORD-250817-0863,COOL-002,THERMALRIGHT-PHANTOM-SPIRIT-120,Tản nhiệt khí Thermalright Phantom Spirit 120 SE ARGB,Tản nhiệt - Cooling,Thermalright,1,990000,1200000,990000,3,"Hiệu năng đủ dùng cho tác vụ cơ bản, nhiệt độ hơi ấm khi tải nặng."
ORI-001164,ORD-260214-0864,CPU-005,AMD-R7-7700X,"CPU AMD Ryzen 7 7700X (4.5GHz Turbo 5.4GHz, 8 nhân 16 luồng)",CPU - Bộ vi xử lý,AMD,1,6890000,7500000,6890000,5,"Lắp đặt dễ dàng, chạy êm ái và mát mẻ. Shop hỗ trợ nhiệt tình."
ORI-001165,ORD-250726-0865,CPU-006,INTEL-I3-14100F,"CPU Intel Core i3-14100F (3.5GHz Turbo 4.7GHz, 4 nhân 8 luồng)",CPU - Bộ vi xử lý,Intel,1,2490000,2800000,2490000,4,"Sản phẩm tốt, nhân viên tư vấn nhiệt tình, sẽ tiếp tục ủng hộ."
ORI-001166,ORD-250718-0866,GPU-002,MSI-RTX4080-SUPER-16G,VGA MSI GeForce RTX 4080 Super 16GB Gaming X Slim,VGA - Card màn hình,MSI,1,26990000,30000000,26990000,5,"Lắp đặt dễ dàng, chạy êm ái và mát mẻ. Shop hỗ trợ nhiệt tình."
ORI-001167,ORD-250718-0866,MOUSE-001,LOGITECH-G-PRO-X-SUPERLIGHT2,"Chuột gaming Logitech G Pro X Superlight 2 (Không dây, 32000 DPI)",Chuột - Mouse,Logitech,1,3390000,3800000,3390000,4,"Chất lượng ổn áp, chạy ngon lành, đóng gói kỹ càng."
ORI-001168,ORD-250930-0867,MOUSE-002,RAZER-DEATHADDER-V3-HTE,Chuột gaming Razer DeathAdder V3 HyperSpeed (Không dây),Chuột - Mouse,Razer,1,1890000,2200000,1890000,5,"Thiết kế đẹp mắt, hiệu năng vượt trội so với tầm giá. Rất hài lòng!"
ORI-001169,ORD-260117-0868,RAM-002,GSKILL-DDR5-32GB-6000,RAM G.Skill Trident Z5 RGB DDR5 32GB (2x16GB) 6000MHz CL30,RAM - Bộ nhớ trong,G.Skill,1,3690000,4200000,3690000,5,"Thiết kế đẹp mắt, hiệu năng vượt trội so với tầm giá. Rất hài lòng!"
ORI-001170,ORD-250820-0869,RAM-003,KINGSTON-FURY-DDR4-16GB-3200,RAM Kingston Fury Beast DDR4 16GB (2x8GB) 3200MHz,RAM - Bộ nhớ trong,Kingston,1,1290000,1500000,1290000,5,"Sản phẩm cực kỳ chất lượng, đóng gói cẩn thận, giao hàng nhanh."
ORI-001171,ORD-250804-0870,KB-001,CORSAIR-K100-RGB-OPX,Bàn phím cơ Corsair K100 RGB Optical-Mechanical (OPX Switch),Bàn phím - Keyboard,Corsair,1,5490000,6000000,5490000,4,"Hiệu năng tốt trong tầm giá, dùng mượt mà không lỗi lầm gì."
ORI-001172,ORD-250804-0870,GPU-002,MSI-RTX4080-SUPER-16G,VGA MSI GeForce RTX 4080 Super 16GB Gaming X Slim,VGA - Card màn hình,MSI,1,26990000,30000000,26990000,5,"Rất đáng tiền, chạy mượt mà, chính hãng 100%."
ORI-001173,ORD-260210-0871,MB-001,ASUS-ROG-MAXIMUS-Z790,"Mainboard ASUS ROG Maximus Z790 Hero (LGA 1700, DDR5, ATX)",Mainboard - Bo mạch chủ,ASUS,1,15990000,18000000,15990000,5,"Thiết kế đẹp mắt, hiệu năng vượt trội so với tầm giá. Rất hài lòng!"
ORI-001174,ORD-251123-0872,COOL-002,THERMALRIGHT-PHANTOM-SPIRIT-120,Tản nhiệt khí Thermalright Phantom Spirit 120 SE ARGB,Tản nhiệt - Cooling,Thermalright,1,990000,1200000,990000,5,"Hàng chuẩn GearVN, nguyên seal mới cứng, bảo hành đầy đủ. Vote 5 sao!"
ORI-001175,ORD-260619-0873,PSU-002,SEASONIC-FOCUS-GX-850,Nguồn Seasonic Focus GX 850W 80 Plus Gold Full Modular,PSU - Nguồn máy tính,Seasonic,1,3290000,3800000,3290000,,
ORI-001176,ORD-260619-0873,CPU-003,INTEL-I5-14600K,"CPU Intel Core i5-14600K (3.5GHz Turbo 5.3GHz, 14 nhân 20 luồng)",CPU - Bộ vi xử lý,Intel,1,5490000,6200000,5490000,,
ORI-001177,ORD-251106-0874,SSD-001,SAMSUNG-980-PRO-2TB,SSD Samsung 980 Pro 2TB NVMe M.2 PCIe Gen4,SSD - Ổ cứng thể rắn,Samsung,1,3490000,3900000,3490000,4,"Sản phẩm tốt, nhân viên tư vấn nhiệt tình, sẽ tiếp tục ủng hộ."
ORI-001178,ORD-251106-0874,MONITOR-002,SAMSUNG-ODYSSEY-G7-32-4K,"Màn hình Samsung Odyssey G7 32"" 4K UHD 144Hz IPS",Màn hình - Monitor,Samsung,1,12990000,15000000,12990000,5,"Lắp đặt dễ dàng, chạy êm ái và mát mẻ. Shop hỗ trợ nhiệt tình."
ORI-001179,ORD-250927-0875,GPU-002,MSI-RTX4080-SUPER-16G,VGA MSI GeForce RTX 4080 Super 16GB Gaming X Slim,VGA - Card màn hình,MSI,1,26990000,30000000,26990000,2,"Hiệu năng không đúng như quảng cáo, hay bị sụt nguồn đột ngột."
ORI-001180,ORD-250927-0875,RAM-001,CORSAIR-DDR5-32GB-6000,RAM Corsair Dominator Titanium DDR5 32GB (2x16GB) 6000MHz,RAM - Bộ nhớ trong,Corsair,1,3990000,4500000,3990000,5,"Sản phẩm cực kỳ chất lượng, đóng gói cẩn thận, giao hàng nhanh."
ORI-001181,ORD-251211-0876,GPU-001,ASUS-ROG-RTX4090-24G,VGA ASUS ROG Strix GeForce RTX 4090 24GB GDDR6X OC,VGA - Card màn hình,ASUS,1,52990000,58000000,52990000,5,"Rất đáng tiền, chạy mượt mà, chính hãng 100%."
ORI-001182,ORD-251121-0877,MB-004,ASUS-TUF-B760M-PLUS-WIFI,"Mainboard ASUS TUF Gaming B760M-Plus WiFi (LGA 1700, DDR5, mATX)",Mainboard - Bo mạch chủ,ASUS,1,3990000,4500000,3990000,3,"Sản phẩm bình thường, không quá nổi bật, dịch vụ giao hàng ở mức trung bình."
ORI-001183,ORD-250815-0878,CHAIR-001,SECRETLAB-TITAN-EVO-2022,"Ghế gaming Secretlab Titan Evo 2022 (SoftWeave Plus, Medium)",Ghế gaming - Gaming Chair,Secretlab,1,12990000,14500000,12990000,5,"Rất đáng tiền, chạy mượt mà, chính hãng 100%."
ORI-001184,ORD-250815-0878,HDD-001,SEAGATE-BARRACUDA-4TB,"Ổ cứng HDD Seagate Barracuda 4TB 3.5"" SATA 5400RPM",HDD - Ổ cứng cơ,Seagate,1,2190000,2500000,2190000,5,"Lắp đặt dễ dàng, chạy êm ái và mát mẻ. Shop hỗ trợ nhiệt tình."
ORI-001185,ORD-260116-0879,GPU-005,MSI-RTX4060-TI-8G-VENTUS,VGA MSI GeForce RTX 4060 Ti 8G Ventus 2X OC,VGA - Card màn hình,MSI,1,9490000,11000000,9490000,2,"Giao sai phiên bản màu sắc, đang chờ shop đổi trả."
ORI-001186,ORD-251125-0880,SSD-004,CRUCIAL-P5-PLUS-500GB,SSD Crucial P5 Plus 500GB NVMe M.2 PCIe Gen4,SSD - Ổ cứng thể rắn,Crucial,1,990000,1200000,990000,5,"Rất đáng tiền, chạy mượt mà, chính hãng 100%."
ORI-001187,ORD-251125-0880,COOL-003,DEEPCOOL-AK620-DIGITAL,"Tản nhiệt khí DeepCool AK620 Digital (Dual Tower, 2x120mm)",Tản nhiệt - Cooling,Deepcool,1,1490000,1800000,1490000,4,"Thiết kế đẹp, chạy mát, dịch vụ chăm sóc khách hàng khá tốt."
ORI-001188,ORD-250904-0881,HDD-002,WD-RED-PLUS-8TB,"Ổ cứng HDD WD Red Plus 8TB 3.5"" SATA NAS",HDD - Ổ cứng cơ,Western Digital,1,4490000,5200000,4490000,5,"Hàng chuẩn GearVN, nguyên seal mới cứng, bảo hành đầy đủ. Vote 5 sao!"
ORI-001189,ORD-250725-0882,RAM-001,CORSAIR-DDR5-32GB-6000,RAM Corsair Dominator Titanium DDR5 32GB (2x16GB) 6000MHz,RAM - Bộ nhớ trong,Corsair,1,3990000,4500000,3990000,5,"Thiết kế đẹp mắt, hiệu năng vượt trội so với tầm giá. Rất hài lòng!"
ORI-001190,ORD-260221-0883,RAM-004,CORSAIR-DDR5-64GB-6400,RAM Corsair Vengeance DDR5 64GB (2x32GB) 6400MHz CL32,RAM - Bộ nhớ trong,Corsair,1,6490000,7500000,6490000,3,"Dùng tạm ổn, nhưng vỏ hộp hơi móp méo khi vận chuyển."
ORI-001191,ORD-251212-0884,SSD-001,SAMSUNG-980-PRO-2TB,SSD Samsung 980 Pro 2TB NVMe M.2 PCIe Gen4,SSD - Ổ cứng thể rắn,Samsung,1,3490000,3900000,3490000,3,Chất lượng sản phẩm ok nhưng tổng đài hỗ trợ kỹ thuật phản hồi hơi chậm.
ORI-001192,ORD-251231-0885,PSU-001,CORSAIR-HX1000I-1000W,Nguồn Corsair HX1000i 1000W 80 Plus Platinum Full Modular,PSU - Nguồn máy tính,Corsair,1,4990000,5500000,4990000,5,"Rất đáng tiền, chạy mượt mà, chính hãng 100%."
ORI-001193,ORD-250718-0886,CPU-004,AMD-R9-7950X,"CPU AMD Ryzen 9 7950X (4.5GHz Turbo 5.7GHz, 16 nhân 32 luồng)",CPU - Bộ vi xử lý,AMD,1,13490000,15000000,13490000,5,"Lắp đặt dễ dàng, chạy êm ái và mát mẻ. Shop hỗ trợ nhiệt tình."
ORI-001194,ORD-250829-0887,CPU-006,INTEL-I3-14100F,"CPU Intel Core i3-14100F (3.5GHz Turbo 4.7GHz, 4 nhân 8 luồng)",CPU - Bộ vi xử lý,Intel,1,2490000,2800000,2490000,5,"Sản phẩm cực kỳ chất lượng, đóng gói cẩn thận, giao hàng nhanh."
ORI-001195,ORD-260118-0888,MOUSE-001,LOGITECH-G-PRO-X-SUPERLIGHT2,"Chuột gaming Logitech G Pro X Superlight 2 (Không dây, 32000 DPI)",Chuột - Mouse,Logitech,1,3390000,3800000,3390000,5,"Hàng chuẩn GearVN, nguyên seal mới cứng, bảo hành đầy đủ. Vote 5 sao!"
ORI-001196,ORD-260118-0888,PSU-001,CORSAIR-HX1000I-1000W,Nguồn Corsair HX1000i 1000W 80 Plus Platinum Full Modular,PSU - Nguồn máy tính,Corsair,1,4990000,5500000,4990000,5,"Rất đáng tiền, chạy mượt mà, chính hãng 100%."
ORI-001197,ORD-260224-0889,KB-001,CORSAIR-K100-RGB-OPX,Bàn phím cơ Corsair K100 RGB Optical-Mechanical (OPX Switch),Bàn phím - Keyboard,Corsair,1,5490000,6000000,5490000,5,"Hàng chuẩn GearVN, nguyên seal mới cứng, bảo hành đầy đủ. Vote 5 sao!"
ORI-001198,ORD-251219-0890,COOL-001,CORSAIR-H150I-ELITE-360MM,Tản nhiệt nước AIO Corsair iCUE H150i Elite LCD 360mm,Tản nhiệt - Cooling,Corsair,1,4490000,5000000,4490000,4,"Sản phẩm tốt, nhân viên tư vấn nhiệt tình, sẽ tiếp tục ủng hộ."
ORI-001199,ORD-251220-0891,MB-002,MSI-MAG-Z790-TOMAHAWK,"Mainboard MSI MAG Z790 Tomahawk WiFi (LGA 1700, DDR5, ATX)",Mainboard - Bo mạch chủ,MSI,1,6990000,7800000,6990000,5,"Sản phẩm cực kỳ chất lượng, đóng gói cẩn thận, giao hàng nhanh."
ORI-001200,ORD-251220-0891,CASE-001,LIANLI-PC-O11D-EVO,"Vỏ Case Lian Li PC-O11 Dynamic Evo (Mid Tower, ATX)",Case - Vỏ máy tính,Lian Li,1,3490000,3900000,3490000,3,"Dùng tạm ổn, nhưng vỏ hộp hơi móp méo khi vận chuyển."
ORI-001201,ORD-260618-0892,PSU-002,SEASONIC-FOCUS-GX-850,Nguồn Seasonic Focus GX 850W 80 Plus Gold Full Modular,PSU - Nguồn máy tính,Seasonic,1,3290000,3800000,3290000,,
ORI-001202,ORD-260212-0893,HEADSET-001,CORSAIR-VIRTUOSO-RGB-XT,Tai nghe gaming Corsair Virtuoso RGB Wireless XT,Tai nghe - Headset,Corsair,1,4290000,5000000,4290000,5,"Hàng chuẩn GearVN, nguyên seal mới cứng, bảo hành đầy đủ. Vote 5 sao!"
ORI-001203,ORD-260212-0893,CPU-002,INTEL-I7-14700K,"CPU Intel Core i7-14700K (3.4GHz Turbo 5.6GHz, 20 nhân 28 luồng)",CPU - Bộ vi xử lý,Intel,1,8490000,9500000,8490000,5,"Hàng chuẩn GearVN, nguyên seal mới cứng, bảo hành đầy đủ. Vote 5 sao!"
ORI-001204,ORD-251127-0894,MOUSE-001,LOGITECH-G-PRO-X-SUPERLIGHT2,"Chuột gaming Logitech G Pro X Superlight 2 (Không dây, 32000 DPI)",Chuột - Mouse,Logitech,1,3390000,3800000,3390000,5,"Lắp đặt dễ dàng, chạy êm ái và mát mẻ. Shop hỗ trợ nhiệt tình."
ORI-001205,ORD-251127-0894,HEADSET-001,CORSAIR-VIRTUOSO-RGB-XT,Tai nghe gaming Corsair Virtuoso RGB Wireless XT,Tai nghe - Headset,Corsair,1,4290000,5000000,4290000,5,"Lắp đặt dễ dàng, chạy êm ái và mát mẻ. Shop hỗ trợ nhiệt tình."
ORI-001206,ORD-250816-0895,GPU-002,MSI-RTX4080-SUPER-16G,VGA MSI GeForce RTX 4080 Super 16GB Gaming X Slim,VGA - Card màn hình,MSI,1,26990000,30000000,26990000,5,"Hàng chuẩn GearVN, nguyên seal mới cứng, bảo hành đầy đủ. Vote 5 sao!"
ORI-001207,ORD-251110-0896,GPU-005,MSI-RTX4060-TI-8G-VENTUS,VGA MSI GeForce RTX 4060 Ti 8G Ventus 2X OC,VGA - Card màn hình,MSI,1,9490000,11000000,9490000,4,"Thiết kế đẹp, chạy mát, dịch vụ chăm sóc khách hàng khá tốt."
ORI-001208,ORD-260226-0897,MONITOR-001,LG-27GP850P-27-QHD-165HZ,"Màn hình LG UltraGear 27GP850P-B 27"" QHD IPS 165Hz 1ms",Màn hình - Monitor,LG,1,8990000,10500000,8990000,5,"Lắp đặt dễ dàng, chạy êm ái và mát mẻ. Shop hỗ trợ nhiệt tình."
ORI-001209,ORD-260226-0897,MONITOR-001,LG-27GP850P-27-QHD-165HZ,"Màn hình LG UltraGear 27GP850P-B 27"" QHD IPS 165Hz 1ms",Màn hình - Monitor,LG,1,8990000,10500000,8990000,5,"Sản phẩm cực kỳ chất lượng, đóng gói cẩn thận, giao hàng nhanh."
ORI-001210,ORD-250819-0898,RAM-002,GSKILL-DDR5-32GB-6000,RAM G.Skill Trident Z5 RGB DDR5 32GB (2x16GB) 6000MHz CL30,RAM - Bộ nhớ trong,G.Skill,1,3690000,4200000,3690000,2,"Hiệu năng không đúng như quảng cáo, hay bị sụt nguồn đột ngột."
ORI-001211,ORD-260128-0899,RAM-001,CORSAIR-DDR5-32GB-6000,RAM Corsair Dominator Titanium DDR5 32GB (2x16GB) 6000MHz,RAM - Bộ nhớ trong,Corsair,1,3990000,4500000,3990000,5,"Sản phẩm cực kỳ chất lượng, đóng gói cẩn thận, giao hàng nhanh."
ORI-001212,ORD-250807-0900,MONITOR-001,LG-27GP850P-27-QHD-165HZ,"Màn hình LG UltraGear 27GP850P-B 27"" QHD IPS 165Hz 1ms",Màn hình - Monitor,LG,1,8990000,10500000,8990000,,
ORI-001213,ORD-260103-0901,RAM-001,CORSAIR-DDR5-32GB-6000,RAM Corsair Dominator Titanium DDR5 32GB (2x16GB) 6000MHz,RAM - Bộ nhớ trong,Corsair,1,3990000,4500000,3990000,5,"Hàng chuẩn GearVN, nguyên seal mới cứng, bảo hành đầy đủ. Vote 5 sao!"
ORI-001214,ORD-251102-0902,CPU-004,AMD-R9-7950X,"CPU AMD Ryzen 9 7950X (4.5GHz Turbo 5.7GHz, 16 nhân 32 luồng)",CPU - Bộ vi xử lý,AMD,1,13490000,15000000,13490000,5,"Hàng chuẩn GearVN, nguyên seal mới cứng, bảo hành đầy đủ. Vote 5 sao!"
ORI-001215,ORD-251102-0902,MONITOR-002,SAMSUNG-ODYSSEY-G7-32-4K,"Màn hình Samsung Odyssey G7 32"" 4K UHD 144Hz IPS",Màn hình - Monitor,Samsung,1,12990000,15000000,12990000,3,"Dùng tạm ổn, nhưng vỏ hộp hơi móp méo khi vận chuyển."
ORI-001216,ORD-250823-0903,CPU-004,AMD-R9-7950X,"CPU AMD Ryzen 9 7950X (4.5GHz Turbo 5.7GHz, 16 nhân 32 luồng)",CPU - Bộ vi xử lý,AMD,1,13490000,15000000,13490000,5,"Thiết kế đẹp mắt, hiệu năng vượt trội so với tầm giá. Rất hài lòng!"
ORI-001217,ORD-250901-0904,SSD-004,CRUCIAL-P5-PLUS-500GB,SSD Crucial P5 Plus 500GB NVMe M.2 PCIe Gen4,SSD - Ổ cứng thể rắn,Crucial,1,990000,1200000,990000,,
ORI-001218,ORD-250901-0904,GPU-001,ASUS-ROG-RTX4090-24G,VGA ASUS ROG Strix GeForce RTX 4090 24GB GDDR6X OC,VGA - Card màn hình,ASUS,1,52990000,58000000,52990000,,
ORI-001219,ORD-251111-0905,PSU-001,CORSAIR-HX1000I-1000W,Nguồn Corsair HX1000i 1000W 80 Plus Platinum Full Modular,PSU - Nguồn máy tính,Corsair,1,4990000,5500000,4990000,5,"Hàng chuẩn GearVN, nguyên seal mới cứng, bảo hành đầy đủ. Vote 5 sao!"
ORI-001220,ORD-250814-0906,CHAIR-001,SECRETLAB-TITAN-EVO-2022,"Ghế gaming Secretlab Titan Evo 2022 (SoftWeave Plus, Medium)",Ghế gaming - Gaming Chair,Secretlab,1,12990000,14500000,12990000,5,"Rất đáng tiền, chạy mượt mà, chính hãng 100%."
ORI-001221,ORD-260126-0907,COOL-002,THERMALRIGHT-PHANTOM-SPIRIT-120,Tản nhiệt khí Thermalright Phantom Spirit 120 SE ARGB,Tản nhiệt - Cooling,Thermalright,1,990000,1200000,990000,5,"Sản phẩm cực kỳ chất lượng, đóng gói cẩn thận, giao hàng nhanh."
ORI-001222,ORD-251122-0908,MOUSE-001,LOGITECH-G-PRO-X-SUPERLIGHT2,"Chuột gaming Logitech G Pro X Superlight 2 (Không dây, 32000 DPI)",Chuột - Mouse,Logitech,1,3390000,3800000,3390000,5,"Rất đáng tiền, chạy mượt mà, chính hãng 100%."
ORI-001223,ORD-260518-0909,CPU-001,INTEL-I9-14900K,"CPU Intel Core i9-14900K (3.2GHz Turbo 6.0GHz, 24 nhân 32 luồng)",CPU - Bộ vi xử lý,Intel,1,12990000,14500000,12990000,4,"Thiết kế đẹp, chạy mát, dịch vụ chăm sóc khách hàng khá tốt."
ORI-001224,ORD-260523-0910,SSD-002,WD-BLACK-SN850X-1TB,SSD WD Black SN850X 1TB NVMe M.2 PCIe Gen4,SSD - Ổ cứng thể rắn,Western Digital,1,2190000,2500000,2190000,5,"Lắp đặt dễ dàng, chạy êm ái và mát mẻ. Shop hỗ trợ nhiệt tình."
ORI-001225,ORD-260523-0910,PSU-002,SEASONIC-FOCUS-GX-850,Nguồn Seasonic Focus GX 850W 80 Plus Gold Full Modular,PSU - Nguồn máy tính,Seasonic,1,3290000,3800000,3290000,2,"Giao sai phiên bản màu sắc, đang chờ shop đổi trả."
ORI-001226,ORD-251214-0911,CPU-006,INTEL-I3-14100F,"CPU Intel Core i3-14100F (3.5GHz Turbo 4.7GHz, 4 nhân 8 luồng)",CPU - Bộ vi xử lý,Intel,1,2490000,2800000,2490000,5,"Hàng chuẩn GearVN, nguyên seal mới cứng, bảo hành đầy đủ. Vote 5 sao!"
ORI-001227,ORD-251109-0912,KB-002,RAZER-BLACKWIDOW-V4-75,Bàn phím cơ Razer BlackWidow V4 75% (Razer Yellow Switch),Bàn phím - Keyboard,Razer,1,3290000,3800000,3290000,4,"Hiệu năng tốt trong tầm giá, dùng mượt mà không lỗi lầm gì."
ORI-001228,ORD-250802-0913,CPU-004,AMD-R9-7950X,"CPU AMD Ryzen 9 7950X (4.5GHz Turbo 5.7GHz, 16 nhân 32 luồng)",CPU - Bộ vi xử lý,AMD,1,13490000,15000000,13490000,5,"Rất đáng tiền, chạy mượt mà, chính hãng 100%."
ORI-001229,ORD-260328-0914,RAM-002,GSKILL-DDR5-32GB-6000,RAM G.Skill Trident Z5 RGB DDR5 32GB (2x16GB) 6000MHz CL30,RAM - Bộ nhớ trong,G.Skill,1,3690000,4200000,3690000,5,"Sản phẩm cực kỳ chất lượng, đóng gói cẩn thận, giao hàng nhanh."
ORI-001230,ORD-260328-0914,GPU-005,MSI-RTX4060-TI-8G-VENTUS,VGA MSI GeForce RTX 4060 Ti 8G Ventus 2X OC,VGA - Card màn hình,MSI,1,9490000,11000000,9490000,5,"Hàng chuẩn GearVN, nguyên seal mới cứng, bảo hành đầy đủ. Vote 5 sao!"
ORI-001231,ORD-260412-0915,MONITOR-001,LG-27GP850P-27-QHD-165HZ,"Màn hình LG UltraGear 27GP850P-B 27"" QHD IPS 165Hz 1ms",Màn hình - Monitor,LG,1,8990000,10500000,8990000,5,"Rất đáng tiền, chạy mượt mà, chính hãng 100%."
ORI-001232,ORD-250621-0916,RAM-001,CORSAIR-DDR5-32GB-6000,RAM Corsair Dominator Titanium DDR5 32GB (2x16GB) 6000MHz,RAM - Bộ nhớ trong,Corsair,1,3990000,4500000,3990000,1,"Sản phẩm bị lỗi hỏng ngay khi bóc hộp, không lên nguồn. Dịch vụ tệ."
ORI-001233,ORD-250808-0917,RAM-001,CORSAIR-DDR5-32GB-6000,RAM Corsair Dominator Titanium DDR5 32GB (2x16GB) 6000MHz,RAM - Bộ nhớ trong,Corsair,1,3990000,4500000,3990000,,
ORI-001234,ORD-250808-0917,GPU-003,GIGABYTE-RTX4070-SUPER-12G,VGA GIGABYTE GeForce RTX 4070 Super Gaming OC 12GB,VGA - Card màn hình,GIGABYTE,1,16490000,18500000,16490000,,
ORI-001235,ORD-250812-0918,MB-001,ASUS-ROG-MAXIMUS-Z790,"Mainboard ASUS ROG Maximus Z790 Hero (LGA 1700, DDR5, ATX)",Mainboard - Bo mạch chủ,ASUS,1,15990000,18000000,15990000,5,"Hàng chuẩn GearVN, nguyên seal mới cứng, bảo hành đầy đủ. Vote 5 sao!"
ORI-001236,ORD-250812-0918,CASE-002,JONSBO-D41-MESH,"Vỏ Case Jonsbo D41 Mesh Screen (Mid Tower, ATX, Màn hình LCD)",Case - Vỏ máy tính,Jonsbo,1,2290000,2600000,2290000,5,"Hàng chuẩn GearVN, nguyên seal mới cứng, bảo hành đầy đủ. Vote 5 sao!"
ORI-001237,ORD-260226-0919,GPU-003,GIGABYTE-RTX4070-SUPER-12G,VGA GIGABYTE GeForce RTX 4070 Super Gaming OC 12GB,VGA - Card màn hình,GIGABYTE,1,16490000,18500000,16490000,5,"Lắp đặt dễ dàng, chạy êm ái và mát mẻ. Shop hỗ trợ nhiệt tình."
ORI-001238,ORD-251119-0920,HDD-001,SEAGATE-BARRACUDA-4TB,"Ổ cứng HDD Seagate Barracuda 4TB 3.5"" SATA 5400RPM",HDD - Ổ cứng cơ,Seagate,1,2190000,2500000,2190000,5,"Lắp đặt dễ dàng, chạy êm ái và mát mẻ. Shop hỗ trợ nhiệt tình."
ORI-001239,ORD-260602-0921,PSU-003,COOLERMASTER-V750-GOLD,Nguồn Cooler Master MWE Gold 750W 80 Plus Gold Full Modular,PSU - Nguồn máy tính,Cooler Master,1,2490000,2900000,2490000,4,"Chất lượng ổn áp, chạy ngon lành, đóng gói kỹ càng."
ORI-001240,ORD-251009-0922,FAN-001,LIANLI-UNI-FAN-AL120-3PACK,"Fan Case Lian Li UNI FAN AL120 RGB (3-Pack, Daisy-chain)",Fan - Quạt tản nhiệt,Lian Li,1,1490000,1800000,1490000,4,"Hiệu năng tốt trong tầm giá, dùng mượt mà không lỗi lầm gì."
ORI-001241,ORD-260330-0923,FAN-001,LIANLI-UNI-FAN-AL120-3PACK,"Fan Case Lian Li UNI FAN AL120 RGB (3-Pack, Daisy-chain)",Fan - Quạt tản nhiệt,Lian Li,1,1490000,1800000,1490000,,
ORI-001242,ORD-260330-0923,COOL-003,DEEPCOOL-AK620-DIGITAL,"Tản nhiệt khí DeepCool AK620 Digital (Dual Tower, 2x120mm)",Tản nhiệt - Cooling,Deepcool,1,1490000,1800000,1490000,,
ORI-001243,ORD-251121-0924,HDD-002,WD-RED-PLUS-8TB,"Ổ cứng HDD WD Red Plus 8TB 3.5"" SATA NAS",HDD - Ổ cứng cơ,Western Digital,1,4490000,5200000,4490000,4,"Thiết kế đẹp, chạy mát, dịch vụ chăm sóc khách hàng khá tốt."
ORI-001244,ORD-251121-0924,SSD-004,CRUCIAL-P5-PLUS-500GB,SSD Crucial P5 Plus 500GB NVMe M.2 PCIe Gen4,SSD - Ổ cứng thể rắn,Crucial,1,990000,1200000,990000,4,"Sản phẩm tốt, nhân viên tư vấn nhiệt tình, sẽ tiếp tục ủng hộ."
ORI-001245,ORD-260511-0925,RAM-004,CORSAIR-DDR5-64GB-6400,RAM Corsair Vengeance DDR5 64GB (2x32GB) 6400MHz CL32,RAM - Bộ nhớ trong,Corsair,1,6490000,7500000,6490000,4,"Hiệu năng tốt trong tầm giá, dùng mượt mà không lỗi lầm gì."
ORI-001246,ORD-260511-0925,CASE-001,LIANLI-PC-O11D-EVO,"Vỏ Case Lian Li PC-O11 Dynamic Evo (Mid Tower, ATX)",Case - Vỏ máy tính,Lian Li,1,3490000,3900000,3490000,5,"Rất đáng tiền, chạy mượt mà, chính hãng 100%."
ORI-001247,ORD-260429-0926,SSD-004,CRUCIAL-P5-PLUS-500GB,SSD Crucial P5 Plus 500GB NVMe M.2 PCIe Gen4,SSD - Ổ cứng thể rắn,Crucial,1,990000,1200000,990000,5,"Thiết kế đẹp mắt, hiệu năng vượt trội so với tầm giá. Rất hài lòng!"
ORI-001248,ORD-260211-0927,RAM-001,CORSAIR-DDR5-32GB-6000,RAM Corsair Dominator Titanium DDR5 32GB (2x16GB) 6000MHz,RAM - Bộ nhớ trong,Corsair,1,3990000,4500000,3990000,5,"Rất đáng tiền, chạy mượt mà, chính hãng 100%."
ORI-001249,ORD-251128-0928,FAN-001,LIANLI-UNI-FAN-AL120-3PACK,"Fan Case Lian Li UNI FAN AL120 RGB (3-Pack, Daisy-chain)",Fan - Quạt tản nhiệt,Lian Li,1,1490000,1800000,1490000,5,"Lắp đặt dễ dàng, chạy êm ái và mát mẻ. Shop hỗ trợ nhiệt tình."
ORI-001250,ORD-251128-0928,FAN-001,LIANLI-UNI-FAN-AL120-3PACK,"Fan Case Lian Li UNI FAN AL120 RGB (3-Pack, Daisy-chain)",Fan - Quạt tản nhiệt,Lian Li,1,1490000,1800000,1490000,5,"Hàng chuẩn GearVN, nguyên seal mới cứng, bảo hành đầy đủ. Vote 5 sao!"
ORI-001251,ORD-260122-0929,GPU-002,MSI-RTX4080-SUPER-16G,VGA MSI GeForce RTX 4080 Super 16GB Gaming X Slim,VGA - Card màn hình,MSI,1,26990000,30000000,26990000,5,"Thiết kế đẹp mắt, hiệu năng vượt trội so với tầm giá. Rất hài lòng!"
ORI-001252,ORD-260122-0929,SSD-002,WD-BLACK-SN850X-1TB,SSD WD Black SN850X 1TB NVMe M.2 PCIe Gen4,SSD - Ổ cứng thể rắn,Western Digital,1,2190000,2500000,2190000,5,"Thiết kế đẹp mắt, hiệu năng vượt trội so với tầm giá. Rất hài lòng!"
ORI-001253,ORD-251112-0930,HEADSET-001,CORSAIR-VIRTUOSO-RGB-XT,Tai nghe gaming Corsair Virtuoso RGB Wireless XT,Tai nghe - Headset,Corsair,1,4290000,5000000,4290000,5,"Sản phẩm cực kỳ chất lượng, đóng gói cẩn thận, giao hàng nhanh."
ORI-001254,ORD-250914-0931,CPU-001,INTEL-I9-14900K,"CPU Intel Core i9-14900K (3.2GHz Turbo 6.0GHz, 24 nhân 32 luồng)",CPU - Bộ vi xử lý,Intel,1,12990000,14500000,12990000,5,"Thiết kế đẹp mắt, hiệu năng vượt trội so với tầm giá. Rất hài lòng!"
ORI-001255,ORD-260105-0932,SSD-002,WD-BLACK-SN850X-1TB,SSD WD Black SN850X 1TB NVMe M.2 PCIe Gen4,SSD - Ổ cứng thể rắn,Western Digital,1,2190000,2500000,2190000,5,"Hàng chuẩn GearVN, nguyên seal mới cứng, bảo hành đầy đủ. Vote 5 sao!"
ORI-001256,ORD-251119-0933,CPU-005,AMD-R7-7700X,"CPU AMD Ryzen 7 7700X (4.5GHz Turbo 5.4GHz, 8 nhân 16 luồng)",CPU - Bộ vi xử lý,AMD,1,6890000,7500000,6890000,4,"Thiết kế đẹp, chạy mát, dịch vụ chăm sóc khách hàng khá tốt."
ORI-001257,ORD-251119-0933,KB-001,CORSAIR-K100-RGB-OPX,Bàn phím cơ Corsair K100 RGB Optical-Mechanical (OPX Switch),Bàn phím - Keyboard,Corsair,1,5490000,6000000,5490000,5,"Hàng chuẩn GearVN, nguyên seal mới cứng, bảo hành đầy đủ. Vote 5 sao!"
ORI-001258,ORD-250810-0934,GPU-002,MSI-RTX4080-SUPER-16G,VGA MSI GeForce RTX 4080 Super 16GB Gaming X Slim,VGA - Card màn hình,MSI,1,26990000,30000000,26990000,4,"Hiệu năng tốt trong tầm giá, dùng mượt mà không lỗi lầm gì."
ORI-001259,ORD-251031-0935,SSD-003,KINGSTON-KC3000-1TB,SSD Kingston KC3000 1TB NVMe M.2 PCIe Gen4,SSD - Ổ cứng thể rắn,Kingston,1,1890000,2200000,1890000,4,"Thiết kế đẹp, chạy mát, dịch vụ chăm sóc khách hàng khá tốt."
ORI-001260,ORD-250919-0936,CPU-005,AMD-R7-7700X,"CPU AMD Ryzen 7 7700X (4.5GHz Turbo 5.4GHz, 8 nhân 16 luồng)",CPU - Bộ vi xử lý,AMD,1,6890000,7500000,6890000,4,"Hiệu năng tốt trong tầm giá, dùng mượt mà không lỗi lầm gì."
ORI-001261,ORD-250919-0936,GPU-003,GIGABYTE-RTX4070-SUPER-12G,VGA GIGABYTE GeForce RTX 4070 Super Gaming OC 12GB,VGA - Card màn hình,GIGABYTE,1,16490000,18500000,16490000,5,"Hàng chuẩn GearVN, nguyên seal mới cứng, bảo hành đầy đủ. Vote 5 sao!"
ORI-001262,ORD-251013-0937,GPU-003,GIGABYTE-RTX4070-SUPER-12G,VGA GIGABYTE GeForce RTX 4070 Super Gaming OC 12GB,VGA - Card màn hình,GIGABYTE,1,16490000,18500000,16490000,5,"Thiết kế đẹp mắt, hiệu năng vượt trội so với tầm giá. Rất hài lòng!"
ORI-001263,ORD-251013-0937,COOL-002,THERMALRIGHT-PHANTOM-SPIRIT-120,Tản nhiệt khí Thermalright Phantom Spirit 120 SE ARGB,Tản nhiệt - Cooling,Thermalright,1,990000,1200000,990000,4,"Hiệu năng tốt trong tầm giá, dùng mượt mà không lỗi lầm gì."
ORI-001264,ORD-260225-0938,CHAIR-001,SECRETLAB-TITAN-EVO-2022,"Ghế gaming Secretlab Titan Evo 2022 (SoftWeave Plus, Medium)",Ghế gaming - Gaming Chair,Secretlab,1,12990000,14500000,12990000,5,"Thiết kế đẹp mắt, hiệu năng vượt trội so với tầm giá. Rất hài lòng!"
ORI-001265,ORD-260504-0939,SSD-003,KINGSTON-KC3000-1TB,SSD Kingston KC3000 1TB NVMe M.2 PCIe Gen4,SSD - Ổ cứng thể rắn,Kingston,1,1890000,2200000,1890000,5,"Hàng chuẩn GearVN, nguyên seal mới cứng, bảo hành đầy đủ. Vote 5 sao!"
ORI-001266,ORD-260504-0939,RAM-004,CORSAIR-DDR5-64GB-6400,RAM Corsair Vengeance DDR5 64GB (2x32GB) 6400MHz CL32,RAM - Bộ nhớ trong,Corsair,1,6490000,7500000,6490000,4,"Hiệu năng tốt trong tầm giá, dùng mượt mà không lỗi lầm gì."
ORI-001267,ORD-260124-0940,COOL-003,DEEPCOOL-AK620-DIGITAL,"Tản nhiệt khí DeepCool AK620 Digital (Dual Tower, 2x120mm)",Tản nhiệt - Cooling,Deepcool,1,1490000,1800000,1490000,4,"Chất lượng ổn áp, chạy ngon lành, đóng gói kỹ càng."
ORI-001268,ORD-260107-0941,MB-002,MSI-MAG-Z790-TOMAHAWK,"Mainboard MSI MAG Z790 Tomahawk WiFi (LGA 1700, DDR5, ATX)",Mainboard - Bo mạch chủ,MSI,1,6990000,7800000,6990000,4,"Thiết kế đẹp, chạy mát, dịch vụ chăm sóc khách hàng khá tốt."
ORI-001269,ORD-250912-0942,PSU-001,CORSAIR-HX1000I-1000W,Nguồn Corsair HX1000i 1000W 80 Plus Platinum Full Modular,PSU - Nguồn máy tính,Corsair,1,4990000,5500000,4990000,5,"Rất đáng tiền, chạy mượt mà, chính hãng 100%."
ORI-001270,ORD-250821-0943,MB-001,ASUS-ROG-MAXIMUS-Z790,"Mainboard ASUS ROG Maximus Z790 Hero (LGA 1700, DDR5, ATX)",Mainboard - Bo mạch chủ,ASUS,1,15990000,18000000,15990000,5,"Rất đáng tiền, chạy mượt mà, chính hãng 100%."
ORI-001271,ORD-250821-0943,FAN-002,NOCTUA-NF-A12X25-PWM,Fan Case Noctua NF-A12x25 PWM 120mm (Hiệu suất cao),Fan - Quạt tản nhiệt,Noctua,1,990000,1200000,990000,3,"Hiệu năng đủ dùng cho tác vụ cơ bản, nhiệt độ hơi ấm khi tải nặng."
ORI-001272,ORD-251227-0944,RAM-002,GSKILL-DDR5-32GB-6000,RAM G.Skill Trident Z5 RGB DDR5 32GB (2x16GB) 6000MHz CL30,RAM - Bộ nhớ trong,G.Skill,1,3690000,4200000,3690000,5,"Hàng chuẩn GearVN, nguyên seal mới cứng, bảo hành đầy đủ. Vote 5 sao!"
ORI-001273,ORD-250827-0945,CPU-003,INTEL-I5-14600K,"CPU Intel Core i5-14600K (3.5GHz Turbo 5.3GHz, 14 nhân 20 luồng)",CPU - Bộ vi xử lý,Intel,1,5490000,6200000,5490000,5,"Lắp đặt dễ dàng, chạy êm ái và mát mẻ. Shop hỗ trợ nhiệt tình."
ORI-001274,ORD-260127-0946,PSU-003,COOLERMASTER-V750-GOLD,Nguồn Cooler Master MWE Gold 750W 80 Plus Gold Full Modular,PSU - Nguồn máy tính,Cooler Master,1,2490000,2900000,2490000,5,"Hàng chuẩn GearVN, nguyên seal mới cứng, bảo hành đầy đủ. Vote 5 sao!"
ORI-001275,ORD-250804-0947,COOL-001,CORSAIR-H150I-ELITE-360MM,Tản nhiệt nước AIO Corsair iCUE H150i Elite LCD 360mm,Tản nhiệt - Cooling,Corsair,1,4490000,5000000,4490000,5,"Hàng chuẩn GearVN, nguyên seal mới cứng, bảo hành đầy đủ. Vote 5 sao!"
ORI-001276,ORD-250911-0948,RAM-002,GSKILL-DDR5-32GB-6000,RAM G.Skill Trident Z5 RGB DDR5 32GB (2x16GB) 6000MHz CL30,RAM - Bộ nhớ trong,G.Skill,1,3690000,4200000,3690000,5,"Sản phẩm cực kỳ chất lượng, đóng gói cẩn thận, giao hàng nhanh."
ORI-001277,ORD-250913-0949,MONITOR-001,LG-27GP850P-27-QHD-165HZ,"Màn hình LG UltraGear 27GP850P-B 27"" QHD IPS 165Hz 1ms",Màn hình - Monitor,LG,1,8990000,10500000,8990000,5,"Lắp đặt dễ dàng, chạy êm ái và mát mẻ. Shop hỗ trợ nhiệt tình."
ORI-001278,ORD-251126-0950,MOUSE-002,RAZER-DEATHADDER-V3-HTE,Chuột gaming Razer DeathAdder V3 HyperSpeed (Không dây),Chuột - Mouse,Razer,1,1890000,2200000,1890000,5,"Rất đáng tiền, chạy mượt mà, chính hãng 100%."
ORI-001279,ORD-251108-0951,CASE-001,LIANLI-PC-O11D-EVO,"Vỏ Case Lian Li PC-O11 Dynamic Evo (Mid Tower, ATX)",Case - Vỏ máy tính,Lian Li,1,3490000,3900000,3490000,4,"Chất lượng ổn áp, chạy ngon lành, đóng gói kỹ càng."
ORI-001280,ORD-251108-0951,CPU-003,INTEL-I5-14600K,"CPU Intel Core i5-14600K (3.5GHz Turbo 5.3GHz, 14 nhân 20 luồng)",CPU - Bộ vi xử lý,Intel,1,5490000,6200000,5490000,5,"Lắp đặt dễ dàng, chạy êm ái và mát mẻ. Shop hỗ trợ nhiệt tình."
ORI-001281,ORD-260228-0952,MOUSE-001,LOGITECH-G-PRO-X-SUPERLIGHT2,"Chuột gaming Logitech G Pro X Superlight 2 (Không dây, 32000 DPI)",Chuột - Mouse,Logitech,1,3390000,3800000,3390000,5,"Rất đáng tiền, chạy mượt mà, chính hãng 100%."
ORI-001282,ORD-260130-0953,MB-002,MSI-MAG-Z790-TOMAHAWK,"Mainboard MSI MAG Z790 Tomahawk WiFi (LGA 1700, DDR5, ATX)",Mainboard - Bo mạch chủ,MSI,1,6990000,7800000,6990000,,
ORI-001283,ORD-250625-0954,GPU-002,MSI-RTX4080-SUPER-16G,VGA MSI GeForce RTX 4080 Super 16GB Gaming X Slim,VGA - Card màn hình,MSI,1,26990000,30000000,26990000,4,"Sản phẩm tốt, nhân viên tư vấn nhiệt tình, sẽ tiếp tục ủng hộ."
ORI-001284,ORD-250825-0955,RAM-002,GSKILL-DDR5-32GB-6000,RAM G.Skill Trident Z5 RGB DDR5 32GB (2x16GB) 6000MHz CL30,RAM - Bộ nhớ trong,G.Skill,1,3690000,4200000,3690000,5,"Thiết kế đẹp mắt, hiệu năng vượt trội so với tầm giá. Rất hài lòng!"
ORI-001285,ORD-260120-0956,KB-002,RAZER-BLACKWIDOW-V4-75,Bàn phím cơ Razer BlackWidow V4 75% (Razer Yellow Switch),Bàn phím - Keyboard,Razer,1,3290000,3800000,3290000,5,"Lắp đặt dễ dàng, chạy êm ái và mát mẻ. Shop hỗ trợ nhiệt tình."
ORI-001286,ORD-251220-0957,COOL-003,DEEPCOOL-AK620-DIGITAL,"Tản nhiệt khí DeepCool AK620 Digital (Dual Tower, 2x120mm)",Tản nhiệt - Cooling,Deepcool,1,1490000,1800000,1490000,4,"Chất lượng ổn áp, chạy ngon lành, đóng gói kỹ càng."
ORI-001287,ORD-260531-0958,SSD-004,CRUCIAL-P5-PLUS-500GB,SSD Crucial P5 Plus 500GB NVMe M.2 PCIe Gen4,SSD - Ổ cứng thể rắn,Crucial,1,990000,1200000,990000,5,"Thiết kế đẹp mắt, hiệu năng vượt trội so với tầm giá. Rất hài lòng!"
ORI-001288,ORD-250911-0959,CPU-002,INTEL-I7-14700K,"CPU Intel Core i7-14700K (3.4GHz Turbo 5.6GHz, 20 nhân 28 luồng)",CPU - Bộ vi xử lý,Intel,1,8490000,9500000,8490000,4,"Hiệu năng tốt trong tầm giá, dùng mượt mà không lỗi lầm gì."
ORI-001289,ORD-260418-0960,MB-001,ASUS-ROG-MAXIMUS-Z790,"Mainboard ASUS ROG Maximus Z790 Hero (LGA 1700, DDR5, ATX)",Mainboard - Bo mạch chủ,ASUS,1,15990000,18000000,15990000,5,"Thiết kế đẹp mắt, hiệu năng vượt trội so với tầm giá. Rất hài lòng!"
ORI-001290,ORD-260418-0960,PSU-003,COOLERMASTER-V750-GOLD,Nguồn Cooler Master MWE Gold 750W 80 Plus Gold Full Modular,PSU - Nguồn máy tính,Cooler Master,1,2490000,2900000,2490000,5,"Rất đáng tiền, chạy mượt mà, chính hãng 100%."
ORI-001291,ORD-260327-0961,PSU-001,CORSAIR-HX1000I-1000W,Nguồn Corsair HX1000i 1000W 80 Plus Platinum Full Modular,PSU - Nguồn máy tính,Corsair,1,4990000,5500000,4990000,5,"Sản phẩm cực kỳ chất lượng, đóng gói cẩn thận, giao hàng nhanh."
ORI-001292,ORD-250821-0962,CPU-002,INTEL-I7-14700K,"CPU Intel Core i7-14700K (3.4GHz Turbo 5.6GHz, 20 nhân 28 luồng)",CPU - Bộ vi xử lý,Intel,1,8490000,9500000,8490000,5,"Rất đáng tiền, chạy mượt mà, chính hãng 100%."
ORI-001293,ORD-251114-0963,SSD-004,CRUCIAL-P5-PLUS-500GB,SSD Crucial P5 Plus 500GB NVMe M.2 PCIe Gen4,SSD - Ổ cứng thể rắn,Crucial,1,990000,1200000,990000,5,"Sản phẩm cực kỳ chất lượng, đóng gói cẩn thận, giao hàng nhanh."
ORI-001294,ORD-251114-0963,CPU-006,INTEL-I3-14100F,"CPU Intel Core i3-14100F (3.5GHz Turbo 4.7GHz, 4 nhân 8 luồng)",CPU - Bộ vi xử lý,Intel,1,2490000,2800000,2490000,5,"Lắp đặt dễ dàng, chạy êm ái và mát mẻ. Shop hỗ trợ nhiệt tình."
ORI-001295,ORD-251120-0964,SSD-003,KINGSTON-KC3000-1TB,SSD Kingston KC3000 1TB NVMe M.2 PCIe Gen4,SSD - Ổ cứng thể rắn,Kingston,1,1890000,2200000,1890000,5,"Rất đáng tiền, chạy mượt mà, chính hãng 100%."
ORI-001296,ORD-250809-0965,CHAIR-001,SECRETLAB-TITAN-EVO-2022,"Ghế gaming Secretlab Titan Evo 2022 (SoftWeave Plus, Medium)",Ghế gaming - Gaming Chair,Secretlab,1,12990000,14500000,12990000,4,"Sản phẩm tốt, nhân viên tư vấn nhiệt tình, sẽ tiếp tục ủng hộ."
ORI-001297,ORD-260103-0966,PSU-001,CORSAIR-HX1000I-1000W,Nguồn Corsair HX1000i 1000W 80 Plus Platinum Full Modular,PSU - Nguồn máy tính,Corsair,1,4990000,5500000,4990000,4,"Thiết kế đẹp, chạy mát, dịch vụ chăm sóc khách hàng khá tốt."
ORI-001298,ORD-260103-0966,CPU-002,INTEL-I7-14700K,"CPU Intel Core i7-14700K (3.4GHz Turbo 5.6GHz, 20 nhân 28 luồng)",CPU - Bộ vi xử lý,Intel,1,8490000,9500000,8490000,5,"Thiết kế đẹp mắt, hiệu năng vượt trội so với tầm giá. Rất hài lòng!"
ORI-001299,ORD-251209-0967,MONITOR-001,LG-27GP850P-27-QHD-165HZ,"Màn hình LG UltraGear 27GP850P-B 27"" QHD IPS 165Hz 1ms",Màn hình - Monitor,LG,1,8990000,10500000,8990000,5,"Hàng chuẩn GearVN, nguyên seal mới cứng, bảo hành đầy đủ. Vote 5 sao!"
ORI-001300,ORD-251209-0968,GPU-003,GIGABYTE-RTX4070-SUPER-12G,VGA GIGABYTE GeForce RTX 4070 Super Gaming OC 12GB,VGA - Card màn hình,GIGABYTE,1,16490000,18500000,16490000,4,"Thiết kế đẹp, chạy mát, dịch vụ chăm sóc khách hàng khá tốt."
ORI-001301,ORD-260201-0969,RAM-002,GSKILL-DDR5-32GB-6000,RAM G.Skill Trident Z5 RGB DDR5 32GB (2x16GB) 6000MHz CL30,RAM - Bộ nhớ trong,G.Skill,1,3690000,4200000,3690000,4,"Chất lượng ổn áp, chạy ngon lành, đóng gói kỹ càng."
ORI-001302,ORD-260129-0970,CPU-006,INTEL-I3-14100F,"CPU Intel Core i3-14100F (3.5GHz Turbo 4.7GHz, 4 nhân 8 luồng)",CPU - Bộ vi xử lý,Intel,1,2490000,2800000,2490000,4,"Hiệu năng tốt trong tầm giá, dùng mượt mà không lỗi lầm gì."
ORI-001303,ORD-250928-0971,CPU-001,INTEL-I9-14900K,"CPU Intel Core i9-14900K (3.2GHz Turbo 6.0GHz, 24 nhân 32 luồng)",CPU - Bộ vi xử lý,Intel,1,12990000,14500000,12990000,5,"Sản phẩm cực kỳ chất lượng, đóng gói cẩn thận, giao hàng nhanh."
ORI-001304,ORD-250928-0971,PSU-001,CORSAIR-HX1000I-1000W,Nguồn Corsair HX1000i 1000W 80 Plus Platinum Full Modular,PSU - Nguồn máy tính,Corsair,1,4990000,5500000,4990000,5,"Sản phẩm cực kỳ chất lượng, đóng gói cẩn thận, giao hàng nhanh."
ORI-001305,ORD-251005-0972,MB-001,ASUS-ROG-MAXIMUS-Z790,"Mainboard ASUS ROG Maximus Z790 Hero (LGA 1700, DDR5, ATX)",Mainboard - Bo mạch chủ,ASUS,1,15990000,18000000,15990000,5,"Lắp đặt dễ dàng, chạy êm ái và mát mẻ. Shop hỗ trợ nhiệt tình."
ORI-001306,ORD-251120-0973,CHAIR-001,SECRETLAB-TITAN-EVO-2022,"Ghế gaming Secretlab Titan Evo 2022 (SoftWeave Plus, Medium)",Ghế gaming - Gaming Chair,Secretlab,1,12990000,14500000,12990000,5,"Thiết kế đẹp mắt, hiệu năng vượt trội so với tầm giá. Rất hài lòng!"
ORI-001307,ORD-251123-0974,COOL-003,DEEPCOOL-AK620-DIGITAL,"Tản nhiệt khí DeepCool AK620 Digital (Dual Tower, 2x120mm)",Tản nhiệt - Cooling,Deepcool,1,1490000,1800000,1490000,4,"Chất lượng ổn áp, chạy ngon lành, đóng gói kỹ càng."
ORI-001308,ORD-251125-0975,CASE-002,JONSBO-D41-MESH,"Vỏ Case Jonsbo D41 Mesh Screen (Mid Tower, ATX, Màn hình LCD)",Case - Vỏ máy tính,Jonsbo,1,2290000,2600000,2290000,,
ORI-001309,ORD-260410-0976,MONITOR-002,SAMSUNG-ODYSSEY-G7-32-4K,"Màn hình Samsung Odyssey G7 32"" 4K UHD 144Hz IPS",Màn hình - Monitor,Samsung,1,12990000,15000000,12990000,4,"Sản phẩm tốt, nhân viên tư vấn nhiệt tình, sẽ tiếp tục ủng hộ."
ORI-001310,ORD-260610-0977,FAN-002,NOCTUA-NF-A12X25-PWM,Fan Case Noctua NF-A12x25 PWM 120mm (Hiệu suất cao),Fan - Quạt tản nhiệt,Noctua,1,990000,1200000,990000,5,"Hàng chuẩn GearVN, nguyên seal mới cứng, bảo hành đầy đủ. Vote 5 sao!"
ORI-001311,ORD-260610-0977,RAM-002,GSKILL-DDR5-32GB-6000,RAM G.Skill Trident Z5 RGB DDR5 32GB (2x16GB) 6000MHz CL30,RAM - Bộ nhớ trong,G.Skill,1,3690000,4200000,3690000,5,"Rất đáng tiền, chạy mượt mà, chính hãng 100%."
ORI-001312,ORD-251211-0978,CPU-005,AMD-R7-7700X,"CPU AMD Ryzen 7 7700X (4.5GHz Turbo 5.4GHz, 8 nhân 16 luồng)",CPU - Bộ vi xử lý,AMD,1,6890000,7500000,6890000,5,"Rất đáng tiền, chạy mượt mà, chính hãng 100%."
ORI-001313,ORD-250726-0979,SSD-001,SAMSUNG-980-PRO-2TB,SSD Samsung 980 Pro 2TB NVMe M.2 PCIe Gen4,SSD - Ổ cứng thể rắn,Samsung,1,3490000,3900000,3490000,5,"Rất đáng tiền, chạy mượt mà, chính hãng 100%."
ORI-001314,ORD-251127-0980,GPU-001,ASUS-ROG-RTX4090-24G,VGA ASUS ROG Strix GeForce RTX 4090 24GB GDDR6X OC,VGA - Card màn hình,ASUS,1,52990000,58000000,52990000,4,"Sản phẩm tốt, nhân viên tư vấn nhiệt tình, sẽ tiếp tục ủng hộ."
ORI-001315,ORD-251219-0981,SSD-003,KINGSTON-KC3000-1TB,SSD Kingston KC3000 1TB NVMe M.2 PCIe Gen4,SSD - Ổ cứng thể rắn,Kingston,1,1890000,2200000,1890000,5,"Rất đáng tiền, chạy mượt mà, chính hãng 100%."
ORI-001316,ORD-251124-0982,COOL-002,THERMALRIGHT-PHANTOM-SPIRIT-120,Tản nhiệt khí Thermalright Phantom Spirit 120 SE ARGB,Tản nhiệt - Cooling,Thermalright,1,990000,1200000,990000,2,"Hiệu năng không đúng như quảng cáo, hay bị sụt nguồn đột ngột."
ORI-001317,ORD-260213-0983,MB-002,MSI-MAG-Z790-TOMAHAWK,"Mainboard MSI MAG Z790 Tomahawk WiFi (LGA 1700, DDR5, ATX)",Mainboard - Bo mạch chủ,MSI,1,6990000,7800000,6990000,4,"Thiết kế đẹp, chạy mát, dịch vụ chăm sóc khách hàng khá tốt."
ORI-001318,ORD-260123-0984,CASE-001,LIANLI-PC-O11D-EVO,"Vỏ Case Lian Li PC-O11 Dynamic Evo (Mid Tower, ATX)",Case - Vỏ máy tính,Lian Li,1,3490000,3900000,3490000,3,"Hiệu năng đủ dùng cho tác vụ cơ bản, nhiệt độ hơi ấm khi tải nặng."
ORI-001319,ORD-260212-0985,HDD-002,WD-RED-PLUS-8TB,"Ổ cứng HDD WD Red Plus 8TB 3.5"" SATA NAS",HDD - Ổ cứng cơ,Western Digital,1,4490000,5200000,4490000,5,"Lắp đặt dễ dàng, chạy êm ái và mát mẻ. Shop hỗ trợ nhiệt tình."
ORI-001320,ORD-251117-0986,SSD-003,KINGSTON-KC3000-1TB,SSD Kingston KC3000 1TB NVMe M.2 PCIe Gen4,SSD - Ổ cứng thể rắn,Kingston,1,1890000,2200000,1890000,5,"Hàng chuẩn GearVN, nguyên seal mới cứng, bảo hành đầy đủ. Vote 5 sao!"
ORI-001321,ORD-251117-0986,GPU-003,GIGABYTE-RTX4070-SUPER-12G,VGA GIGABYTE GeForce RTX 4070 Super Gaming OC 12GB,VGA - Card màn hình,GIGABYTE,1,16490000,18500000,16490000,5,"Sản phẩm cực kỳ chất lượng, đóng gói cẩn thận, giao hàng nhanh."
ORI-001322,ORD-250917-0987,GPU-005,MSI-RTX4060-TI-8G-VENTUS,VGA MSI GeForce RTX 4060 Ti 8G Ventus 2X OC,VGA - Card màn hình,MSI,1,9490000,11000000,9490000,3,"Dùng tạm ổn, nhưng vỏ hộp hơi móp méo khi vận chuyển."
ORI-001323,ORD-250917-0987,HEADSET-001,CORSAIR-VIRTUOSO-RGB-XT,Tai nghe gaming Corsair Virtuoso RGB Wireless XT,Tai nghe - Headset,Corsair,1,4290000,5000000,4290000,5,"Hàng chuẩn GearVN, nguyên seal mới cứng, bảo hành đầy đủ. Vote 5 sao!"
ORI-001324,ORD-260505-0988,CPU-004,AMD-R9-7950X,"CPU AMD Ryzen 9 7950X (4.5GHz Turbo 5.7GHz, 16 nhân 32 luồng)",CPU - Bộ vi xử lý,AMD,1,13490000,15000000,13490000,5,"Lắp đặt dễ dàng, chạy êm ái và mát mẻ. Shop hỗ trợ nhiệt tình."
ORI-001325,ORD-260409-0989,MB-003,GIGABYTE-X670E-AORUS-MASTER,"Mainboard GIGABYTE X670E AORUS Master (AM5, DDR5, ATX)",Mainboard - Bo mạch chủ,GIGABYTE,1,11490000,13000000,11490000,5,"Thiết kế đẹp mắt, hiệu năng vượt trội so với tầm giá. Rất hài lòng!"
ORI-001326,ORD-260409-0989,PSU-001,CORSAIR-HX1000I-1000W,Nguồn Corsair HX1000i 1000W 80 Plus Platinum Full Modular,PSU - Nguồn máy tính,Corsair,1,4990000,5500000,4990000,4,"Sản phẩm tốt, nhân viên tư vấn nhiệt tình, sẽ tiếp tục ủng hộ."
ORI-001327,ORD-250730-0990,GPU-002,MSI-RTX4080-SUPER-16G,VGA MSI GeForce RTX 4080 Super 16GB Gaming X Slim,VGA - Card màn hình,MSI,1,26990000,30000000,26990000,5,"Hàng chuẩn GearVN, nguyên seal mới cứng, bảo hành đầy đủ. Vote 5 sao!"
ORI-001328,ORD-260424-0991,MOUSE-002,RAZER-DEATHADDER-V3-HTE,Chuột gaming Razer DeathAdder V3 HyperSpeed (Không dây),Chuột - Mouse,Razer,1,1890000,2200000,1890000,5,"Thiết kế đẹp mắt, hiệu năng vượt trội so với tầm giá. Rất hài lòng!"
ORI-001329,ORD-250816-0992,MB-004,ASUS-TUF-B760M-PLUS-WIFI,"Mainboard ASUS TUF Gaming B760M-Plus WiFi (LGA 1700, DDR5, mATX)",Mainboard - Bo mạch chủ,ASUS,1,3990000,4500000,3990000,5,"Sản phẩm cực kỳ chất lượng, đóng gói cẩn thận, giao hàng nhanh."
ORI-001330,ORD-250816-0992,CPU-002,INTEL-I7-14700K,"CPU Intel Core i7-14700K (3.4GHz Turbo 5.6GHz, 20 nhân 28 luồng)",CPU - Bộ vi xử lý,Intel,1,8490000,9500000,8490000,5,"Rất đáng tiền, chạy mượt mà, chính hãng 100%."
ORI-001331,ORD-260131-0993,SSD-003,KINGSTON-KC3000-1TB,SSD Kingston KC3000 1TB NVMe M.2 PCIe Gen4,SSD - Ổ cứng thể rắn,Kingston,1,1890000,2200000,1890000,5,"Sản phẩm cực kỳ chất lượng, đóng gói cẩn thận, giao hàng nhanh."
ORI-001332,ORD-251109-0994,MB-002,MSI-MAG-Z790-TOMAHAWK,"Mainboard MSI MAG Z790 Tomahawk WiFi (LGA 1700, DDR5, ATX)",Mainboard - Bo mạch chủ,MSI,1,6990000,7800000,6990000,4,"Chất lượng ổn áp, chạy ngon lành, đóng gói kỹ càng."
ORI-001333,ORD-260531-0995,MONITOR-002,SAMSUNG-ODYSSEY-G7-32-4K,"Màn hình Samsung Odyssey G7 32"" 4K UHD 144Hz IPS",Màn hình - Monitor,Samsung,1,12990000,15000000,12990000,5,"Rất đáng tiền, chạy mượt mà, chính hãng 100%."
ORI-001334,ORD-260102-0996,GPU-002,MSI-RTX4080-SUPER-16G,VGA MSI GeForce RTX 4080 Super 16GB Gaming X Slim,VGA - Card màn hình,MSI,1,26990000,30000000,26990000,5,"Hàng chuẩn GearVN, nguyên seal mới cứng, bảo hành đầy đủ. Vote 5 sao!"
ORI-001335,ORD-260102-0996,CPU-005,AMD-R7-7700X,"CPU AMD Ryzen 7 7700X (4.5GHz Turbo 5.4GHz, 8 nhân 16 luồng)",CPU - Bộ vi xử lý,AMD,1,6890000,7500000,6890000,5,"Sản phẩm cực kỳ chất lượng, đóng gói cẩn thận, giao hàng nhanh."
ORI-001336,ORD-251016-0997,RAM-001,CORSAIR-DDR5-32GB-6000,RAM Corsair Dominator Titanium DDR5 32GB (2x16GB) 6000MHz,RAM - Bộ nhớ trong,Corsair,1,3990000,4500000,3990000,3,"Dùng tạm ổn, nhưng vỏ hộp hơi móp méo khi vận chuyển."
ORI-001337,ORD-250926-0998,HEADSET-001,CORSAIR-VIRTUOSO-RGB-XT,Tai nghe gaming Corsair Virtuoso RGB Wireless XT,Tai nghe - Headset,Corsair,1,4290000,5000000,4290000,4,"Sản phẩm tốt, nhân viên tư vấn nhiệt tình, sẽ tiếp tục ủng hộ."
ORI-001338,ORD-250926-0998,MOUSE-002,RAZER-DEATHADDER-V3-HTE,Chuột gaming Razer DeathAdder V3 HyperSpeed (Không dây),Chuột - Mouse,Razer,1,1890000,2200000,1890000,5,"Lắp đặt dễ dàng, chạy êm ái và mát mẻ. Shop hỗ trợ nhiệt tình."
ORI-001339,ORD-251001-0999,CPU-005,AMD-R7-7700X,"CPU AMD Ryzen 7 7700X (4.5GHz Turbo 5.4GHz, 8 nhân 16 luồng)",CPU - Bộ vi xử lý,AMD,1,6890000,7500000,6890000,2,"Giao sai phiên bản màu sắc, đang chờ shop đổi trả."
ORI-001340,ORD-251001-0999,SSD-001,SAMSUNG-980-PRO-2TB,SSD Samsung 980 Pro 2TB NVMe M.2 PCIe Gen4,SSD - Ổ cứng thể rắn,Samsung,1,3490000,3900000,3490000,1,"Sản phẩm bị lỗi hỏng ngay khi bóc hộp, không lên nguồn. Dịch vụ tệ."
ORI-001341,ORD-260325-1000,SSD-001,SAMSUNG-980-PRO-2TB,SSD Samsung 980 Pro 2TB NVMe M.2 PCIe Gen4,SSD - Ổ cứng thể rắn,Samsung,1,3490000,3900000,3490000,5,"Rất đáng tiền, chạy mượt mà, chính hãng 100%."
ORI-001342,ORD-260210-1001,PSU-002,SEASONIC-FOCUS-GX-850,Nguồn Seasonic Focus GX 850W 80 Plus Gold Full Modular,PSU - Nguồn máy tính,Seasonic,1,3290000,3800000,3290000,4,"Sản phẩm dùng tốt, đúng mô tả, tuy nhiên giao hàng hơi trễ 1 ngày."
ORI-001343,ORD-250915-1002,KB-002,RAZER-BLACKWIDOW-V4-75,Bàn phím cơ Razer BlackWidow V4 75% (Razer Yellow Switch),Bàn phím - Keyboard,Razer,1,3290000,3800000,3290000,5,"Hàng chuẩn GearVN, nguyên seal mới cứng, bảo hành đầy đủ. Vote 5 sao!"
ORI-001344,ORD-251110-1003,COOL-002,THERMALRIGHT-PHANTOM-SPIRIT-120,Tản nhiệt khí Thermalright Phantom Spirit 120 SE ARGB,Tản nhiệt - Cooling,Thermalright,1,990000,1200000,990000,5,"Rất đáng tiền, chạy mượt mà, chính hãng 100%."
ORI-001345,ORD-251110-1003,FAN-001,LIANLI-UNI-FAN-AL120-3PACK,"Fan Case Lian Li UNI FAN AL120 RGB (3-Pack, Daisy-chain)",Fan - Quạt tản nhiệt,Lian Li,1,1490000,1800000,1490000,5,"Rất đáng tiền, chạy mượt mà, chính hãng 100%."
ORI-001346,ORD-250720-1004,CPU-002,INTEL-I7-14700K,"CPU Intel Core i7-14700K (3.4GHz Turbo 5.6GHz, 20 nhân 28 luồng)",CPU - Bộ vi xử lý,Intel,1,8490000,9500000,8490000,1,"Hàng cũ đóng lại seal, chạy lỗi liên tục, bảo hành rất phiền phức. Không nên mua."
ORI-001347,ORD-251116-1005,CPU-001,INTEL-I9-14900K,"CPU Intel Core i9-14900K (3.2GHz Turbo 6.0GHz, 24 nhân 32 luồng)",CPU - Bộ vi xử lý,Intel,1,12990000,14500000,12990000,5,"Thiết kế đẹp mắt, hiệu năng vượt trội so với tầm giá. Rất hài lòng!"
ORI-001348,ORD-250918-1006,MB-003,GIGABYTE-X670E-AORUS-MASTER,"Mainboard GIGABYTE X670E AORUS Master (AM5, DDR5, ATX)",Mainboard - Bo mạch chủ,GIGABYTE,1,11490000,13000000,11490000,5,"Rất đáng tiền, chạy mượt mà, chính hãng 100%."
ORI-001349,ORD-250908-1007,RAM-002,GSKILL-DDR5-32GB-6000,RAM G.Skill Trident Z5 RGB DDR5 32GB (2x16GB) 6000MHz CL30,RAM - Bộ nhớ trong,G.Skill,1,3690000,4200000,3690000,5,"Sản phẩm cực kỳ chất lượng, đóng gói cẩn thận, giao hàng nhanh."
ORI-001350,ORD-250908-1007,FAN-002,NOCTUA-NF-A12X25-PWM,Fan Case Noctua NF-A12x25 PWM 120mm (Hiệu suất cao),Fan - Quạt tản nhiệt,Noctua,1,990000,1200000,990000,4,"Sản phẩm tốt, nhân viên tư vấn nhiệt tình, sẽ tiếp tục ủng hộ."
ORI-001351,ORD-260421-1008,SSD-001,SAMSUNG-980-PRO-2TB,SSD Samsung 980 Pro 2TB NVMe M.2 PCIe Gen4,SSD - Ổ cứng thể rắn,Samsung,1,3490000,3900000,3490000,3,"Sản phẩm bình thường, không quá nổi bật, dịch vụ giao hàng ở mức trung bình."
ORI-001352,ORD-260421-1008,COOL-001,CORSAIR-H150I-ELITE-360MM,Tản nhiệt nước AIO Corsair iCUE H150i Elite LCD 360mm,Tản nhiệt - Cooling,Corsair,1,4490000,5000000,4490000,4,"Sản phẩm tốt, nhân viên tư vấn nhiệt tình, sẽ tiếp tục ủng hộ."
ORI-001353,ORD-251108-1009,CHAIR-001,SECRETLAB-TITAN-EVO-2022,"Ghế gaming Secretlab Titan Evo 2022 (SoftWeave Plus, Medium)",Ghế gaming - Gaming Chair,Secretlab,1,12990000,14500000,12990000,,
ORI-001354,ORD-250916-1010,PSU-001,CORSAIR-HX1000I-1000W,Nguồn Corsair HX1000i 1000W 80 Plus Platinum Full Modular,PSU - Nguồn máy tính,Corsair,1,4990000,5500000,4990000,3,"Hiệu năng đủ dùng cho tác vụ cơ bản, nhiệt độ hơi ấm khi tải nặng."
ORI-001355,ORD-250916-1010,CASE-002,JONSBO-D41-MESH,"Vỏ Case Jonsbo D41 Mesh Screen (Mid Tower, ATX, Màn hình LCD)",Case - Vỏ máy tính,Jonsbo,1,2290000,2600000,2290000,5,"Hàng chuẩn GearVN, nguyên seal mới cứng, bảo hành đầy đủ. Vote 5 sao!"
ORI-001356,ORD-251030-1011,MB-001,ASUS-ROG-MAXIMUS-Z790,"Mainboard ASUS ROG Maximus Z790 Hero (LGA 1700, DDR5, ATX)",Mainboard - Bo mạch chủ,ASUS,1,15990000,18000000,15990000,5,"Thiết kế đẹp mắt, hiệu năng vượt trội so với tầm giá. Rất hài lòng!"
ORI-001357,ORD-251030-1011,SSD-004,CRUCIAL-P5-PLUS-500GB,SSD Crucial P5 Plus 500GB NVMe M.2 PCIe Gen4,SSD - Ổ cứng thể rắn,Crucial,1,990000,1200000,990000,5,"Hàng chuẩn GearVN, nguyên seal mới cứng, bảo hành đầy đủ. Vote 5 sao!"
ORI-001358,ORD-260501-1012,SSD-001,SAMSUNG-980-PRO-2TB,SSD Samsung 980 Pro 2TB NVMe M.2 PCIe Gen4,SSD - Ổ cứng thể rắn,Samsung,1,3490000,3900000,3490000,5,"Thiết kế đẹp mắt, hiệu năng vượt trội so với tầm giá. Rất hài lòng!"
ORI-001359,ORD-250820-1013,MB-004,ASUS-TUF-B760M-PLUS-WIFI,"Mainboard ASUS TUF Gaming B760M-Plus WiFi (LGA 1700, DDR5, mATX)",Mainboard - Bo mạch chủ,ASUS,1,3990000,4500000,3990000,5,"Thiết kế đẹp mắt, hiệu năng vượt trội so với tầm giá. Rất hài lòng!"
ORI-001360,ORD-250914-1014,MOUSE-002,RAZER-DEATHADDER-V3-HTE,Chuột gaming Razer DeathAdder V3 HyperSpeed (Không dây),Chuột - Mouse,Razer,1,1890000,2200000,1890000,5,"Thiết kế đẹp mắt, hiệu năng vượt trội so với tầm giá. Rất hài lòng!"
ORI-001361,ORD-251104-1015,CPU-006,INTEL-I3-14100F,"CPU Intel Core i3-14100F (3.5GHz Turbo 4.7GHz, 4 nhân 8 luồng)",CPU - Bộ vi xử lý,Intel,1,2490000,2800000,2490000,5,"Rất đáng tiền, chạy mượt mà, chính hãng 100%."
ORI-001362,ORD-251127-1016,PSU-002,SEASONIC-FOCUS-GX-850,Nguồn Seasonic Focus GX 850W 80 Plus Gold Full Modular,PSU - Nguồn máy tính,Seasonic,1,3290000,3800000,3290000,5,"Rất đáng tiền, chạy mượt mà, chính hãng 100%."
ORI-001363,ORD-260322-1017,MOUSE-002,RAZER-DEATHADDER-V3-HTE,Chuột gaming Razer DeathAdder V3 HyperSpeed (Không dây),Chuột - Mouse,Razer,1,1890000,2200000,1890000,5,"Hàng chuẩn GearVN, nguyên seal mới cứng, bảo hành đầy đủ. Vote 5 sao!"
ORI-001364,ORD-260322-1017,RAM-001,CORSAIR-DDR5-32GB-6000,RAM Corsair Dominator Titanium DDR5 32GB (2x16GB) 6000MHz,RAM - Bộ nhớ trong,Corsair,1,3990000,4500000,3990000,5,"Lắp đặt dễ dàng, chạy êm ái và mát mẻ. Shop hỗ trợ nhiệt tình."
ORI-001365,ORD-251205-1018,SSD-003,KINGSTON-KC3000-1TB,SSD Kingston KC3000 1TB NVMe M.2 PCIe Gen4,SSD - Ổ cứng thể rắn,Kingston,1,1890000,2200000,1890000,5,"Thiết kế đẹp mắt, hiệu năng vượt trội so với tầm giá. Rất hài lòng!"
ORI-001366,ORD-251205-1018,RAM-003,KINGSTON-FURY-DDR4-16GB-3200,RAM Kingston Fury Beast DDR4 16GB (2x8GB) 3200MHz,RAM - Bộ nhớ trong,Kingston,1,1290000,1500000,1290000,5,"Thiết kế đẹp mắt, hiệu năng vượt trội so với tầm giá. Rất hài lòng!"
ORI-001367,ORD-260508-1019,CPU-003,INTEL-I5-14600K,"CPU Intel Core i5-14600K (3.5GHz Turbo 5.3GHz, 14 nhân 20 luồng)",CPU - Bộ vi xử lý,Intel,1,5490000,6200000,5490000,3,"Dùng tạm ổn, nhưng vỏ hộp hơi móp méo khi vận chuyển."
ORI-001368,ORD-260331-1020,RAM-001,CORSAIR-DDR5-32GB-6000,RAM Corsair Dominator Titanium DDR5 32GB (2x16GB) 6000MHz,RAM - Bộ nhớ trong,Corsair,1,3990000,4500000,3990000,5,"Hàng chuẩn GearVN, nguyên seal mới cứng, bảo hành đầy đủ. Vote 5 sao!"
ORI-001369,ORD-260331-1020,CPU-002,INTEL-I7-14700K,"CPU Intel Core i7-14700K (3.4GHz Turbo 5.6GHz, 20 nhân 28 luồng)",CPU - Bộ vi xử lý,Intel,1,8490000,9500000,8490000,5,"Lắp đặt dễ dàng, chạy êm ái và mát mẻ. Shop hỗ trợ nhiệt tình."
ORI-001370,ORD-250814-1021,COOL-001,CORSAIR-H150I-ELITE-360MM,Tản nhiệt nước AIO Corsair iCUE H150i Elite LCD 360mm,Tản nhiệt - Cooling,Corsair,1,4490000,5000000,4490000,5,"Thiết kế đẹp mắt, hiệu năng vượt trội so với tầm giá. Rất hài lòng!"
ORI-001371,ORD-251218-1022,MB-002,MSI-MAG-Z790-TOMAHAWK,"Mainboard MSI MAG Z790 Tomahawk WiFi (LGA 1700, DDR5, ATX)",Mainboard - Bo mạch chủ,MSI,1,6990000,7800000,6990000,5,"Lắp đặt dễ dàng, chạy êm ái và mát mẻ. Shop hỗ trợ nhiệt tình."
ORI-001372,ORD-250814-1023,CASE-002,JONSBO-D41-MESH,"Vỏ Case Jonsbo D41 Mesh Screen (Mid Tower, ATX, Màn hình LCD)",Case - Vỏ máy tính,Jonsbo,1,2290000,2600000,2290000,4,"Thiết kế đẹp, chạy mát, dịch vụ chăm sóc khách hàng khá tốt."
ORI-001373,ORD-251010-1024,MOUSE-001,LOGITECH-G-PRO-X-SUPERLIGHT2,"Chuột gaming Logitech G Pro X Superlight 2 (Không dây, 32000 DPI)",Chuột - Mouse,Logitech,1,3390000,3800000,3390000,,
ORI-001374,ORD-251010-1024,CPU-006,INTEL-I3-14100F,"CPU Intel Core i3-14100F (3.5GHz Turbo 4.7GHz, 4 nhân 8 luồng)",CPU - Bộ vi xử lý,Intel,1,2490000,2800000,2490000,,
ORI-001375,ORD-251225-1025,MONITOR-001,LG-27GP850P-27-QHD-165HZ,"Màn hình LG UltraGear 27GP850P-B 27"" QHD IPS 165Hz 1ms",Màn hình - Monitor,LG,1,8990000,10500000,8990000,5,"Lắp đặt dễ dàng, chạy êm ái và mát mẻ. Shop hỗ trợ nhiệt tình."
ORI-001376,ORD-251225-1025,SSD-004,CRUCIAL-P5-PLUS-500GB,SSD Crucial P5 Plus 500GB NVMe M.2 PCIe Gen4,SSD - Ổ cứng thể rắn,Crucial,1,990000,1200000,990000,4,"Chất lượng ổn áp, chạy ngon lành, đóng gói kỹ càng."
ORI-001377,ORD-251221-1026,MOUSE-001,LOGITECH-G-PRO-X-SUPERLIGHT2,"Chuột gaming Logitech G Pro X Superlight 2 (Không dây, 32000 DPI)",Chuột - Mouse,Logitech,1,3390000,3800000,3390000,,
ORI-001378,ORD-251225-1027,CPU-002,INTEL-I7-14700K,"CPU Intel Core i7-14700K (3.4GHz Turbo 5.6GHz, 20 nhân 28 luồng)",CPU - Bộ vi xử lý,Intel,1,8490000,9500000,8490000,5,"Sản phẩm cực kỳ chất lượng, đóng gói cẩn thận, giao hàng nhanh."
ORI-001379,ORD-250804-1028,HDD-001,SEAGATE-BARRACUDA-4TB,"Ổ cứng HDD Seagate Barracuda 4TB 3.5"" SATA 5400RPM",HDD - Ổ cứng cơ,Seagate,1,2190000,2500000,2190000,5,"Rất đáng tiền, chạy mượt mà, chính hãng 100%."
ORI-001380,ORD-250804-1028,PSU-003,COOLERMASTER-V750-GOLD,Nguồn Cooler Master MWE Gold 750W 80 Plus Gold Full Modular,PSU - Nguồn máy tính,Cooler Master,1,2490000,2900000,2490000,5,"Rất đáng tiền, chạy mượt mà, chính hãng 100%."
ORI-001381,ORD-250824-1029,PSU-001,CORSAIR-HX1000I-1000W,Nguồn Corsair HX1000i 1000W 80 Plus Platinum Full Modular,PSU - Nguồn máy tính,Corsair,1,4990000,5500000,4990000,5,"Rất đáng tiền, chạy mượt mà, chính hãng 100%."
ORI-001382,ORD-260111-1030,SSD-001,SAMSUNG-980-PRO-2TB,SSD Samsung 980 Pro 2TB NVMe M.2 PCIe Gen4,SSD - Ổ cứng thể rắn,Samsung,1,3490000,3900000,3490000,5,"Rất đáng tiền, chạy mượt mà, chính hãng 100%."
ORI-001383,ORD-251108-1031,RAM-001,CORSAIR-DDR5-32GB-6000,RAM Corsair Dominator Titanium DDR5 32GB (2x16GB) 6000MHz,RAM - Bộ nhớ trong,Corsair,1,3990000,4500000,3990000,,
ORI-001384,ORD-251226-1032,FAN-002,NOCTUA-NF-A12X25-PWM,Fan Case Noctua NF-A12x25 PWM 120mm (Hiệu suất cao),Fan - Quạt tản nhiệt,Noctua,1,990000,1200000,990000,5,"Lắp đặt dễ dàng, chạy êm ái và mát mẻ. Shop hỗ trợ nhiệt tình."
ORI-001385,ORD-251226-1032,RAM-001,CORSAIR-DDR5-32GB-6000,RAM Corsair Dominator Titanium DDR5 32GB (2x16GB) 6000MHz,RAM - Bộ nhớ trong,Corsair,1,3990000,4500000,3990000,5,"Rất đáng tiền, chạy mượt mà, chính hãng 100%."
ORI-001386,ORD-251104-1033,HDD-002,WD-RED-PLUS-8TB,"Ổ cứng HDD WD Red Plus 8TB 3.5"" SATA NAS",HDD - Ổ cứng cơ,Western Digital,1,4490000,5200000,4490000,2,"Hiệu năng không đúng như quảng cáo, hay bị sụt nguồn đột ngột."
ORI-001387,ORD-251201-1034,FAN-002,NOCTUA-NF-A12X25-PWM,Fan Case Noctua NF-A12x25 PWM 120mm (Hiệu suất cao),Fan - Quạt tản nhiệt,Noctua,1,990000,1200000,990000,4,"Sản phẩm tốt, nhân viên tư vấn nhiệt tình, sẽ tiếp tục ủng hộ."
ORI-001388,ORD-250622-1035,CPU-001,INTEL-I9-14900K,"CPU Intel Core i9-14900K (3.2GHz Turbo 6.0GHz, 24 nhân 32 luồng)",CPU - Bộ vi xử lý,Intel,1,12990000,14500000,12990000,5,"Thiết kế đẹp mắt, hiệu năng vượt trội so với tầm giá. Rất hài lòng!"
ORI-001389,ORD-260424-1036,KB-001,CORSAIR-K100-RGB-OPX,Bàn phím cơ Corsair K100 RGB Optical-Mechanical (OPX Switch),Bàn phím - Keyboard,Corsair,1,5490000,6000000,5490000,5,"Hàng chuẩn GearVN, nguyên seal mới cứng, bảo hành đầy đủ. Vote 5 sao!"
ORI-001390,ORD-260301-1037,MB-004,ASUS-TUF-B760M-PLUS-WIFI,"Mainboard ASUS TUF Gaming B760M-Plus WiFi (LGA 1700, DDR5, mATX)",Mainboard - Bo mạch chủ,ASUS,1,3990000,4500000,3990000,4,"Thiết kế đẹp, chạy mát, dịch vụ chăm sóc khách hàng khá tốt."
ORI-001391,ORD-260301-1037,MB-003,GIGABYTE-X670E-AORUS-MASTER,"Mainboard GIGABYTE X670E AORUS Master (AM5, DDR5, ATX)",Mainboard - Bo mạch chủ,GIGABYTE,1,11490000,13000000,11490000,3,Chất lượng sản phẩm ok nhưng tổng đài hỗ trợ kỹ thuật phản hồi hơi chậm.
ORI-001392,ORD-250627-1038,COOL-002,THERMALRIGHT-PHANTOM-SPIRIT-120,Tản nhiệt khí Thermalright Phantom Spirit 120 SE ARGB,Tản nhiệt - Cooling,Thermalright,1,990000,1200000,990000,5,"Hàng chuẩn GearVN, nguyên seal mới cứng, bảo hành đầy đủ. Vote 5 sao!"
ORI-001393,ORD-260412-1039,SSD-001,SAMSUNG-980-PRO-2TB,SSD Samsung 980 Pro 2TB NVMe M.2 PCIe Gen4,SSD - Ổ cứng thể rắn,Samsung,1,3490000,3900000,3490000,4,"Thiết kế đẹp, chạy mát, dịch vụ chăm sóc khách hàng khá tốt."
ORI-001394,ORD-251129-1040,PSU-003,COOLERMASTER-V750-GOLD,Nguồn Cooler Master MWE Gold 750W 80 Plus Gold Full Modular,PSU - Nguồn máy tính,Cooler Master,1,2490000,2900000,2490000,5,"Rất đáng tiền, chạy mượt mà, chính hãng 100%."
ORI-001395,ORD-260403-1041,FAN-002,NOCTUA-NF-A12X25-PWM,Fan Case Noctua NF-A12x25 PWM 120mm (Hiệu suất cao),Fan - Quạt tản nhiệt,Noctua,1,990000,1200000,990000,5,"Rất đáng tiền, chạy mượt mà, chính hãng 100%."
ORI-001396,ORD-251206-1042,HDD-002,WD-RED-PLUS-8TB,"Ổ cứng HDD WD Red Plus 8TB 3.5"" SATA NAS",HDD - Ổ cứng cơ,Western Digital,1,4490000,5200000,4490000,5,"Thiết kế đẹp mắt, hiệu năng vượt trội so với tầm giá. Rất hài lòng!"
ORI-001397,ORD-250817-1043,MB-003,GIGABYTE-X670E-AORUS-MASTER,"Mainboard GIGABYTE X670E AORUS Master (AM5, DDR5, ATX)",Mainboard - Bo mạch chủ,GIGABYTE,1,11490000,13000000,11490000,3,"Hiệu năng đủ dùng cho tác vụ cơ bản, nhiệt độ hơi ấm khi tải nặng."
ORI-001398,ORD-260619-1044,COOL-001,CORSAIR-H150I-ELITE-360MM,Tản nhiệt nước AIO Corsair iCUE H150i Elite LCD 360mm,Tản nhiệt - Cooling,Corsair,1,4490000,5000000,4490000,4,"Sản phẩm tốt, nhân viên tư vấn nhiệt tình, sẽ tiếp tục ủng hộ."
ORI-001399,ORD-260619-1044,FAN-002,NOCTUA-NF-A12X25-PWM,Fan Case Noctua NF-A12x25 PWM 120mm (Hiệu suất cao),Fan - Quạt tản nhiệt,Noctua,1,990000,1200000,990000,5,"Sản phẩm cực kỳ chất lượng, đóng gói cẩn thận, giao hàng nhanh."
ORI-001400,ORD-260209-1045,COOL-001,CORSAIR-H150I-ELITE-360MM,Tản nhiệt nước AIO Corsair iCUE H150i Elite LCD 360mm,Tản nhiệt - Cooling,Corsair,1,4490000,5000000,4490000,5,"Sản phẩm cực kỳ chất lượng, đóng gói cẩn thận, giao hàng nhanh."
ORI-001401,ORD-260209-1045,MONITOR-002,SAMSUNG-ODYSSEY-G7-32-4K,"Màn hình Samsung Odyssey G7 32"" 4K UHD 144Hz IPS",Màn hình - Monitor,Samsung,1,12990000,15000000,12990000,5,"Rất đáng tiền, chạy mượt mà, chính hãng 100%."
ORI-001402,ORD-260112-1046,PSU-003,COOLERMASTER-V750-GOLD,Nguồn Cooler Master MWE Gold 750W 80 Plus Gold Full Modular,PSU - Nguồn máy tính,Cooler Master,1,2490000,2900000,2490000,5,"Lắp đặt dễ dàng, chạy êm ái và mát mẻ. Shop hỗ trợ nhiệt tình."
ORI-001403,ORD-260112-1046,CPU-001,INTEL-I9-14900K,"CPU Intel Core i9-14900K (3.2GHz Turbo 6.0GHz, 24 nhân 32 luồng)",CPU - Bộ vi xử lý,Intel,1,12990000,14500000,12990000,5,"Sản phẩm cực kỳ chất lượng, đóng gói cẩn thận, giao hàng nhanh."
ORI-001404,ORD-250812-1047,GPU-005,MSI-RTX4060-TI-8G-VENTUS,VGA MSI GeForce RTX 4060 Ti 8G Ventus 2X OC,VGA - Card màn hình,MSI,1,9490000,11000000,9490000,5,"Sản phẩm cực kỳ chất lượng, đóng gói cẩn thận, giao hàng nhanh."
ORI-001405,ORD-251114-1048,MB-004,ASUS-TUF-B760M-PLUS-WIFI,"Mainboard ASUS TUF Gaming B760M-Plus WiFi (LGA 1700, DDR5, mATX)",Mainboard - Bo mạch chủ,ASUS,1,3990000,4500000,3990000,5,"Lắp đặt dễ dàng, chạy êm ái và mát mẻ. Shop hỗ trợ nhiệt tình."
ORI-001406,ORD-251114-1048,HDD-001,SEAGATE-BARRACUDA-4TB,"Ổ cứng HDD Seagate Barracuda 4TB 3.5"" SATA 5400RPM",HDD - Ổ cứng cơ,Seagate,1,2190000,2500000,2190000,5,"Sản phẩm cực kỳ chất lượng, đóng gói cẩn thận, giao hàng nhanh."
ORI-001407,ORD-260106-1049,COOL-001,CORSAIR-H150I-ELITE-360MM,Tản nhiệt nước AIO Corsair iCUE H150i Elite LCD 360mm,Tản nhiệt - Cooling,Corsair,1,4490000,5000000,4490000,4,"Sản phẩm tốt, nhân viên tư vấn nhiệt tình, sẽ tiếp tục ủng hộ."
ORI-001408,ORD-260213-1050,RAM-003,KINGSTON-FURY-DDR4-16GB-3200,RAM Kingston Fury Beast DDR4 16GB (2x8GB) 3200MHz,RAM - Bộ nhớ trong,Kingston,1,1290000,1500000,1290000,5,"Hàng chuẩn GearVN, nguyên seal mới cứng, bảo hành đầy đủ. Vote 5 sao!"
ORI-001409,ORD-251114-1051,GPU-002,MSI-RTX4080-SUPER-16G,VGA MSI GeForce RTX 4080 Super 16GB Gaming X Slim,VGA - Card màn hình,MSI,1,26990000,30000000,26990000,5,"Lắp đặt dễ dàng, chạy êm ái và mát mẻ. Shop hỗ trợ nhiệt tình."
ORI-001410,ORD-251114-1051,CPU-001,INTEL-I9-14900K,"CPU Intel Core i9-14900K (3.2GHz Turbo 6.0GHz, 24 nhân 32 luồng)",CPU - Bộ vi xử lý,Intel,1,12990000,14500000,12990000,5,"Hàng chuẩn GearVN, nguyên seal mới cứng, bảo hành đầy đủ. Vote 5 sao!"
ORI-001411,ORD-250723-1052,CPU-004,AMD-R9-7950X,"CPU AMD Ryzen 9 7950X (4.5GHz Turbo 5.7GHz, 16 nhân 32 luồng)",CPU - Bộ vi xử lý,AMD,1,13490000,15000000,13490000,5,"Rất đáng tiền, chạy mượt mà, chính hãng 100%."
ORI-001412,ORD-250914-1053,HDD-001,SEAGATE-BARRACUDA-4TB,"Ổ cứng HDD Seagate Barracuda 4TB 3.5"" SATA 5400RPM",HDD - Ổ cứng cơ,Seagate,1,2190000,2500000,2190000,4,"Chất lượng ổn áp, chạy ngon lành, đóng gói kỹ càng."
ORI-001413,ORD-260421-1054,HDD-001,SEAGATE-BARRACUDA-4TB,"Ổ cứng HDD Seagate Barracuda 4TB 3.5"" SATA 5400RPM",HDD - Ổ cứng cơ,Seagate,1,2190000,2500000,2190000,3,"Sản phẩm bình thường, không quá nổi bật, dịch vụ giao hàng ở mức trung bình."
ORI-001414,ORD-260421-1054,SSD-004,CRUCIAL-P5-PLUS-500GB,SSD Crucial P5 Plus 500GB NVMe M.2 PCIe Gen4,SSD - Ổ cứng thể rắn,Crucial,1,990000,1200000,990000,5,"Rất đáng tiền, chạy mượt mà, chính hãng 100%."
ORI-001415,ORD-260128-1055,CPU-004,AMD-R9-7950X,"CPU AMD Ryzen 9 7950X (4.5GHz Turbo 5.7GHz, 16 nhân 32 luồng)",CPU - Bộ vi xử lý,AMD,1,13490000,15000000,13490000,4,"Hiệu năng tốt trong tầm giá, dùng mượt mà không lỗi lầm gì."
ORI-001416,ORD-260128-1055,COOL-001,CORSAIR-H150I-ELITE-360MM,Tản nhiệt nước AIO Corsair iCUE H150i Elite LCD 360mm,Tản nhiệt - Cooling,Corsair,1,4490000,5000000,4490000,3,Chất lượng sản phẩm ok nhưng tổng đài hỗ trợ kỹ thuật phản hồi hơi chậm.
ORI-001417,ORD-251209-1056,KB-001,CORSAIR-K100-RGB-OPX,Bàn phím cơ Corsair K100 RGB Optical-Mechanical (OPX Switch),Bàn phím - Keyboard,Corsair,1,5490000,6000000,5490000,5,"Thiết kế đẹp mắt, hiệu năng vượt trội so với tầm giá. Rất hài lòng!"
ORI-001418,ORD-251214-1057,MONITOR-001,LG-27GP850P-27-QHD-165HZ,"Màn hình LG UltraGear 27GP850P-B 27"" QHD IPS 165Hz 1ms",Màn hình - Monitor,LG,1,8990000,10500000,8990000,5,"Sản phẩm cực kỳ chất lượng, đóng gói cẩn thận, giao hàng nhanh."
ORI-001419,ORD-250624-1058,KB-001,CORSAIR-K100-RGB-OPX,Bàn phím cơ Corsair K100 RGB Optical-Mechanical (OPX Switch),Bàn phím - Keyboard,Corsair,1,5490000,6000000,5490000,5,"Sản phẩm cực kỳ chất lượng, đóng gói cẩn thận, giao hàng nhanh."
ORI-001420,ORD-260515-1059,FAN-001,LIANLI-UNI-FAN-AL120-3PACK,"Fan Case Lian Li UNI FAN AL120 RGB (3-Pack, Daisy-chain)",Fan - Quạt tản nhiệt,Lian Li,1,1490000,1800000,1490000,4,"Thiết kế đẹp, chạy mát, dịch vụ chăm sóc khách hàng khá tốt."
ORI-001421,ORD-260515-1059,CPU-003,INTEL-I5-14600K,"CPU Intel Core i5-14600K (3.5GHz Turbo 5.3GHz, 14 nhân 20 luồng)",CPU - Bộ vi xử lý,Intel,1,5490000,6200000,5490000,5,"Hàng chuẩn GearVN, nguyên seal mới cứng, bảo hành đầy đủ. Vote 5 sao!"
ORI-001422,ORD-260307-1060,HDD-002,WD-RED-PLUS-8TB,"Ổ cứng HDD WD Red Plus 8TB 3.5"" SATA NAS",HDD - Ổ cứng cơ,Western Digital,1,4490000,5200000,4490000,5,"Thiết kế đẹp mắt, hiệu năng vượt trội so với tầm giá. Rất hài lòng!"
ORI-001423,ORD-260307-1060,MB-001,ASUS-ROG-MAXIMUS-Z790,"Mainboard ASUS ROG Maximus Z790 Hero (LGA 1700, DDR5, ATX)",Mainboard - Bo mạch chủ,ASUS,1,15990000,18000000,15990000,5,"Hàng chuẩn GearVN, nguyên seal mới cứng, bảo hành đầy đủ. Vote 5 sao!"
ORI-001424,ORD-251120-1061,CPU-002,INTEL-I7-14700K,"CPU Intel Core i7-14700K (3.4GHz Turbo 5.6GHz, 20 nhân 28 luồng)",CPU - Bộ vi xử lý,Intel,1,8490000,9500000,8490000,5,"Rất đáng tiền, chạy mượt mà, chính hãng 100%."
ORI-001425,ORD-250927-1062,RAM-003,KINGSTON-FURY-DDR4-16GB-3200,RAM Kingston Fury Beast DDR4 16GB (2x8GB) 3200MHz,RAM - Bộ nhớ trong,Kingston,1,1290000,1500000,1290000,,
ORI-001426,ORD-250714-1063,MB-001,ASUS-ROG-MAXIMUS-Z790,"Mainboard ASUS ROG Maximus Z790 Hero (LGA 1700, DDR5, ATX)",Mainboard - Bo mạch chủ,ASUS,1,15990000,18000000,15990000,5,"Sản phẩm cực kỳ chất lượng, đóng gói cẩn thận, giao hàng nhanh."
ORI-001427,ORD-250721-1064,CASE-001,LIANLI-PC-O11D-EVO,"Vỏ Case Lian Li PC-O11 Dynamic Evo (Mid Tower, ATX)",Case - Vỏ máy tính,Lian Li,1,3490000,3900000,3490000,4,"Chất lượng ổn áp, chạy ngon lành, đóng gói kỹ càng."
ORI-001428,ORD-260613-1065,GPU-005,MSI-RTX4060-TI-8G-VENTUS,VGA MSI GeForce RTX 4060 Ti 8G Ventus 2X OC,VGA - Card màn hình,MSI,1,9490000,11000000,9490000,5,"Thiết kế đẹp mắt, hiệu năng vượt trội so với tầm giá. Rất hài lòng!"
ORI-001429,ORD-260221-1066,GPU-001,ASUS-ROG-RTX4090-24G,VGA ASUS ROG Strix GeForce RTX 4090 24GB GDDR6X OC,VGA - Card màn hình,ASUS,1,52990000,58000000,52990000,5,"Lắp đặt dễ dàng, chạy êm ái và mát mẻ. Shop hỗ trợ nhiệt tình."
ORI-001430,ORD-251114-1067,CPU-002,INTEL-I7-14700K,"CPU Intel Core i7-14700K (3.4GHz Turbo 5.6GHz, 20 nhân 28 luồng)",CPU - Bộ vi xử lý,Intel,1,8490000,9500000,8490000,5,"Sản phẩm cực kỳ chất lượng, đóng gói cẩn thận, giao hàng nhanh."
ORI-001431,ORD-250831-1068,COOL-001,CORSAIR-H150I-ELITE-360MM,Tản nhiệt nước AIO Corsair iCUE H150i Elite LCD 360mm,Tản nhiệt - Cooling,Corsair,1,4490000,5000000,4490000,5,"Rất đáng tiền, chạy mượt mà, chính hãng 100%."
ORI-001432,ORD-260214-1069,MOUSE-001,LOGITECH-G-PRO-X-SUPERLIGHT2,"Chuột gaming Logitech G Pro X Superlight 2 (Không dây, 32000 DPI)",Chuột - Mouse,Logitech,1,3390000,3800000,3390000,5,"Lắp đặt dễ dàng, chạy êm ái và mát mẻ. Shop hỗ trợ nhiệt tình."
ORI-001433,ORD-260214-1069,RAM-004,CORSAIR-DDR5-64GB-6400,RAM Corsair Vengeance DDR5 64GB (2x32GB) 6400MHz CL32,RAM - Bộ nhớ trong,Corsair,1,6490000,7500000,6490000,5,"Lắp đặt dễ dàng, chạy êm ái và mát mẻ. Shop hỗ trợ nhiệt tình."
ORI-001434,ORD-251219-1070,HDD-001,SEAGATE-BARRACUDA-4TB,"Ổ cứng HDD Seagate Barracuda 4TB 3.5"" SATA 5400RPM",HDD - Ổ cứng cơ,Seagate,1,2190000,2500000,2190000,5,"Hàng chuẩn GearVN, nguyên seal mới cứng, bảo hành đầy đủ. Vote 5 sao!"
ORI-001435,ORD-260219-1071,SSD-004,CRUCIAL-P5-PLUS-500GB,SSD Crucial P5 Plus 500GB NVMe M.2 PCIe Gen4,SSD - Ổ cứng thể rắn,Crucial,1,990000,1200000,990000,5,"Rất đáng tiền, chạy mượt mà, chính hãng 100%."
ORI-001436,ORD-251114-1072,GPU-002,MSI-RTX4080-SUPER-16G,VGA MSI GeForce RTX 4080 Super 16GB Gaming X Slim,VGA - Card màn hình,MSI,1,26990000,30000000,26990000,5,"Hàng chuẩn GearVN, nguyên seal mới cứng, bảo hành đầy đủ. Vote 5 sao!"
ORI-001437,ORD-250812-1073,HEADSET-001,CORSAIR-VIRTUOSO-RGB-XT,Tai nghe gaming Corsair Virtuoso RGB Wireless XT,Tai nghe - Headset,Corsair,1,4290000,5000000,4290000,5,"Thiết kế đẹp mắt, hiệu năng vượt trội so với tầm giá. Rất hài lòng!"
ORI-001438,ORD-251207-1074,HEADSET-001,CORSAIR-VIRTUOSO-RGB-XT,Tai nghe gaming Corsair Virtuoso RGB Wireless XT,Tai nghe - Headset,Corsair,1,4290000,5000000,4290000,5,"Lắp đặt dễ dàng, chạy êm ái và mát mẻ. Shop hỗ trợ nhiệt tình."
ORI-001439,ORD-251221-1075,SSD-004,CRUCIAL-P5-PLUS-500GB,SSD Crucial P5 Plus 500GB NVMe M.2 PCIe Gen4,SSD - Ổ cứng thể rắn,Crucial,1,990000,1200000,990000,4,"Thiết kế đẹp, chạy mát, dịch vụ chăm sóc khách hàng khá tốt."
ORI-001440,ORD-260528-1076,GPU-001,ASUS-ROG-RTX4090-24G,VGA ASUS ROG Strix GeForce RTX 4090 24GB GDDR6X OC,VGA - Card màn hình,ASUS,1,52990000,58000000,52990000,1,"Giao hàng quá chậm (mất 7 ngày), hàng móp méo hư hại nghiêm trọng."
ORI-001441,ORD-250726-1077,RAM-002,GSKILL-DDR5-32GB-6000,RAM G.Skill Trident Z5 RGB DDR5 32GB (2x16GB) 6000MHz CL30,RAM - Bộ nhớ trong,G.Skill,1,3690000,4200000,3690000,5,"Rất đáng tiền, chạy mượt mà, chính hãng 100%."
ORI-001442,ORD-250726-1077,CASE-002,JONSBO-D41-MESH,"Vỏ Case Jonsbo D41 Mesh Screen (Mid Tower, ATX, Màn hình LCD)",Case - Vỏ máy tính,Jonsbo,1,2290000,2600000,2290000,5,"Sản phẩm cực kỳ chất lượng, đóng gói cẩn thận, giao hàng nhanh."
ORI-001443,ORD-251225-1078,GPU-005,MSI-RTX4060-TI-8G-VENTUS,VGA MSI GeForce RTX 4060 Ti 8G Ventus 2X OC,VGA - Card màn hình,MSI,1,9490000,11000000,9490000,5,"Lắp đặt dễ dàng, chạy êm ái và mát mẻ. Shop hỗ trợ nhiệt tình."
ORI-001444,ORD-251225-1078,GPU-003,GIGABYTE-RTX4070-SUPER-12G,VGA GIGABYTE GeForce RTX 4070 Super Gaming OC 12GB,VGA - Card màn hình,GIGABYTE,1,16490000,18500000,16490000,5,"Sản phẩm cực kỳ chất lượng, đóng gói cẩn thận, giao hàng nhanh."
ORI-001445,ORD-260409-1079,PSU-003,COOLERMASTER-V750-GOLD,Nguồn Cooler Master MWE Gold 750W 80 Plus Gold Full Modular,PSU - Nguồn máy tính,Cooler Master,1,2490000,2900000,2490000,,
ORI-001446,ORD-260409-1079,PSU-001,CORSAIR-HX1000I-1000W,Nguồn Corsair HX1000i 1000W 80 Plus Platinum Full Modular,PSU - Nguồn máy tính,Corsair,1,4990000,5500000,4990000,,
ORI-001447,ORD-260129-1080,HDD-002,WD-RED-PLUS-8TB,"Ổ cứng HDD WD Red Plus 8TB 3.5"" SATA NAS",HDD - Ổ cứng cơ,Western Digital,1,4490000,5200000,4490000,5,"Thiết kế đẹp mắt, hiệu năng vượt trội so với tầm giá. Rất hài lòng!"
ORI-001448,ORD-251211-1081,CHAIR-001,SECRETLAB-TITAN-EVO-2022,"Ghế gaming Secretlab Titan Evo 2022 (SoftWeave Plus, Medium)",Ghế gaming - Gaming Chair,Secretlab,1,12990000,14500000,12990000,,
ORI-001449,ORD-260202-1082,COOL-001,CORSAIR-H150I-ELITE-360MM,Tản nhiệt nước AIO Corsair iCUE H150i Elite LCD 360mm,Tản nhiệt - Cooling,Corsair,1,4490000,5000000,4490000,5,"Lắp đặt dễ dàng, chạy êm ái và mát mẻ. Shop hỗ trợ nhiệt tình."
ORI-001450,ORD-260117-1083,HDD-001,SEAGATE-BARRACUDA-4TB,"Ổ cứng HDD Seagate Barracuda 4TB 3.5"" SATA 5400RPM",HDD - Ổ cứng cơ,Seagate,1,2190000,2500000,2190000,4,"Hiệu năng tốt trong tầm giá, dùng mượt mà không lỗi lầm gì."
ORI-001451,ORD-250811-1084,KB-002,RAZER-BLACKWIDOW-V4-75,Bàn phím cơ Razer BlackWidow V4 75% (Razer Yellow Switch),Bàn phím - Keyboard,Razer,1,3290000,3800000,3290000,4,"Thiết kế đẹp, chạy mát, dịch vụ chăm sóc khách hàng khá tốt."
ORI-001452,ORD-250811-1084,GPU-005,MSI-RTX4060-TI-8G-VENTUS,VGA MSI GeForce RTX 4060 Ti 8G Ventus 2X OC,VGA - Card màn hình,MSI,1,9490000,11000000,9490000,4,"Thiết kế đẹp, chạy mát, dịch vụ chăm sóc khách hàng khá tốt."
ORI-001453,ORD-250920-1085,MOUSE-002,RAZER-DEATHADDER-V3-HTE,Chuột gaming Razer DeathAdder V3 HyperSpeed (Không dây),Chuột - Mouse,Razer,1,1890000,2200000,1890000,5,"Lắp đặt dễ dàng, chạy êm ái và mát mẻ. Shop hỗ trợ nhiệt tình."
ORI-001454,ORD-250920-1085,GPU-002,MSI-RTX4080-SUPER-16G,VGA MSI GeForce RTX 4080 Super 16GB Gaming X Slim,VGA - Card màn hình,MSI,1,26990000,30000000,26990000,5,"Lắp đặt dễ dàng, chạy êm ái và mát mẻ. Shop hỗ trợ nhiệt tình."
ORI-001455,ORD-250821-1086,CPU-001,INTEL-I9-14900K,"CPU Intel Core i9-14900K (3.2GHz Turbo 6.0GHz, 24 nhân 32 luồng)",CPU - Bộ vi xử lý,Intel,1,12990000,14500000,12990000,5,"Thiết kế đẹp mắt, hiệu năng vượt trội so với tầm giá. Rất hài lòng!"
ORI-001456,ORD-251220-1087,CASE-002,JONSBO-D41-MESH,"Vỏ Case Jonsbo D41 Mesh Screen (Mid Tower, ATX, Màn hình LCD)",Case - Vỏ máy tính,Jonsbo,1,2290000,2600000,2290000,5,"Sản phẩm cực kỳ chất lượng, đóng gói cẩn thận, giao hàng nhanh."
ORI-001457,ORD-251220-1087,CPU-002,INTEL-I7-14700K,"CPU Intel Core i7-14700K (3.4GHz Turbo 5.6GHz, 20 nhân 28 luồng)",CPU - Bộ vi xử lý,Intel,1,8490000,9500000,8490000,5,"Lắp đặt dễ dàng, chạy êm ái và mát mẻ. Shop hỗ trợ nhiệt tình."
ORI-001458,ORD-260204-1088,RAM-004,CORSAIR-DDR5-64GB-6400,RAM Corsair Vengeance DDR5 64GB (2x32GB) 6400MHz CL32,RAM - Bộ nhớ trong,Corsair,1,6490000,7500000,6490000,3,"Dùng tạm ổn, nhưng vỏ hộp hơi móp méo khi vận chuyển."
ORI-001459,ORD-260217-1089,COOL-001,CORSAIR-H150I-ELITE-360MM,Tản nhiệt nước AIO Corsair iCUE H150i Elite LCD 360mm,Tản nhiệt - Cooling,Corsair,1,4490000,5000000,4490000,3,"Hiệu năng đủ dùng cho tác vụ cơ bản, nhiệt độ hơi ấm khi tải nặng."
ORI-001460,ORD-260217-1089,GPU-001,ASUS-ROG-RTX4090-24G,VGA ASUS ROG Strix GeForce RTX 4090 24GB GDDR6X OC,VGA - Card màn hình,ASUS,1,52990000,58000000,52990000,5,"Sản phẩm cực kỳ chất lượng, đóng gói cẩn thận, giao hàng nhanh."
ORI-001461,ORD-251215-1090,PSU-001,CORSAIR-HX1000I-1000W,Nguồn Corsair HX1000i 1000W 80 Plus Platinum Full Modular,PSU - Nguồn máy tính,Corsair,1,4990000,5500000,4990000,4,"Sản phẩm dùng tốt, đúng mô tả, tuy nhiên giao hàng hơi trễ 1 ngày."
ORI-001462,ORD-260221-1091,COOL-001,CORSAIR-H150I-ELITE-360MM,Tản nhiệt nước AIO Corsair iCUE H150i Elite LCD 360mm,Tản nhiệt - Cooling,Corsair,1,4490000,5000000,4490000,5,"Hàng chuẩn GearVN, nguyên seal mới cứng, bảo hành đầy đủ. Vote 5 sao!"
ORI-001463,ORD-260309-1092,MB-001,ASUS-ROG-MAXIMUS-Z790,"Mainboard ASUS ROG Maximus Z790 Hero (LGA 1700, DDR5, ATX)",Mainboard - Bo mạch chủ,ASUS,1,15990000,18000000,15990000,3,"Sản phẩm bình thường, không quá nổi bật, dịch vụ giao hàng ở mức trung bình."
ORI-001464,ORD-260309-1092,COOL-003,DEEPCOOL-AK620-DIGITAL,"Tản nhiệt khí DeepCool AK620 Digital (Dual Tower, 2x120mm)",Tản nhiệt - Cooling,Deepcool,1,1490000,1800000,1490000,4,"Sản phẩm dùng tốt, đúng mô tả, tuy nhiên giao hàng hơi trễ 1 ngày."
ORI-001465,ORD-260208-1093,CPU-001,INTEL-I9-14900K,"CPU Intel Core i9-14900K (3.2GHz Turbo 6.0GHz, 24 nhân 32 luồng)",CPU - Bộ vi xử lý,Intel,1,12990000,14500000,12990000,4,"Chất lượng ổn áp, chạy ngon lành, đóng gói kỹ càng."
ORI-001466,ORD-250817-1094,CASE-002,JONSBO-D41-MESH,"Vỏ Case Jonsbo D41 Mesh Screen (Mid Tower, ATX, Màn hình LCD)",Case - Vỏ máy tính,Jonsbo,1,2290000,2600000,2290000,4,"Hiệu năng tốt trong tầm giá, dùng mượt mà không lỗi lầm gì."
ORI-001467,ORD-260223-1095,GPU-004,ASUS-RX7900XTX-24G,VGA ASUS TUF Gaming Radeon RX 7900 XTX OC 24GB,VGA - Card màn hình,ASUS,1,22990000,25000000,22990000,4,"Sản phẩm dùng tốt, đúng mô tả, tuy nhiên giao hàng hơi trễ 1 ngày."
ORI-001468,ORD-260223-1095,FAN-002,NOCTUA-NF-A12X25-PWM,Fan Case Noctua NF-A12x25 PWM 120mm (Hiệu suất cao),Fan - Quạt tản nhiệt,Noctua,1,990000,1200000,990000,5,"Rất đáng tiền, chạy mượt mà, chính hãng 100%."
ORI-001469,ORD-260406-1096,CHAIR-001,SECRETLAB-TITAN-EVO-2022,"Ghế gaming Secretlab Titan Evo 2022 (SoftWeave Plus, Medium)",Ghế gaming - Gaming Chair,Secretlab,1,12990000,14500000,12990000,5,"Thiết kế đẹp mắt, hiệu năng vượt trội so với tầm giá. Rất hài lòng!"
ORI-001470,ORD-251208-1097,CPU-006,INTEL-I3-14100F,"CPU Intel Core i3-14100F (3.5GHz Turbo 4.7GHz, 4 nhân 8 luồng)",CPU - Bộ vi xử lý,Intel,1,2490000,2800000,2490000,4,"Chất lượng ổn áp, chạy ngon lành, đóng gói kỹ càng."
ORI-001471,ORD-260117-1098,CPU-003,INTEL-I5-14600K,"CPU Intel Core i5-14600K (3.5GHz Turbo 5.3GHz, 14 nhân 20 luồng)",CPU - Bộ vi xử lý,Intel,1,5490000,6200000,5490000,5,"Sản phẩm cực kỳ chất lượng, đóng gói cẩn thận, giao hàng nhanh."
ORI-001472,ORD-250814-1099,MOUSE-001,LOGITECH-G-PRO-X-SUPERLIGHT2,"Chuột gaming Logitech G Pro X Superlight 2 (Không dây, 32000 DPI)",Chuột - Mouse,Logitech,1,3390000,3800000,3390000,5,"Sản phẩm cực kỳ chất lượng, đóng gói cẩn thận, giao hàng nhanh."
ORI-001473,ORD-250814-1099,GPU-003,GIGABYTE-RTX4070-SUPER-12G,VGA GIGABYTE GeForce RTX 4070 Super Gaming OC 12GB,VGA - Card màn hình,GIGABYTE,1,16490000,18500000,16490000,4,"Hiệu năng tốt trong tầm giá, dùng mượt mà không lỗi lầm gì."
ORI-001474,ORD-250807-1100,CASE-001,LIANLI-PC-O11D-EVO,"Vỏ Case Lian Li PC-O11 Dynamic Evo (Mid Tower, ATX)",Case - Vỏ máy tính,Lian Li,1,3490000,3900000,3490000,5,"Hàng chuẩn GearVN, nguyên seal mới cứng, bảo hành đầy đủ. Vote 5 sao!"
ORI-001475,ORD-260121-1101,GPU-002,MSI-RTX4080-SUPER-16G,VGA MSI GeForce RTX 4080 Super 16GB Gaming X Slim,VGA - Card màn hình,MSI,1,26990000,30000000,26990000,5,"Lắp đặt dễ dàng, chạy êm ái và mát mẻ. Shop hỗ trợ nhiệt tình."
ORI-001476,ORD-250926-1102,PSU-002,SEASONIC-FOCUS-GX-850,Nguồn Seasonic Focus GX 850W 80 Plus Gold Full Modular,PSU - Nguồn máy tính,Seasonic,1,3290000,3800000,3290000,5,"Lắp đặt dễ dàng, chạy êm ái và mát mẻ. Shop hỗ trợ nhiệt tình."
ORI-001477,ORD-260218-1103,SSD-003,KINGSTON-KC3000-1TB,SSD Kingston KC3000 1TB NVMe M.2 PCIe Gen4,SSD - Ổ cứng thể rắn,Kingston,1,1890000,2200000,1890000,5,"Rất đáng tiền, chạy mượt mà, chính hãng 100%."
ORI-001478,ORD-251114-1104,CHAIR-001,SECRETLAB-TITAN-EVO-2022,"Ghế gaming Secretlab Titan Evo 2022 (SoftWeave Plus, Medium)",Ghế gaming - Gaming Chair,Secretlab,1,12990000,14500000,12990000,5,"Lắp đặt dễ dàng, chạy êm ái và mát mẻ. Shop hỗ trợ nhiệt tình."
ORI-001479,ORD-251114-1104,COOL-003,DEEPCOOL-AK620-DIGITAL,"Tản nhiệt khí DeepCool AK620 Digital (Dual Tower, 2x120mm)",Tản nhiệt - Cooling,Deepcool,1,1490000,1800000,1490000,5,"Hàng chuẩn GearVN, nguyên seal mới cứng, bảo hành đầy đủ. Vote 5 sao!"
ORI-001480,ORD-260330-1105,SSD-001,SAMSUNG-980-PRO-2TB,SSD Samsung 980 Pro 2TB NVMe M.2 PCIe Gen4,SSD - Ổ cứng thể rắn,Samsung,1,3490000,3900000,3490000,5,"Lắp đặt dễ dàng, chạy êm ái và mát mẻ. Shop hỗ trợ nhiệt tình."
ORI-001481,ORD-251119-1106,SSD-004,CRUCIAL-P5-PLUS-500GB,SSD Crucial P5 Plus 500GB NVMe M.2 PCIe Gen4,SSD - Ổ cứng thể rắn,Crucial,1,990000,1200000,990000,5,"Hàng chuẩn GearVN, nguyên seal mới cứng, bảo hành đầy đủ. Vote 5 sao!"
ORI-001482,ORD-250623-1107,CPU-002,INTEL-I7-14700K,"CPU Intel Core i7-14700K (3.4GHz Turbo 5.6GHz, 20 nhân 28 luồng)",CPU - Bộ vi xử lý,Intel,1,8490000,9500000,8490000,5,"Lắp đặt dễ dàng, chạy êm ái và mát mẻ. Shop hỗ trợ nhiệt tình."
ORI-001483,ORD-250623-1107,COOL-001,CORSAIR-H150I-ELITE-360MM,Tản nhiệt nước AIO Corsair iCUE H150i Elite LCD 360mm,Tản nhiệt - Cooling,Corsair,1,4490000,5000000,4490000,5,"Hàng chuẩn GearVN, nguyên seal mới cứng, bảo hành đầy đủ. Vote 5 sao!"
ORI-001484,ORD-250813-1108,MB-003,GIGABYTE-X670E-AORUS-MASTER,"Mainboard GIGABYTE X670E AORUS Master (AM5, DDR5, ATX)",Mainboard - Bo mạch chủ,GIGABYTE,1,11490000,13000000,11490000,5,"Thiết kế đẹp mắt, hiệu năng vượt trội so với tầm giá. Rất hài lòng!"
ORI-001485,ORD-250813-1109,GPU-005,MSI-RTX4060-TI-8G-VENTUS,VGA MSI GeForce RTX 4060 Ti 8G Ventus 2X OC,VGA - Card màn hình,MSI,1,9490000,11000000,9490000,4,"Sản phẩm dùng tốt, đúng mô tả, tuy nhiên giao hàng hơi trễ 1 ngày."
ORI-001486,ORD-251119-1110,RAM-001,CORSAIR-DDR5-32GB-6000,RAM Corsair Dominator Titanium DDR5 32GB (2x16GB) 6000MHz,RAM - Bộ nhớ trong,Corsair,1,3990000,4500000,3990000,3,"Hiệu năng đủ dùng cho tác vụ cơ bản, nhiệt độ hơi ấm khi tải nặng."
ORI-001487,ORD-251009-1111,PSU-001,CORSAIR-HX1000I-1000W,Nguồn Corsair HX1000i 1000W 80 Plus Platinum Full Modular,PSU - Nguồn máy tính,Corsair,1,4990000,5500000,4990000,3,"Hiệu năng đủ dùng cho tác vụ cơ bản, nhiệt độ hơi ấm khi tải nặng."
ORI-001488,ORD-251207-1112,HDD-002,WD-RED-PLUS-8TB,"Ổ cứng HDD WD Red Plus 8TB 3.5"" SATA NAS",HDD - Ổ cứng cơ,Western Digital,1,4490000,5200000,4490000,5,"Lắp đặt dễ dàng, chạy êm ái và mát mẻ. Shop hỗ trợ nhiệt tình."
ORI-001489,ORD-260428-1113,KB-001,CORSAIR-K100-RGB-OPX,Bàn phím cơ Corsair K100 RGB Optical-Mechanical (OPX Switch),Bàn phím - Keyboard,Corsair,1,5490000,6000000,5490000,5,"Lắp đặt dễ dàng, chạy êm ái và mát mẻ. Shop hỗ trợ nhiệt tình."
ORI-001490,ORD-250903-1114,MONITOR-001,LG-27GP850P-27-QHD-165HZ,"Màn hình LG UltraGear 27GP850P-B 27"" QHD IPS 165Hz 1ms",Màn hình - Monitor,LG,1,8990000,10500000,8990000,5,"Hàng chuẩn GearVN, nguyên seal mới cứng, bảo hành đầy đủ. Vote 5 sao!"
ORI-001491,ORD-250903-1114,CHAIR-001,SECRETLAB-TITAN-EVO-2022,"Ghế gaming Secretlab Titan Evo 2022 (SoftWeave Plus, Medium)",Ghế gaming - Gaming Chair,Secretlab,1,12990000,14500000,12990000,3,"Sản phẩm bình thường, không quá nổi bật, dịch vụ giao hàng ở mức trung bình."
ORI-001492,ORD-260223-1115,RAM-002,GSKILL-DDR5-32GB-6000,RAM G.Skill Trident Z5 RGB DDR5 32GB (2x16GB) 6000MHz CL30,RAM - Bộ nhớ trong,G.Skill,1,3690000,4200000,3690000,5,"Sản phẩm cực kỳ chất lượng, đóng gói cẩn thận, giao hàng nhanh."
ORI-001493,ORD-260102-1116,MONITOR-001,LG-27GP850P-27-QHD-165HZ,"Màn hình LG UltraGear 27GP850P-B 27"" QHD IPS 165Hz 1ms",Màn hình - Monitor,LG,1,8990000,10500000,8990000,5,"Lắp đặt dễ dàng, chạy êm ái và mát mẻ. Shop hỗ trợ nhiệt tình."
ORI-001494,ORD-260102-1116,RAM-002,GSKILL-DDR5-32GB-6000,RAM G.Skill Trident Z5 RGB DDR5 32GB (2x16GB) 6000MHz CL30,RAM - Bộ nhớ trong,G.Skill,1,3690000,4200000,3690000,5,"Rất đáng tiền, chạy mượt mà, chính hãng 100%."
ORI-001495,ORD-251103-1117,HDD-001,SEAGATE-BARRACUDA-4TB,"Ổ cứng HDD Seagate Barracuda 4TB 3.5"" SATA 5400RPM",HDD - Ổ cứng cơ,Seagate,1,2190000,2500000,2190000,3,Chất lượng sản phẩm ok nhưng tổng đài hỗ trợ kỹ thuật phản hồi hơi chậm.
ORI-001496,ORD-251103-1117,CASE-002,JONSBO-D41-MESH,"Vỏ Case Jonsbo D41 Mesh Screen (Mid Tower, ATX, Màn hình LCD)",Case - Vỏ máy tính,Jonsbo,1,2290000,2600000,2290000,5,"Sản phẩm cực kỳ chất lượng, đóng gói cẩn thận, giao hàng nhanh."
ORI-001497,ORD-260411-1118,KB-001,CORSAIR-K100-RGB-OPX,Bàn phím cơ Corsair K100 RGB Optical-Mechanical (OPX Switch),Bàn phím - Keyboard,Corsair,1,5490000,6000000,5490000,5,"Rất đáng tiền, chạy mượt mà, chính hãng 100%."
ORI-001498,ORD-250623-1119,MB-002,MSI-MAG-Z790-TOMAHAWK,"Mainboard MSI MAG Z790 Tomahawk WiFi (LGA 1700, DDR5, ATX)",Mainboard - Bo mạch chủ,MSI,1,6990000,7800000,6990000,4,"Hiệu năng tốt trong tầm giá, dùng mượt mà không lỗi lầm gì."
ORI-001499,ORD-250623-1119,RAM-003,KINGSTON-FURY-DDR4-16GB-3200,RAM Kingston Fury Beast DDR4 16GB (2x8GB) 3200MHz,RAM - Bộ nhớ trong,Kingston,1,1290000,1500000,1290000,5,"Hàng chuẩn GearVN, nguyên seal mới cứng, bảo hành đầy đủ. Vote 5 sao!"
ORI-001500,ORD-250812-1120,MB-004,ASUS-TUF-B760M-PLUS-WIFI,"Mainboard ASUS TUF Gaming B760M-Plus WiFi (LGA 1700, DDR5, mATX)",Mainboard - Bo mạch chủ,ASUS,1,3990000,4500000,3990000,2,"Sản phẩm có dấu hiệu trầy xước nhẹ, giao hàng chậm, đóng gói sơ sài."
ORI-001501,ORD-250812-1120,GPU-003,GIGABYTE-RTX4070-SUPER-12G,VGA GIGABYTE GeForce RTX 4070 Super Gaming OC 12GB,VGA - Card màn hình,GIGABYTE,1,16490000,18500000,16490000,5,"Sản phẩm cực kỳ chất lượng, đóng gói cẩn thận, giao hàng nhanh."
ORI-001502,ORD-251113-1121,MONITOR-001,LG-27GP850P-27-QHD-165HZ,"Màn hình LG UltraGear 27GP850P-B 27"" QHD IPS 165Hz 1ms",Màn hình - Monitor,LG,1,8990000,10500000,8990000,5,"Hàng chuẩn GearVN, nguyên seal mới cứng, bảo hành đầy đủ. Vote 5 sao!"
ORI-001503,ORD-250923-1122,GPU-005,MSI-RTX4060-TI-8G-VENTUS,VGA MSI GeForce RTX 4060 Ti 8G Ventus 2X OC,VGA - Card màn hình,MSI,1,9490000,11000000,9490000,5,"Thiết kế đẹp mắt, hiệu năng vượt trội so với tầm giá. Rất hài lòng!"
ORI-001504,ORD-250923-1122,CPU-004,AMD-R9-7950X,"CPU AMD Ryzen 9 7950X (4.5GHz Turbo 5.7GHz, 16 nhân 32 luồng)",CPU - Bộ vi xử lý,AMD,1,13490000,15000000,13490000,5,"Thiết kế đẹp mắt, hiệu năng vượt trội so với tầm giá. Rất hài lòng!"
ORI-001505,ORD-251116-1123,CHAIR-001,SECRETLAB-TITAN-EVO-2022,"Ghế gaming Secretlab Titan Evo 2022 (SoftWeave Plus, Medium)",Ghế gaming - Gaming Chair,Secretlab,1,12990000,14500000,12990000,5,"Rất đáng tiền, chạy mượt mà, chính hãng 100%."
ORI-001506,ORD-260106-1124,GPU-005,MSI-RTX4060-TI-8G-VENTUS,VGA MSI GeForce RTX 4060 Ti 8G Ventus 2X OC,VGA - Card màn hình,MSI,1,9490000,11000000,9490000,4,"Thiết kế đẹp, chạy mát, dịch vụ chăm sóc khách hàng khá tốt."
ORI-001507,ORD-251124-1125,GPU-005,MSI-RTX4060-TI-8G-VENTUS,VGA MSI GeForce RTX 4060 Ti 8G Ventus 2X OC,VGA - Card màn hình,MSI,1,9490000,11000000,9490000,5,"Lắp đặt dễ dàng, chạy êm ái và mát mẻ. Shop hỗ trợ nhiệt tình."
ORI-001508,ORD-251124-1125,SSD-002,WD-BLACK-SN850X-1TB,SSD WD Black SN850X 1TB NVMe M.2 PCIe Gen4,SSD - Ổ cứng thể rắn,Western Digital,1,2190000,2500000,2190000,5,"Sản phẩm cực kỳ chất lượng, đóng gói cẩn thận, giao hàng nhanh."
ORI-001509,ORD-260215-1126,RAM-004,CORSAIR-DDR5-64GB-6400,RAM Corsair Vengeance DDR5 64GB (2x32GB) 6400MHz CL32,RAM - Bộ nhớ trong,Corsair,1,6490000,7500000,6490000,5,"Thiết kế đẹp mắt, hiệu năng vượt trội so với tầm giá. Rất hài lòng!"
ORI-001510,ORD-250811-1127,CASE-002,JONSBO-D41-MESH,"Vỏ Case Jonsbo D41 Mesh Screen (Mid Tower, ATX, Màn hình LCD)",Case - Vỏ máy tính,Jonsbo,1,2290000,2600000,2290000,5,"Rất đáng tiền, chạy mượt mà, chính hãng 100%."
ORI-001511,ORD-250805-1128,MB-003,GIGABYTE-X670E-AORUS-MASTER,"Mainboard GIGABYTE X670E AORUS Master (AM5, DDR5, ATX)",Mainboard - Bo mạch chủ,GIGABYTE,1,11490000,13000000,11490000,5,"Rất đáng tiền, chạy mượt mà, chính hãng 100%."
ORI-001512,ORD-260201-1129,CPU-004,AMD-R9-7950X,"CPU AMD Ryzen 9 7950X (4.5GHz Turbo 5.7GHz, 16 nhân 32 luồng)",CPU - Bộ vi xử lý,AMD,1,13490000,15000000,13490000,5,"Sản phẩm cực kỳ chất lượng, đóng gói cẩn thận, giao hàng nhanh."
ORI-001513,ORD-250914-1130,CHAIR-001,SECRETLAB-TITAN-EVO-2022,"Ghế gaming Secretlab Titan Evo 2022 (SoftWeave Plus, Medium)",Ghế gaming - Gaming Chair,Secretlab,1,12990000,14500000,12990000,5,"Thiết kế đẹp mắt, hiệu năng vượt trội so với tầm giá. Rất hài lòng!"
ORI-001514,ORD-250914-1130,SSD-003,KINGSTON-KC3000-1TB,SSD Kingston KC3000 1TB NVMe M.2 PCIe Gen4,SSD - Ổ cứng thể rắn,Kingston,1,1890000,2200000,1890000,5,"Hàng chuẩn GearVN, nguyên seal mới cứng, bảo hành đầy đủ. Vote 5 sao!"
ORI-001515,ORD-251107-1131,KB-002,RAZER-BLACKWIDOW-V4-75,Bàn phím cơ Razer BlackWidow V4 75% (Razer Yellow Switch),Bàn phím - Keyboard,Razer,1,3290000,3800000,3290000,4,"Thiết kế đẹp, chạy mát, dịch vụ chăm sóc khách hàng khá tốt."
ORI-001516,ORD-260112-1132,MOUSE-002,RAZER-DEATHADDER-V3-HTE,Chuột gaming Razer DeathAdder V3 HyperSpeed (Không dây),Chuột - Mouse,Razer,1,1890000,2200000,1890000,1,"Giao hàng quá chậm (mất 7 ngày), hàng móp méo hư hại nghiêm trọng."
ORI-001517,ORD-250804-1133,CPU-005,AMD-R7-7700X,"CPU AMD Ryzen 7 7700X (4.5GHz Turbo 5.4GHz, 8 nhân 16 luồng)",CPU - Bộ vi xử lý,AMD,1,6890000,7500000,6890000,5,"Hàng chuẩn GearVN, nguyên seal mới cứng, bảo hành đầy đủ. Vote 5 sao!"
ORI-001518,ORD-260322-1134,KB-002,RAZER-BLACKWIDOW-V4-75,Bàn phím cơ Razer BlackWidow V4 75% (Razer Yellow Switch),Bàn phím - Keyboard,Razer,1,3290000,3800000,3290000,5,"Rất đáng tiền, chạy mượt mà, chính hãng 100%."
ORI-001519,ORD-251205-1135,GPU-002,MSI-RTX4080-SUPER-16G,VGA MSI GeForce RTX 4080 Super 16GB Gaming X Slim,VGA - Card màn hình,MSI,1,26990000,30000000,26990000,5,"Rất đáng tiền, chạy mượt mà, chính hãng 100%."
ORI-001520,ORD-260618-1136,KB-001,CORSAIR-K100-RGB-OPX,Bàn phím cơ Corsair K100 RGB Optical-Mechanical (OPX Switch),Bàn phím - Keyboard,Corsair,1,5490000,6000000,5490000,,
ORI-001521,ORD-260618-1136,GPU-002,MSI-RTX4080-SUPER-16G,VGA MSI GeForce RTX 4080 Super 16GB Gaming X Slim,VGA - Card màn hình,MSI,1,26990000,30000000,26990000,,
ORI-001522,ORD-250814-1137,KB-002,RAZER-BLACKWIDOW-V4-75,Bàn phím cơ Razer BlackWidow V4 75% (Razer Yellow Switch),Bàn phím - Keyboard,Razer,1,3290000,3800000,3290000,4,"Chất lượng ổn áp, chạy ngon lành, đóng gói kỹ càng."
ORI-001523,ORD-260212-1138,CPU-002,INTEL-I7-14700K,"CPU Intel Core i7-14700K (3.4GHz Turbo 5.6GHz, 20 nhân 28 luồng)",CPU - Bộ vi xử lý,Intel,1,8490000,9500000,8490000,5,"Hàng chuẩn GearVN, nguyên seal mới cứng, bảo hành đầy đủ. Vote 5 sao!"
ORI-001524,ORD-250812-1139,SSD-001,SAMSUNG-980-PRO-2TB,SSD Samsung 980 Pro 2TB NVMe M.2 PCIe Gen4,SSD - Ổ cứng thể rắn,Samsung,1,3490000,3900000,3490000,5,"Hàng chuẩn GearVN, nguyên seal mới cứng, bảo hành đầy đủ. Vote 5 sao!"
ORI-001525,ORD-260528-1140,CPU-003,INTEL-I5-14600K,"CPU Intel Core i5-14600K (3.5GHz Turbo 5.3GHz, 14 nhân 20 luồng)",CPU - Bộ vi xử lý,Intel,1,5490000,6200000,5490000,3,"Hiệu năng đủ dùng cho tác vụ cơ bản, nhiệt độ hơi ấm khi tải nặng."
ORI-001526,ORD-260528-1140,CPU-006,INTEL-I3-14100F,"CPU Intel Core i3-14100F (3.5GHz Turbo 4.7GHz, 4 nhân 8 luồng)",CPU - Bộ vi xử lý,Intel,1,2490000,2800000,2490000,4,"Sản phẩm tốt, nhân viên tư vấn nhiệt tình, sẽ tiếp tục ủng hộ."
ORI-001527,ORD-251126-1141,MOUSE-002,RAZER-DEATHADDER-V3-HTE,Chuột gaming Razer DeathAdder V3 HyperSpeed (Không dây),Chuột - Mouse,Razer,1,1890000,2200000,1890000,5,"Thiết kế đẹp mắt, hiệu năng vượt trội so với tầm giá. Rất hài lòng!"
ORI-001528,ORD-251106-1142,MOUSE-001,LOGITECH-G-PRO-X-SUPERLIGHT2,"Chuột gaming Logitech G Pro X Superlight 2 (Không dây, 32000 DPI)",Chuột - Mouse,Logitech,1,3390000,3800000,3390000,5,"Thiết kế đẹp mắt, hiệu năng vượt trội so với tầm giá. Rất hài lòng!"
ORI-001529,ORD-250915-1143,HDD-002,WD-RED-PLUS-8TB,"Ổ cứng HDD WD Red Plus 8TB 3.5"" SATA NAS",HDD - Ổ cứng cơ,Western Digital,1,4490000,5200000,4490000,5,"Thiết kế đẹp mắt, hiệu năng vượt trội so với tầm giá. Rất hài lòng!"
ORI-001530,ORD-250915-1143,COOL-003,DEEPCOOL-AK620-DIGITAL,"Tản nhiệt khí DeepCool AK620 Digital (Dual Tower, 2x120mm)",Tản nhiệt - Cooling,Deepcool,1,1490000,1800000,1490000,5,"Lắp đặt dễ dàng, chạy êm ái và mát mẻ. Shop hỗ trợ nhiệt tình."
ORI-001531,ORD-250928-1144,CPU-002,INTEL-I7-14700K,"CPU Intel Core i7-14700K (3.4GHz Turbo 5.6GHz, 20 nhân 28 luồng)",CPU - Bộ vi xử lý,Intel,1,8490000,9500000,8490000,5,"Rất đáng tiền, chạy mượt mà, chính hãng 100%."
ORI-001532,ORD-250928-1144,SSD-004,CRUCIAL-P5-PLUS-500GB,SSD Crucial P5 Plus 500GB NVMe M.2 PCIe Gen4,SSD - Ổ cứng thể rắn,Crucial,1,990000,1200000,990000,4,"Thiết kế đẹp, chạy mát, dịch vụ chăm sóc khách hàng khá tốt."
ORI-001533,ORD-251109-1145,CASE-002,JONSBO-D41-MESH,"Vỏ Case Jonsbo D41 Mesh Screen (Mid Tower, ATX, Màn hình LCD)",Case - Vỏ máy tính,Jonsbo,1,2290000,2600000,2290000,4,"Sản phẩm tốt, nhân viên tư vấn nhiệt tình, sẽ tiếp tục ủng hộ."
ORI-001534,ORD-251109-1145,MOUSE-001,LOGITECH-G-PRO-X-SUPERLIGHT2,"Chuột gaming Logitech G Pro X Superlight 2 (Không dây, 32000 DPI)",Chuột - Mouse,Logitech,1,3390000,3800000,3390000,5,"Lắp đặt dễ dàng, chạy êm ái và mát mẻ. Shop hỗ trợ nhiệt tình."
ORI-001535,ORD-260116-1146,FAN-002,NOCTUA-NF-A12X25-PWM,Fan Case Noctua NF-A12x25 PWM 120mm (Hiệu suất cao),Fan - Quạt tản nhiệt,Noctua,1,990000,1200000,990000,5,"Hàng chuẩn GearVN, nguyên seal mới cứng, bảo hành đầy đủ. Vote 5 sao!"
ORI-001536,ORD-260226-1147,RAM-002,GSKILL-DDR5-32GB-6000,RAM G.Skill Trident Z5 RGB DDR5 32GB (2x16GB) 6000MHz CL30,RAM - Bộ nhớ trong,G.Skill,1,3690000,4200000,3690000,5,"Thiết kế đẹp mắt, hiệu năng vượt trội so với tầm giá. Rất hài lòng!"
ORI-001537,ORD-260226-1147,MOUSE-001,LOGITECH-G-PRO-X-SUPERLIGHT2,"Chuột gaming Logitech G Pro X Superlight 2 (Không dây, 32000 DPI)",Chuột - Mouse,Logitech,1,3390000,3800000,3390000,5,"Hàng chuẩn GearVN, nguyên seal mới cứng, bảo hành đầy đủ. Vote 5 sao!"
ORI-001538,ORD-251213-1148,HDD-001,SEAGATE-BARRACUDA-4TB,"Ổ cứng HDD Seagate Barracuda 4TB 3.5"" SATA 5400RPM",HDD - Ổ cứng cơ,Seagate,1,2190000,2500000,2190000,3,Chất lượng sản phẩm ok nhưng tổng đài hỗ trợ kỹ thuật phản hồi hơi chậm.
ORI-001539,ORD-260210-1149,FAN-001,LIANLI-UNI-FAN-AL120-3PACK,"Fan Case Lian Li UNI FAN AL120 RGB (3-Pack, Daisy-chain)",Fan - Quạt tản nhiệt,Lian Li,1,1490000,1800000,1490000,5,"Rất đáng tiền, chạy mượt mà, chính hãng 100%."
ORI-001540,ORD-260210-1149,GPU-005,MSI-RTX4060-TI-8G-VENTUS,VGA MSI GeForce RTX 4060 Ti 8G Ventus 2X OC,VGA - Card màn hình,MSI,1,9490000,11000000,9490000,5,"Thiết kế đẹp mắt, hiệu năng vượt trội so với tầm giá. Rất hài lòng!"
ORI-001541,ORD-260227-1150,MOUSE-002,RAZER-DEATHADDER-V3-HTE,Chuột gaming Razer DeathAdder V3 HyperSpeed (Không dây),Chuột - Mouse,Razer,1,1890000,2200000,1890000,3,Chất lượng sản phẩm ok nhưng tổng đài hỗ trợ kỹ thuật phản hồi hơi chậm.
ORI-001542,ORD-260110-1151,HDD-002,WD-RED-PLUS-8TB,"Ổ cứng HDD WD Red Plus 8TB 3.5"" SATA NAS",HDD - Ổ cứng cơ,Western Digital,1,4490000,5200000,4490000,5,"Rất đáng tiền, chạy mượt mà, chính hãng 100%."
ORI-001543,ORD-260124-1152,MOUSE-001,LOGITECH-G-PRO-X-SUPERLIGHT2,"Chuột gaming Logitech G Pro X Superlight 2 (Không dây, 32000 DPI)",Chuột - Mouse,Logitech,1,3390000,3800000,3390000,5,"Hàng chuẩn GearVN, nguyên seal mới cứng, bảo hành đầy đủ. Vote 5 sao!"
ORI-001544,ORD-260126-1153,COOL-001,CORSAIR-H150I-ELITE-360MM,Tản nhiệt nước AIO Corsair iCUE H150i Elite LCD 360mm,Tản nhiệt - Cooling,Corsair,1,4490000,5000000,4490000,5,"Lắp đặt dễ dàng, chạy êm ái và mát mẻ. Shop hỗ trợ nhiệt tình."
ORI-001545,ORD-260305-1154,MB-004,ASUS-TUF-B760M-PLUS-WIFI,"Mainboard ASUS TUF Gaming B760M-Plus WiFi (LGA 1700, DDR5, mATX)",Mainboard - Bo mạch chủ,ASUS,1,3990000,4500000,3990000,4,"Chất lượng ổn áp, chạy ngon lành, đóng gói kỹ càng."
ORI-001546,ORD-260122-1155,COOL-003,DEEPCOOL-AK620-DIGITAL,"Tản nhiệt khí DeepCool AK620 Digital (Dual Tower, 2x120mm)",Tản nhiệt - Cooling,Deepcool,1,1490000,1800000,1490000,3,Chất lượng sản phẩm ok nhưng tổng đài hỗ trợ kỹ thuật phản hồi hơi chậm.
ORI-001547,ORD-260122-1155,KB-002,RAZER-BLACKWIDOW-V4-75,Bàn phím cơ Razer BlackWidow V4 75% (Razer Yellow Switch),Bàn phím - Keyboard,Razer,1,3290000,3800000,3290000,1,"Giao hàng quá chậm (mất 7 ngày), hàng móp méo hư hại nghiêm trọng."
ORI-001548,ORD-260601-1156,CPU-004,AMD-R9-7950X,"CPU AMD Ryzen 9 7950X (4.5GHz Turbo 5.7GHz, 16 nhân 32 luồng)",CPU - Bộ vi xử lý,AMD,1,13490000,15000000,13490000,5,"Hàng chuẩn GearVN, nguyên seal mới cứng, bảo hành đầy đủ. Vote 5 sao!"
ORI-001549,ORD-260601-1156,SSD-001,SAMSUNG-980-PRO-2TB,SSD Samsung 980 Pro 2TB NVMe M.2 PCIe Gen4,SSD - Ổ cứng thể rắn,Samsung,1,3490000,3900000,3490000,5,"Hàng chuẩn GearVN, nguyên seal mới cứng, bảo hành đầy đủ. Vote 5 sao!"
ORI-001550,ORD-251127-1157,CASE-001,LIANLI-PC-O11D-EVO,"Vỏ Case Lian Li PC-O11 Dynamic Evo (Mid Tower, ATX)",Case - Vỏ máy tính,Lian Li,1,3490000,3900000,3490000,5,"Thiết kế đẹp mắt, hiệu năng vượt trội so với tầm giá. Rất hài lòng!"
ORI-001551,ORD-251127-1157,FAN-001,LIANLI-UNI-FAN-AL120-3PACK,"Fan Case Lian Li UNI FAN AL120 RGB (3-Pack, Daisy-chain)",Fan - Quạt tản nhiệt,Lian Li,1,1490000,1800000,1490000,5,"Lắp đặt dễ dàng, chạy êm ái và mát mẻ. Shop hỗ trợ nhiệt tình."
ORI-001552,ORD-260127-1158,CHAIR-001,SECRETLAB-TITAN-EVO-2022,"Ghế gaming Secretlab Titan Evo 2022 (SoftWeave Plus, Medium)",Ghế gaming - Gaming Chair,Secretlab,1,12990000,14500000,12990000,5,"Thiết kế đẹp mắt, hiệu năng vượt trội so với tầm giá. Rất hài lòng!"
ORI-001553,ORD-250823-1159,RAM-003,KINGSTON-FURY-DDR4-16GB-3200,RAM Kingston Fury Beast DDR4 16GB (2x8GB) 3200MHz,RAM - Bộ nhớ trong,Kingston,1,1290000,1500000,1290000,3,"Dùng tạm ổn, nhưng vỏ hộp hơi móp méo khi vận chuyển."
ORI-001554,ORD-250823-1159,GPU-004,ASUS-RX7900XTX-24G,VGA ASUS TUF Gaming Radeon RX 7900 XTX OC 24GB,VGA - Card màn hình,ASUS,1,22990000,25000000,22990000,5,"Lắp đặt dễ dàng, chạy êm ái và mát mẻ. Shop hỗ trợ nhiệt tình."
ORI-001555,ORD-260216-1160,CPU-004,AMD-R9-7950X,"CPU AMD Ryzen 9 7950X (4.5GHz Turbo 5.7GHz, 16 nhân 32 luồng)",CPU - Bộ vi xử lý,AMD,1,13490000,15000000,13490000,5,"Thiết kế đẹp mắt, hiệu năng vượt trội so với tầm giá. Rất hài lòng!"
ORI-001556,ORD-260216-1160,COOL-001,CORSAIR-H150I-ELITE-360MM,Tản nhiệt nước AIO Corsair iCUE H150i Elite LCD 360mm,Tản nhiệt - Cooling,Corsair,1,4490000,5000000,4490000,5,"Rất đáng tiền, chạy mượt mà, chính hãng 100%."
ORI-001557,ORD-250910-1161,RAM-003,KINGSTON-FURY-DDR4-16GB-3200,RAM Kingston Fury Beast DDR4 16GB (2x8GB) 3200MHz,RAM - Bộ nhớ trong,Kingston,1,1290000,1500000,1290000,5,"Thiết kế đẹp mắt, hiệu năng vượt trội so với tầm giá. Rất hài lòng!"
ORI-001558,ORD-260428-1162,GPU-004,ASUS-RX7900XTX-24G,VGA ASUS TUF Gaming Radeon RX 7900 XTX OC 24GB,VGA - Card màn hình,ASUS,1,22990000,25000000,22990000,5,"Lắp đặt dễ dàng, chạy êm ái và mát mẻ. Shop hỗ trợ nhiệt tình."
ORI-001559,ORD-260428-1162,FAN-001,LIANLI-UNI-FAN-AL120-3PACK,"Fan Case Lian Li UNI FAN AL120 RGB (3-Pack, Daisy-chain)",Fan - Quạt tản nhiệt,Lian Li,1,1490000,1800000,1490000,5,"Lắp đặt dễ dàng, chạy êm ái và mát mẻ. Shop hỗ trợ nhiệt tình."
ORI-001560,ORD-260116-1163,CPU-001,INTEL-I9-14900K,"CPU Intel Core i9-14900K (3.2GHz Turbo 6.0GHz, 24 nhân 32 luồng)",CPU - Bộ vi xử lý,Intel,1,12990000,14500000,12990000,5,"Sản phẩm cực kỳ chất lượng, đóng gói cẩn thận, giao hàng nhanh."
ORI-001561,ORD-250923-1164,CHAIR-001,SECRETLAB-TITAN-EVO-2022,"Ghế gaming Secretlab Titan Evo 2022 (SoftWeave Plus, Medium)",Ghế gaming - Gaming Chair,Secretlab,1,12990000,14500000,12990000,5,"Sản phẩm cực kỳ chất lượng, đóng gói cẩn thận, giao hàng nhanh."
ORI-001562,ORD-250923-1164,GPU-005,MSI-RTX4060-TI-8G-VENTUS,VGA MSI GeForce RTX 4060 Ti 8G Ventus 2X OC,VGA - Card màn hình,MSI,1,9490000,11000000,9490000,3,Chất lượng sản phẩm ok nhưng tổng đài hỗ trợ kỹ thuật phản hồi hơi chậm.
ORI-001563,ORD-251217-1165,RAM-004,CORSAIR-DDR5-64GB-6400,RAM Corsair Vengeance DDR5 64GB (2x32GB) 6400MHz CL32,RAM - Bộ nhớ trong,Corsair,1,6490000,7500000,6490000,4,"Sản phẩm tốt, nhân viên tư vấn nhiệt tình, sẽ tiếp tục ủng hộ."
ORI-001564,ORD-251204-1166,RAM-003,KINGSTON-FURY-DDR4-16GB-3200,RAM Kingston Fury Beast DDR4 16GB (2x8GB) 3200MHz,RAM - Bộ nhớ trong,Kingston,1,1290000,1500000,1290000,2,"Sản phẩm có dấu hiệu trầy xước nhẹ, giao hàng chậm, đóng gói sơ sài."
ORI-001565,ORD-251204-1166,MB-002,MSI-MAG-Z790-TOMAHAWK,"Mainboard MSI MAG Z790 Tomahawk WiFi (LGA 1700, DDR5, ATX)",Mainboard - Bo mạch chủ,MSI,1,6990000,7800000,6990000,4,"Sản phẩm dùng tốt, đúng mô tả, tuy nhiên giao hàng hơi trễ 1 ngày."
ORI-001566,ORD-260313-1167,SSD-001,SAMSUNG-980-PRO-2TB,SSD Samsung 980 Pro 2TB NVMe M.2 PCIe Gen4,SSD - Ổ cứng thể rắn,Samsung,1,3490000,3900000,3490000,2,"Hiệu năng không đúng như quảng cáo, hay bị sụt nguồn đột ngột."
ORI-001567,ORD-260531-1168,COOL-003,DEEPCOOL-AK620-DIGITAL,"Tản nhiệt khí DeepCool AK620 Digital (Dual Tower, 2x120mm)",Tản nhiệt - Cooling,Deepcool,1,1490000,1800000,1490000,5,"Thiết kế đẹp mắt, hiệu năng vượt trội so với tầm giá. Rất hài lòng!"
ORI-001568,ORD-260114-1169,GPU-005,MSI-RTX4060-TI-8G-VENTUS,VGA MSI GeForce RTX 4060 Ti 8G Ventus 2X OC,VGA - Card màn hình,MSI,1,9490000,11000000,9490000,5,"Thiết kế đẹp mắt, hiệu năng vượt trội so với tầm giá. Rất hài lòng!"
ORI-001569,ORD-260428-1170,MONITOR-001,LG-27GP850P-27-QHD-165HZ,"Màn hình LG UltraGear 27GP850P-B 27"" QHD IPS 165Hz 1ms",Màn hình - Monitor,LG,1,8990000,10500000,8990000,5,"Thiết kế đẹp mắt, hiệu năng vượt trội so với tầm giá. Rất hài lòng!"
ORI-001570,ORD-251219-1171,RAM-002,GSKILL-DDR5-32GB-6000,RAM G.Skill Trident Z5 RGB DDR5 32GB (2x16GB) 6000MHz CL30,RAM - Bộ nhớ trong,G.Skill,1,3690000,4200000,3690000,5,"Sản phẩm cực kỳ chất lượng, đóng gói cẩn thận, giao hàng nhanh."
ORI-001571,ORD-251225-1172,COOL-001,CORSAIR-H150I-ELITE-360MM,Tản nhiệt nước AIO Corsair iCUE H150i Elite LCD 360mm,Tản nhiệt - Cooling,Corsair,1,4490000,5000000,4490000,5,"Rất đáng tiền, chạy mượt mà, chính hãng 100%."
ORI-001572,ORD-260203-1173,GPU-002,MSI-RTX4080-SUPER-16G,VGA MSI GeForce RTX 4080 Super 16GB Gaming X Slim,VGA - Card màn hình,MSI,1,26990000,30000000,26990000,5,"Sản phẩm cực kỳ chất lượng, đóng gói cẩn thận, giao hàng nhanh."
ORI-001573,ORD-260203-1173,CHAIR-001,SECRETLAB-TITAN-EVO-2022,"Ghế gaming Secretlab Titan Evo 2022 (SoftWeave Plus, Medium)",Ghế gaming - Gaming Chair,Secretlab,1,12990000,14500000,12990000,5,"Hàng chuẩn GearVN, nguyên seal mới cứng, bảo hành đầy đủ. Vote 5 sao!"
ORI-001574,ORD-250726-1174,CPU-002,INTEL-I7-14700K,"CPU Intel Core i7-14700K (3.4GHz Turbo 5.6GHz, 20 nhân 28 luồng)",CPU - Bộ vi xử lý,Intel,1,8490000,9500000,8490000,5,"Lắp đặt dễ dàng, chạy êm ái và mát mẻ. Shop hỗ trợ nhiệt tình."
ORI-001575,ORD-251218-1175,GPU-005,MSI-RTX4060-TI-8G-VENTUS,VGA MSI GeForce RTX 4060 Ti 8G Ventus 2X OC,VGA - Card màn hình,MSI,1,9490000,11000000,9490000,,
ORI-001576,ORD-250824-1176,MB-002,MSI-MAG-Z790-TOMAHAWK,"Mainboard MSI MAG Z790 Tomahawk WiFi (LGA 1700, DDR5, ATX)",Mainboard - Bo mạch chủ,MSI,1,6990000,7800000,6990000,5,"Hàng chuẩn GearVN, nguyên seal mới cứng, bảo hành đầy đủ. Vote 5 sao!"
ORI-001577,ORD-250824-1176,MONITOR-001,LG-27GP850P-27-QHD-165HZ,"Màn hình LG UltraGear 27GP850P-B 27"" QHD IPS 165Hz 1ms",Màn hình - Monitor,LG,1,8990000,10500000,8990000,5,"Hàng chuẩn GearVN, nguyên seal mới cứng, bảo hành đầy đủ. Vote 5 sao!"
ORI-001578,ORD-251206-1177,CPU-005,AMD-R7-7700X,"CPU AMD Ryzen 7 7700X (4.5GHz Turbo 5.4GHz, 8 nhân 16 luồng)",CPU - Bộ vi xử lý,AMD,1,6890000,7500000,6890000,3,"Sản phẩm bình thường, không quá nổi bật, dịch vụ giao hàng ở mức trung bình."
ORI-001579,ORD-250821-1178,CHAIR-001,SECRETLAB-TITAN-EVO-2022,"Ghế gaming Secretlab Titan Evo 2022 (SoftWeave Plus, Medium)",Ghế gaming - Gaming Chair,Secretlab,1,12990000,14500000,12990000,3,"Dùng tạm ổn, nhưng vỏ hộp hơi móp méo khi vận chuyển."
ORI-001580,ORD-250828-1179,SSD-002,WD-BLACK-SN850X-1TB,SSD WD Black SN850X 1TB NVMe M.2 PCIe Gen4,SSD - Ổ cứng thể rắn,Western Digital,1,2190000,2500000,2190000,2,"Giao sai phiên bản màu sắc, đang chờ shop đổi trả."
ORI-001581,ORD-250828-1179,FAN-002,NOCTUA-NF-A12X25-PWM,Fan Case Noctua NF-A12x25 PWM 120mm (Hiệu suất cao),Fan - Quạt tản nhiệt,Noctua,1,990000,1200000,990000,5,"Sản phẩm cực kỳ chất lượng, đóng gói cẩn thận, giao hàng nhanh."
ORI-001582,ORD-260207-1180,MOUSE-001,LOGITECH-G-PRO-X-SUPERLIGHT2,"Chuột gaming Logitech G Pro X Superlight 2 (Không dây, 32000 DPI)",Chuột - Mouse,Logitech,1,3390000,3800000,3390000,5,"Hàng chuẩn GearVN, nguyên seal mới cứng, bảo hành đầy đủ. Vote 5 sao!"
ORI-001583,ORD-260207-1180,RAM-001,CORSAIR-DDR5-32GB-6000,RAM Corsair Dominator Titanium DDR5 32GB (2x16GB) 6000MHz,RAM - Bộ nhớ trong,Corsair,1,3990000,4500000,3990000,5,"Rất đáng tiền, chạy mượt mà, chính hãng 100%."
ORI-001584,ORD-251010-1181,PSU-003,COOLERMASTER-V750-GOLD,Nguồn Cooler Master MWE Gold 750W 80 Plus Gold Full Modular,PSU - Nguồn máy tính,Cooler Master,1,2490000,2900000,2490000,5,"Rất đáng tiền, chạy mượt mà, chính hãng 100%."
ORI-001585,ORD-250919-1182,HEADSET-001,CORSAIR-VIRTUOSO-RGB-XT,Tai nghe gaming Corsair Virtuoso RGB Wireless XT,Tai nghe - Headset,Corsair,1,4290000,5000000,4290000,5,"Rất đáng tiền, chạy mượt mà, chính hãng 100%."
ORI-001586,ORD-251108-1183,KB-002,RAZER-BLACKWIDOW-V4-75,Bàn phím cơ Razer BlackWidow V4 75% (Razer Yellow Switch),Bàn phím - Keyboard,Razer,1,3290000,3800000,3290000,3,"Hiệu năng đủ dùng cho tác vụ cơ bản, nhiệt độ hơi ấm khi tải nặng."
ORI-001587,ORD-250910-1184,HDD-001,SEAGATE-BARRACUDA-4TB,"Ổ cứng HDD Seagate Barracuda 4TB 3.5"" SATA 5400RPM",HDD - Ổ cứng cơ,Seagate,1,2190000,2500000,2190000,5,"Thiết kế đẹp mắt, hiệu năng vượt trội so với tầm giá. Rất hài lòng!"
ORI-001588,ORD-250621-1185,SSD-003,KINGSTON-KC3000-1TB,SSD Kingston KC3000 1TB NVMe M.2 PCIe Gen4,SSD - Ổ cứng thể rắn,Kingston,1,1890000,2200000,1890000,4,"Thiết kế đẹp, chạy mát, dịch vụ chăm sóc khách hàng khá tốt."
ORI-001589,ORD-250923-1186,MB-003,GIGABYTE-X670E-AORUS-MASTER,"Mainboard GIGABYTE X670E AORUS Master (AM5, DDR5, ATX)",Mainboard - Bo mạch chủ,GIGABYTE,1,11490000,13000000,11490000,5,"Thiết kế đẹp mắt, hiệu năng vượt trội so với tầm giá. Rất hài lòng!"
ORI-001590,ORD-251123-1187,PSU-002,SEASONIC-FOCUS-GX-850,Nguồn Seasonic Focus GX 850W 80 Plus Gold Full Modular,PSU - Nguồn máy tính,Seasonic,1,3290000,3800000,3290000,5,"Sản phẩm cực kỳ chất lượng, đóng gói cẩn thận, giao hàng nhanh."
ORI-001591,ORD-260306-1188,GPU-002,MSI-RTX4080-SUPER-16G,VGA MSI GeForce RTX 4080 Super 16GB Gaming X Slim,VGA - Card màn hình,MSI,1,26990000,30000000,26990000,5,"Thiết kế đẹp mắt, hiệu năng vượt trội so với tầm giá. Rất hài lòng!"
ORI-001592,ORD-250915-1189,MONITOR-001,LG-27GP850P-27-QHD-165HZ,"Màn hình LG UltraGear 27GP850P-B 27"" QHD IPS 165Hz 1ms",Màn hình - Monitor,LG,1,8990000,10500000,8990000,5,"Sản phẩm cực kỳ chất lượng, đóng gói cẩn thận, giao hàng nhanh."
ORI-001593,ORD-260130-1190,CASE-002,JONSBO-D41-MESH,"Vỏ Case Jonsbo D41 Mesh Screen (Mid Tower, ATX, Màn hình LCD)",Case - Vỏ máy tính,Jonsbo,1,2290000,2600000,2290000,5,"Lắp đặt dễ dàng, chạy êm ái và mát mẻ. Shop hỗ trợ nhiệt tình."
ORI-001594,ORD-251224-1191,CPU-006,INTEL-I3-14100F,"CPU Intel Core i3-14100F (3.5GHz Turbo 4.7GHz, 4 nhân 8 luồng)",CPU - Bộ vi xử lý,Intel,1,2490000,2800000,2490000,4,"Hiệu năng tốt trong tầm giá, dùng mượt mà không lỗi lầm gì."
ORI-001595,ORD-251224-1191,RAM-002,GSKILL-DDR5-32GB-6000,RAM G.Skill Trident Z5 RGB DDR5 32GB (2x16GB) 6000MHz CL30,RAM - Bộ nhớ trong,G.Skill,1,3690000,4200000,3690000,5,"Rất đáng tiền, chạy mượt mà, chính hãng 100%."
ORI-001596,ORD-260411-1192,RAM-004,CORSAIR-DDR5-64GB-6400,RAM Corsair Vengeance DDR5 64GB (2x32GB) 6400MHz CL32,RAM - Bộ nhớ trong,Corsair,1,6490000,7500000,6490000,5,"Rất đáng tiền, chạy mượt mà, chính hãng 100%."
ORI-001597,ORD-251006-1193,CASE-001,LIANLI-PC-O11D-EVO,"Vỏ Case Lian Li PC-O11 Dynamic Evo (Mid Tower, ATX)",Case - Vỏ máy tính,Lian Li,1,3490000,3900000,3490000,5,"Thiết kế đẹp mắt, hiệu năng vượt trội so với tầm giá. Rất hài lòng!"
ORI-001598,ORD-260107-1194,SSD-002,WD-BLACK-SN850X-1TB,SSD WD Black SN850X 1TB NVMe M.2 PCIe Gen4,SSD - Ổ cứng thể rắn,Western Digital,1,2190000,2500000,2190000,4,"Sản phẩm dùng tốt, đúng mô tả, tuy nhiên giao hàng hơi trễ 1 ngày."
ORI-001599,ORD-260107-1194,GPU-003,GIGABYTE-RTX4070-SUPER-12G,VGA GIGABYTE GeForce RTX 4070 Super Gaming OC 12GB,VGA - Card màn hình,GIGABYTE,1,16490000,18500000,16490000,5,"Hàng chuẩn GearVN, nguyên seal mới cứng, bảo hành đầy đủ. Vote 5 sao!"
ORI-001600,ORD-251226-1195,GPU-005,MSI-RTX4060-TI-8G-VENTUS,VGA MSI GeForce RTX 4060 Ti 8G Ventus 2X OC,VGA - Card màn hình,MSI,1,9490000,11000000,9490000,5,"Thiết kế đẹp mắt, hiệu năng vượt trội so với tầm giá. Rất hài lòng!"
ORI-001601,ORD-250814-1196,RAM-004,CORSAIR-DDR5-64GB-6400,RAM Corsair Vengeance DDR5 64GB (2x32GB) 6400MHz CL32,RAM - Bộ nhớ trong,Corsair,1,6490000,7500000,6490000,5,"Lắp đặt dễ dàng, chạy êm ái và mát mẻ. Shop hỗ trợ nhiệt tình."
ORI-001602,ORD-251106-1197,HDD-001,SEAGATE-BARRACUDA-4TB,"Ổ cứng HDD Seagate Barracuda 4TB 3.5"" SATA 5400RPM",HDD - Ổ cứng cơ,Seagate,1,2190000,2500000,2190000,5,"Thiết kế đẹp mắt, hiệu năng vượt trội so với tầm giá. Rất hài lòng!"
ORI-001603,ORD-251110-1198,GPU-001,ASUS-ROG-RTX4090-24G,VGA ASUS ROG Strix GeForce RTX 4090 24GB GDDR6X OC,VGA - Card màn hình,ASUS,1,52990000,58000000,52990000,5,"Rất đáng tiền, chạy mượt mà, chính hãng 100%."
ORI-001604,ORD-260423-1199,CPU-004,AMD-R9-7950X,"CPU AMD Ryzen 9 7950X (4.5GHz Turbo 5.7GHz, 16 nhân 32 luồng)",CPU - Bộ vi xử lý,AMD,1,13490000,15000000,13490000,4,"Thiết kế đẹp, chạy mát, dịch vụ chăm sóc khách hàng khá tốt."
ORI-001605,ORD-260423-1199,COOL-003,DEEPCOOL-AK620-DIGITAL,"Tản nhiệt khí DeepCool AK620 Digital (Dual Tower, 2x120mm)",Tản nhiệt - Cooling,Deepcool,1,1490000,1800000,1490000,5,"Thiết kế đẹp mắt, hiệu năng vượt trội so với tầm giá. Rất hài lòng!"
ORI-001606,ORD-250715-1200,GPU-001,ASUS-ROG-RTX4090-24G,VGA ASUS ROG Strix GeForce RTX 4090 24GB GDDR6X OC,VGA - Card màn hình,ASUS,1,52990000,58000000,52990000,5,"Thiết kế đẹp mắt, hiệu năng vượt trội so với tầm giá. Rất hài lòng!"
ORI-001607,ORD-260502-1201,RAM-002,GSKILL-DDR5-32GB-6000,RAM G.Skill Trident Z5 RGB DDR5 32GB (2x16GB) 6000MHz CL30,RAM - Bộ nhớ trong,G.Skill,1,3690000,4200000,3690000,5,"Hàng chuẩn GearVN, nguyên seal mới cứng, bảo hành đầy đủ. Vote 5 sao!"
ORI-001608,ORD-251225-1202,SSD-004,CRUCIAL-P5-PLUS-500GB,SSD Crucial P5 Plus 500GB NVMe M.2 PCIe Gen4,SSD - Ổ cứng thể rắn,Crucial,1,990000,1200000,990000,5,"Rất đáng tiền, chạy mượt mà, chính hãng 100%."
ORI-001609,ORD-260326-1203,MOUSE-001,LOGITECH-G-PRO-X-SUPERLIGHT2,"Chuột gaming Logitech G Pro X Superlight 2 (Không dây, 32000 DPI)",Chuột - Mouse,Logitech,1,3390000,3800000,3390000,1,"Hàng cũ đóng lại seal, chạy lỗi liên tục, bảo hành rất phiền phức. Không nên mua."
ORI-001610,ORD-260501-1204,PSU-001,CORSAIR-HX1000I-1000W,Nguồn Corsair HX1000i 1000W 80 Plus Platinum Full Modular,PSU - Nguồn máy tính,Corsair,1,4990000,5500000,4990000,4,"Hiệu năng tốt trong tầm giá, dùng mượt mà không lỗi lầm gì."
ORI-001611,ORD-260125-1205,GPU-005,MSI-RTX4060-TI-8G-VENTUS,VGA MSI GeForce RTX 4060 Ti 8G Ventus 2X OC,VGA - Card màn hình,MSI,1,9490000,11000000,9490000,5,"Sản phẩm cực kỳ chất lượng, đóng gói cẩn thận, giao hàng nhanh."
ORI-001612,ORD-250724-1206,FAN-002,NOCTUA-NF-A12X25-PWM,Fan Case Noctua NF-A12x25 PWM 120mm (Hiệu suất cao),Fan - Quạt tản nhiệt,Noctua,1,990000,1200000,990000,4,"Sản phẩm tốt, nhân viên tư vấn nhiệt tình, sẽ tiếp tục ủng hộ."
ORI-001613,ORD-260218-1207,SSD-001,SAMSUNG-980-PRO-2TB,SSD Samsung 980 Pro 2TB NVMe M.2 PCIe Gen4,SSD - Ổ cứng thể rắn,Samsung,1,3490000,3900000,3490000,4,"Thiết kế đẹp, chạy mát, dịch vụ chăm sóc khách hàng khá tốt."
ORI-001614,ORD-250923-1208,HEADSET-001,CORSAIR-VIRTUOSO-RGB-XT,Tai nghe gaming Corsair Virtuoso RGB Wireless XT,Tai nghe - Headset,Corsair,1,4290000,5000000,4290000,4,"Sản phẩm tốt, nhân viên tư vấn nhiệt tình, sẽ tiếp tục ủng hộ."
ORI-001615,ORD-250923-1208,HEADSET-001,CORSAIR-VIRTUOSO-RGB-XT,Tai nghe gaming Corsair Virtuoso RGB Wireless XT,Tai nghe - Headset,Corsair,1,4290000,5000000,4290000,5,"Thiết kế đẹp mắt, hiệu năng vượt trội so với tầm giá. Rất hài lòng!"
ORI-001616,ORD-260112-1209,CASE-001,LIANLI-PC-O11D-EVO,"Vỏ Case Lian Li PC-O11 Dynamic Evo (Mid Tower, ATX)",Case - Vỏ máy tính,Lian Li,1,3490000,3900000,3490000,2,"Hiệu năng không đúng như quảng cáo, hay bị sụt nguồn đột ngột."
ORI-001617,ORD-260608-1210,CPU-004,AMD-R9-7950X,"CPU AMD Ryzen 9 7950X (4.5GHz Turbo 5.7GHz, 16 nhân 32 luồng)",CPU - Bộ vi xử lý,AMD,1,13490000,15000000,13490000,4,"Hiệu năng tốt trong tầm giá, dùng mượt mà không lỗi lầm gì."
ORI-001618,ORD-260608-1210,MOUSE-002,RAZER-DEATHADDER-V3-HTE,Chuột gaming Razer DeathAdder V3 HyperSpeed (Không dây),Chuột - Mouse,Razer,1,1890000,2200000,1890000,4,"Sản phẩm tốt, nhân viên tư vấn nhiệt tình, sẽ tiếp tục ủng hộ."
ORI-001619,ORD-251226-1211,CPU-006,INTEL-I3-14100F,"CPU Intel Core i3-14100F (3.5GHz Turbo 4.7GHz, 4 nhân 8 luồng)",CPU - Bộ vi xử lý,Intel,1,2490000,2800000,2490000,5,"Hàng chuẩn GearVN, nguyên seal mới cứng, bảo hành đầy đủ. Vote 5 sao!"
ORI-001620,ORD-250710-1212,PSU-003,COOLERMASTER-V750-GOLD,Nguồn Cooler Master MWE Gold 750W 80 Plus Gold Full Modular,PSU - Nguồn máy tính,Cooler Master,1,2490000,2900000,2490000,5,"Hàng chuẩn GearVN, nguyên seal mới cứng, bảo hành đầy đủ. Vote 5 sao!"
ORI-001621,ORD-250710-1212,COOL-003,DEEPCOOL-AK620-DIGITAL,"Tản nhiệt khí DeepCool AK620 Digital (Dual Tower, 2x120mm)",Tản nhiệt - Cooling,Deepcool,1,1490000,1800000,1490000,5,"Rất đáng tiền, chạy mượt mà, chính hãng 100%."
ORI-001622,ORD-251231-1213,SSD-002,WD-BLACK-SN850X-1TB,SSD WD Black SN850X 1TB NVMe M.2 PCIe Gen4,SSD - Ổ cứng thể rắn,Western Digital,1,2190000,2500000,2190000,5,"Thiết kế đẹp mắt, hiệu năng vượt trội so với tầm giá. Rất hài lòng!"
ORI-001623,ORD-250628-1214,CPU-002,INTEL-I7-14700K,"CPU Intel Core i7-14700K (3.4GHz Turbo 5.6GHz, 20 nhân 28 luồng)",CPU - Bộ vi xử lý,Intel,1,8490000,9500000,8490000,5,"Lắp đặt dễ dàng, chạy êm ái và mát mẻ. Shop hỗ trợ nhiệt tình."
ORI-001624,ORD-250628-1214,CASE-002,JONSBO-D41-MESH,"Vỏ Case Jonsbo D41 Mesh Screen (Mid Tower, ATX, Màn hình LCD)",Case - Vỏ máy tính,Jonsbo,1,2290000,2600000,2290000,5,"Sản phẩm cực kỳ chất lượng, đóng gói cẩn thận, giao hàng nhanh."
ORI-001625,ORD-260127-1215,CPU-002,INTEL-I7-14700K,"CPU Intel Core i7-14700K (3.4GHz Turbo 5.6GHz, 20 nhân 28 luồng)",CPU - Bộ vi xử lý,Intel,1,8490000,9500000,8490000,5,"Sản phẩm cực kỳ chất lượng, đóng gói cẩn thận, giao hàng nhanh."
ORI-001626,ORD-260501-1216,GPU-002,MSI-RTX4080-SUPER-16G,VGA MSI GeForce RTX 4080 Super 16GB Gaming X Slim,VGA - Card màn hình,MSI,1,26990000,30000000,26990000,5,"Hàng chuẩn GearVN, nguyên seal mới cứng, bảo hành đầy đủ. Vote 5 sao!"
ORI-001627,ORD-251116-1217,MOUSE-002,RAZER-DEATHADDER-V3-HTE,Chuột gaming Razer DeathAdder V3 HyperSpeed (Không dây),Chuột - Mouse,Razer,1,1890000,2200000,1890000,5,"Sản phẩm cực kỳ chất lượng, đóng gói cẩn thận, giao hàng nhanh."
ORI-001628,ORD-251116-1217,MONITOR-001,LG-27GP850P-27-QHD-165HZ,"Màn hình LG UltraGear 27GP850P-B 27"" QHD IPS 165Hz 1ms",Màn hình - Monitor,LG,1,8990000,10500000,8990000,5,"Rất đáng tiền, chạy mượt mà, chính hãng 100%."
ORI-001629,ORD-260529-1218,PSU-002,SEASONIC-FOCUS-GX-850,Nguồn Seasonic Focus GX 850W 80 Plus Gold Full Modular,PSU - Nguồn máy tính,Seasonic,1,3290000,3800000,3290000,3,"Sản phẩm bình thường, không quá nổi bật, dịch vụ giao hàng ở mức trung bình."
ORI-001630,ORD-260118-1219,MB-002,MSI-MAG-Z790-TOMAHAWK,"Mainboard MSI MAG Z790 Tomahawk WiFi (LGA 1700, DDR5, ATX)",Mainboard - Bo mạch chủ,MSI,1,6990000,7800000,6990000,4,"Sản phẩm tốt, nhân viên tư vấn nhiệt tình, sẽ tiếp tục ủng hộ."
ORI-001631,ORD-260609-1220,HDD-002,WD-RED-PLUS-8TB,"Ổ cứng HDD WD Red Plus 8TB 3.5"" SATA NAS",HDD - Ổ cứng cơ,Western Digital,1,4490000,5200000,4490000,4,"Sản phẩm tốt, nhân viên tư vấn nhiệt tình, sẽ tiếp tục ủng hộ."
ORI-001632,ORD-250705-1221,GPU-002,MSI-RTX4080-SUPER-16G,VGA MSI GeForce RTX 4080 Super 16GB Gaming X Slim,VGA - Card màn hình,MSI,1,26990000,30000000,26990000,5,"Rất đáng tiền, chạy mượt mà, chính hãng 100%."
ORI-001633,ORD-251231-1222,RAM-001,CORSAIR-DDR5-32GB-6000,RAM Corsair Dominator Titanium DDR5 32GB (2x16GB) 6000MHz,RAM - Bộ nhớ trong,Corsair,1,3990000,4500000,3990000,5,"Lắp đặt dễ dàng, chạy êm ái và mát mẻ. Shop hỗ trợ nhiệt tình."
ORI-001634,ORD-260129-1223,COOL-002,THERMALRIGHT-PHANTOM-SPIRIT-120,Tản nhiệt khí Thermalright Phantom Spirit 120 SE ARGB,Tản nhiệt - Cooling,Thermalright,1,990000,1200000,990000,5,"Sản phẩm cực kỳ chất lượng, đóng gói cẩn thận, giao hàng nhanh."
ORI-001635,ORD-251216-1224,PSU-002,SEASONIC-FOCUS-GX-850,Nguồn Seasonic Focus GX 850W 80 Plus Gold Full Modular,PSU - Nguồn máy tính,Seasonic,1,3290000,3800000,3290000,4,"Sản phẩm dùng tốt, đúng mô tả, tuy nhiên giao hàng hơi trễ 1 ngày."
ORI-001636,ORD-251216-1224,CASE-002,JONSBO-D41-MESH,"Vỏ Case Jonsbo D41 Mesh Screen (Mid Tower, ATX, Màn hình LCD)",Case - Vỏ máy tính,Jonsbo,1,2290000,2600000,2290000,5,"Sản phẩm cực kỳ chất lượng, đóng gói cẩn thận, giao hàng nhanh."
ORI-001637,ORD-250914-1225,CPU-006,INTEL-I3-14100F,"CPU Intel Core i3-14100F (3.5GHz Turbo 4.7GHz, 4 nhân 8 luồng)",CPU - Bộ vi xử lý,Intel,1,2490000,2800000,2490000,5,"Lắp đặt dễ dàng, chạy êm ái và mát mẻ. Shop hỗ trợ nhiệt tình."
ORI-001638,ORD-251010-1226,KB-001,CORSAIR-K100-RGB-OPX,Bàn phím cơ Corsair K100 RGB Optical-Mechanical (OPX Switch),Bàn phím - Keyboard,Corsair,1,5490000,6000000,5490000,5,"Lắp đặt dễ dàng, chạy êm ái và mát mẻ. Shop hỗ trợ nhiệt tình."
ORI-001639,ORD-251010-1226,FAN-001,LIANLI-UNI-FAN-AL120-3PACK,"Fan Case Lian Li UNI FAN AL120 RGB (3-Pack, Daisy-chain)",Fan - Quạt tản nhiệt,Lian Li,1,1490000,1800000,1490000,5,"Sản phẩm cực kỳ chất lượng, đóng gói cẩn thận, giao hàng nhanh."
ORI-001640,ORD-251201-1227,CASE-001,LIANLI-PC-O11D-EVO,"Vỏ Case Lian Li PC-O11 Dynamic Evo (Mid Tower, ATX)",Case - Vỏ máy tính,Lian Li,1,3490000,3900000,3490000,5,"Lắp đặt dễ dàng, chạy êm ái và mát mẻ. Shop hỗ trợ nhiệt tình."
ORI-001641,ORD-251108-1228,SSD-004,CRUCIAL-P5-PLUS-500GB,SSD Crucial P5 Plus 500GB NVMe M.2 PCIe Gen4,SSD - Ổ cứng thể rắn,Crucial,1,990000,1200000,990000,4,"Chất lượng ổn áp, chạy ngon lành, đóng gói kỹ càng."
ORI-001642,ORD-251108-1228,CPU-006,INTEL-I3-14100F,"CPU Intel Core i3-14100F (3.5GHz Turbo 4.7GHz, 4 nhân 8 luồng)",CPU - Bộ vi xử lý,Intel,1,2490000,2800000,2490000,5,"Rất đáng tiền, chạy mượt mà, chính hãng 100%."
ORI-001643,ORD-260204-1229,HDD-002,WD-RED-PLUS-8TB,"Ổ cứng HDD WD Red Plus 8TB 3.5"" SATA NAS",HDD - Ổ cứng cơ,Western Digital,1,4490000,5200000,4490000,5,"Hàng chuẩn GearVN, nguyên seal mới cứng, bảo hành đầy đủ. Vote 5 sao!"
ORI-001644,ORD-251107-1230,COOL-001,CORSAIR-H150I-ELITE-360MM,Tản nhiệt nước AIO Corsair iCUE H150i Elite LCD 360mm,Tản nhiệt - Cooling,Corsair,1,4490000,5000000,4490000,5,"Hàng chuẩn GearVN, nguyên seal mới cứng, bảo hành đầy đủ. Vote 5 sao!"
ORI-001645,ORD-251107-1230,MONITOR-001,LG-27GP850P-27-QHD-165HZ,"Màn hình LG UltraGear 27GP850P-B 27"" QHD IPS 165Hz 1ms",Màn hình - Monitor,LG,1,8990000,10500000,8990000,3,"Hiệu năng đủ dùng cho tác vụ cơ bản, nhiệt độ hơi ấm khi tải nặng."
ORI-001646,ORD-250827-1231,MB-002,MSI-MAG-Z790-TOMAHAWK,"Mainboard MSI MAG Z790 Tomahawk WiFi (LGA 1700, DDR5, ATX)",Mainboard - Bo mạch chủ,MSI,1,6990000,7800000,6990000,3,"Hiệu năng đủ dùng cho tác vụ cơ bản, nhiệt độ hơi ấm khi tải nặng."
ORI-001647,ORD-251117-1232,MONITOR-001,LG-27GP850P-27-QHD-165HZ,"Màn hình LG UltraGear 27GP850P-B 27"" QHD IPS 165Hz 1ms",Màn hình - Monitor,LG,1,8990000,10500000,8990000,5,"Rất đáng tiền, chạy mượt mà, chính hãng 100%."
ORI-001648,ORD-251207-1233,CPU-006,INTEL-I3-14100F,"CPU Intel Core i3-14100F (3.5GHz Turbo 4.7GHz, 4 nhân 8 luồng)",CPU - Bộ vi xử lý,Intel,1,2490000,2800000,2490000,5,"Lắp đặt dễ dàng, chạy êm ái và mát mẻ. Shop hỗ trợ nhiệt tình."
ORI-001649,ORD-250912-1234,MOUSE-001,LOGITECH-G-PRO-X-SUPERLIGHT2,"Chuột gaming Logitech G Pro X Superlight 2 (Không dây, 32000 DPI)",Chuột - Mouse,Logitech,1,3390000,3800000,3390000,5,"Lắp đặt dễ dàng, chạy êm ái và mát mẻ. Shop hỗ trợ nhiệt tình."
ORI-001650,ORD-251104-1235,MB-003,GIGABYTE-X670E-AORUS-MASTER,"Mainboard GIGABYTE X670E AORUS Master (AM5, DDR5, ATX)",Mainboard - Bo mạch chủ,GIGABYTE,1,11490000,13000000,11490000,5,"Rất đáng tiền, chạy mượt mà, chính hãng 100%."
ORI-001651,ORD-260308-1236,RAM-002,GSKILL-DDR5-32GB-6000,RAM G.Skill Trident Z5 RGB DDR5 32GB (2x16GB) 6000MHz CL30,RAM - Bộ nhớ trong,G.Skill,1,3690000,4200000,3690000,4,"Sản phẩm dùng tốt, đúng mô tả, tuy nhiên giao hàng hơi trễ 1 ngày."
ORI-001652,ORD-260308-1236,GPU-003,GIGABYTE-RTX4070-SUPER-12G,VGA GIGABYTE GeForce RTX 4070 Super Gaming OC 12GB,VGA - Card màn hình,GIGABYTE,1,16490000,18500000,16490000,4,"Hiệu năng tốt trong tầm giá, dùng mượt mà không lỗi lầm gì."
ORI-001653,ORD-260207-1237,RAM-001,CORSAIR-DDR5-32GB-6000,RAM Corsair Dominator Titanium DDR5 32GB (2x16GB) 6000MHz,RAM - Bộ nhớ trong,Corsair,1,3990000,4500000,3990000,5,"Rất đáng tiền, chạy mượt mà, chính hãng 100%."
ORI-001654,ORD-251226-1238,SSD-002,WD-BLACK-SN850X-1TB,SSD WD Black SN850X 1TB NVMe M.2 PCIe Gen4,SSD - Ổ cứng thể rắn,Western Digital,1,2190000,2500000,2190000,4,"Thiết kế đẹp, chạy mát, dịch vụ chăm sóc khách hàng khá tốt."
ORI-001655,ORD-260426-1239,SSD-002,WD-BLACK-SN850X-1TB,SSD WD Black SN850X 1TB NVMe M.2 PCIe Gen4,SSD - Ổ cứng thể rắn,Western Digital,1,2190000,2500000,2190000,5,"Lắp đặt dễ dàng, chạy êm ái và mát mẻ. Shop hỗ trợ nhiệt tình."
ORI-001656,ORD-251215-1240,CHAIR-001,SECRETLAB-TITAN-EVO-2022,"Ghế gaming Secretlab Titan Evo 2022 (SoftWeave Plus, Medium)",Ghế gaming - Gaming Chair,Secretlab,1,12990000,14500000,12990000,5,"Rất đáng tiền, chạy mượt mà, chính hãng 100%."
ORI-001657,ORD-260325-1241,MB-001,ASUS-ROG-MAXIMUS-Z790,"Mainboard ASUS ROG Maximus Z790 Hero (LGA 1700, DDR5, ATX)",Mainboard - Bo mạch chủ,ASUS,1,15990000,18000000,15990000,,
ORI-001658,ORD-260325-1241,RAM-004,CORSAIR-DDR5-64GB-6400,RAM Corsair Vengeance DDR5 64GB (2x32GB) 6400MHz CL32,RAM - Bộ nhớ trong,Corsair,1,6490000,7500000,6490000,,
ORI-001659,ORD-250820-1242,RAM-003,KINGSTON-FURY-DDR4-16GB-3200,RAM Kingston Fury Beast DDR4 16GB (2x8GB) 3200MHz,RAM - Bộ nhớ trong,Kingston,1,1290000,1500000,1290000,4,"Sản phẩm tốt, nhân viên tư vấn nhiệt tình, sẽ tiếp tục ủng hộ."
ORI-001660,ORD-251122-1243,PSU-002,SEASONIC-FOCUS-GX-850,Nguồn Seasonic Focus GX 850W 80 Plus Gold Full Modular,PSU - Nguồn máy tính,Seasonic,1,3290000,3800000,3290000,5,"Sản phẩm cực kỳ chất lượng, đóng gói cẩn thận, giao hàng nhanh."
ORI-001661,ORD-260617-1244,CASE-002,JONSBO-D41-MESH,"Vỏ Case Jonsbo D41 Mesh Screen (Mid Tower, ATX, Màn hình LCD)",Case - Vỏ máy tính,Jonsbo,1,2290000,2600000,2290000,,
ORI-001662,ORD-251012-1245,RAM-004,CORSAIR-DDR5-64GB-6400,RAM Corsair Vengeance DDR5 64GB (2x32GB) 6400MHz CL32,RAM - Bộ nhớ trong,Corsair,1,6490000,7500000,6490000,5,"Lắp đặt dễ dàng, chạy êm ái và mát mẻ. Shop hỗ trợ nhiệt tình."
ORI-001663,ORD-260430-1246,RAM-003,KINGSTON-FURY-DDR4-16GB-3200,RAM Kingston Fury Beast DDR4 16GB (2x8GB) 3200MHz,RAM - Bộ nhớ trong,Kingston,1,1290000,1500000,1290000,3,"Hiệu năng đủ dùng cho tác vụ cơ bản, nhiệt độ hơi ấm khi tải nặng."
ORI-001664,ORD-260315-1247,SSD-001,SAMSUNG-980-PRO-2TB,SSD Samsung 980 Pro 2TB NVMe M.2 PCIe Gen4,SSD - Ổ cứng thể rắn,Samsung,1,3490000,3900000,3490000,4,"Thiết kế đẹp, chạy mát, dịch vụ chăm sóc khách hàng khá tốt."
ORI-001665,ORD-251103-1248,COOL-003,DEEPCOOL-AK620-DIGITAL,"Tản nhiệt khí DeepCool AK620 Digital (Dual Tower, 2x120mm)",Tản nhiệt - Cooling,Deepcool,1,1490000,1800000,1490000,5,"Sản phẩm cực kỳ chất lượng, đóng gói cẩn thận, giao hàng nhanh."
ORI-001666,ORD-251110-1249,RAM-004,CORSAIR-DDR5-64GB-6400,RAM Corsair Vengeance DDR5 64GB (2x32GB) 6400MHz CL32,RAM - Bộ nhớ trong,Corsair,1,6490000,7500000,6490000,5,"Thiết kế đẹp mắt, hiệu năng vượt trội so với tầm giá. Rất hài lòng!"
ORI-001667,ORD-251110-1249,RAM-001,CORSAIR-DDR5-32GB-6000,RAM Corsair Dominator Titanium DDR5 32GB (2x16GB) 6000MHz,RAM - Bộ nhớ trong,Corsair,1,3990000,4500000,3990000,5,"Rất đáng tiền, chạy mượt mà, chính hãng 100%."
ORI-001668,ORD-251101-1250,CPU-006,INTEL-I3-14100F,"CPU Intel Core i3-14100F (3.5GHz Turbo 4.7GHz, 4 nhân 8 luồng)",CPU - Bộ vi xử lý,Intel,1,2490000,2800000,2490000,3,"Hiệu năng đủ dùng cho tác vụ cơ bản, nhiệt độ hơi ấm khi tải nặng."
ORI-001669,ORD-260417-1251,PSU-001,CORSAIR-HX1000I-1000W,Nguồn Corsair HX1000i 1000W 80 Plus Platinum Full Modular,PSU - Nguồn máy tính,Corsair,1,4990000,5500000,4990000,5,"Sản phẩm cực kỳ chất lượng, đóng gói cẩn thận, giao hàng nhanh."
ORI-001670,ORD-260117-1252,RAM-001,CORSAIR-DDR5-32GB-6000,RAM Corsair Dominator Titanium DDR5 32GB (2x16GB) 6000MHz,RAM - Bộ nhớ trong,Corsair,1,3990000,4500000,3990000,5,"Hàng chuẩn GearVN, nguyên seal mới cứng, bảo hành đầy đủ. Vote 5 sao!"
ORI-001671,ORD-260219-1253,SSD-002,WD-BLACK-SN850X-1TB,SSD WD Black SN850X 1TB NVMe M.2 PCIe Gen4,SSD - Ổ cứng thể rắn,Western Digital,1,2190000,2500000,2190000,3,Chất lượng sản phẩm ok nhưng tổng đài hỗ trợ kỹ thuật phản hồi hơi chậm.
ORI-001672,ORD-251209-1254,GPU-004,ASUS-RX7900XTX-24G,VGA ASUS TUF Gaming Radeon RX 7900 XTX OC 24GB,VGA - Card màn hình,ASUS,1,22990000,25000000,22990000,5,"Rất đáng tiền, chạy mượt mà, chính hãng 100%."
ORI-001673,ORD-250919-1255,CPU-004,AMD-R9-7950X,"CPU AMD Ryzen 9 7950X (4.5GHz Turbo 5.7GHz, 16 nhân 32 luồng)",CPU - Bộ vi xử lý,AMD,1,13490000,15000000,13490000,5,"Thiết kế đẹp mắt, hiệu năng vượt trội so với tầm giá. Rất hài lòng!"
ORI-001674,ORD-260223-1256,RAM-001,CORSAIR-DDR5-32GB-6000,RAM Corsair Dominator Titanium DDR5 32GB (2x16GB) 6000MHz,RAM - Bộ nhớ trong,Corsair,1,3990000,4500000,3990000,5,"Hàng chuẩn GearVN, nguyên seal mới cứng, bảo hành đầy đủ. Vote 5 sao!"
ORI-001675,ORD-251129-1257,MB-004,ASUS-TUF-B760M-PLUS-WIFI,"Mainboard ASUS TUF Gaming B760M-Plus WiFi (LGA 1700, DDR5, mATX)",Mainboard - Bo mạch chủ,ASUS,1,3990000,4500000,3990000,4,"Chất lượng ổn áp, chạy ngon lành, đóng gói kỹ càng."
ORI-001676,ORD-251129-1257,CPU-001,INTEL-I9-14900K,"CPU Intel Core i9-14900K (3.2GHz Turbo 6.0GHz, 24 nhân 32 luồng)",CPU - Bộ vi xử lý,Intel,1,12990000,14500000,12990000,2,"Giao sai phiên bản màu sắc, đang chờ shop đổi trả."
ORI-001677,ORD-260131-1258,SSD-004,CRUCIAL-P5-PLUS-500GB,SSD Crucial P5 Plus 500GB NVMe M.2 PCIe Gen4,SSD - Ổ cứng thể rắn,Crucial,1,990000,1200000,990000,1,"Sản phẩm bị lỗi hỏng ngay khi bóc hộp, không lên nguồn. Dịch vụ tệ."
ORI-001678,ORD-250819-1259,PSU-002,SEASONIC-FOCUS-GX-850,Nguồn Seasonic Focus GX 850W 80 Plus Gold Full Modular,PSU - Nguồn máy tính,Seasonic,1,3290000,3800000,3290000,4,"Chất lượng ổn áp, chạy ngon lành, đóng gói kỹ càng."
ORI-001679,ORD-250904-1260,KB-001,CORSAIR-K100-RGB-OPX,Bàn phím cơ Corsair K100 RGB Optical-Mechanical (OPX Switch),Bàn phím - Keyboard,Corsair,1,5490000,6000000,5490000,5,"Rất đáng tiền, chạy mượt mà, chính hãng 100%."
ORI-001680,ORD-250623-1261,SSD-004,CRUCIAL-P5-PLUS-500GB,SSD Crucial P5 Plus 500GB NVMe M.2 PCIe Gen4,SSD - Ổ cứng thể rắn,Crucial,1,990000,1200000,990000,4,"Hiệu năng tốt trong tầm giá, dùng mượt mà không lỗi lầm gì."
ORI-001681,ORD-251215-1262,GPU-004,ASUS-RX7900XTX-24G,VGA ASUS TUF Gaming Radeon RX 7900 XTX OC 24GB,VGA - Card màn hình,ASUS,1,22990000,25000000,22990000,4,"Sản phẩm tốt, nhân viên tư vấn nhiệt tình, sẽ tiếp tục ủng hộ."
ORI-001682,ORD-250702-1263,MOUSE-002,RAZER-DEATHADDER-V3-HTE,Chuột gaming Razer DeathAdder V3 HyperSpeed (Không dây),Chuột - Mouse,Razer,1,1890000,2200000,1890000,5,"Lắp đặt dễ dàng, chạy êm ái và mát mẻ. Shop hỗ trợ nhiệt tình."
ORI-001683,ORD-250702-1263,GPU-002,MSI-RTX4080-SUPER-16G,VGA MSI GeForce RTX 4080 Super 16GB Gaming X Slim,VGA - Card màn hình,MSI,1,26990000,30000000,26990000,5,"Thiết kế đẹp mắt, hiệu năng vượt trội so với tầm giá. Rất hài lòng!"
ORI-001684,ORD-250707-1264,GPU-001,ASUS-ROG-RTX4090-24G,VGA ASUS ROG Strix GeForce RTX 4090 24GB GDDR6X OC,VGA - Card màn hình,ASUS,1,52990000,58000000,52990000,5,"Rất đáng tiền, chạy mượt mà, chính hãng 100%."
ORI-001685,ORD-250707-1264,RAM-002,GSKILL-DDR5-32GB-6000,RAM G.Skill Trident Z5 RGB DDR5 32GB (2x16GB) 6000MHz CL30,RAM - Bộ nhớ trong,G.Skill,1,3690000,4200000,3690000,4,"Hiệu năng tốt trong tầm giá, dùng mượt mà không lỗi lầm gì."
ORI-001686,ORD-260522-1265,CPU-004,AMD-R9-7950X,"CPU AMD Ryzen 9 7950X (4.5GHz Turbo 5.7GHz, 16 nhân 32 luồng)",CPU - Bộ vi xử lý,AMD,1,13490000,15000000,13490000,5,"Thiết kế đẹp mắt, hiệu năng vượt trội so với tầm giá. Rất hài lòng!"
ORI-001687,ORD-260522-1265,RAM-001,CORSAIR-DDR5-32GB-6000,RAM Corsair Dominator Titanium DDR5 32GB (2x16GB) 6000MHz,RAM - Bộ nhớ trong,Corsair,1,3990000,4500000,3990000,5,"Lắp đặt dễ dàng, chạy êm ái và mát mẻ. Shop hỗ trợ nhiệt tình."
ORI-001688,ORD-260203-1266,SSD-004,CRUCIAL-P5-PLUS-500GB,SSD Crucial P5 Plus 500GB NVMe M.2 PCIe Gen4,SSD - Ổ cứng thể rắn,Crucial,1,990000,1200000,990000,5,"Thiết kế đẹp mắt, hiệu năng vượt trội so với tầm giá. Rất hài lòng!"
ORI-001689,ORD-260203-1266,PSU-002,SEASONIC-FOCUS-GX-850,Nguồn Seasonic Focus GX 850W 80 Plus Gold Full Modular,PSU - Nguồn máy tính,Seasonic,1,3290000,3800000,3290000,4,"Chất lượng ổn áp, chạy ngon lành, đóng gói kỹ càng."
ORI-001690,ORD-260220-1267,MB-001,ASUS-ROG-MAXIMUS-Z790,"Mainboard ASUS ROG Maximus Z790 Hero (LGA 1700, DDR5, ATX)",Mainboard - Bo mạch chủ,ASUS,1,15990000,18000000,15990000,4,"Thiết kế đẹp, chạy mát, dịch vụ chăm sóc khách hàng khá tốt."
ORI-001691,ORD-251022-1268,HDD-002,WD-RED-PLUS-8TB,"Ổ cứng HDD WD Red Plus 8TB 3.5"" SATA NAS",HDD - Ổ cứng cơ,Western Digital,1,4490000,5200000,4490000,5,"Thiết kế đẹp mắt, hiệu năng vượt trội so với tầm giá. Rất hài lòng!"
ORI-001692,ORD-251022-1268,MB-003,GIGABYTE-X670E-AORUS-MASTER,"Mainboard GIGABYTE X670E AORUS Master (AM5, DDR5, ATX)",Mainboard - Bo mạch chủ,GIGABYTE,1,11490000,13000000,11490000,5,"Sản phẩm cực kỳ chất lượng, đóng gói cẩn thận, giao hàng nhanh."
ORI-001693,ORD-251111-1269,COOL-003,DEEPCOOL-AK620-DIGITAL,"Tản nhiệt khí DeepCool AK620 Digital (Dual Tower, 2x120mm)",Tản nhiệt - Cooling,Deepcool,1,1490000,1800000,1490000,5,"Sản phẩm cực kỳ chất lượng, đóng gói cẩn thận, giao hàng nhanh."
ORI-001694,ORD-251111-1269,HEADSET-001,CORSAIR-VIRTUOSO-RGB-XT,Tai nghe gaming Corsair Virtuoso RGB Wireless XT,Tai nghe - Headset,Corsair,1,4290000,5000000,4290000,5,"Sản phẩm cực kỳ chất lượng, đóng gói cẩn thận, giao hàng nhanh."
ORI-001695,ORD-260529-1270,COOL-001,CORSAIR-H150I-ELITE-360MM,Tản nhiệt nước AIO Corsair iCUE H150i Elite LCD 360mm,Tản nhiệt - Cooling,Corsair,1,4490000,5000000,4490000,5,"Rất đáng tiền, chạy mượt mà, chính hãng 100%."
ORI-001696,ORD-251115-1271,MB-002,MSI-MAG-Z790-TOMAHAWK,"Mainboard MSI MAG Z790 Tomahawk WiFi (LGA 1700, DDR5, ATX)",Mainboard - Bo mạch chủ,MSI,1,6990000,7800000,6990000,5,"Rất đáng tiền, chạy mượt mà, chính hãng 100%."
ORI-001697,ORD-250930-1272,SSD-003,KINGSTON-KC3000-1TB,SSD Kingston KC3000 1TB NVMe M.2 PCIe Gen4,SSD - Ổ cứng thể rắn,Kingston,1,1890000,2200000,1890000,2,"Hiệu năng không đúng như quảng cáo, hay bị sụt nguồn đột ngột."
ORI-001698,ORD-250930-1272,MONITOR-002,SAMSUNG-ODYSSEY-G7-32-4K,"Màn hình Samsung Odyssey G7 32"" 4K UHD 144Hz IPS",Màn hình - Monitor,Samsung,1,12990000,15000000,12990000,4,"Thiết kế đẹp, chạy mát, dịch vụ chăm sóc khách hàng khá tốt."
ORI-001699,ORD-251221-1273,CPU-006,INTEL-I3-14100F,"CPU Intel Core i3-14100F (3.5GHz Turbo 4.7GHz, 4 nhân 8 luồng)",CPU - Bộ vi xử lý,Intel,1,2490000,2800000,2490000,5,"Sản phẩm cực kỳ chất lượng, đóng gói cẩn thận, giao hàng nhanh."
ORI-001700,ORD-250909-1274,MOUSE-002,RAZER-DEATHADDER-V3-HTE,Chuột gaming Razer DeathAdder V3 HyperSpeed (Không dây),Chuột - Mouse,Razer,1,1890000,2200000,1890000,4,"Sản phẩm dùng tốt, đúng mô tả, tuy nhiên giao hàng hơi trễ 1 ngày."
ORI-001701,ORD-250919-1275,GPU-005,MSI-RTX4060-TI-8G-VENTUS,VGA MSI GeForce RTX 4060 Ti 8G Ventus 2X OC,VGA - Card màn hình,MSI,1,9490000,11000000,9490000,5,"Thiết kế đẹp mắt, hiệu năng vượt trội so với tầm giá. Rất hài lòng!"
ORI-001702,ORD-250912-1276,MB-004,ASUS-TUF-B760M-PLUS-WIFI,"Mainboard ASUS TUF Gaming B760M-Plus WiFi (LGA 1700, DDR5, mATX)",Mainboard - Bo mạch chủ,ASUS,1,3990000,4500000,3990000,5,"Sản phẩm cực kỳ chất lượng, đóng gói cẩn thận, giao hàng nhanh."
ORI-001703,ORD-250905-1277,KB-002,RAZER-BLACKWIDOW-V4-75,Bàn phím cơ Razer BlackWidow V4 75% (Razer Yellow Switch),Bàn phím - Keyboard,Razer,1,3290000,3800000,3290000,5,"Sản phẩm cực kỳ chất lượng, đóng gói cẩn thận, giao hàng nhanh."
ORI-001704,ORD-260412-1278,GPU-003,GIGABYTE-RTX4070-SUPER-12G,VGA GIGABYTE GeForce RTX 4070 Super Gaming OC 12GB,VGA - Card màn hình,GIGABYTE,1,16490000,18500000,16490000,5,"Lắp đặt dễ dàng, chạy êm ái và mát mẻ. Shop hỗ trợ nhiệt tình."
ORI-001705,ORD-260412-1278,SSD-001,SAMSUNG-980-PRO-2TB,SSD Samsung 980 Pro 2TB NVMe M.2 PCIe Gen4,SSD - Ổ cứng thể rắn,Samsung,1,3490000,3900000,3490000,5,"Hàng chuẩn GearVN, nguyên seal mới cứng, bảo hành đầy đủ. Vote 5 sao!"
ORI-001706,ORD-260425-1279,MB-002,MSI-MAG-Z790-TOMAHAWK,"Mainboard MSI MAG Z790 Tomahawk WiFi (LGA 1700, DDR5, ATX)",Mainboard - Bo mạch chủ,MSI,1,6990000,7800000,6990000,5,"Sản phẩm cực kỳ chất lượng, đóng gói cẩn thận, giao hàng nhanh."
ORI-001707,ORD-260425-1279,RAM-002,GSKILL-DDR5-32GB-6000,RAM G.Skill Trident Z5 RGB DDR5 32GB (2x16GB) 6000MHz CL30,RAM - Bộ nhớ trong,G.Skill,1,3690000,4200000,3690000,1,"Hàng cũ đóng lại seal, chạy lỗi liên tục, bảo hành rất phiền phức. Không nên mua."
ORI-001708,ORD-251028-1280,GPU-003,GIGABYTE-RTX4070-SUPER-12G,VGA GIGABYTE GeForce RTX 4070 Super Gaming OC 12GB,VGA - Card màn hình,GIGABYTE,1,16490000,18500000,16490000,4,"Sản phẩm dùng tốt, đúng mô tả, tuy nhiên giao hàng hơi trễ 1 ngày."
ORI-001709,ORD-260121-1281,HDD-002,WD-RED-PLUS-8TB,"Ổ cứng HDD WD Red Plus 8TB 3.5"" SATA NAS",HDD - Ổ cứng cơ,Western Digital,1,4490000,5200000,4490000,2,"Hiệu năng không đúng như quảng cáo, hay bị sụt nguồn đột ngột."
ORI-001710,ORD-260201-1282,COOL-001,CORSAIR-H150I-ELITE-360MM,Tản nhiệt nước AIO Corsair iCUE H150i Elite LCD 360mm,Tản nhiệt - Cooling,Corsair,1,4490000,5000000,4490000,5,"Thiết kế đẹp mắt, hiệu năng vượt trội so với tầm giá. Rất hài lòng!"
ORI-001711,ORD-251125-1283,PSU-001,CORSAIR-HX1000I-1000W,Nguồn Corsair HX1000i 1000W 80 Plus Platinum Full Modular,PSU - Nguồn máy tính,Corsair,1,4990000,5500000,4990000,5,"Thiết kế đẹp mắt, hiệu năng vượt trội so với tầm giá. Rất hài lòng!"
ORI-001712,ORD-251125-1283,CPU-003,INTEL-I5-14600K,"CPU Intel Core i5-14600K (3.5GHz Turbo 5.3GHz, 14 nhân 20 luồng)",CPU - Bộ vi xử lý,Intel,1,5490000,6200000,5490000,5,"Sản phẩm cực kỳ chất lượng, đóng gói cẩn thận, giao hàng nhanh."
ORI-001713,ORD-260205-1284,CPU-001,INTEL-I9-14900K,"CPU Intel Core i9-14900K (3.2GHz Turbo 6.0GHz, 24 nhân 32 luồng)",CPU - Bộ vi xử lý,Intel,1,12990000,14500000,12990000,4,"Chất lượng ổn áp, chạy ngon lành, đóng gói kỹ càng."
ORI-001714,ORD-250827-1285,PSU-003,COOLERMASTER-V750-GOLD,Nguồn Cooler Master MWE Gold 750W 80 Plus Gold Full Modular,PSU - Nguồn máy tính,Cooler Master,1,2490000,2900000,2490000,5,"Lắp đặt dễ dàng, chạy êm ái và mát mẻ. Shop hỗ trợ nhiệt tình."
ORI-001715,ORD-250827-1285,RAM-004,CORSAIR-DDR5-64GB-6400,RAM Corsair Vengeance DDR5 64GB (2x32GB) 6400MHz CL32,RAM - Bộ nhớ trong,Corsair,1,6490000,7500000,6490000,5,"Hàng chuẩn GearVN, nguyên seal mới cứng, bảo hành đầy đủ. Vote 5 sao!"
ORI-001716,ORD-260126-1286,CHAIR-001,SECRETLAB-TITAN-EVO-2022,"Ghế gaming Secretlab Titan Evo 2022 (SoftWeave Plus, Medium)",Ghế gaming - Gaming Chair,Secretlab,1,12990000,14500000,12990000,5,"Lắp đặt dễ dàng, chạy êm ái và mát mẻ. Shop hỗ trợ nhiệt tình."
ORI-001717,ORD-251026-1287,HEADSET-001,CORSAIR-VIRTUOSO-RGB-XT,Tai nghe gaming Corsair Virtuoso RGB Wireless XT,Tai nghe - Headset,Corsair,1,4290000,5000000,4290000,5,"Rất đáng tiền, chạy mượt mà, chính hãng 100%."
ORI-001718,ORD-250830-1288,FAN-001,LIANLI-UNI-FAN-AL120-3PACK,"Fan Case Lian Li UNI FAN AL120 RGB (3-Pack, Daisy-chain)",Fan - Quạt tản nhiệt,Lian Li,1,1490000,1800000,1490000,4,"Hiệu năng tốt trong tầm giá, dùng mượt mà không lỗi lầm gì."
ORI-001719,ORD-250910-1289,MB-001,ASUS-ROG-MAXIMUS-Z790,"Mainboard ASUS ROG Maximus Z790 Hero (LGA 1700, DDR5, ATX)",Mainboard - Bo mạch chủ,ASUS,1,15990000,18000000,15990000,5,"Thiết kế đẹp mắt, hiệu năng vượt trội so với tầm giá. Rất hài lòng!"
ORI-001720,ORD-250910-1289,SSD-003,KINGSTON-KC3000-1TB,SSD Kingston KC3000 1TB NVMe M.2 PCIe Gen4,SSD - Ổ cứng thể rắn,Kingston,1,1890000,2200000,1890000,5,"Thiết kế đẹp mắt, hiệu năng vượt trội so với tầm giá. Rất hài lòng!"
ORI-001721,ORD-260221-1290,PSU-002,SEASONIC-FOCUS-GX-850,Nguồn Seasonic Focus GX 850W 80 Plus Gold Full Modular,PSU - Nguồn máy tính,Seasonic,1,3290000,3800000,3290000,4,"Sản phẩm dùng tốt, đúng mô tả, tuy nhiên giao hàng hơi trễ 1 ngày."
ORI-001722,ORD-251204-1291,CPU-005,AMD-R7-7700X,"CPU AMD Ryzen 7 7700X (4.5GHz Turbo 5.4GHz, 8 nhân 16 luồng)",CPU - Bộ vi xử lý,AMD,1,6890000,7500000,6890000,5,"Rất đáng tiền, chạy mượt mà, chính hãng 100%."
ORI-001723,ORD-260103-1292,SSD-003,KINGSTON-KC3000-1TB,SSD Kingston KC3000 1TB NVMe M.2 PCIe Gen4,SSD - Ổ cứng thể rắn,Kingston,1,1890000,2200000,1890000,5,"Hàng chuẩn GearVN, nguyên seal mới cứng, bảo hành đầy đủ. Vote 5 sao!"
ORI-001724,ORD-260103-1292,CPU-002,INTEL-I7-14700K,"CPU Intel Core i7-14700K (3.4GHz Turbo 5.6GHz, 20 nhân 28 luồng)",CPU - Bộ vi xử lý,Intel,1,8490000,9500000,8490000,3,Chất lượng sản phẩm ok nhưng tổng đài hỗ trợ kỹ thuật phản hồi hơi chậm.
ORI-001725,ORD-260213-1293,PSU-001,CORSAIR-HX1000I-1000W,Nguồn Corsair HX1000i 1000W 80 Plus Platinum Full Modular,PSU - Nguồn máy tính,Corsair,1,4990000,5500000,4990000,4,"Sản phẩm dùng tốt, đúng mô tả, tuy nhiên giao hàng hơi trễ 1 ngày."
ORI-001726,ORD-251101-1294,HDD-002,WD-RED-PLUS-8TB,"Ổ cứng HDD WD Red Plus 8TB 3.5"" SATA NAS",HDD - Ổ cứng cơ,Western Digital,1,4490000,5200000,4490000,1,"Giao hàng quá chậm (mất 7 ngày), hàng móp méo hư hại nghiêm trọng."
ORI-001727,ORD-250725-1295,MONITOR-002,SAMSUNG-ODYSSEY-G7-32-4K,"Màn hình Samsung Odyssey G7 32"" 4K UHD 144Hz IPS",Màn hình - Monitor,Samsung,1,12990000,15000000,12990000,2,"Hiệu năng không đúng như quảng cáo, hay bị sụt nguồn đột ngột."
ORI-001728,ORD-250725-1295,CPU-003,INTEL-I5-14600K,"CPU Intel Core i5-14600K (3.5GHz Turbo 5.3GHz, 14 nhân 20 luồng)",CPU - Bộ vi xử lý,Intel,1,5490000,6200000,5490000,5,"Thiết kế đẹp mắt, hiệu năng vượt trội so với tầm giá. Rất hài lòng!"
ORI-001729,ORD-250905-1296,FAN-001,LIANLI-UNI-FAN-AL120-3PACK,"Fan Case Lian Li UNI FAN AL120 RGB (3-Pack, Daisy-chain)",Fan - Quạt tản nhiệt,Lian Li,1,1490000,1800000,1490000,5,"Sản phẩm cực kỳ chất lượng, đóng gói cẩn thận, giao hàng nhanh."
ORI-001730,ORD-251104-1297,MB-004,ASUS-TUF-B760M-PLUS-WIFI,"Mainboard ASUS TUF Gaming B760M-Plus WiFi (LGA 1700, DDR5, mATX)",Mainboard - Bo mạch chủ,ASUS,1,3990000,4500000,3990000,5,"Sản phẩm cực kỳ chất lượng, đóng gói cẩn thận, giao hàng nhanh."
ORI-001731,ORD-251115-1298,MB-001,ASUS-ROG-MAXIMUS-Z790,"Mainboard ASUS ROG Maximus Z790 Hero (LGA 1700, DDR5, ATX)",Mainboard - Bo mạch chủ,ASUS,1,15990000,18000000,15990000,5,"Rất đáng tiền, chạy mượt mà, chính hãng 100%."
ORI-001732,ORD-251115-1298,SSD-003,KINGSTON-KC3000-1TB,SSD Kingston KC3000 1TB NVMe M.2 PCIe Gen4,SSD - Ổ cứng thể rắn,Kingston,1,1890000,2200000,1890000,5,"Hàng chuẩn GearVN, nguyên seal mới cứng, bảo hành đầy đủ. Vote 5 sao!"
ORI-001733,ORD-251123-1299,MB-002,MSI-MAG-Z790-TOMAHAWK,"Mainboard MSI MAG Z790 Tomahawk WiFi (LGA 1700, DDR5, ATX)",Mainboard - Bo mạch chủ,MSI,1,6990000,7800000,6990000,3,"Dùng tạm ổn, nhưng vỏ hộp hơi móp méo khi vận chuyển."
ORI-001734,ORD-251123-1299,HDD-001,SEAGATE-BARRACUDA-4TB,"Ổ cứng HDD Seagate Barracuda 4TB 3.5"" SATA 5400RPM",HDD - Ổ cứng cơ,Seagate,1,2190000,2500000,2190000,5,"Hàng chuẩn GearVN, nguyên seal mới cứng, bảo hành đầy đủ. Vote 5 sao!"
ORI-001735,ORD-260319-1300,MB-003,GIGABYTE-X670E-AORUS-MASTER,"Mainboard GIGABYTE X670E AORUS Master (AM5, DDR5, ATX)",Mainboard - Bo mạch chủ,GIGABYTE,1,11490000,13000000,11490000,5,"Hàng chuẩn GearVN, nguyên seal mới cứng, bảo hành đầy đủ. Vote 5 sao!"
ORI-001736,ORD-260115-1301,RAM-002,GSKILL-DDR5-32GB-6000,RAM G.Skill Trident Z5 RGB DDR5 32GB (2x16GB) 6000MHz CL30,RAM - Bộ nhớ trong,G.Skill,1,3690000,4200000,3690000,4,"Chất lượng ổn áp, chạy ngon lành, đóng gói kỹ càng."
ORI-001737,ORD-250805-1302,MB-001,ASUS-ROG-MAXIMUS-Z790,"Mainboard ASUS ROG Maximus Z790 Hero (LGA 1700, DDR5, ATX)",Mainboard - Bo mạch chủ,ASUS,1,15990000,18000000,15990000,4,"Hiệu năng tốt trong tầm giá, dùng mượt mà không lỗi lầm gì."
ORI-001738,ORD-250812-1303,HDD-001,SEAGATE-BARRACUDA-4TB,"Ổ cứng HDD Seagate Barracuda 4TB 3.5"" SATA 5400RPM",HDD - Ổ cứng cơ,Seagate,1,2190000,2500000,2190000,5,"Rất đáng tiền, chạy mượt mà, chính hãng 100%."
ORI-001739,ORD-260607-1304,COOL-002,THERMALRIGHT-PHANTOM-SPIRIT-120,Tản nhiệt khí Thermalright Phantom Spirit 120 SE ARGB,Tản nhiệt - Cooling,Thermalright,1,990000,1200000,990000,3,"Hiệu năng đủ dùng cho tác vụ cơ bản, nhiệt độ hơi ấm khi tải nặng."
ORI-001740,ORD-260607-1304,SSD-002,WD-BLACK-SN850X-1TB,SSD WD Black SN850X 1TB NVMe M.2 PCIe Gen4,SSD - Ổ cứng thể rắn,Western Digital,1,2190000,2500000,2190000,5,"Sản phẩm cực kỳ chất lượng, đóng gói cẩn thận, giao hàng nhanh."
ORI-001741,ORD-260221-1305,HEADSET-001,CORSAIR-VIRTUOSO-RGB-XT,Tai nghe gaming Corsair Virtuoso RGB Wireless XT,Tai nghe - Headset,Corsair,1,4290000,5000000,4290000,,
ORI-001742,ORD-260106-1306,RAM-004,CORSAIR-DDR5-64GB-6400,RAM Corsair Vengeance DDR5 64GB (2x32GB) 6400MHz CL32,RAM - Bộ nhớ trong,Corsair,1,6490000,7500000,6490000,4,"Sản phẩm dùng tốt, đúng mô tả, tuy nhiên giao hàng hơi trễ 1 ngày."
ORI-001743,ORD-260106-1306,GPU-001,ASUS-ROG-RTX4090-24G,VGA ASUS ROG Strix GeForce RTX 4090 24GB GDDR6X OC,VGA - Card màn hình,ASUS,1,52990000,58000000,52990000,5,"Thiết kế đẹp mắt, hiệu năng vượt trội so với tầm giá. Rất hài lòng!"
ORI-001744,ORD-250824-1307,RAM-004,CORSAIR-DDR5-64GB-6400,RAM Corsair Vengeance DDR5 64GB (2x32GB) 6400MHz CL32,RAM - Bộ nhớ trong,Corsair,1,6490000,7500000,6490000,5,"Hàng chuẩn GearVN, nguyên seal mới cứng, bảo hành đầy đủ. Vote 5 sao!"
ORI-001745,ORD-260115-1308,CHAIR-001,SECRETLAB-TITAN-EVO-2022,"Ghế gaming Secretlab Titan Evo 2022 (SoftWeave Plus, Medium)",Ghế gaming - Gaming Chair,Secretlab,1,12990000,14500000,12990000,5,"Hàng chuẩn GearVN, nguyên seal mới cứng, bảo hành đầy đủ. Vote 5 sao!"
ORI-001746,ORD-260115-1308,MONITOR-002,SAMSUNG-ODYSSEY-G7-32-4K,"Màn hình Samsung Odyssey G7 32"" 4K UHD 144Hz IPS",Màn hình - Monitor,Samsung,1,12990000,15000000,12990000,5,"Lắp đặt dễ dàng, chạy êm ái và mát mẻ. Shop hỗ trợ nhiệt tình."
ORI-001747,ORD-250802-1309,KB-001,CORSAIR-K100-RGB-OPX,Bàn phím cơ Corsair K100 RGB Optical-Mechanical (OPX Switch),Bàn phím - Keyboard,Corsair,1,5490000,6000000,5490000,4,"Sản phẩm dùng tốt, đúng mô tả, tuy nhiên giao hàng hơi trễ 1 ngày."
ORI-001748,ORD-250923-1310,PSU-003,COOLERMASTER-V750-GOLD,Nguồn Cooler Master MWE Gold 750W 80 Plus Gold Full Modular,PSU - Nguồn máy tính,Cooler Master,1,2490000,2900000,2490000,5,"Sản phẩm cực kỳ chất lượng, đóng gói cẩn thận, giao hàng nhanh."
ORI-001749,ORD-250802-1311,PSU-003,COOLERMASTER-V750-GOLD,Nguồn Cooler Master MWE Gold 750W 80 Plus Gold Full Modular,PSU - Nguồn máy tính,Cooler Master,1,2490000,2900000,2490000,4,"Chất lượng ổn áp, chạy ngon lành, đóng gói kỹ càng."
ORI-001750,ORD-250802-1311,RAM-004,CORSAIR-DDR5-64GB-6400,RAM Corsair Vengeance DDR5 64GB (2x32GB) 6400MHz CL32,RAM - Bộ nhớ trong,Corsair,1,6490000,7500000,6490000,5,"Hàng chuẩn GearVN, nguyên seal mới cứng, bảo hành đầy đủ. Vote 5 sao!"
ORI-001751,ORD-260223-1312,PSU-003,COOLERMASTER-V750-GOLD,Nguồn Cooler Master MWE Gold 750W 80 Plus Gold Full Modular,PSU - Nguồn máy tính,Cooler Master,1,2490000,2900000,2490000,5,"Hàng chuẩn GearVN, nguyên seal mới cứng, bảo hành đầy đủ. Vote 5 sao!"
ORI-001752,ORD-250902-1313,RAM-004,CORSAIR-DDR5-64GB-6400,RAM Corsair Vengeance DDR5 64GB (2x32GB) 6400MHz CL32,RAM - Bộ nhớ trong,Corsair,1,6490000,7500000,6490000,5,"Hàng chuẩn GearVN, nguyên seal mới cứng, bảo hành đầy đủ. Vote 5 sao!"
ORI-001753,ORD-250902-1313,KB-001,CORSAIR-K100-RGB-OPX,Bàn phím cơ Corsair K100 RGB Optical-Mechanical (OPX Switch),Bàn phím - Keyboard,Corsair,1,5490000,6000000,5490000,5,"Sản phẩm cực kỳ chất lượng, đóng gói cẩn thận, giao hàng nhanh."
ORI-001754,ORD-260421-1314,SSD-002,WD-BLACK-SN850X-1TB,SSD WD Black SN850X 1TB NVMe M.2 PCIe Gen4,SSD - Ổ cứng thể rắn,Western Digital,1,2190000,2500000,2190000,4,"Thiết kế đẹp, chạy mát, dịch vụ chăm sóc khách hàng khá tốt."
ORI-001755,ORD-260421-1314,CPU-002,INTEL-I7-14700K,"CPU Intel Core i7-14700K (3.4GHz Turbo 5.6GHz, 20 nhân 28 luồng)",CPU - Bộ vi xử lý,Intel,1,8490000,9500000,8490000,4,"Sản phẩm tốt, nhân viên tư vấn nhiệt tình, sẽ tiếp tục ủng hộ."
ORI-001756,ORD-251203-1315,RAM-003,KINGSTON-FURY-DDR4-16GB-3200,RAM Kingston Fury Beast DDR4 16GB (2x8GB) 3200MHz,RAM - Bộ nhớ trong,Kingston,1,1290000,1500000,1290000,5,"Lắp đặt dễ dàng, chạy êm ái và mát mẻ. Shop hỗ trợ nhiệt tình."
ORI-001757,ORD-260219-1316,MONITOR-002,SAMSUNG-ODYSSEY-G7-32-4K,"Màn hình Samsung Odyssey G7 32"" 4K UHD 144Hz IPS",Màn hình - Monitor,Samsung,1,12990000,15000000,12990000,5,"Sản phẩm cực kỳ chất lượng, đóng gói cẩn thận, giao hàng nhanh."
ORI-001758,ORD-250805-1317,GPU-004,ASUS-RX7900XTX-24G,VGA ASUS TUF Gaming Radeon RX 7900 XTX OC 24GB,VGA - Card màn hình,ASUS,1,22990000,25000000,22990000,2,"Giao sai phiên bản màu sắc, đang chờ shop đổi trả."
ORI-001759,ORD-251224-1318,MOUSE-001,LOGITECH-G-PRO-X-SUPERLIGHT2,"Chuột gaming Logitech G Pro X Superlight 2 (Không dây, 32000 DPI)",Chuột - Mouse,Logitech,1,3390000,3800000,3390000,5,"Hàng chuẩn GearVN, nguyên seal mới cứng, bảo hành đầy đủ. Vote 5 sao!"
ORI-001760,ORD-251224-1318,SSD-003,KINGSTON-KC3000-1TB,SSD Kingston KC3000 1TB NVMe M.2 PCIe Gen4,SSD - Ổ cứng thể rắn,Kingston,1,1890000,2200000,1890000,5,"Thiết kế đẹp mắt, hiệu năng vượt trội so với tầm giá. Rất hài lòng!"
ORI-001761,ORD-251111-1319,GPU-003,GIGABYTE-RTX4070-SUPER-12G,VGA GIGABYTE GeForce RTX 4070 Super Gaming OC 12GB,VGA - Card màn hình,GIGABYTE,1,16490000,18500000,16490000,2,"Sản phẩm có dấu hiệu trầy xước nhẹ, giao hàng chậm, đóng gói sơ sài."
ORI-001762,ORD-250802-1320,MB-003,GIGABYTE-X670E-AORUS-MASTER,"Mainboard GIGABYTE X670E AORUS Master (AM5, DDR5, ATX)",Mainboard - Bo mạch chủ,GIGABYTE,1,11490000,13000000,11490000,5,"Lắp đặt dễ dàng, chạy êm ái và mát mẻ. Shop hỗ trợ nhiệt tình."
ORI-001763,ORD-251113-1321,GPU-001,ASUS-ROG-RTX4090-24G,VGA ASUS ROG Strix GeForce RTX 4090 24GB GDDR6X OC,VGA - Card màn hình,ASUS,1,52990000,58000000,52990000,5,"Hàng chuẩn GearVN, nguyên seal mới cứng, bảo hành đầy đủ. Vote 5 sao!"
ORI-001764,ORD-251113-1321,CPU-001,INTEL-I9-14900K,"CPU Intel Core i9-14900K (3.2GHz Turbo 6.0GHz, 24 nhân 32 luồng)",CPU - Bộ vi xử lý,Intel,1,12990000,14500000,12990000,5,"Sản phẩm cực kỳ chất lượng, đóng gói cẩn thận, giao hàng nhanh."
ORI-001765,ORD-251111-1322,RAM-004,CORSAIR-DDR5-64GB-6400,RAM Corsair Vengeance DDR5 64GB (2x32GB) 6400MHz CL32,RAM - Bộ nhớ trong,Corsair,1,6490000,7500000,6490000,5,"Sản phẩm cực kỳ chất lượng, đóng gói cẩn thận, giao hàng nhanh."
ORI-001766,ORD-251111-1322,CASE-001,LIANLI-PC-O11D-EVO,"Vỏ Case Lian Li PC-O11 Dynamic Evo (Mid Tower, ATX)",Case - Vỏ máy tính,Lian Li,1,3490000,3900000,3490000,5,"Hàng chuẩn GearVN, nguyên seal mới cứng, bảo hành đầy đủ. Vote 5 sao!"
ORI-001767,ORD-260208-1323,CPU-004,AMD-R9-7950X,"CPU AMD Ryzen 9 7950X (4.5GHz Turbo 5.7GHz, 16 nhân 32 luồng)",CPU - Bộ vi xử lý,AMD,1,13490000,15000000,13490000,5,"Rất đáng tiền, chạy mượt mà, chính hãng 100%."
ORI-001768,ORD-260208-1323,CPU-001,INTEL-I9-14900K,"CPU Intel Core i9-14900K (3.2GHz Turbo 6.0GHz, 24 nhân 32 luồng)",CPU - Bộ vi xử lý,Intel,1,12990000,14500000,12990000,4,"Sản phẩm tốt, nhân viên tư vấn nhiệt tình, sẽ tiếp tục ủng hộ."
ORI-001769,ORD-250705-1324,GPU-003,GIGABYTE-RTX4070-SUPER-12G,VGA GIGABYTE GeForce RTX 4070 Super Gaming OC 12GB,VGA - Card màn hình,GIGABYTE,1,16490000,18500000,16490000,4,"Sản phẩm dùng tốt, đúng mô tả, tuy nhiên giao hàng hơi trễ 1 ngày."
ORI-001770,ORD-251119-1325,RAM-004,CORSAIR-DDR5-64GB-6400,RAM Corsair Vengeance DDR5 64GB (2x32GB) 6400MHz CL32,RAM - Bộ nhớ trong,Corsair,1,6490000,7500000,6490000,4,"Thiết kế đẹp, chạy mát, dịch vụ chăm sóc khách hàng khá tốt."
ORI-001771,ORD-251202-1326,HEADSET-001,CORSAIR-VIRTUOSO-RGB-XT,Tai nghe gaming Corsair Virtuoso RGB Wireless XT,Tai nghe - Headset,Corsair,1,4290000,5000000,4290000,4,"Sản phẩm dùng tốt, đúng mô tả, tuy nhiên giao hàng hơi trễ 1 ngày."
ORI-001772,ORD-251202-1326,PSU-001,CORSAIR-HX1000I-1000W,Nguồn Corsair HX1000i 1000W 80 Plus Platinum Full Modular,PSU - Nguồn máy tính,Corsair,1,4990000,5500000,4990000,5,"Thiết kế đẹp mắt, hiệu năng vượt trội so với tầm giá. Rất hài lòng!"
ORI-001773,ORD-250630-1327,COOL-001,CORSAIR-H150I-ELITE-360MM,Tản nhiệt nước AIO Corsair iCUE H150i Elite LCD 360mm,Tản nhiệt - Cooling,Corsair,1,4490000,5000000,4490000,2,"Hiệu năng không đúng như quảng cáo, hay bị sụt nguồn đột ngột."
ORI-001774,ORD-250630-1327,CPU-001,INTEL-I9-14900K,"CPU Intel Core i9-14900K (3.2GHz Turbo 6.0GHz, 24 nhân 32 luồng)",CPU - Bộ vi xử lý,Intel,1,12990000,14500000,12990000,5,"Rất đáng tiền, chạy mượt mà, chính hãng 100%."
ORI-001775,ORD-260102-1328,RAM-003,KINGSTON-FURY-DDR4-16GB-3200,RAM Kingston Fury Beast DDR4 16GB (2x8GB) 3200MHz,RAM - Bộ nhớ trong,Kingston,1,1290000,1500000,1290000,4,"Chất lượng ổn áp, chạy ngon lành, đóng gói kỹ càng."
ORI-001776,ORD-260115-1329,PSU-002,SEASONIC-FOCUS-GX-850,Nguồn Seasonic Focus GX 850W 80 Plus Gold Full Modular,PSU - Nguồn máy tính,Seasonic,1,3290000,3800000,3290000,5,"Sản phẩm cực kỳ chất lượng, đóng gói cẩn thận, giao hàng nhanh."
ORI-001777,ORD-260107-1330,MONITOR-002,SAMSUNG-ODYSSEY-G7-32-4K,"Màn hình Samsung Odyssey G7 32"" 4K UHD 144Hz IPS",Màn hình - Monitor,Samsung,1,12990000,15000000,12990000,5,"Rất đáng tiền, chạy mượt mà, chính hãng 100%."
ORI-001778,ORD-251218-1331,CPU-006,INTEL-I3-14100F,"CPU Intel Core i3-14100F (3.5GHz Turbo 4.7GHz, 4 nhân 8 luồng)",CPU - Bộ vi xử lý,Intel,1,2490000,2800000,2490000,5,"Rất đáng tiền, chạy mượt mà, chính hãng 100%."
ORI-001779,ORD-251218-1331,HDD-001,SEAGATE-BARRACUDA-4TB,"Ổ cứng HDD Seagate Barracuda 4TB 3.5"" SATA 5400RPM",HDD - Ổ cứng cơ,Seagate,1,2190000,2500000,2190000,5,"Thiết kế đẹp mắt, hiệu năng vượt trội so với tầm giá. Rất hài lòng!"
ORI-001780,ORD-260527-1332,HDD-002,WD-RED-PLUS-8TB,"Ổ cứng HDD WD Red Plus 8TB 3.5"" SATA NAS",HDD - Ổ cứng cơ,Western Digital,1,4490000,5200000,4490000,4,"Sản phẩm tốt, nhân viên tư vấn nhiệt tình, sẽ tiếp tục ủng hộ."
ORI-001781,ORD-250912-1333,MOUSE-001,LOGITECH-G-PRO-X-SUPERLIGHT2,"Chuột gaming Logitech G Pro X Superlight 2 (Không dây, 32000 DPI)",Chuột - Mouse,Logitech,1,3390000,3800000,3390000,5,"Thiết kế đẹp mắt, hiệu năng vượt trội so với tầm giá. Rất hài lòng!"
ORI-001782,ORD-250921-1334,COOL-003,DEEPCOOL-AK620-DIGITAL,"Tản nhiệt khí DeepCool AK620 Digital (Dual Tower, 2x120mm)",Tản nhiệt - Cooling,Deepcool,1,1490000,1800000,1490000,4,"Sản phẩm tốt, nhân viên tư vấn nhiệt tình, sẽ tiếp tục ủng hộ."
ORI-001783,ORD-251209-1335,RAM-001,CORSAIR-DDR5-32GB-6000,RAM Corsair Dominator Titanium DDR5 32GB (2x16GB) 6000MHz,RAM - Bộ nhớ trong,Corsair,1,3990000,4500000,3990000,1,"Hàng cũ đóng lại seal, chạy lỗi liên tục, bảo hành rất phiền phức. Không nên mua."
ORI-001784,ORD-251202-1336,GPU-005,MSI-RTX4060-TI-8G-VENTUS,VGA MSI GeForce RTX 4060 Ti 8G Ventus 2X OC,VGA - Card màn hình,MSI,1,9490000,11000000,9490000,5,"Thiết kế đẹp mắt, hiệu năng vượt trội so với tầm giá. Rất hài lòng!"
ORI-001785,ORD-251130-1337,FAN-002,NOCTUA-NF-A12X25-PWM,Fan Case Noctua NF-A12x25 PWM 120mm (Hiệu suất cao),Fan - Quạt tản nhiệt,Noctua,1,990000,1200000,990000,4,"Sản phẩm tốt, nhân viên tư vấn nhiệt tình, sẽ tiếp tục ủng hộ."
ORI-001786,ORD-251130-1337,HDD-002,WD-RED-PLUS-8TB,"Ổ cứng HDD WD Red Plus 8TB 3.5"" SATA NAS",HDD - Ổ cứng cơ,Western Digital,1,4490000,5200000,4490000,4,"Sản phẩm tốt, nhân viên tư vấn nhiệt tình, sẽ tiếp tục ủng hộ."
ORI-001787,ORD-250930-1338,MOUSE-002,RAZER-DEATHADDER-V3-HTE,Chuột gaming Razer DeathAdder V3 HyperSpeed (Không dây),Chuột - Mouse,Razer,1,1890000,2200000,1890000,5,"Lắp đặt dễ dàng, chạy êm ái và mát mẻ. Shop hỗ trợ nhiệt tình."
ORI-001788,ORD-260125-1339,PSU-002,SEASONIC-FOCUS-GX-850,Nguồn Seasonic Focus GX 850W 80 Plus Gold Full Modular,PSU - Nguồn máy tính,Seasonic,1,3290000,3800000,3290000,4,"Sản phẩm dùng tốt, đúng mô tả, tuy nhiên giao hàng hơi trễ 1 ngày."
ORI-001789,ORD-251125-1340,PSU-003,COOLERMASTER-V750-GOLD,Nguồn Cooler Master MWE Gold 750W 80 Plus Gold Full Modular,PSU - Nguồn máy tính,Cooler Master,1,2490000,2900000,2490000,5,"Sản phẩm cực kỳ chất lượng, đóng gói cẩn thận, giao hàng nhanh."
ORI-001790,ORD-251125-1340,CASE-002,JONSBO-D41-MESH,"Vỏ Case Jonsbo D41 Mesh Screen (Mid Tower, ATX, Màn hình LCD)",Case - Vỏ máy tính,Jonsbo,1,2290000,2600000,2290000,3,"Hiệu năng đủ dùng cho tác vụ cơ bản, nhiệt độ hơi ấm khi tải nặng."
ORI-001791,ORD-251227-1341,PSU-003,COOLERMASTER-V750-GOLD,Nguồn Cooler Master MWE Gold 750W 80 Plus Gold Full Modular,PSU - Nguồn máy tính,Cooler Master,1,2490000,2900000,2490000,4,"Hiệu năng tốt trong tầm giá, dùng mượt mà không lỗi lầm gì."
ORI-001792,ORD-251101-1342,COOL-003,DEEPCOOL-AK620-DIGITAL,"Tản nhiệt khí DeepCool AK620 Digital (Dual Tower, 2x120mm)",Tản nhiệt - Cooling,Deepcool,1,1490000,1800000,1490000,5,"Rất đáng tiền, chạy mượt mà, chính hãng 100%."
ORI-001793,ORD-251101-1342,CHAIR-001,SECRETLAB-TITAN-EVO-2022,"Ghế gaming Secretlab Titan Evo 2022 (SoftWeave Plus, Medium)",Ghế gaming - Gaming Chair,Secretlab,1,12990000,14500000,12990000,5,"Lắp đặt dễ dàng, chạy êm ái và mát mẻ. Shop hỗ trợ nhiệt tình."
ORI-001794,ORD-250711-1343,PSU-003,COOLERMASTER-V750-GOLD,Nguồn Cooler Master MWE Gold 750W 80 Plus Gold Full Modular,PSU - Nguồn máy tính,Cooler Master,1,2490000,2900000,2490000,5,"Lắp đặt dễ dàng, chạy êm ái và mát mẻ. Shop hỗ trợ nhiệt tình."
ORI-001795,ORD-260331-1344,CPU-001,INTEL-I9-14900K,"CPU Intel Core i9-14900K (3.2GHz Turbo 6.0GHz, 24 nhân 32 luồng)",CPU - Bộ vi xử lý,Intel,1,12990000,14500000,12990000,5,"Sản phẩm cực kỳ chất lượng, đóng gói cẩn thận, giao hàng nhanh."
ORI-001796,ORD-260331-1344,SSD-001,SAMSUNG-980-PRO-2TB,SSD Samsung 980 Pro 2TB NVMe M.2 PCIe Gen4,SSD - Ổ cứng thể rắn,Samsung,1,3490000,3900000,3490000,4,"Chất lượng ổn áp, chạy ngon lành, đóng gói kỹ càng."
ORI-001797,ORD-260109-1345,MB-003,GIGABYTE-X670E-AORUS-MASTER,"Mainboard GIGABYTE X670E AORUS Master (AM5, DDR5, ATX)",Mainboard - Bo mạch chủ,GIGABYTE,1,11490000,13000000,11490000,2,"Sản phẩm có dấu hiệu trầy xước nhẹ, giao hàng chậm, đóng gói sơ sài."
ORI-001798,ORD-260121-1346,COOL-001,CORSAIR-H150I-ELITE-360MM,Tản nhiệt nước AIO Corsair iCUE H150i Elite LCD 360mm,Tản nhiệt - Cooling,Corsair,1,4490000,5000000,4490000,5,"Sản phẩm cực kỳ chất lượng, đóng gói cẩn thận, giao hàng nhanh."
ORI-001799,ORD-260211-1347,MB-004,ASUS-TUF-B760M-PLUS-WIFI,"Mainboard ASUS TUF Gaming B760M-Plus WiFi (LGA 1700, DDR5, mATX)",Mainboard - Bo mạch chủ,ASUS,1,3990000,4500000,3990000,5,"Rất đáng tiền, chạy mượt mà, chính hãng 100%."
ORI-001800,ORD-250729-1348,KB-001,CORSAIR-K100-RGB-OPX,Bàn phím cơ Corsair K100 RGB Optical-Mechanical (OPX Switch),Bàn phím - Keyboard,Corsair,1,5490000,6000000,5490000,3,"Sản phẩm bình thường, không quá nổi bật, dịch vụ giao hàng ở mức trung bình."
ORI-001801,ORD-250729-1348,CASE-001,LIANLI-PC-O11D-EVO,"Vỏ Case Lian Li PC-O11 Dynamic Evo (Mid Tower, ATX)",Case - Vỏ máy tính,Lian Li,1,3490000,3900000,3490000,5,"Sản phẩm cực kỳ chất lượng, đóng gói cẩn thận, giao hàng nhanh."
ORI-001802,ORD-251204-1349,CPU-001,INTEL-I9-14900K,"CPU Intel Core i9-14900K (3.2GHz Turbo 6.0GHz, 24 nhân 32 luồng)",CPU - Bộ vi xử lý,Intel,1,12990000,14500000,12990000,2,"Sản phẩm có dấu hiệu trầy xước nhẹ, giao hàng chậm, đóng gói sơ sài."
ORI-001803,ORD-251204-1349,SSD-002,WD-BLACK-SN850X-1TB,SSD WD Black SN850X 1TB NVMe M.2 PCIe Gen4,SSD - Ổ cứng thể rắn,Western Digital,1,2190000,2500000,2190000,4,"Hiệu năng tốt trong tầm giá, dùng mượt mà không lỗi lầm gì."
ORI-001804,ORD-250917-1350,SSD-004,CRUCIAL-P5-PLUS-500GB,SSD Crucial P5 Plus 500GB NVMe M.2 PCIe Gen4,SSD - Ổ cứng thể rắn,Crucial,1,990000,1200000,990000,4,"Sản phẩm dùng tốt, đúng mô tả, tuy nhiên giao hàng hơi trễ 1 ngày."
ORI-001805,ORD-250917-1350,RAM-001,CORSAIR-DDR5-32GB-6000,RAM Corsair Dominator Titanium DDR5 32GB (2x16GB) 6000MHz,RAM - Bộ nhớ trong,Corsair,1,3990000,4500000,3990000,5,"Rất đáng tiền, chạy mượt mà, chính hãng 100%."
ORI-001806,ORD-260214-1351,MB-004,ASUS-TUF-B760M-PLUS-WIFI,"Mainboard ASUS TUF Gaming B760M-Plus WiFi (LGA 1700, DDR5, mATX)",Mainboard - Bo mạch chủ,ASUS,1,3990000,4500000,3990000,5,"Thiết kế đẹp mắt, hiệu năng vượt trội so với tầm giá. Rất hài lòng!"
ORI-001807,ORD-251026-1352,CPU-003,INTEL-I5-14600K,"CPU Intel Core i5-14600K (3.5GHz Turbo 5.3GHz, 14 nhân 20 luồng)",CPU - Bộ vi xử lý,Intel,1,5490000,6200000,5490000,5,"Hàng chuẩn GearVN, nguyên seal mới cứng, bảo hành đầy đủ. Vote 5 sao!"
ORI-001808,ORD-251026-1352,CPU-004,AMD-R9-7950X,"CPU AMD Ryzen 9 7950X (4.5GHz Turbo 5.7GHz, 16 nhân 32 luồng)",CPU - Bộ vi xử lý,AMD,1,13490000,15000000,13490000,5,"Rất đáng tiền, chạy mượt mà, chính hãng 100%."
ORI-001809,ORD-260422-1353,SSD-001,SAMSUNG-980-PRO-2TB,SSD Samsung 980 Pro 2TB NVMe M.2 PCIe Gen4,SSD - Ổ cứng thể rắn,Samsung,1,3490000,3900000,3490000,4,"Sản phẩm tốt, nhân viên tư vấn nhiệt tình, sẽ tiếp tục ủng hộ."
ORI-001810,ORD-260422-1353,GPU-004,ASUS-RX7900XTX-24G,VGA ASUS TUF Gaming Radeon RX 7900 XTX OC 24GB,VGA - Card màn hình,ASUS,1,22990000,25000000,22990000,5,"Sản phẩm cực kỳ chất lượng, đóng gói cẩn thận, giao hàng nhanh."
ORI-001811,ORD-251229-1354,CPU-004,AMD-R9-7950X,"CPU AMD Ryzen 9 7950X (4.5GHz Turbo 5.7GHz, 16 nhân 32 luồng)",CPU - Bộ vi xử lý,AMD,1,13490000,15000000,13490000,5,"Thiết kế đẹp mắt, hiệu năng vượt trội so với tầm giá. Rất hài lòng!"
ORI-001812,ORD-260109-1355,RAM-003,KINGSTON-FURY-DDR4-16GB-3200,RAM Kingston Fury Beast DDR4 16GB (2x8GB) 3200MHz,RAM - Bộ nhớ trong,Kingston,1,1290000,1500000,1290000,5,"Hàng chuẩn GearVN, nguyên seal mới cứng, bảo hành đầy đủ. Vote 5 sao!"
ORI-001813,ORD-250828-1356,FAN-001,LIANLI-UNI-FAN-AL120-3PACK,"Fan Case Lian Li UNI FAN AL120 RGB (3-Pack, Daisy-chain)",Fan - Quạt tản nhiệt,Lian Li,1,1490000,1800000,1490000,4,"Hiệu năng tốt trong tầm giá, dùng mượt mà không lỗi lầm gì."
ORI-001814,ORD-260204-1357,GPU-001,ASUS-ROG-RTX4090-24G,VGA ASUS ROG Strix GeForce RTX 4090 24GB GDDR6X OC,VGA - Card màn hình,ASUS,1,52990000,58000000,52990000,5,"Hàng chuẩn GearVN, nguyên seal mới cứng, bảo hành đầy đủ. Vote 5 sao!"
ORI-001815,ORD-250918-1358,KB-001,CORSAIR-K100-RGB-OPX,Bàn phím cơ Corsair K100 RGB Optical-Mechanical (OPX Switch),Bàn phím - Keyboard,Corsair,1,5490000,6000000,5490000,3,Chất lượng sản phẩm ok nhưng tổng đài hỗ trợ kỹ thuật phản hồi hơi chậm.
ORI-001816,ORD-260401-1359,MONITOR-002,SAMSUNG-ODYSSEY-G7-32-4K,"Màn hình Samsung Odyssey G7 32"" 4K UHD 144Hz IPS",Màn hình - Monitor,Samsung,1,12990000,15000000,12990000,5,"Thiết kế đẹp mắt, hiệu năng vượt trội so với tầm giá. Rất hài lòng!"
ORI-001817,ORD-251010-1360,MONITOR-002,SAMSUNG-ODYSSEY-G7-32-4K,"Màn hình Samsung Odyssey G7 32"" 4K UHD 144Hz IPS",Màn hình - Monitor,Samsung,1,12990000,15000000,12990000,1,"Giao hàng quá chậm (mất 7 ngày), hàng móp méo hư hại nghiêm trọng."
ORI-001818,ORD-251010-1360,HEADSET-001,CORSAIR-VIRTUOSO-RGB-XT,Tai nghe gaming Corsair Virtuoso RGB Wireless XT,Tai nghe - Headset,Corsair,1,4290000,5000000,4290000,4,"Sản phẩm dùng tốt, đúng mô tả, tuy nhiên giao hàng hơi trễ 1 ngày."
ORI-001819,ORD-260205-1361,MB-001,ASUS-ROG-MAXIMUS-Z790,"Mainboard ASUS ROG Maximus Z790 Hero (LGA 1700, DDR5, ATX)",Mainboard - Bo mạch chủ,ASUS,1,15990000,18000000,15990000,5,"Hàng chuẩn GearVN, nguyên seal mới cứng, bảo hành đầy đủ. Vote 5 sao!"
ORI-001820,ORD-250925-1362,FAN-001,LIANLI-UNI-FAN-AL120-3PACK,"Fan Case Lian Li UNI FAN AL120 RGB (3-Pack, Daisy-chain)",Fan - Quạt tản nhiệt,Lian Li,1,1490000,1800000,1490000,5,"Sản phẩm cực kỳ chất lượng, đóng gói cẩn thận, giao hàng nhanh."
ORI-001821,ORD-250925-1362,MONITOR-002,SAMSUNG-ODYSSEY-G7-32-4K,"Màn hình Samsung Odyssey G7 32"" 4K UHD 144Hz IPS",Màn hình - Monitor,Samsung,1,12990000,15000000,12990000,4,"Sản phẩm dùng tốt, đúng mô tả, tuy nhiên giao hàng hơi trễ 1 ngày."
ORI-001822,ORD-260124-1363,MOUSE-001,LOGITECH-G-PRO-X-SUPERLIGHT2,"Chuột gaming Logitech G Pro X Superlight 2 (Không dây, 32000 DPI)",Chuột - Mouse,Logitech,1,3390000,3800000,3390000,5,"Thiết kế đẹp mắt, hiệu năng vượt trội so với tầm giá. Rất hài lòng!"
ORI-001823,ORD-260516-1364,HDD-001,SEAGATE-BARRACUDA-4TB,"Ổ cứng HDD Seagate Barracuda 4TB 3.5"" SATA 5400RPM",HDD - Ổ cứng cơ,Seagate,1,2190000,2500000,2190000,5,"Sản phẩm cực kỳ chất lượng, đóng gói cẩn thận, giao hàng nhanh."
ORI-001824,ORD-260516-1364,CPU-004,AMD-R9-7950X,"CPU AMD Ryzen 9 7950X (4.5GHz Turbo 5.7GHz, 16 nhân 32 luồng)",CPU - Bộ vi xử lý,AMD,1,13490000,15000000,13490000,5,"Thiết kế đẹp mắt, hiệu năng vượt trội so với tầm giá. Rất hài lòng!"
ORI-001825,ORD-251020-1365,GPU-001,ASUS-ROG-RTX4090-24G,VGA ASUS ROG Strix GeForce RTX 4090 24GB GDDR6X OC,VGA - Card màn hình,ASUS,1,52990000,58000000,52990000,4,"Hiệu năng tốt trong tầm giá, dùng mượt mà không lỗi lầm gì."
ORI-001826,ORD-251231-1366,MOUSE-001,LOGITECH-G-PRO-X-SUPERLIGHT2,"Chuột gaming Logitech G Pro X Superlight 2 (Không dây, 32000 DPI)",Chuột - Mouse,Logitech,1,3390000,3800000,3390000,5,"Hàng chuẩn GearVN, nguyên seal mới cứng, bảo hành đầy đủ. Vote 5 sao!"
ORI-001827,ORD-260207-1367,COOL-001,CORSAIR-H150I-ELITE-360MM,Tản nhiệt nước AIO Corsair iCUE H150i Elite LCD 360mm,Tản nhiệt - Cooling,Corsair,1,4490000,5000000,4490000,5,"Rất đáng tiền, chạy mượt mà, chính hãng 100%."
ORI-001828,ORD-250810-1368,MB-004,ASUS-TUF-B760M-PLUS-WIFI,"Mainboard ASUS TUF Gaming B760M-Plus WiFi (LGA 1700, DDR5, mATX)",Mainboard - Bo mạch chủ,ASUS,1,3990000,4500000,3990000,4,"Hiệu năng tốt trong tầm giá, dùng mượt mà không lỗi lầm gì."
ORI-001829,ORD-260107-1369,COOL-002,THERMALRIGHT-PHANTOM-SPIRIT-120,Tản nhiệt khí Thermalright Phantom Spirit 120 SE ARGB,Tản nhiệt - Cooling,Thermalright,1,990000,1200000,990000,5,"Hàng chuẩn GearVN, nguyên seal mới cứng, bảo hành đầy đủ. Vote 5 sao!"
ORI-001830,ORD-251229-1370,SSD-002,WD-BLACK-SN850X-1TB,SSD WD Black SN850X 1TB NVMe M.2 PCIe Gen4,SSD - Ổ cứng thể rắn,Western Digital,1,2190000,2500000,2190000,5,"Rất đáng tiền, chạy mượt mà, chính hãng 100%."
ORI-001831,ORD-250821-1371,FAN-002,NOCTUA-NF-A12X25-PWM,Fan Case Noctua NF-A12x25 PWM 120mm (Hiệu suất cao),Fan - Quạt tản nhiệt,Noctua,1,990000,1200000,990000,5,"Hàng chuẩn GearVN, nguyên seal mới cứng, bảo hành đầy đủ. Vote 5 sao!"
ORI-001832,ORD-250909-1372,SSD-001,SAMSUNG-980-PRO-2TB,SSD Samsung 980 Pro 2TB NVMe M.2 PCIe Gen4,SSD - Ổ cứng thể rắn,Samsung,1,3490000,3900000,3490000,5,"Lắp đặt dễ dàng, chạy êm ái và mát mẻ. Shop hỗ trợ nhiệt tình."
ORI-001833,ORD-250629-1373,RAM-002,GSKILL-DDR5-32GB-6000,RAM G.Skill Trident Z5 RGB DDR5 32GB (2x16GB) 6000MHz CL30,RAM - Bộ nhớ trong,G.Skill,1,3690000,4200000,3690000,2,"Hiệu năng không đúng như quảng cáo, hay bị sụt nguồn đột ngột."
ORI-001834,ORD-260412-1374,FAN-002,NOCTUA-NF-A12X25-PWM,Fan Case Noctua NF-A12x25 PWM 120mm (Hiệu suất cao),Fan - Quạt tản nhiệt,Noctua,1,990000,1200000,990000,5,"Sản phẩm cực kỳ chất lượng, đóng gói cẩn thận, giao hàng nhanh."
ORI-001835,ORD-260126-1375,PSU-002,SEASONIC-FOCUS-GX-850,Nguồn Seasonic Focus GX 850W 80 Plus Gold Full Modular,PSU - Nguồn máy tính,Seasonic,1,3290000,3800000,3290000,5,"Hàng chuẩn GearVN, nguyên seal mới cứng, bảo hành đầy đủ. Vote 5 sao!"
ORI-001836,ORD-260210-1376,KB-002,RAZER-BLACKWIDOW-V4-75,Bàn phím cơ Razer BlackWidow V4 75% (Razer Yellow Switch),Bàn phím - Keyboard,Razer,1,3290000,3800000,3290000,4,"Sản phẩm tốt, nhân viên tư vấn nhiệt tình, sẽ tiếp tục ủng hộ."
ORI-001837,ORD-260210-1376,MB-001,ASUS-ROG-MAXIMUS-Z790,"Mainboard ASUS ROG Maximus Z790 Hero (LGA 1700, DDR5, ATX)",Mainboard - Bo mạch chủ,ASUS,1,15990000,18000000,15990000,4,"Chất lượng ổn áp, chạy ngon lành, đóng gói kỹ càng."
ORI-001838,ORD-251103-1377,RAM-004,CORSAIR-DDR5-64GB-6400,RAM Corsair Vengeance DDR5 64GB (2x32GB) 6400MHz CL32,RAM - Bộ nhớ trong,Corsair,1,6490000,7500000,6490000,5,"Thiết kế đẹp mắt, hiệu năng vượt trội so với tầm giá. Rất hài lòng!"
ORI-001839,ORD-260219-1378,CPU-006,INTEL-I3-14100F,"CPU Intel Core i3-14100F (3.5GHz Turbo 4.7GHz, 4 nhân 8 luồng)",CPU - Bộ vi xử lý,Intel,1,2490000,2800000,2490000,,
ORI-001840,ORD-250815-1379,CPU-006,INTEL-I3-14100F,"CPU Intel Core i3-14100F (3.5GHz Turbo 4.7GHz, 4 nhân 8 luồng)",CPU - Bộ vi xử lý,Intel,1,2490000,2800000,2490000,5,"Thiết kế đẹp mắt, hiệu năng vượt trội so với tầm giá. Rất hài lòng!"
ORI-001841,ORD-250922-1380,KB-001,CORSAIR-K100-RGB-OPX,Bàn phím cơ Corsair K100 RGB Optical-Mechanical (OPX Switch),Bàn phím - Keyboard,Corsair,1,5490000,6000000,5490000,5,"Rất đáng tiền, chạy mượt mà, chính hãng 100%."
ORI-001842,ORD-260217-1381,KB-001,CORSAIR-K100-RGB-OPX,Bàn phím cơ Corsair K100 RGB Optical-Mechanical (OPX Switch),Bàn phím - Keyboard,Corsair,1,5490000,6000000,5490000,5,"Rất đáng tiền, chạy mượt mà, chính hãng 100%."
ORI-001843,ORD-260217-1381,CASE-002,JONSBO-D41-MESH,"Vỏ Case Jonsbo D41 Mesh Screen (Mid Tower, ATX, Màn hình LCD)",Case - Vỏ máy tính,Jonsbo,1,2290000,2600000,2290000,5,"Thiết kế đẹp mắt, hiệu năng vượt trội so với tầm giá. Rất hài lòng!"
ORI-001844,ORD-260212-1382,HDD-002,WD-RED-PLUS-8TB,"Ổ cứng HDD WD Red Plus 8TB 3.5"" SATA NAS",HDD - Ổ cứng cơ,Western Digital,1,4490000,5200000,4490000,4,"Thiết kế đẹp, chạy mát, dịch vụ chăm sóc khách hàng khá tốt."
ORI-001845,ORD-260427-1383,HEADSET-001,CORSAIR-VIRTUOSO-RGB-XT,Tai nghe gaming Corsair Virtuoso RGB Wireless XT,Tai nghe - Headset,Corsair,1,4290000,5000000,4290000,5,"Thiết kế đẹp mắt, hiệu năng vượt trội so với tầm giá. Rất hài lòng!"
ORI-001846,ORD-260427-1383,GPU-001,ASUS-ROG-RTX4090-24G,VGA ASUS ROG Strix GeForce RTX 4090 24GB GDDR6X OC,VGA - Card màn hình,ASUS,1,52990000,58000000,52990000,5,"Hàng chuẩn GearVN, nguyên seal mới cứng, bảo hành đầy đủ. Vote 5 sao!"
ORI-001847,ORD-250930-1384,MB-001,ASUS-ROG-MAXIMUS-Z790,"Mainboard ASUS ROG Maximus Z790 Hero (LGA 1700, DDR5, ATX)",Mainboard - Bo mạch chủ,ASUS,1,15990000,18000000,15990000,5,"Rất đáng tiền, chạy mượt mà, chính hãng 100%."
ORI-001848,ORD-250916-1385,RAM-004,CORSAIR-DDR5-64GB-6400,RAM Corsair Vengeance DDR5 64GB (2x32GB) 6400MHz CL32,RAM - Bộ nhớ trong,Corsair,1,6490000,7500000,6490000,5,"Rất đáng tiền, chạy mượt mà, chính hãng 100%."
ORI-001849,ORD-250916-1385,SSD-003,KINGSTON-KC3000-1TB,SSD Kingston KC3000 1TB NVMe M.2 PCIe Gen4,SSD - Ổ cứng thể rắn,Kingston,1,1890000,2200000,1890000,1,"Giao hàng quá chậm (mất 7 ngày), hàng móp méo hư hại nghiêm trọng."
ORI-001850,ORD-251102-1386,GPU-004,ASUS-RX7900XTX-24G,VGA ASUS TUF Gaming Radeon RX 7900 XTX OC 24GB,VGA - Card màn hình,ASUS,1,22990000,25000000,22990000,5,"Rất đáng tiền, chạy mượt mà, chính hãng 100%."
ORI-001851,ORD-251102-1386,RAM-003,KINGSTON-FURY-DDR4-16GB-3200,RAM Kingston Fury Beast DDR4 16GB (2x8GB) 3200MHz,RAM - Bộ nhớ trong,Kingston,1,1290000,1500000,1290000,3,"Sản phẩm bình thường, không quá nổi bật, dịch vụ giao hàng ở mức trung bình."
ORI-001852,ORD-251110-1387,HDD-001,SEAGATE-BARRACUDA-4TB,"Ổ cứng HDD Seagate Barracuda 4TB 3.5"" SATA 5400RPM",HDD - Ổ cứng cơ,Seagate,1,2190000,2500000,2190000,5,"Lắp đặt dễ dàng, chạy êm ái và mát mẻ. Shop hỗ trợ nhiệt tình."
ORI-001853,ORD-251208-1388,MOUSE-001,LOGITECH-G-PRO-X-SUPERLIGHT2,"Chuột gaming Logitech G Pro X Superlight 2 (Không dây, 32000 DPI)",Chuột - Mouse,Logitech,1,3390000,3800000,3390000,5,"Hàng chuẩn GearVN, nguyên seal mới cứng, bảo hành đầy đủ. Vote 5 sao!"
ORI-001854,ORD-260226-1389,COOL-002,THERMALRIGHT-PHANTOM-SPIRIT-120,Tản nhiệt khí Thermalright Phantom Spirit 120 SE ARGB,Tản nhiệt - Cooling,Thermalright,1,990000,1200000,990000,5,"Lắp đặt dễ dàng, chạy êm ái và mát mẻ. Shop hỗ trợ nhiệt tình."
ORI-001855,ORD-260601-1390,GPU-003,GIGABYTE-RTX4070-SUPER-12G,VGA GIGABYTE GeForce RTX 4070 Super Gaming OC 12GB,VGA - Card màn hình,GIGABYTE,1,16490000,18500000,16490000,5,"Rất đáng tiền, chạy mượt mà, chính hãng 100%."
ORI-001856,ORD-250911-1391,RAM-003,KINGSTON-FURY-DDR4-16GB-3200,RAM Kingston Fury Beast DDR4 16GB (2x8GB) 3200MHz,RAM - Bộ nhớ trong,Kingston,1,1290000,1500000,1290000,5,"Lắp đặt dễ dàng, chạy êm ái và mát mẻ. Shop hỗ trợ nhiệt tình."
ORI-001857,ORD-250814-1392,SSD-004,CRUCIAL-P5-PLUS-500GB,SSD Crucial P5 Plus 500GB NVMe M.2 PCIe Gen4,SSD - Ổ cứng thể rắn,Crucial,1,990000,1200000,990000,4,"Sản phẩm dùng tốt, đúng mô tả, tuy nhiên giao hàng hơi trễ 1 ngày."
ORI-001858,ORD-250825-1393,GPU-004,ASUS-RX7900XTX-24G,VGA ASUS TUF Gaming Radeon RX 7900 XTX OC 24GB,VGA - Card màn hình,ASUS,1,22990000,25000000,22990000,5,"Thiết kế đẹp mắt, hiệu năng vượt trội so với tầm giá. Rất hài lòng!"
ORI-001859,ORD-260204-1394,GPU-001,ASUS-ROG-RTX4090-24G,VGA ASUS ROG Strix GeForce RTX 4090 24GB GDDR6X OC,VGA - Card màn hình,ASUS,1,52990000,58000000,52990000,5,"Hàng chuẩn GearVN, nguyên seal mới cứng, bảo hành đầy đủ. Vote 5 sao!"
ORI-001860,ORD-260204-1394,RAM-004,CORSAIR-DDR5-64GB-6400,RAM Corsair Vengeance DDR5 64GB (2x32GB) 6400MHz CL32,RAM - Bộ nhớ trong,Corsair,1,6490000,7500000,6490000,5,"Lắp đặt dễ dàng, chạy êm ái và mát mẻ. Shop hỗ trợ nhiệt tình."
ORI-001861,ORD-251115-1395,CPU-006,INTEL-I3-14100F,"CPU Intel Core i3-14100F (3.5GHz Turbo 4.7GHz, 4 nhân 8 luồng)",CPU - Bộ vi xử lý,Intel,1,2490000,2800000,2490000,5,"Sản phẩm cực kỳ chất lượng, đóng gói cẩn thận, giao hàng nhanh."
ORI-001862,ORD-250908-1396,GPU-004,ASUS-RX7900XTX-24G,VGA ASUS TUF Gaming Radeon RX 7900 XTX OC 24GB,VGA - Card màn hình,ASUS,1,22990000,25000000,22990000,5,"Hàng chuẩn GearVN, nguyên seal mới cứng, bảo hành đầy đủ. Vote 5 sao!"
ORI-001863,ORD-251209-1397,CASE-001,LIANLI-PC-O11D-EVO,"Vỏ Case Lian Li PC-O11 Dynamic Evo (Mid Tower, ATX)",Case - Vỏ máy tính,Lian Li,1,3490000,3900000,3490000,5,"Sản phẩm cực kỳ chất lượng, đóng gói cẩn thận, giao hàng nhanh."
ORI-001864,ORD-260228-1398,MOUSE-002,RAZER-DEATHADDER-V3-HTE,Chuột gaming Razer DeathAdder V3 HyperSpeed (Không dây),Chuột - Mouse,Razer,1,1890000,2200000,1890000,5,"Thiết kế đẹp mắt, hiệu năng vượt trội so với tầm giá. Rất hài lòng!"
ORI-001865,ORD-260228-1398,CPU-002,INTEL-I7-14700K,"CPU Intel Core i7-14700K (3.4GHz Turbo 5.6GHz, 20 nhân 28 luồng)",CPU - Bộ vi xử lý,Intel,1,8490000,9500000,8490000,3,"Hiệu năng đủ dùng cho tác vụ cơ bản, nhiệt độ hơi ấm khi tải nặng."
ORI-001866,ORD-251111-1399,COOL-001,CORSAIR-H150I-ELITE-360MM,Tản nhiệt nước AIO Corsair iCUE H150i Elite LCD 360mm,Tản nhiệt - Cooling,Corsair,1,4490000,5000000,4490000,,
ORI-001867,ORD-251212-1400,PSU-003,COOLERMASTER-V750-GOLD,Nguồn Cooler Master MWE Gold 750W 80 Plus Gold Full Modular,PSU - Nguồn máy tính,Cooler Master,1,2490000,2900000,2490000,5,"Thiết kế đẹp mắt, hiệu năng vượt trội so với tầm giá. Rất hài lòng!"
ORI-001868,ORD-250906-1401,COOL-003,DEEPCOOL-AK620-DIGITAL,"Tản nhiệt khí DeepCool AK620 Digital (Dual Tower, 2x120mm)",Tản nhiệt - Cooling,Deepcool,1,1490000,1800000,1490000,5,"Sản phẩm cực kỳ chất lượng, đóng gói cẩn thận, giao hàng nhanh."
ORI-001869,ORD-250906-1401,COOL-002,THERMALRIGHT-PHANTOM-SPIRIT-120,Tản nhiệt khí Thermalright Phantom Spirit 120 SE ARGB,Tản nhiệt - Cooling,Thermalright,1,990000,1200000,990000,5,"Thiết kế đẹp mắt, hiệu năng vượt trội so với tầm giá. Rất hài lòng!"
ORI-001870,ORD-250621-1402,CASE-001,LIANLI-PC-O11D-EVO,"Vỏ Case Lian Li PC-O11 Dynamic Evo (Mid Tower, ATX)",Case - Vỏ máy tính,Lian Li,1,3490000,3900000,3490000,5,"Hàng chuẩn GearVN, nguyên seal mới cứng, bảo hành đầy đủ. Vote 5 sao!"
ORI-001871,ORD-260205-1403,CPU-004,AMD-R9-7950X,"CPU AMD Ryzen 9 7950X (4.5GHz Turbo 5.7GHz, 16 nhân 32 luồng)",CPU - Bộ vi xử lý,AMD,1,13490000,15000000,13490000,4,"Thiết kế đẹp, chạy mát, dịch vụ chăm sóc khách hàng khá tốt."
ORI-001872,ORD-260124-1404,GPU-004,ASUS-RX7900XTX-24G,VGA ASUS TUF Gaming Radeon RX 7900 XTX OC 24GB,VGA - Card màn hình,ASUS,1,22990000,25000000,22990000,4,"Sản phẩm dùng tốt, đúng mô tả, tuy nhiên giao hàng hơi trễ 1 ngày."
ORI-001873,ORD-251216-1405,MB-004,ASUS-TUF-B760M-PLUS-WIFI,"Mainboard ASUS TUF Gaming B760M-Plus WiFi (LGA 1700, DDR5, mATX)",Mainboard - Bo mạch chủ,ASUS,1,3990000,4500000,3990000,4,"Chất lượng ổn áp, chạy ngon lành, đóng gói kỹ càng."
ORI-001874,ORD-260402-1406,MB-003,GIGABYTE-X670E-AORUS-MASTER,"Mainboard GIGABYTE X670E AORUS Master (AM5, DDR5, ATX)",Mainboard - Bo mạch chủ,GIGABYTE,1,11490000,13000000,11490000,5,"Sản phẩm cực kỳ chất lượng, đóng gói cẩn thận, giao hàng nhanh."
ORI-001875,ORD-250630-1407,HDD-002,WD-RED-PLUS-8TB,"Ổ cứng HDD WD Red Plus 8TB 3.5"" SATA NAS",HDD - Ổ cứng cơ,Western Digital,1,4490000,5200000,4490000,5,"Rất đáng tiền, chạy mượt mà, chính hãng 100%."
ORI-001876,ORD-250630-1407,SSD-001,SAMSUNG-980-PRO-2TB,SSD Samsung 980 Pro 2TB NVMe M.2 PCIe Gen4,SSD - Ổ cứng thể rắn,Samsung,1,3490000,3900000,3490000,5,"Rất đáng tiền, chạy mượt mà, chính hãng 100%."
ORI-001877,ORD-260503-1408,FAN-002,NOCTUA-NF-A12X25-PWM,Fan Case Noctua NF-A12x25 PWM 120mm (Hiệu suất cao),Fan - Quạt tản nhiệt,Noctua,1,990000,1200000,990000,5,"Thiết kế đẹp mắt, hiệu năng vượt trội so với tầm giá. Rất hài lòng!"
ORI-001878,ORD-260503-1408,GPU-005,MSI-RTX4060-TI-8G-VENTUS,VGA MSI GeForce RTX 4060 Ti 8G Ventus 2X OC,VGA - Card màn hình,MSI,1,9490000,11000000,9490000,4,"Chất lượng ổn áp, chạy ngon lành, đóng gói kỹ càng."
ORI-001879,ORD-250821-1409,MONITOR-002,SAMSUNG-ODYSSEY-G7-32-4K,"Màn hình Samsung Odyssey G7 32"" 4K UHD 144Hz IPS",Màn hình - Monitor,Samsung,1,12990000,15000000,12990000,4,"Hiệu năng tốt trong tầm giá, dùng mượt mà không lỗi lầm gì."
ORI-001880,ORD-250821-1409,CHAIR-001,SECRETLAB-TITAN-EVO-2022,"Ghế gaming Secretlab Titan Evo 2022 (SoftWeave Plus, Medium)",Ghế gaming - Gaming Chair,Secretlab,1,12990000,14500000,12990000,5,"Thiết kế đẹp mắt, hiệu năng vượt trội so với tầm giá. Rất hài lòng!"
ORI-001881,ORD-260507-1410,RAM-004,CORSAIR-DDR5-64GB-6400,RAM Corsair Vengeance DDR5 64GB (2x32GB) 6400MHz CL32,RAM - Bộ nhớ trong,Corsair,1,6490000,7500000,6490000,4,"Sản phẩm dùng tốt, đúng mô tả, tuy nhiên giao hàng hơi trễ 1 ngày."
ORI-001882,ORD-260217-1411,SSD-003,KINGSTON-KC3000-1TB,SSD Kingston KC3000 1TB NVMe M.2 PCIe Gen4,SSD - Ổ cứng thể rắn,Kingston,1,1890000,2200000,1890000,5,"Hàng chuẩn GearVN, nguyên seal mới cứng, bảo hành đầy đủ. Vote 5 sao!"
ORI-001883,ORD-251201-1412,RAM-002,GSKILL-DDR5-32GB-6000,RAM G.Skill Trident Z5 RGB DDR5 32GB (2x16GB) 6000MHz CL30,RAM - Bộ nhớ trong,G.Skill,1,3690000,4200000,3690000,4,"Chất lượng ổn áp, chạy ngon lành, đóng gói kỹ càng."
ORI-001884,ORD-251201-1412,COOL-001,CORSAIR-H150I-ELITE-360MM,Tản nhiệt nước AIO Corsair iCUE H150i Elite LCD 360mm,Tản nhiệt - Cooling,Corsair,1,4490000,5000000,4490000,5,"Sản phẩm cực kỳ chất lượng, đóng gói cẩn thận, giao hàng nhanh."
ORI-001885,ORD-260511-1413,CASE-001,LIANLI-PC-O11D-EVO,"Vỏ Case Lian Li PC-O11 Dynamic Evo (Mid Tower, ATX)",Case - Vỏ máy tính,Lian Li,1,3490000,3900000,3490000,5,"Rất đáng tiền, chạy mượt mà, chính hãng 100%."
ORI-001886,ORD-251114-1414,MONITOR-002,SAMSUNG-ODYSSEY-G7-32-4K,"Màn hình Samsung Odyssey G7 32"" 4K UHD 144Hz IPS",Màn hình - Monitor,Samsung,1,12990000,15000000,12990000,5,"Rất đáng tiền, chạy mượt mà, chính hãng 100%."
ORI-001887,ORD-260213-1415,CASE-001,LIANLI-PC-O11D-EVO,"Vỏ Case Lian Li PC-O11 Dynamic Evo (Mid Tower, ATX)",Case - Vỏ máy tính,Lian Li,1,3490000,3900000,3490000,5,"Hàng chuẩn GearVN, nguyên seal mới cứng, bảo hành đầy đủ. Vote 5 sao!"
ORI-001888,ORD-260213-1415,FAN-002,NOCTUA-NF-A12X25-PWM,Fan Case Noctua NF-A12x25 PWM 120mm (Hiệu suất cao),Fan - Quạt tản nhiệt,Noctua,1,990000,1200000,990000,5,"Rất đáng tiền, chạy mượt mà, chính hãng 100%."
ORI-001889,ORD-260301-1416,PSU-001,CORSAIR-HX1000I-1000W,Nguồn Corsair HX1000i 1000W 80 Plus Platinum Full Modular,PSU - Nguồn máy tính,Corsair,1,4990000,5500000,4990000,5,"Lắp đặt dễ dàng, chạy êm ái và mát mẻ. Shop hỗ trợ nhiệt tình."
ORI-001890,ORD-250816-1417,CASE-001,LIANLI-PC-O11D-EVO,"Vỏ Case Lian Li PC-O11 Dynamic Evo (Mid Tower, ATX)",Case - Vỏ máy tính,Lian Li,1,3490000,3900000,3490000,5,"Sản phẩm cực kỳ chất lượng, đóng gói cẩn thận, giao hàng nhanh."
ORI-001891,ORD-250816-1417,HEADSET-001,CORSAIR-VIRTUOSO-RGB-XT,Tai nghe gaming Corsair Virtuoso RGB Wireless XT,Tai nghe - Headset,Corsair,1,4290000,5000000,4290000,5,"Sản phẩm cực kỳ chất lượng, đóng gói cẩn thận, giao hàng nhanh."
ORI-001892,ORD-260111-1418,CHAIR-001,SECRETLAB-TITAN-EVO-2022,"Ghế gaming Secretlab Titan Evo 2022 (SoftWeave Plus, Medium)",Ghế gaming - Gaming Chair,Secretlab,1,12990000,14500000,12990000,5,"Sản phẩm cực kỳ chất lượng, đóng gói cẩn thận, giao hàng nhanh."
ORI-001893,ORD-250629-1419,KB-001,CORSAIR-K100-RGB-OPX,Bàn phím cơ Corsair K100 RGB Optical-Mechanical (OPX Switch),Bàn phím - Keyboard,Corsair,1,5490000,6000000,5490000,5,"Sản phẩm cực kỳ chất lượng, đóng gói cẩn thận, giao hàng nhanh."
ORI-001894,ORD-250629-1419,SSD-003,KINGSTON-KC3000-1TB,SSD Kingston KC3000 1TB NVMe M.2 PCIe Gen4,SSD - Ổ cứng thể rắn,Kingston,1,1890000,2200000,1890000,5,"Lắp đặt dễ dàng, chạy êm ái và mát mẻ. Shop hỗ trợ nhiệt tình."
ORI-001895,ORD-251225-1420,SSD-002,WD-BLACK-SN850X-1TB,SSD WD Black SN850X 1TB NVMe M.2 PCIe Gen4,SSD - Ổ cứng thể rắn,Western Digital,1,2190000,2500000,2190000,5,"Sản phẩm cực kỳ chất lượng, đóng gói cẩn thận, giao hàng nhanh."
ORI-001896,ORD-251225-1420,COOL-001,CORSAIR-H150I-ELITE-360MM,Tản nhiệt nước AIO Corsair iCUE H150i Elite LCD 360mm,Tản nhiệt - Cooling,Corsair,1,4490000,5000000,4490000,5,"Rất đáng tiền, chạy mượt mà, chính hãng 100%."
ORI-001897,ORD-250620-1421,MB-003,GIGABYTE-X670E-AORUS-MASTER,"Mainboard GIGABYTE X670E AORUS Master (AM5, DDR5, ATX)",Mainboard - Bo mạch chủ,GIGABYTE,1,11490000,13000000,11490000,5,"Hàng chuẩn GearVN, nguyên seal mới cứng, bảo hành đầy đủ. Vote 5 sao!"
ORI-001898,ORD-251127-1422,PSU-003,COOLERMASTER-V750-GOLD,Nguồn Cooler Master MWE Gold 750W 80 Plus Gold Full Modular,PSU - Nguồn máy tính,Cooler Master,1,2490000,2900000,2490000,5,"Rất đáng tiền, chạy mượt mà, chính hãng 100%."
ORI-001899,ORD-251127-1422,SSD-003,KINGSTON-KC3000-1TB,SSD Kingston KC3000 1TB NVMe M.2 PCIe Gen4,SSD - Ổ cứng thể rắn,Kingston,1,1890000,2200000,1890000,5,"Thiết kế đẹp mắt, hiệu năng vượt trội so với tầm giá. Rất hài lòng!"
ORI-001900,ORD-260221-1423,PSU-001,CORSAIR-HX1000I-1000W,Nguồn Corsair HX1000i 1000W 80 Plus Platinum Full Modular,PSU - Nguồn máy tính,Corsair,1,4990000,5500000,4990000,4,"Sản phẩm dùng tốt, đúng mô tả, tuy nhiên giao hàng hơi trễ 1 ngày."
ORI-001901,ORD-260221-1423,SSD-003,KINGSTON-KC3000-1TB,SSD Kingston KC3000 1TB NVMe M.2 PCIe Gen4,SSD - Ổ cứng thể rắn,Kingston,1,1890000,2200000,1890000,5,"Sản phẩm cực kỳ chất lượng, đóng gói cẩn thận, giao hàng nhanh."
ORI-001902,ORD-260506-1424,RAM-002,GSKILL-DDR5-32GB-6000,RAM G.Skill Trident Z5 RGB DDR5 32GB (2x16GB) 6000MHz CL30,RAM - Bộ nhớ trong,G.Skill,1,3690000,4200000,3690000,,
ORI-001903,ORD-260506-1424,GPU-004,ASUS-RX7900XTX-24G,VGA ASUS TUF Gaming Radeon RX 7900 XTX OC 24GB,VGA - Card màn hình,ASUS,1,22990000,25000000,22990000,,
ORI-001904,ORD-260203-1425,GPU-003,GIGABYTE-RTX4070-SUPER-12G,VGA GIGABYTE GeForce RTX 4070 Super Gaming OC 12GB,VGA - Card màn hình,GIGABYTE,1,16490000,18500000,16490000,3,"Hiệu năng đủ dùng cho tác vụ cơ bản, nhiệt độ hơi ấm khi tải nặng."
ORI-001905,ORD-250824-1426,COOL-002,THERMALRIGHT-PHANTOM-SPIRIT-120,Tản nhiệt khí Thermalright Phantom Spirit 120 SE ARGB,Tản nhiệt - Cooling,Thermalright,1,990000,1200000,990000,4,"Sản phẩm dùng tốt, đúng mô tả, tuy nhiên giao hàng hơi trễ 1 ngày."
ORI-001906,ORD-260130-1427,HDD-001,SEAGATE-BARRACUDA-4TB,"Ổ cứng HDD Seagate Barracuda 4TB 3.5"" SATA 5400RPM",HDD - Ổ cứng cơ,Seagate,1,2190000,2500000,2190000,4,"Sản phẩm tốt, nhân viên tư vấn nhiệt tình, sẽ tiếp tục ủng hộ."
ORI-001907,ORD-260130-1427,MOUSE-002,RAZER-DEATHADDER-V3-HTE,Chuột gaming Razer DeathAdder V3 HyperSpeed (Không dây),Chuột - Mouse,Razer,1,1890000,2200000,1890000,5,"Sản phẩm cực kỳ chất lượng, đóng gói cẩn thận, giao hàng nhanh."
ORI-001908,ORD-251220-1428,RAM-001,CORSAIR-DDR5-32GB-6000,RAM Corsair Dominator Titanium DDR5 32GB (2x16GB) 6000MHz,RAM - Bộ nhớ trong,Corsair,1,3990000,4500000,3990000,5,"Rất đáng tiền, chạy mượt mà, chính hãng 100%."
ORI-001909,ORD-251103-1429,CASE-001,LIANLI-PC-O11D-EVO,"Vỏ Case Lian Li PC-O11 Dynamic Evo (Mid Tower, ATX)",Case - Vỏ máy tính,Lian Li,1,3490000,3900000,3490000,5,"Rất đáng tiền, chạy mượt mà, chính hãng 100%."
ORI-001910,ORD-250929-1430,MB-001,ASUS-ROG-MAXIMUS-Z790,"Mainboard ASUS ROG Maximus Z790 Hero (LGA 1700, DDR5, ATX)",Mainboard - Bo mạch chủ,ASUS,1,15990000,18000000,15990000,5,"Thiết kế đẹp mắt, hiệu năng vượt trội so với tầm giá. Rất hài lòng!"
ORI-001911,ORD-251124-1431,PSU-002,SEASONIC-FOCUS-GX-850,Nguồn Seasonic Focus GX 850W 80 Plus Gold Full Modular,PSU - Nguồn máy tính,Seasonic,1,3290000,3800000,3290000,3,"Sản phẩm bình thường, không quá nổi bật, dịch vụ giao hàng ở mức trung bình."
ORI-001912,ORD-250619-1432,PSU-003,COOLERMASTER-V750-GOLD,Nguồn Cooler Master MWE Gold 750W 80 Plus Gold Full Modular,PSU - Nguồn máy tính,Cooler Master,1,2490000,2900000,2490000,4,"Hiệu năng tốt trong tầm giá, dùng mượt mà không lỗi lầm gì."
ORI-001913,ORD-250908-1433,MONITOR-001,LG-27GP850P-27-QHD-165HZ,"Màn hình LG UltraGear 27GP850P-B 27"" QHD IPS 165Hz 1ms",Màn hình - Monitor,LG,1,8990000,10500000,8990000,5,"Rất đáng tiền, chạy mượt mà, chính hãng 100%."
ORI-001914,ORD-250819-1434,MB-003,GIGABYTE-X670E-AORUS-MASTER,"Mainboard GIGABYTE X670E AORUS Master (AM5, DDR5, ATX)",Mainboard - Bo mạch chủ,GIGABYTE,1,11490000,13000000,11490000,,
ORI-001915,ORD-260209-1435,CPU-004,AMD-R9-7950X,"CPU AMD Ryzen 9 7950X (4.5GHz Turbo 5.7GHz, 16 nhân 32 luồng)",CPU - Bộ vi xử lý,AMD,1,13490000,15000000,13490000,4,"Hiệu năng tốt trong tầm giá, dùng mượt mà không lỗi lầm gì."
ORI-001916,ORD-251229-1436,CHAIR-001,SECRETLAB-TITAN-EVO-2022,"Ghế gaming Secretlab Titan Evo 2022 (SoftWeave Plus, Medium)",Ghế gaming - Gaming Chair,Secretlab,1,12990000,14500000,12990000,5,"Hàng chuẩn GearVN, nguyên seal mới cứng, bảo hành đầy đủ. Vote 5 sao!"
ORI-001917,ORD-251227-1437,SSD-004,CRUCIAL-P5-PLUS-500GB,SSD Crucial P5 Plus 500GB NVMe M.2 PCIe Gen4,SSD - Ổ cứng thể rắn,Crucial,1,990000,1200000,990000,5,"Hàng chuẩn GearVN, nguyên seal mới cứng, bảo hành đầy đủ. Vote 5 sao!"
ORI-001918,ORD-251227-1437,CHAIR-001,SECRETLAB-TITAN-EVO-2022,"Ghế gaming Secretlab Titan Evo 2022 (SoftWeave Plus, Medium)",Ghế gaming - Gaming Chair,Secretlab,1,12990000,14500000,12990000,5,"Lắp đặt dễ dàng, chạy êm ái và mát mẻ. Shop hỗ trợ nhiệt tình."
ORI-001919,ORD-251124-1438,CHAIR-001,SECRETLAB-TITAN-EVO-2022,"Ghế gaming Secretlab Titan Evo 2022 (SoftWeave Plus, Medium)",Ghế gaming - Gaming Chair,Secretlab,1,12990000,14500000,12990000,,
ORI-001920,ORD-251122-1439,MB-002,MSI-MAG-Z790-TOMAHAWK,"Mainboard MSI MAG Z790 Tomahawk WiFi (LGA 1700, DDR5, ATX)",Mainboard - Bo mạch chủ,MSI,1,6990000,7800000,6990000,4,"Sản phẩm dùng tốt, đúng mô tả, tuy nhiên giao hàng hơi trễ 1 ngày."
ORI-001921,ORD-251122-1439,CPU-001,INTEL-I9-14900K,"CPU Intel Core i9-14900K (3.2GHz Turbo 6.0GHz, 24 nhân 32 luồng)",CPU - Bộ vi xử lý,Intel,1,12990000,14500000,12990000,5,"Rất đáng tiền, chạy mượt mà, chính hãng 100%."
ORI-001922,ORD-250926-1440,KB-002,RAZER-BLACKWIDOW-V4-75,Bàn phím cơ Razer BlackWidow V4 75% (Razer Yellow Switch),Bàn phím - Keyboard,Razer,1,3290000,3800000,3290000,4,"Sản phẩm dùng tốt, đúng mô tả, tuy nhiên giao hàng hơi trễ 1 ngày."
ORI-001923,ORD-250929-1441,KB-002,RAZER-BLACKWIDOW-V4-75,Bàn phím cơ Razer BlackWidow V4 75% (Razer Yellow Switch),Bàn phím - Keyboard,Razer,1,3290000,3800000,3290000,5,"Thiết kế đẹp mắt, hiệu năng vượt trội so với tầm giá. Rất hài lòng!"
ORI-001924,ORD-251227-1442,MB-001,ASUS-ROG-MAXIMUS-Z790,"Mainboard ASUS ROG Maximus Z790 Hero (LGA 1700, DDR5, ATX)",Mainboard - Bo mạch chủ,ASUS,1,15990000,18000000,15990000,5,"Lắp đặt dễ dàng, chạy êm ái và mát mẻ. Shop hỗ trợ nhiệt tình."
ORI-001925,ORD-251222-1443,RAM-001,CORSAIR-DDR5-32GB-6000,RAM Corsair Dominator Titanium DDR5 32GB (2x16GB) 6000MHz,RAM - Bộ nhớ trong,Corsair,1,3990000,4500000,3990000,5,"Rất đáng tiền, chạy mượt mà, chính hãng 100%."
ORI-001926,ORD-251222-1443,RAM-002,GSKILL-DDR5-32GB-6000,RAM G.Skill Trident Z5 RGB DDR5 32GB (2x16GB) 6000MHz CL30,RAM - Bộ nhớ trong,G.Skill,1,3690000,4200000,3690000,4,"Hiệu năng tốt trong tầm giá, dùng mượt mà không lỗi lầm gì."
ORI-001927,ORD-260209-1444,CPU-001,INTEL-I9-14900K,"CPU Intel Core i9-14900K (3.2GHz Turbo 6.0GHz, 24 nhân 32 luồng)",CPU - Bộ vi xử lý,Intel,1,12990000,14500000,12990000,5,"Thiết kế đẹp mắt, hiệu năng vượt trội so với tầm giá. Rất hài lòng!"
ORI-001928,ORD-260209-1444,RAM-004,CORSAIR-DDR5-64GB-6400,RAM Corsair Vengeance DDR5 64GB (2x32GB) 6400MHz CL32,RAM - Bộ nhớ trong,Corsair,1,6490000,7500000,6490000,5,"Hàng chuẩn GearVN, nguyên seal mới cứng, bảo hành đầy đủ. Vote 5 sao!"
ORI-001929,ORD-260131-1445,CHAIR-001,SECRETLAB-TITAN-EVO-2022,"Ghế gaming Secretlab Titan Evo 2022 (SoftWeave Plus, Medium)",Ghế gaming - Gaming Chair,Secretlab,1,12990000,14500000,12990000,4,"Chất lượng ổn áp, chạy ngon lành, đóng gói kỹ càng."
ORI-001930,ORD-260131-1445,GPU-002,MSI-RTX4080-SUPER-16G,VGA MSI GeForce RTX 4080 Super 16GB Gaming X Slim,VGA - Card màn hình,MSI,1,26990000,30000000,26990000,5,"Lắp đặt dễ dàng, chạy êm ái và mát mẻ. Shop hỗ trợ nhiệt tình."
ORI-001931,ORD-260305-1446,RAM-002,GSKILL-DDR5-32GB-6000,RAM G.Skill Trident Z5 RGB DDR5 32GB (2x16GB) 6000MHz CL30,RAM - Bộ nhớ trong,G.Skill,1,3690000,4200000,3690000,5,"Rất đáng tiền, chạy mượt mà, chính hãng 100%."
ORI-001932,ORD-250709-1447,GPU-004,ASUS-RX7900XTX-24G,VGA ASUS TUF Gaming Radeon RX 7900 XTX OC 24GB,VGA - Card màn hình,ASUS,1,22990000,25000000,22990000,5,"Rất đáng tiền, chạy mượt mà, chính hãng 100%."
ORI-001933,ORD-250709-1447,GPU-004,ASUS-RX7900XTX-24G,VGA ASUS TUF Gaming Radeon RX 7900 XTX OC 24GB,VGA - Card màn hình,ASUS,1,22990000,25000000,22990000,5,"Thiết kế đẹp mắt, hiệu năng vượt trội so với tầm giá. Rất hài lòng!"
ORI-001934,ORD-260602-1448,GPU-002,MSI-RTX4080-SUPER-16G,VGA MSI GeForce RTX 4080 Super 16GB Gaming X Slim,VGA - Card màn hình,MSI,1,26990000,30000000,26990000,5,"Sản phẩm cực kỳ chất lượng, đóng gói cẩn thận, giao hàng nhanh."
ORI-001935,ORD-260602-1448,MB-003,GIGABYTE-X670E-AORUS-MASTER,"Mainboard GIGABYTE X670E AORUS Master (AM5, DDR5, ATX)",Mainboard - Bo mạch chủ,GIGABYTE,1,11490000,13000000,11490000,5,"Lắp đặt dễ dàng, chạy êm ái và mát mẻ. Shop hỗ trợ nhiệt tình."
ORI-001936,ORD-250912-1449,MB-003,GIGABYTE-X670E-AORUS-MASTER,"Mainboard GIGABYTE X670E AORUS Master (AM5, DDR5, ATX)",Mainboard - Bo mạch chủ,GIGABYTE,1,11490000,13000000,11490000,5,"Thiết kế đẹp mắt, hiệu năng vượt trội so với tầm giá. Rất hài lòng!"
ORI-001937,ORD-250623-1450,COOL-002,THERMALRIGHT-PHANTOM-SPIRIT-120,Tản nhiệt khí Thermalright Phantom Spirit 120 SE ARGB,Tản nhiệt - Cooling,Thermalright,1,990000,1200000,990000,5,"Thiết kế đẹp mắt, hiệu năng vượt trội so với tầm giá. Rất hài lòng!"
ORI-001938,ORD-250623-1450,HDD-002,WD-RED-PLUS-8TB,"Ổ cứng HDD WD Red Plus 8TB 3.5"" SATA NAS",HDD - Ổ cứng cơ,Western Digital,1,4490000,5200000,4490000,5,"Rất đáng tiền, chạy mượt mà, chính hãng 100%."
ORI-001939,ORD-251101-1451,RAM-004,CORSAIR-DDR5-64GB-6400,RAM Corsair Vengeance DDR5 64GB (2x32GB) 6400MHz CL32,RAM - Bộ nhớ trong,Corsair,1,6490000,7500000,6490000,5,"Hàng chuẩn GearVN, nguyên seal mới cứng, bảo hành đầy đủ. Vote 5 sao!"
ORI-001940,ORD-260226-1452,FAN-002,NOCTUA-NF-A12X25-PWM,Fan Case Noctua NF-A12x25 PWM 120mm (Hiệu suất cao),Fan - Quạt tản nhiệt,Noctua,1,990000,1200000,990000,5,"Hàng chuẩn GearVN, nguyên seal mới cứng, bảo hành đầy đủ. Vote 5 sao!"
ORI-001941,ORD-251210-1453,CPU-002,INTEL-I7-14700K,"CPU Intel Core i7-14700K (3.4GHz Turbo 5.6GHz, 20 nhân 28 luồng)",CPU - Bộ vi xử lý,Intel,1,8490000,9500000,8490000,5,"Sản phẩm cực kỳ chất lượng, đóng gói cẩn thận, giao hàng nhanh."
ORI-001942,ORD-260118-1454,HEADSET-001,CORSAIR-VIRTUOSO-RGB-XT,Tai nghe gaming Corsair Virtuoso RGB Wireless XT,Tai nghe - Headset,Corsair,1,4290000,5000000,4290000,5,"Sản phẩm cực kỳ chất lượng, đóng gói cẩn thận, giao hàng nhanh."
ORI-001943,ORD-250922-1455,MB-002,MSI-MAG-Z790-TOMAHAWK,"Mainboard MSI MAG Z790 Tomahawk WiFi (LGA 1700, DDR5, ATX)",Mainboard - Bo mạch chủ,MSI,1,6990000,7800000,6990000,5,"Hàng chuẩn GearVN, nguyên seal mới cứng, bảo hành đầy đủ. Vote 5 sao!"
ORI-001944,ORD-251119-1456,CPU-001,INTEL-I9-14900K,"CPU Intel Core i9-14900K (3.2GHz Turbo 6.0GHz, 24 nhân 32 luồng)",CPU - Bộ vi xử lý,Intel,1,12990000,14500000,12990000,5,"Thiết kế đẹp mắt, hiệu năng vượt trội so với tầm giá. Rất hài lòng!"
ORI-001945,ORD-250930-1457,COOL-003,DEEPCOOL-AK620-DIGITAL,"Tản nhiệt khí DeepCool AK620 Digital (Dual Tower, 2x120mm)",Tản nhiệt - Cooling,Deepcool,1,1490000,1800000,1490000,5,"Rất đáng tiền, chạy mượt mà, chính hãng 100%."
ORI-001946,ORD-251202-1458,GPU-003,GIGABYTE-RTX4070-SUPER-12G,VGA GIGABYTE GeForce RTX 4070 Super Gaming OC 12GB,VGA - Card màn hình,GIGABYTE,1,16490000,18500000,16490000,5,"Lắp đặt dễ dàng, chạy êm ái và mát mẻ. Shop hỗ trợ nhiệt tình."
ORI-001947,ORD-260116-1459,MOUSE-001,LOGITECH-G-PRO-X-SUPERLIGHT2,"Chuột gaming Logitech G Pro X Superlight 2 (Không dây, 32000 DPI)",Chuột - Mouse,Logitech,1,3390000,3800000,3390000,,
ORI-001948,ORD-260116-1459,GPU-003,GIGABYTE-RTX4070-SUPER-12G,VGA GIGABYTE GeForce RTX 4070 Super Gaming OC 12GB,VGA - Card màn hình,GIGABYTE,1,16490000,18500000,16490000,,
ORI-001949,ORD-250802-1460,SSD-003,KINGSTON-KC3000-1TB,SSD Kingston KC3000 1TB NVMe M.2 PCIe Gen4,SSD - Ổ cứng thể rắn,Kingston,1,1890000,2200000,1890000,5,"Lắp đặt dễ dàng, chạy êm ái và mát mẻ. Shop hỗ trợ nhiệt tình."
ORI-001950,ORD-251214-1461,SSD-001,SAMSUNG-980-PRO-2TB,SSD Samsung 980 Pro 2TB NVMe M.2 PCIe Gen4,SSD - Ổ cứng thể rắn,Samsung,1,3490000,3900000,3490000,4,"Chất lượng ổn áp, chạy ngon lành, đóng gói kỹ càng."
ORI-001951,ORD-251106-1462,CASE-001,LIANLI-PC-O11D-EVO,"Vỏ Case Lian Li PC-O11 Dynamic Evo (Mid Tower, ATX)",Case - Vỏ máy tính,Lian Li,1,3490000,3900000,3490000,5,"Sản phẩm cực kỳ chất lượng, đóng gói cẩn thận, giao hàng nhanh."
ORI-001952,ORD-260115-1463,FAN-001,LIANLI-UNI-FAN-AL120-3PACK,"Fan Case Lian Li UNI FAN AL120 RGB (3-Pack, Daisy-chain)",Fan - Quạt tản nhiệt,Lian Li,1,1490000,1800000,1490000,5,"Lắp đặt dễ dàng, chạy êm ái và mát mẻ. Shop hỗ trợ nhiệt tình."
ORI-001953,ORD-260107-1464,RAM-002,GSKILL-DDR5-32GB-6000,RAM G.Skill Trident Z5 RGB DDR5 32GB (2x16GB) 6000MHz CL30,RAM - Bộ nhớ trong,G.Skill,1,3690000,4200000,3690000,4,"Chất lượng ổn áp, chạy ngon lành, đóng gói kỹ càng."
ORI-001954,ORD-260226-1465,CASE-002,JONSBO-D41-MESH,"Vỏ Case Jonsbo D41 Mesh Screen (Mid Tower, ATX, Màn hình LCD)",Case - Vỏ máy tính,Jonsbo,1,2290000,2600000,2290000,4,"Sản phẩm tốt, nhân viên tư vấn nhiệt tình, sẽ tiếp tục ủng hộ."
ORI-001955,ORD-260518-1466,RAM-004,CORSAIR-DDR5-64GB-6400,RAM Corsair Vengeance DDR5 64GB (2x32GB) 6400MHz CL32,RAM - Bộ nhớ trong,Corsair,1,6490000,7500000,6490000,5,"Lắp đặt dễ dàng, chạy êm ái và mát mẻ. Shop hỗ trợ nhiệt tình."
ORI-001956,ORD-250825-1467,GPU-001,ASUS-ROG-RTX4090-24G,VGA ASUS ROG Strix GeForce RTX 4090 24GB GDDR6X OC,VGA - Card màn hình,ASUS,1,52990000,58000000,52990000,2,"Giao sai phiên bản màu sắc, đang chờ shop đổi trả."
ORI-001957,ORD-250825-1467,MB-003,GIGABYTE-X670E-AORUS-MASTER,"Mainboard GIGABYTE X670E AORUS Master (AM5, DDR5, ATX)",Mainboard - Bo mạch chủ,GIGABYTE,1,11490000,13000000,11490000,4,"Sản phẩm tốt, nhân viên tư vấn nhiệt tình, sẽ tiếp tục ủng hộ."
ORI-001958,ORD-250625-1468,PSU-002,SEASONIC-FOCUS-GX-850,Nguồn Seasonic Focus GX 850W 80 Plus Gold Full Modular,PSU - Nguồn máy tính,Seasonic,1,3290000,3800000,3290000,4,"Hiệu năng tốt trong tầm giá, dùng mượt mà không lỗi lầm gì."
ORI-001959,ORD-250625-1468,MB-003,GIGABYTE-X670E-AORUS-MASTER,"Mainboard GIGABYTE X670E AORUS Master (AM5, DDR5, ATX)",Mainboard - Bo mạch chủ,GIGABYTE,1,11490000,13000000,11490000,4,"Hiệu năng tốt trong tầm giá, dùng mượt mà không lỗi lầm gì."
ORI-001960,ORD-250929-1469,CPU-006,INTEL-I3-14100F,"CPU Intel Core i3-14100F (3.5GHz Turbo 4.7GHz, 4 nhân 8 luồng)",CPU - Bộ vi xử lý,Intel,1,2490000,2800000,2490000,5,"Thiết kế đẹp mắt, hiệu năng vượt trội so với tầm giá. Rất hài lòng!"
ORI-001961,ORD-250929-1469,CASE-002,JONSBO-D41-MESH,"Vỏ Case Jonsbo D41 Mesh Screen (Mid Tower, ATX, Màn hình LCD)",Case - Vỏ máy tính,Jonsbo,1,2290000,2600000,2290000,4,"Hiệu năng tốt trong tầm giá, dùng mượt mà không lỗi lầm gì."
ORI-001962,ORD-250915-1470,MB-001,ASUS-ROG-MAXIMUS-Z790,"Mainboard ASUS ROG Maximus Z790 Hero (LGA 1700, DDR5, ATX)",Mainboard - Bo mạch chủ,ASUS,1,15990000,18000000,15990000,5,"Thiết kế đẹp mắt, hiệu năng vượt trội so với tầm giá. Rất hài lòng!"
ORI-001963,ORD-251219-1471,GPU-004,ASUS-RX7900XTX-24G,VGA ASUS TUF Gaming Radeon RX 7900 XTX OC 24GB,VGA - Card màn hình,ASUS,1,22990000,25000000,22990000,5,"Lắp đặt dễ dàng, chạy êm ái và mát mẻ. Shop hỗ trợ nhiệt tình."
ORI-001964,ORD-251015-1472,GPU-003,GIGABYTE-RTX4070-SUPER-12G,VGA GIGABYTE GeForce RTX 4070 Super Gaming OC 12GB,VGA - Card màn hình,GIGABYTE,1,16490000,18500000,16490000,3,"Dùng tạm ổn, nhưng vỏ hộp hơi móp méo khi vận chuyển."
ORI-001965,ORD-251115-1473,GPU-002,MSI-RTX4080-SUPER-16G,VGA MSI GeForce RTX 4080 Super 16GB Gaming X Slim,VGA - Card màn hình,MSI,1,26990000,30000000,26990000,5,"Sản phẩm cực kỳ chất lượng, đóng gói cẩn thận, giao hàng nhanh."
ORI-001966,ORD-250708-1474,MONITOR-001,LG-27GP850P-27-QHD-165HZ,"Màn hình LG UltraGear 27GP850P-B 27"" QHD IPS 165Hz 1ms",Màn hình - Monitor,LG,1,8990000,10500000,8990000,5,"Rất đáng tiền, chạy mượt mà, chính hãng 100%."
ORI-001967,ORD-251119-1475,MONITOR-001,LG-27GP850P-27-QHD-165HZ,"Màn hình LG UltraGear 27GP850P-B 27"" QHD IPS 165Hz 1ms",Màn hình - Monitor,LG,1,8990000,10500000,8990000,5,"Rất đáng tiền, chạy mượt mà, chính hãng 100%."
ORI-001968,ORD-260222-1476,CPU-004,AMD-R9-7950X,"CPU AMD Ryzen 9 7950X (4.5GHz Turbo 5.7GHz, 16 nhân 32 luồng)",CPU - Bộ vi xử lý,AMD,1,13490000,15000000,13490000,3,"Dùng tạm ổn, nhưng vỏ hộp hơi móp méo khi vận chuyển."
ORI-001969,ORD-260222-1476,GPU-001,ASUS-ROG-RTX4090-24G,VGA ASUS ROG Strix GeForce RTX 4090 24GB GDDR6X OC,VGA - Card màn hình,ASUS,1,52990000,58000000,52990000,5,"Rất đáng tiền, chạy mượt mà, chính hãng 100%."
ORI-001970,ORD-250715-1477,MB-002,MSI-MAG-Z790-TOMAHAWK,"Mainboard MSI MAG Z790 Tomahawk WiFi (LGA 1700, DDR5, ATX)",Mainboard - Bo mạch chủ,MSI,1,6990000,7800000,6990000,4,"Sản phẩm dùng tốt, đúng mô tả, tuy nhiên giao hàng hơi trễ 1 ngày."
ORI-001971,ORD-260123-1478,CPU-004,AMD-R9-7950X,"CPU AMD Ryzen 9 7950X (4.5GHz Turbo 5.7GHz, 16 nhân 32 luồng)",CPU - Bộ vi xử lý,AMD,1,13490000,15000000,13490000,3,"Dùng tạm ổn, nhưng vỏ hộp hơi móp méo khi vận chuyển."
ORI-001972,ORD-260123-1478,GPU-003,GIGABYTE-RTX4070-SUPER-12G,VGA GIGABYTE GeForce RTX 4070 Super Gaming OC 12GB,VGA - Card màn hình,GIGABYTE,1,16490000,18500000,16490000,5,"Lắp đặt dễ dàng, chạy êm ái và mát mẻ. Shop hỗ trợ nhiệt tình."
ORI-001973,ORD-250625-1479,CHAIR-001,SECRETLAB-TITAN-EVO-2022,"Ghế gaming Secretlab Titan Evo 2022 (SoftWeave Plus, Medium)",Ghế gaming - Gaming Chair,Secretlab,1,12990000,14500000,12990000,5,"Lắp đặt dễ dàng, chạy êm ái và mát mẻ. Shop hỗ trợ nhiệt tình."
ORI-001974,ORD-250625-1479,SSD-001,SAMSUNG-980-PRO-2TB,SSD Samsung 980 Pro 2TB NVMe M.2 PCIe Gen4,SSD - Ổ cứng thể rắn,Samsung,1,3490000,3900000,3490000,5,"Thiết kế đẹp mắt, hiệu năng vượt trội so với tầm giá. Rất hài lòng!"
ORI-001975,ORD-251006-1480,MONITOR-002,SAMSUNG-ODYSSEY-G7-32-4K,"Màn hình Samsung Odyssey G7 32"" 4K UHD 144Hz IPS",Màn hình - Monitor,Samsung,1,12990000,15000000,12990000,5,"Thiết kế đẹp mắt, hiệu năng vượt trội so với tầm giá. Rất hài lòng!"
ORI-001976,ORD-251006-1480,KB-002,RAZER-BLACKWIDOW-V4-75,Bàn phím cơ Razer BlackWidow V4 75% (Razer Yellow Switch),Bàn phím - Keyboard,Razer,1,3290000,3800000,3290000,5,"Thiết kế đẹp mắt, hiệu năng vượt trội so với tầm giá. Rất hài lòng!"
ORI-001977,ORD-260114-1481,SSD-004,CRUCIAL-P5-PLUS-500GB,SSD Crucial P5 Plus 500GB NVMe M.2 PCIe Gen4,SSD - Ổ cứng thể rắn,Crucial,1,990000,1200000,990000,5,"Lắp đặt dễ dàng, chạy êm ái và mát mẻ. Shop hỗ trợ nhiệt tình."
ORI-001978,ORD-251202-1482,MB-002,MSI-MAG-Z790-TOMAHAWK,"Mainboard MSI MAG Z790 Tomahawk WiFi (LGA 1700, DDR5, ATX)",Mainboard - Bo mạch chủ,MSI,1,6990000,7800000,6990000,5,"Lắp đặt dễ dàng, chạy êm ái và mát mẻ. Shop hỗ trợ nhiệt tình."
ORI-001979,ORD-251202-1482,MONITOR-002,SAMSUNG-ODYSSEY-G7-32-4K,"Màn hình Samsung Odyssey G7 32"" 4K UHD 144Hz IPS",Màn hình - Monitor,Samsung,1,12990000,15000000,12990000,1,"Giao hàng quá chậm (mất 7 ngày), hàng móp méo hư hại nghiêm trọng."
ORI-001980,ORD-251209-1483,MONITOR-001,LG-27GP850P-27-QHD-165HZ,"Màn hình LG UltraGear 27GP850P-B 27"" QHD IPS 165Hz 1ms",Màn hình - Monitor,LG,1,8990000,10500000,8990000,5,"Hàng chuẩn GearVN, nguyên seal mới cứng, bảo hành đầy đủ. Vote 5 sao!"
ORI-001981,ORD-251209-1483,RAM-001,CORSAIR-DDR5-32GB-6000,RAM Corsair Dominator Titanium DDR5 32GB (2x16GB) 6000MHz,RAM - Bộ nhớ trong,Corsair,1,3990000,4500000,3990000,5,"Sản phẩm cực kỳ chất lượng, đóng gói cẩn thận, giao hàng nhanh."
ORI-001982,ORD-260314-1484,GPU-005,MSI-RTX4060-TI-8G-VENTUS,VGA MSI GeForce RTX 4060 Ti 8G Ventus 2X OC,VGA - Card màn hình,MSI,1,9490000,11000000,9490000,5,"Thiết kế đẹp mắt, hiệu năng vượt trội so với tầm giá. Rất hài lòng!"
ORI-001983,ORD-260119-1485,GPU-003,GIGABYTE-RTX4070-SUPER-12G,VGA GIGABYTE GeForce RTX 4070 Super Gaming OC 12GB,VGA - Card màn hình,GIGABYTE,1,16490000,18500000,16490000,2,"Hiệu năng không đúng như quảng cáo, hay bị sụt nguồn đột ngột."
ORI-001984,ORD-251227-1486,FAN-002,NOCTUA-NF-A12X25-PWM,Fan Case Noctua NF-A12x25 PWM 120mm (Hiệu suất cao),Fan - Quạt tản nhiệt,Noctua,1,990000,1200000,990000,5,"Sản phẩm cực kỳ chất lượng, đóng gói cẩn thận, giao hàng nhanh."
ORI-001985,ORD-260404-1487,GPU-002,MSI-RTX4080-SUPER-16G,VGA MSI GeForce RTX 4080 Super 16GB Gaming X Slim,VGA - Card màn hình,MSI,1,26990000,30000000,26990000,5,"Hàng chuẩn GearVN, nguyên seal mới cứng, bảo hành đầy đủ. Vote 5 sao!"
ORI-001986,ORD-260404-1487,MB-001,ASUS-ROG-MAXIMUS-Z790,"Mainboard ASUS ROG Maximus Z790 Hero (LGA 1700, DDR5, ATX)",Mainboard - Bo mạch chủ,ASUS,1,15990000,18000000,15990000,5,"Rất đáng tiền, chạy mượt mà, chính hãng 100%."
ORI-001987,ORD-260404-1488,CPU-006,INTEL-I3-14100F,"CPU Intel Core i3-14100F (3.5GHz Turbo 4.7GHz, 4 nhân 8 luồng)",CPU - Bộ vi xử lý,Intel,1,2490000,2800000,2490000,5,"Sản phẩm cực kỳ chất lượng, đóng gói cẩn thận, giao hàng nhanh."
ORI-001988,ORD-260204-1489,HDD-001,SEAGATE-BARRACUDA-4TB,"Ổ cứng HDD Seagate Barracuda 4TB 3.5"" SATA 5400RPM",HDD - Ổ cứng cơ,Seagate,1,2190000,2500000,2190000,3,Chất lượng sản phẩm ok nhưng tổng đài hỗ trợ kỹ thuật phản hồi hơi chậm.
ORI-001989,ORD-250921-1490,FAN-002,NOCTUA-NF-A12X25-PWM,Fan Case Noctua NF-A12x25 PWM 120mm (Hiệu suất cao),Fan - Quạt tản nhiệt,Noctua,1,990000,1200000,990000,5,"Thiết kế đẹp mắt, hiệu năng vượt trội so với tầm giá. Rất hài lòng!"
ORI-001990,ORD-251122-1491,GPU-003,GIGABYTE-RTX4070-SUPER-12G,VGA GIGABYTE GeForce RTX 4070 Super Gaming OC 12GB,VGA - Card màn hình,GIGABYTE,1,16490000,18500000,16490000,4,"Hiệu năng tốt trong tầm giá, dùng mượt mà không lỗi lầm gì."
ORI-001991,ORD-250625-1492,HDD-002,WD-RED-PLUS-8TB,"Ổ cứng HDD WD Red Plus 8TB 3.5"" SATA NAS",HDD - Ổ cứng cơ,Western Digital,1,4490000,5200000,4490000,5,"Sản phẩm cực kỳ chất lượng, đóng gói cẩn thận, giao hàng nhanh."
ORI-001992,ORD-250625-1492,PSU-003,COOLERMASTER-V750-GOLD,Nguồn Cooler Master MWE Gold 750W 80 Plus Gold Full Modular,PSU - Nguồn máy tính,Cooler Master,1,2490000,2900000,2490000,5,"Lắp đặt dễ dàng, chạy êm ái và mát mẻ. Shop hỗ trợ nhiệt tình."
ORI-001993,ORD-250923-1493,SSD-001,SAMSUNG-980-PRO-2TB,SSD Samsung 980 Pro 2TB NVMe M.2 PCIe Gen4,SSD - Ổ cứng thể rắn,Samsung,1,3490000,3900000,3490000,5,"Thiết kế đẹp mắt, hiệu năng vượt trội so với tầm giá. Rất hài lòng!"
ORI-001994,ORD-250923-1493,SSD-002,WD-BLACK-SN850X-1TB,SSD WD Black SN850X 1TB NVMe M.2 PCIe Gen4,SSD - Ổ cứng thể rắn,Western Digital,1,2190000,2500000,2190000,5,"Lắp đặt dễ dàng, chạy êm ái và mát mẻ. Shop hỗ trợ nhiệt tình."
ORI-001995,ORD-251207-1494,PSU-002,SEASONIC-FOCUS-GX-850,Nguồn Seasonic Focus GX 850W 80 Plus Gold Full Modular,PSU - Nguồn máy tính,Seasonic,1,3290000,3800000,3290000,5,"Sản phẩm cực kỳ chất lượng, đóng gói cẩn thận, giao hàng nhanh."
ORI-001996,ORD-251021-1495,MONITOR-001,LG-27GP850P-27-QHD-165HZ,"Màn hình LG UltraGear 27GP850P-B 27"" QHD IPS 165Hz 1ms",Màn hình - Monitor,LG,1,8990000,10500000,8990000,5,"Sản phẩm cực kỳ chất lượng, đóng gói cẩn thận, giao hàng nhanh."
ORI-001997,ORD-251021-1495,CHAIR-001,SECRETLAB-TITAN-EVO-2022,"Ghế gaming Secretlab Titan Evo 2022 (SoftWeave Plus, Medium)",Ghế gaming - Gaming Chair,Secretlab,1,12990000,14500000,12990000,5,"Thiết kế đẹp mắt, hiệu năng vượt trội so với tầm giá. Rất hài lòng!"
ORI-001998,ORD-260508-1496,CPU-001,INTEL-I9-14900K,"CPU Intel Core i9-14900K (3.2GHz Turbo 6.0GHz, 24 nhân 32 luồng)",CPU - Bộ vi xử lý,Intel,1,12990000,14500000,12990000,4,"Sản phẩm tốt, nhân viên tư vấn nhiệt tình, sẽ tiếp tục ủng hộ."
ORI-001999,ORD-260114-1497,CPU-005,AMD-R7-7700X,"CPU AMD Ryzen 7 7700X (4.5GHz Turbo 5.4GHz, 8 nhân 16 luồng)",CPU - Bộ vi xử lý,AMD,1,6890000,7500000,6890000,5,"Rất đáng tiền, chạy mượt mà, chính hãng 100%."
ORI-002000,ORD-260114-1497,GPU-005,MSI-RTX4060-TI-8G-VENTUS,VGA MSI GeForce RTX 4060 Ti 8G Ventus 2X OC,VGA - Card màn hình,MSI,1,9490000,11000000,9490000,3,Chất lượng sản phẩm ok nhưng tổng đài hỗ trợ kỹ thuật phản hồi hơi chậm.
ORI-002001,ORD-250805-1498,CPU-003,INTEL-I5-14600K,"CPU Intel Core i5-14600K (3.5GHz Turbo 5.3GHz, 14 nhân 20 luồng)",CPU - Bộ vi xử lý,Intel,1,5490000,6200000,5490000,5,"Hàng chuẩn GearVN, nguyên seal mới cứng, bảo hành đầy đủ. Vote 5 sao!"
ORI-002002,ORD-250805-1498,GPU-003,GIGABYTE-RTX4070-SUPER-12G,VGA GIGABYTE GeForce RTX 4070 Super Gaming OC 12GB,VGA - Card màn hình,GIGABYTE,1,16490000,18500000,16490000,4,"Sản phẩm tốt, nhân viên tư vấn nhiệt tình, sẽ tiếp tục ủng hộ."
ORI-002003,ORD-251120-1499,HDD-001,SEAGATE-BARRACUDA-4TB,"Ổ cứng HDD Seagate Barracuda 4TB 3.5"" SATA 5400RPM",HDD - Ổ cứng cơ,Seagate,1,2190000,2500000,2190000,5,"Lắp đặt dễ dàng, chạy êm ái và mát mẻ. Shop hỗ trợ nhiệt tình."
ORI-002004,ORD-251120-1499,FAN-001,LIANLI-UNI-FAN-AL120-3PACK,"Fan Case Lian Li UNI FAN AL120 RGB (3-Pack, Daisy-chain)",Fan - Quạt tản nhiệt,Lian Li,1,1490000,1800000,1490000,5,"Rất đáng tiền, chạy mượt mà, chính hãng 100%."
ORI-002005,ORD-251108-1500,CPU-003,INTEL-I5-14600K,"CPU Intel Core i5-14600K (3.5GHz Turbo 5.3GHz, 14 nhân 20 luồng)",CPU - Bộ vi xử lý,Intel,1,5490000,6200000,5490000,5,"Hàng chuẩn GearVN, nguyên seal mới cứng, bảo hành đầy đủ. Vote 5 sao!"
ORI-002006,ORD-260204-1501,GPU-003,GIGABYTE-RTX4070-SUPER-12G,VGA GIGABYTE GeForce RTX 4070 Super Gaming OC 12GB,VGA - Card màn hình,GIGABYTE,1,16490000,18500000,16490000,,
ORI-002007,ORD-260204-1501,MB-003,GIGABYTE-X670E-AORUS-MASTER,"Mainboard GIGABYTE X670E AORUS Master (AM5, DDR5, ATX)",Mainboard - Bo mạch chủ,GIGABYTE,1,11490000,13000000,11490000,,
ORI-002008,ORD-251129-1502,CPU-001,INTEL-I9-14900K,"CPU Intel Core i9-14900K (3.2GHz Turbo 6.0GHz, 24 nhân 32 luồng)",CPU - Bộ vi xử lý,Intel,1,12990000,14500000,12990000,5,"Lắp đặt dễ dàng, chạy êm ái và mát mẻ. Shop hỗ trợ nhiệt tình."
ORI-002009,ORD-260409-1503,GPU-001,ASUS-ROG-RTX4090-24G,VGA ASUS ROG Strix GeForce RTX 4090 24GB GDDR6X OC,VGA - Card màn hình,ASUS,1,52990000,58000000,52990000,5,"Hàng chuẩn GearVN, nguyên seal mới cứng, bảo hành đầy đủ. Vote 5 sao!"
ORI-002010,ORD-260409-1503,SSD-004,CRUCIAL-P5-PLUS-500GB,SSD Crucial P5 Plus 500GB NVMe M.2 PCIe Gen4,SSD - Ổ cứng thể rắn,Crucial,1,990000,1200000,990000,4,"Hiệu năng tốt trong tầm giá, dùng mượt mà không lỗi lầm gì."
ORI-002011,ORD-251113-1504,CPU-001,INTEL-I9-14900K,"CPU Intel Core i9-14900K (3.2GHz Turbo 6.0GHz, 24 nhân 32 luồng)",CPU - Bộ vi xử lý,Intel,1,12990000,14500000,12990000,5,"Sản phẩm cực kỳ chất lượng, đóng gói cẩn thận, giao hàng nhanh."
ORI-002012,ORD-251113-1504,PSU-002,SEASONIC-FOCUS-GX-850,Nguồn Seasonic Focus GX 850W 80 Plus Gold Full Modular,PSU - Nguồn máy tính,Seasonic,1,3290000,3800000,3290000,3,Chất lượng sản phẩm ok nhưng tổng đài hỗ trợ kỹ thuật phản hồi hơi chậm.
ORI-002013,ORD-251128-1505,GPU-002,MSI-RTX4080-SUPER-16G,VGA MSI GeForce RTX 4080 Super 16GB Gaming X Slim,VGA - Card màn hình,MSI,1,26990000,30000000,26990000,5,"Hàng chuẩn GearVN, nguyên seal mới cứng, bảo hành đầy đủ. Vote 5 sao!"
ORI-002014,ORD-251128-1505,SSD-002,WD-BLACK-SN850X-1TB,SSD WD Black SN850X 1TB NVMe M.2 PCIe Gen4,SSD - Ổ cứng thể rắn,Western Digital,1,2190000,2500000,2190000,5,"Hàng chuẩn GearVN, nguyên seal mới cứng, bảo hành đầy đủ. Vote 5 sao!"
ORI-002015,ORD-251110-1506,MONITOR-001,LG-27GP850P-27-QHD-165HZ,"Màn hình LG UltraGear 27GP850P-B 27"" QHD IPS 165Hz 1ms",Màn hình - Monitor,LG,1,8990000,10500000,8990000,4,"Chất lượng ổn áp, chạy ngon lành, đóng gói kỹ càng."
ORI-002016,ORD-251110-1506,SSD-001,SAMSUNG-980-PRO-2TB,SSD Samsung 980 Pro 2TB NVMe M.2 PCIe Gen4,SSD - Ổ cứng thể rắn,Samsung,1,3490000,3900000,3490000,4,"Thiết kế đẹp, chạy mát, dịch vụ chăm sóc khách hàng khá tốt."
ORI-002017,ORD-250922-1507,CHAIR-001,SECRETLAB-TITAN-EVO-2022,"Ghế gaming Secretlab Titan Evo 2022 (SoftWeave Plus, Medium)",Ghế gaming - Gaming Chair,Secretlab,1,12990000,14500000,12990000,5,"Lắp đặt dễ dàng, chạy êm ái và mát mẻ. Shop hỗ trợ nhiệt tình."
ORI-002018,ORD-251122-1508,MONITOR-002,SAMSUNG-ODYSSEY-G7-32-4K,"Màn hình Samsung Odyssey G7 32"" 4K UHD 144Hz IPS",Màn hình - Monitor,Samsung,1,12990000,15000000,12990000,5,"Hàng chuẩn GearVN, nguyên seal mới cứng, bảo hành đầy đủ. Vote 5 sao!"
ORI-002019,ORD-260514-1509,GPU-005,MSI-RTX4060-TI-8G-VENTUS,VGA MSI GeForce RTX 4060 Ti 8G Ventus 2X OC,VGA - Card màn hình,MSI,1,9490000,11000000,9490000,5,"Thiết kế đẹp mắt, hiệu năng vượt trội so với tầm giá. Rất hài lòng!"
ORI-002020,ORD-260514-1509,CPU-005,AMD-R7-7700X,"CPU AMD Ryzen 7 7700X (4.5GHz Turbo 5.4GHz, 8 nhân 16 luồng)",CPU - Bộ vi xử lý,AMD,1,6890000,7500000,6890000,5,"Lắp đặt dễ dàng, chạy êm ái và mát mẻ. Shop hỗ trợ nhiệt tình."
ORI-002021,ORD-260414-1510,MB-003,GIGABYTE-X670E-AORUS-MASTER,"Mainboard GIGABYTE X670E AORUS Master (AM5, DDR5, ATX)",Mainboard - Bo mạch chủ,GIGABYTE,1,11490000,13000000,11490000,5,"Thiết kế đẹp mắt, hiệu năng vượt trội so với tầm giá. Rất hài lòng!"
ORI-002022,ORD-260113-1511,CPU-005,AMD-R7-7700X,"CPU AMD Ryzen 7 7700X (4.5GHz Turbo 5.4GHz, 8 nhân 16 luồng)",CPU - Bộ vi xử lý,AMD,1,6890000,7500000,6890000,5,"Lắp đặt dễ dàng, chạy êm ái và mát mẻ. Shop hỗ trợ nhiệt tình."
ORI-002023,ORD-251205-1512,PSU-002,SEASONIC-FOCUS-GX-850,Nguồn Seasonic Focus GX 850W 80 Plus Gold Full Modular,PSU - Nguồn máy tính,Seasonic,1,3290000,3800000,3290000,5,"Sản phẩm cực kỳ chất lượng, đóng gói cẩn thận, giao hàng nhanh."
ORI-002024,ORD-250830-1513,CPU-003,INTEL-I5-14600K,"CPU Intel Core i5-14600K (3.5GHz Turbo 5.3GHz, 14 nhân 20 luồng)",CPU - Bộ vi xử lý,Intel,1,5490000,6200000,5490000,5,"Rất đáng tiền, chạy mượt mà, chính hãng 100%."
ORI-002025,ORD-250830-1513,CPU-006,INTEL-I3-14100F,"CPU Intel Core i3-14100F (3.5GHz Turbo 4.7GHz, 4 nhân 8 luồng)",CPU - Bộ vi xử lý,Intel,1,2490000,2800000,2490000,5,"Sản phẩm cực kỳ chất lượng, đóng gói cẩn thận, giao hàng nhanh."
ORI-002026,ORD-250902-1514,HDD-001,SEAGATE-BARRACUDA-4TB,"Ổ cứng HDD Seagate Barracuda 4TB 3.5"" SATA 5400RPM",HDD - Ổ cứng cơ,Seagate,1,2190000,2500000,2190000,5,"Rất đáng tiền, chạy mượt mà, chính hãng 100%."
ORI-002027,ORD-260420-1515,MOUSE-002,RAZER-DEATHADDER-V3-HTE,Chuột gaming Razer DeathAdder V3 HyperSpeed (Không dây),Chuột - Mouse,Razer,1,1890000,2200000,1890000,5,"Lắp đặt dễ dàng, chạy êm ái và mát mẻ. Shop hỗ trợ nhiệt tình."
ORI-002028,ORD-260420-1515,HDD-002,WD-RED-PLUS-8TB,"Ổ cứng HDD WD Red Plus 8TB 3.5"" SATA NAS",HDD - Ổ cứng cơ,Western Digital,1,4490000,5200000,4490000,5,"Hàng chuẩn GearVN, nguyên seal mới cứng, bảo hành đầy đủ. Vote 5 sao!"
ORI-002029,ORD-251116-1516,GPU-005,MSI-RTX4060-TI-8G-VENTUS,VGA MSI GeForce RTX 4060 Ti 8G Ventus 2X OC,VGA - Card màn hình,MSI,1,9490000,11000000,9490000,4,"Chất lượng ổn áp, chạy ngon lành, đóng gói kỹ càng."
ORI-002030,ORD-251116-1516,HDD-001,SEAGATE-BARRACUDA-4TB,"Ổ cứng HDD Seagate Barracuda 4TB 3.5"" SATA 5400RPM",HDD - Ổ cứng cơ,Seagate,1,2190000,2500000,2190000,1,"Hàng cũ đóng lại seal, chạy lỗi liên tục, bảo hành rất phiền phức. Không nên mua."
ORI-002031,ORD-260524-1517,KB-002,RAZER-BLACKWIDOW-V4-75,Bàn phím cơ Razer BlackWidow V4 75% (Razer Yellow Switch),Bàn phím - Keyboard,Razer,1,3290000,3800000,3290000,5,"Lắp đặt dễ dàng, chạy êm ái và mát mẻ. Shop hỗ trợ nhiệt tình."
ORI-002032,ORD-251203-1518,MOUSE-001,LOGITECH-G-PRO-X-SUPERLIGHT2,"Chuột gaming Logitech G Pro X Superlight 2 (Không dây, 32000 DPI)",Chuột - Mouse,Logitech,1,3390000,3800000,3390000,4,"Sản phẩm dùng tốt, đúng mô tả, tuy nhiên giao hàng hơi trễ 1 ngày."
ORI-002033,ORD-251203-1518,MB-001,ASUS-ROG-MAXIMUS-Z790,"Mainboard ASUS ROG Maximus Z790 Hero (LGA 1700, DDR5, ATX)",Mainboard - Bo mạch chủ,ASUS,1,15990000,18000000,15990000,4,"Chất lượng ổn áp, chạy ngon lành, đóng gói kỹ càng."
ORI-002034,ORD-260216-1519,FAN-002,NOCTUA-NF-A12X25-PWM,Fan Case Noctua NF-A12x25 PWM 120mm (Hiệu suất cao),Fan - Quạt tản nhiệt,Noctua,1,990000,1200000,990000,5,"Thiết kế đẹp mắt, hiệu năng vượt trội so với tầm giá. Rất hài lòng!"
ORI-002035,ORD-251210-1520,CPU-006,INTEL-I3-14100F,"CPU Intel Core i3-14100F (3.5GHz Turbo 4.7GHz, 4 nhân 8 luồng)",CPU - Bộ vi xử lý,Intel,1,2490000,2800000,2490000,5,"Hàng chuẩn GearVN, nguyên seal mới cứng, bảo hành đầy đủ. Vote 5 sao!"
ORI-002036,ORD-251028-1521,CPU-001,INTEL-I9-14900K,"CPU Intel Core i9-14900K (3.2GHz Turbo 6.0GHz, 24 nhân 32 luồng)",CPU - Bộ vi xử lý,Intel,1,12990000,14500000,12990000,5,"Rất đáng tiền, chạy mượt mà, chính hãng 100%."
ORI-002037,ORD-251028-1521,MONITOR-001,LG-27GP850P-27-QHD-165HZ,"Màn hình LG UltraGear 27GP850P-B 27"" QHD IPS 165Hz 1ms",Màn hình - Monitor,LG,1,8990000,10500000,8990000,5,"Hàng chuẩn GearVN, nguyên seal mới cứng, bảo hành đầy đủ. Vote 5 sao!"
ORI-002038,ORD-250920-1522,MOUSE-002,RAZER-DEATHADDER-V3-HTE,Chuột gaming Razer DeathAdder V3 HyperSpeed (Không dây),Chuột - Mouse,Razer,1,1890000,2200000,1890000,5,"Rất đáng tiền, chạy mượt mà, chính hãng 100%."
ORI-002039,ORD-251014-1523,CASE-002,JONSBO-D41-MESH,"Vỏ Case Jonsbo D41 Mesh Screen (Mid Tower, ATX, Màn hình LCD)",Case - Vỏ máy tính,Jonsbo,1,2290000,2600000,2290000,4,"Sản phẩm dùng tốt, đúng mô tả, tuy nhiên giao hàng hơi trễ 1 ngày."
ORI-002040,ORD-251014-1523,GPU-005,MSI-RTX4060-TI-8G-VENTUS,VGA MSI GeForce RTX 4060 Ti 8G Ventus 2X OC,VGA - Card màn hình,MSI,1,9490000,11000000,9490000,5,"Lắp đặt dễ dàng, chạy êm ái và mát mẻ. Shop hỗ trợ nhiệt tình."
ORI-002041,ORD-250919-1524,CPU-006,INTEL-I3-14100F,"CPU Intel Core i3-14100F (3.5GHz Turbo 4.7GHz, 4 nhân 8 luồng)",CPU - Bộ vi xử lý,Intel,1,2490000,2800000,2490000,5,"Rất đáng tiền, chạy mượt mà, chính hãng 100%."
ORI-002042,ORD-260205-1525,HDD-001,SEAGATE-BARRACUDA-4TB,"Ổ cứng HDD Seagate Barracuda 4TB 3.5"" SATA 5400RPM",HDD - Ổ cứng cơ,Seagate,1,2190000,2500000,2190000,4,"Chất lượng ổn áp, chạy ngon lành, đóng gói kỹ càng."
ORI-002043,ORD-260603-1526,CASE-002,JONSBO-D41-MESH,"Vỏ Case Jonsbo D41 Mesh Screen (Mid Tower, ATX, Màn hình LCD)",Case - Vỏ máy tính,Jonsbo,1,2290000,2600000,2290000,5,"Sản phẩm cực kỳ chất lượng, đóng gói cẩn thận, giao hàng nhanh."
ORI-002044,ORD-251127-1527,HDD-002,WD-RED-PLUS-8TB,"Ổ cứng HDD WD Red Plus 8TB 3.5"" SATA NAS",HDD - Ổ cứng cơ,Western Digital,1,4490000,5200000,4490000,5,"Rất đáng tiền, chạy mượt mà, chính hãng 100%."
ORI-002045,ORD-251127-1527,MOUSE-002,RAZER-DEATHADDER-V3-HTE,Chuột gaming Razer DeathAdder V3 HyperSpeed (Không dây),Chuột - Mouse,Razer,1,1890000,2200000,1890000,3,"Sản phẩm bình thường, không quá nổi bật, dịch vụ giao hàng ở mức trung bình."
ORI-002046,ORD-251121-1528,HDD-002,WD-RED-PLUS-8TB,"Ổ cứng HDD WD Red Plus 8TB 3.5"" SATA NAS",HDD - Ổ cứng cơ,Western Digital,1,4490000,5200000,4490000,5,"Sản phẩm cực kỳ chất lượng, đóng gói cẩn thận, giao hàng nhanh."
ORI-002047,ORD-251113-1529,HEADSET-001,CORSAIR-VIRTUOSO-RGB-XT,Tai nghe gaming Corsair Virtuoso RGB Wireless XT,Tai nghe - Headset,Corsair,1,4290000,5000000,4290000,5,"Hàng chuẩn GearVN, nguyên seal mới cứng, bảo hành đầy đủ. Vote 5 sao!"
ORI-002048,ORD-251113-1529,SSD-004,CRUCIAL-P5-PLUS-500GB,SSD Crucial P5 Plus 500GB NVMe M.2 PCIe Gen4,SSD - Ổ cứng thể rắn,Crucial,1,990000,1200000,990000,4,"Thiết kế đẹp, chạy mát, dịch vụ chăm sóc khách hàng khá tốt."
ORI-002049,ORD-260102-1530,SSD-002,WD-BLACK-SN850X-1TB,SSD WD Black SN850X 1TB NVMe M.2 PCIe Gen4,SSD - Ổ cứng thể rắn,Western Digital,1,2190000,2500000,2190000,4,"Sản phẩm tốt, nhân viên tư vấn nhiệt tình, sẽ tiếp tục ủng hộ."
ORI-002050,ORD-260102-1530,RAM-004,CORSAIR-DDR5-64GB-6400,RAM Corsair Vengeance DDR5 64GB (2x32GB) 6400MHz CL32,RAM - Bộ nhớ trong,Corsair,1,6490000,7500000,6490000,4,"Sản phẩm tốt, nhân viên tư vấn nhiệt tình, sẽ tiếp tục ủng hộ."
ORI-002051,ORD-260208-1531,RAM-004,CORSAIR-DDR5-64GB-6400,RAM Corsair Vengeance DDR5 64GB (2x32GB) 6400MHz CL32,RAM - Bộ nhớ trong,Corsair,1,6490000,7500000,6490000,5,"Hàng chuẩn GearVN, nguyên seal mới cứng, bảo hành đầy đủ. Vote 5 sao!"
ORI-002052,ORD-250823-1532,PSU-003,COOLERMASTER-V750-GOLD,Nguồn Cooler Master MWE Gold 750W 80 Plus Gold Full Modular,PSU - Nguồn máy tính,Cooler Master,1,2490000,2900000,2490000,5,"Sản phẩm cực kỳ chất lượng, đóng gói cẩn thận, giao hàng nhanh."
ORI-002053,ORD-250823-1532,COOL-002,THERMALRIGHT-PHANTOM-SPIRIT-120,Tản nhiệt khí Thermalright Phantom Spirit 120 SE ARGB,Tản nhiệt - Cooling,Thermalright,1,990000,1200000,990000,5,"Thiết kế đẹp mắt, hiệu năng vượt trội so với tầm giá. Rất hài lòng!"
ORI-002054,ORD-250722-1533,GPU-002,MSI-RTX4080-SUPER-16G,VGA MSI GeForce RTX 4080 Super 16GB Gaming X Slim,VGA - Card màn hình,MSI,1,26990000,30000000,26990000,5,"Sản phẩm cực kỳ chất lượng, đóng gói cẩn thận, giao hàng nhanh."
ORI-002055,ORD-251221-1534,MOUSE-002,RAZER-DEATHADDER-V3-HTE,Chuột gaming Razer DeathAdder V3 HyperSpeed (Không dây),Chuột - Mouse,Razer,1,1890000,2200000,1890000,5,"Thiết kế đẹp mắt, hiệu năng vượt trội so với tầm giá. Rất hài lòng!"
ORI-002056,ORD-251221-1534,GPU-003,GIGABYTE-RTX4070-SUPER-12G,VGA GIGABYTE GeForce RTX 4070 Super Gaming OC 12GB,VGA - Card màn hình,GIGABYTE,1,16490000,18500000,16490000,5,"Thiết kế đẹp mắt, hiệu năng vượt trội so với tầm giá. Rất hài lòng!"
ORI-002057,ORD-260309-1535,MONITOR-001,LG-27GP850P-27-QHD-165HZ,"Màn hình LG UltraGear 27GP850P-B 27"" QHD IPS 165Hz 1ms",Màn hình - Monitor,LG,1,8990000,10500000,8990000,5,"Rất đáng tiền, chạy mượt mà, chính hãng 100%."
ORI-002058,ORD-260309-1535,FAN-002,NOCTUA-NF-A12X25-PWM,Fan Case Noctua NF-A12x25 PWM 120mm (Hiệu suất cao),Fan - Quạt tản nhiệt,Noctua,1,990000,1200000,990000,3,"Dùng tạm ổn, nhưng vỏ hộp hơi móp méo khi vận chuyển."
ORI-002059,ORD-251224-1536,MOUSE-001,LOGITECH-G-PRO-X-SUPERLIGHT2,"Chuột gaming Logitech G Pro X Superlight 2 (Không dây, 32000 DPI)",Chuột - Mouse,Logitech,1,3390000,3800000,3390000,3,"Sản phẩm bình thường, không quá nổi bật, dịch vụ giao hàng ở mức trung bình."
ORI-002060,ORD-260102-1537,MB-001,ASUS-ROG-MAXIMUS-Z790,"Mainboard ASUS ROG Maximus Z790 Hero (LGA 1700, DDR5, ATX)",Mainboard - Bo mạch chủ,ASUS,1,15990000,18000000,15990000,3,"Sản phẩm bình thường, không quá nổi bật, dịch vụ giao hàng ở mức trung bình."
ORI-002061,ORD-260102-1537,HEADSET-001,CORSAIR-VIRTUOSO-RGB-XT,Tai nghe gaming Corsair Virtuoso RGB Wireless XT,Tai nghe - Headset,Corsair,1,4290000,5000000,4290000,5,"Sản phẩm cực kỳ chất lượng, đóng gói cẩn thận, giao hàng nhanh."
ORI-002062,ORD-251226-1538,FAN-002,NOCTUA-NF-A12X25-PWM,Fan Case Noctua NF-A12x25 PWM 120mm (Hiệu suất cao),Fan - Quạt tản nhiệt,Noctua,1,990000,1200000,990000,3,"Dùng tạm ổn, nhưng vỏ hộp hơi móp méo khi vận chuyển."
ORI-002063,ORD-251115-1539,FAN-001,LIANLI-UNI-FAN-AL120-3PACK,"Fan Case Lian Li UNI FAN AL120 RGB (3-Pack, Daisy-chain)",Fan - Quạt tản nhiệt,Lian Li,1,1490000,1800000,1490000,5,"Thiết kế đẹp mắt, hiệu năng vượt trội so với tầm giá. Rất hài lòng!"
ORI-002064,ORD-260104-1540,KB-001,CORSAIR-K100-RGB-OPX,Bàn phím cơ Corsair K100 RGB Optical-Mechanical (OPX Switch),Bàn phím - Keyboard,Corsair,1,5490000,6000000,5490000,3,"Hiệu năng đủ dùng cho tác vụ cơ bản, nhiệt độ hơi ấm khi tải nặng."
ORI-002065,ORD-260104-1540,PSU-001,CORSAIR-HX1000I-1000W,Nguồn Corsair HX1000i 1000W 80 Plus Platinum Full Modular,PSU - Nguồn máy tính,Corsair,1,4990000,5500000,4990000,4,"Sản phẩm tốt, nhân viên tư vấn nhiệt tình, sẽ tiếp tục ủng hộ."
ORI-002066,ORD-260304-1541,RAM-001,CORSAIR-DDR5-32GB-6000,RAM Corsair Dominator Titanium DDR5 32GB (2x16GB) 6000MHz,RAM - Bộ nhớ trong,Corsair,1,3990000,4500000,3990000,5,"Lắp đặt dễ dàng, chạy êm ái và mát mẻ. Shop hỗ trợ nhiệt tình."
ORI-002067,ORD-251211-1542,GPU-003,GIGABYTE-RTX4070-SUPER-12G,VGA GIGABYTE GeForce RTX 4070 Super Gaming OC 12GB,VGA - Card màn hình,GIGABYTE,1,16490000,18500000,16490000,5,"Sản phẩm cực kỳ chất lượng, đóng gói cẩn thận, giao hàng nhanh."
ORI-002068,ORD-251010-1543,CHAIR-001,SECRETLAB-TITAN-EVO-2022,"Ghế gaming Secretlab Titan Evo 2022 (SoftWeave Plus, Medium)",Ghế gaming - Gaming Chair,Secretlab,1,12990000,14500000,12990000,4,"Sản phẩm dùng tốt, đúng mô tả, tuy nhiên giao hàng hơi trễ 1 ngày."
ORI-002069,ORD-251113-1544,MB-003,GIGABYTE-X670E-AORUS-MASTER,"Mainboard GIGABYTE X670E AORUS Master (AM5, DDR5, ATX)",Mainboard - Bo mạch chủ,GIGABYTE,1,11490000,13000000,11490000,4,"Hiệu năng tốt trong tầm giá, dùng mượt mà không lỗi lầm gì."
ORI-002070,ORD-260205-1545,RAM-002,GSKILL-DDR5-32GB-6000,RAM G.Skill Trident Z5 RGB DDR5 32GB (2x16GB) 6000MHz CL30,RAM - Bộ nhớ trong,G.Skill,1,3690000,4200000,3690000,3,"Hiệu năng đủ dùng cho tác vụ cơ bản, nhiệt độ hơi ấm khi tải nặng."
ORI-002071,ORD-260205-1545,RAM-002,GSKILL-DDR5-32GB-6000,RAM G.Skill Trident Z5 RGB DDR5 32GB (2x16GB) 6000MHz CL30,RAM - Bộ nhớ trong,G.Skill,1,3690000,4200000,3690000,3,"Sản phẩm bình thường, không quá nổi bật, dịch vụ giao hàng ở mức trung bình."
ORI-002072,ORD-260522-1546,PSU-001,CORSAIR-HX1000I-1000W,Nguồn Corsair HX1000i 1000W 80 Plus Platinum Full Modular,PSU - Nguồn máy tính,Corsair,1,4990000,5500000,4990000,5,"Hàng chuẩn GearVN, nguyên seal mới cứng, bảo hành đầy đủ. Vote 5 sao!"
ORI-002073,ORD-260522-1546,COOL-001,CORSAIR-H150I-ELITE-360MM,Tản nhiệt nước AIO Corsair iCUE H150i Elite LCD 360mm,Tản nhiệt - Cooling,Corsair,1,4490000,5000000,4490000,2,"Giao sai phiên bản màu sắc, đang chờ shop đổi trả."
ORI-002074,ORD-260307-1547,KB-001,CORSAIR-K100-RGB-OPX,Bàn phím cơ Corsair K100 RGB Optical-Mechanical (OPX Switch),Bàn phím - Keyboard,Corsair,1,5490000,6000000,5490000,1,"Giao hàng quá chậm (mất 7 ngày), hàng móp méo hư hại nghiêm trọng."
ORI-002075,ORD-260504-1548,MB-001,ASUS-ROG-MAXIMUS-Z790,"Mainboard ASUS ROG Maximus Z790 Hero (LGA 1700, DDR5, ATX)",Mainboard - Bo mạch chủ,ASUS,1,15990000,18000000,15990000,5,"Hàng chuẩn GearVN, nguyên seal mới cứng, bảo hành đầy đủ. Vote 5 sao!"
ORI-002076,ORD-260504-1548,HDD-001,SEAGATE-BARRACUDA-4TB,"Ổ cứng HDD Seagate Barracuda 4TB 3.5"" SATA 5400RPM",HDD - Ổ cứng cơ,Seagate,1,2190000,2500000,2190000,5,"Rất đáng tiền, chạy mượt mà, chính hãng 100%."
ORI-002077,ORD-251201-1549,CPU-005,AMD-R7-7700X,"CPU AMD Ryzen 7 7700X (4.5GHz Turbo 5.4GHz, 8 nhân 16 luồng)",CPU - Bộ vi xử lý,AMD,1,6890000,7500000,6890000,5,"Sản phẩm cực kỳ chất lượng, đóng gói cẩn thận, giao hàng nhanh."
ORI-002078,ORD-260602-1550,MB-002,MSI-MAG-Z790-TOMAHAWK,"Mainboard MSI MAG Z790 Tomahawk WiFi (LGA 1700, DDR5, ATX)",Mainboard - Bo mạch chủ,MSI,1,6990000,7800000,6990000,5,"Hàng chuẩn GearVN, nguyên seal mới cứng, bảo hành đầy đủ. Vote 5 sao!"
ORI-002079,ORD-260218-1551,GPU-001,ASUS-ROG-RTX4090-24G,VGA ASUS ROG Strix GeForce RTX 4090 24GB GDDR6X OC,VGA - Card màn hình,ASUS,1,52990000,58000000,52990000,3,"Dùng tạm ổn, nhưng vỏ hộp hơi móp méo khi vận chuyển."
ORI-002080,ORD-250920-1552,MOUSE-001,LOGITECH-G-PRO-X-SUPERLIGHT2,"Chuột gaming Logitech G Pro X Superlight 2 (Không dây, 32000 DPI)",Chuột - Mouse,Logitech,1,3390000,3800000,3390000,5,"Thiết kế đẹp mắt, hiệu năng vượt trội so với tầm giá. Rất hài lòng!"
ORI-002081,ORD-250626-1553,HDD-001,SEAGATE-BARRACUDA-4TB,"Ổ cứng HDD Seagate Barracuda 4TB 3.5"" SATA 5400RPM",HDD - Ổ cứng cơ,Seagate,1,2190000,2500000,2190000,5,"Hàng chuẩn GearVN, nguyên seal mới cứng, bảo hành đầy đủ. Vote 5 sao!"
ORI-002082,ORD-251109-1554,MB-001,ASUS-ROG-MAXIMUS-Z790,"Mainboard ASUS ROG Maximus Z790 Hero (LGA 1700, DDR5, ATX)",Mainboard - Bo mạch chủ,ASUS,1,15990000,18000000,15990000,5,"Lắp đặt dễ dàng, chạy êm ái và mát mẻ. Shop hỗ trợ nhiệt tình."
ORI-002083,ORD-251109-1554,CHAIR-001,SECRETLAB-TITAN-EVO-2022,"Ghế gaming Secretlab Titan Evo 2022 (SoftWeave Plus, Medium)",Ghế gaming - Gaming Chair,Secretlab,1,12990000,14500000,12990000,5,"Sản phẩm cực kỳ chất lượng, đóng gói cẩn thận, giao hàng nhanh."
ORI-002084,ORD-260208-1555,SSD-001,SAMSUNG-980-PRO-2TB,SSD Samsung 980 Pro 2TB NVMe M.2 PCIe Gen4,SSD - Ổ cứng thể rắn,Samsung,1,3490000,3900000,3490000,5,"Hàng chuẩn GearVN, nguyên seal mới cứng, bảo hành đầy đủ. Vote 5 sao!"
ORI-002085,ORD-250803-1556,MONITOR-001,LG-27GP850P-27-QHD-165HZ,"Màn hình LG UltraGear 27GP850P-B 27"" QHD IPS 165Hz 1ms",Màn hình - Monitor,LG,1,8990000,10500000,8990000,1,"Giao hàng quá chậm (mất 7 ngày), hàng móp méo hư hại nghiêm trọng."
ORI-002086,ORD-250917-1557,COOL-003,DEEPCOOL-AK620-DIGITAL,"Tản nhiệt khí DeepCool AK620 Digital (Dual Tower, 2x120mm)",Tản nhiệt - Cooling,Deepcool,1,1490000,1800000,1490000,5,"Rất đáng tiền, chạy mượt mà, chính hãng 100%."
ORI-002087,ORD-250917-1557,SSD-004,CRUCIAL-P5-PLUS-500GB,SSD Crucial P5 Plus 500GB NVMe M.2 PCIe Gen4,SSD - Ổ cứng thể rắn,Crucial,1,990000,1200000,990000,3,"Sản phẩm bình thường, không quá nổi bật, dịch vụ giao hàng ở mức trung bình."
ORI-002088,ORD-260305-1558,MONITOR-001,LG-27GP850P-27-QHD-165HZ,"Màn hình LG UltraGear 27GP850P-B 27"" QHD IPS 165Hz 1ms",Màn hình - Monitor,LG,1,8990000,10500000,8990000,5,"Sản phẩm cực kỳ chất lượng, đóng gói cẩn thận, giao hàng nhanh."
ORI-002089,ORD-260305-1558,CPU-005,AMD-R7-7700X,"CPU AMD Ryzen 7 7700X (4.5GHz Turbo 5.4GHz, 8 nhân 16 luồng)",CPU - Bộ vi xử lý,AMD,1,6890000,7500000,6890000,3,"Hiệu năng đủ dùng cho tác vụ cơ bản, nhiệt độ hơi ấm khi tải nặng."
ORI-002090,ORD-250824-1559,COOL-003,DEEPCOOL-AK620-DIGITAL,"Tản nhiệt khí DeepCool AK620 Digital (Dual Tower, 2x120mm)",Tản nhiệt - Cooling,Deepcool,1,1490000,1800000,1490000,5,"Sản phẩm cực kỳ chất lượng, đóng gói cẩn thận, giao hàng nhanh."
ORI-002091,ORD-251221-1560,SSD-004,CRUCIAL-P5-PLUS-500GB,SSD Crucial P5 Plus 500GB NVMe M.2 PCIe Gen4,SSD - Ổ cứng thể rắn,Crucial,1,990000,1200000,990000,3,"Sản phẩm bình thường, không quá nổi bật, dịch vụ giao hàng ở mức trung bình."
ORI-002092,ORD-260601-1561,SSD-002,WD-BLACK-SN850X-1TB,SSD WD Black SN850X 1TB NVMe M.2 PCIe Gen4,SSD - Ổ cứng thể rắn,Western Digital,1,2190000,2500000,2190000,5,"Thiết kế đẹp mắt, hiệu năng vượt trội so với tầm giá. Rất hài lòng!"
ORI-002093,ORD-260601-1561,SSD-002,WD-BLACK-SN850X-1TB,SSD WD Black SN850X 1TB NVMe M.2 PCIe Gen4,SSD - Ổ cứng thể rắn,Western Digital,1,2190000,2500000,2190000,5,"Sản phẩm cực kỳ chất lượng, đóng gói cẩn thận, giao hàng nhanh."
ORI-002094,ORD-251213-1562,FAN-002,NOCTUA-NF-A12X25-PWM,Fan Case Noctua NF-A12x25 PWM 120mm (Hiệu suất cao),Fan - Quạt tản nhiệt,Noctua,1,990000,1200000,990000,5,"Rất đáng tiền, chạy mượt mà, chính hãng 100%."
ORI-002095,ORD-260108-1563,SSD-002,WD-BLACK-SN850X-1TB,SSD WD Black SN850X 1TB NVMe M.2 PCIe Gen4,SSD - Ổ cứng thể rắn,Western Digital,1,2190000,2500000,2190000,5,"Rất đáng tiền, chạy mượt mà, chính hãng 100%."
ORI-002096,ORD-260108-1563,GPU-002,MSI-RTX4080-SUPER-16G,VGA MSI GeForce RTX 4080 Super 16GB Gaming X Slim,VGA - Card màn hình,MSI,1,26990000,30000000,26990000,5,"Lắp đặt dễ dàng, chạy êm ái và mát mẻ. Shop hỗ trợ nhiệt tình."
ORI-002097,ORD-250821-1564,CHAIR-001,SECRETLAB-TITAN-EVO-2022,"Ghế gaming Secretlab Titan Evo 2022 (SoftWeave Plus, Medium)",Ghế gaming - Gaming Chair,Secretlab,1,12990000,14500000,12990000,5,"Thiết kế đẹp mắt, hiệu năng vượt trội so với tầm giá. Rất hài lòng!"
ORI-002098,ORD-250821-1564,MB-002,MSI-MAG-Z790-TOMAHAWK,"Mainboard MSI MAG Z790 Tomahawk WiFi (LGA 1700, DDR5, ATX)",Mainboard - Bo mạch chủ,MSI,1,6990000,7800000,6990000,5,"Hàng chuẩn GearVN, nguyên seal mới cứng, bảo hành đầy đủ. Vote 5 sao!"
ORI-002099,ORD-250922-1565,CPU-006,INTEL-I3-14100F,"CPU Intel Core i3-14100F (3.5GHz Turbo 4.7GHz, 4 nhân 8 luồng)",CPU - Bộ vi xử lý,Intel,1,2490000,2800000,2490000,5,"Rất đáng tiền, chạy mượt mà, chính hãng 100%."
ORI-002100,ORD-250808-1566,CASE-001,LIANLI-PC-O11D-EVO,"Vỏ Case Lian Li PC-O11 Dynamic Evo (Mid Tower, ATX)",Case - Vỏ máy tính,Lian Li,1,3490000,3900000,3490000,3,"Hiệu năng đủ dùng cho tác vụ cơ bản, nhiệt độ hơi ấm khi tải nặng."
ORI-002101,ORD-250808-1566,FAN-001,LIANLI-UNI-FAN-AL120-3PACK,"Fan Case Lian Li UNI FAN AL120 RGB (3-Pack, Daisy-chain)",Fan - Quạt tản nhiệt,Lian Li,1,1490000,1800000,1490000,5,"Sản phẩm cực kỳ chất lượng, đóng gói cẩn thận, giao hàng nhanh."
ORI-002102,ORD-260511-1567,MONITOR-002,SAMSUNG-ODYSSEY-G7-32-4K,"Màn hình Samsung Odyssey G7 32"" 4K UHD 144Hz IPS",Màn hình - Monitor,Samsung,1,12990000,15000000,12990000,5,"Lắp đặt dễ dàng, chạy êm ái và mát mẻ. Shop hỗ trợ nhiệt tình."
ORI-002103,ORD-260401-1568,MB-001,ASUS-ROG-MAXIMUS-Z790,"Mainboard ASUS ROG Maximus Z790 Hero (LGA 1700, DDR5, ATX)",Mainboard - Bo mạch chủ,ASUS,1,15990000,18000000,15990000,5,"Lắp đặt dễ dàng, chạy êm ái và mát mẻ. Shop hỗ trợ nhiệt tình."
ORI-002104,ORD-251120-1569,MOUSE-002,RAZER-DEATHADDER-V3-HTE,Chuột gaming Razer DeathAdder V3 HyperSpeed (Không dây),Chuột - Mouse,Razer,1,1890000,2200000,1890000,5,"Lắp đặt dễ dàng, chạy êm ái và mát mẻ. Shop hỗ trợ nhiệt tình."
ORI-002105,ORD-260110-1570,KB-002,RAZER-BLACKWIDOW-V4-75,Bàn phím cơ Razer BlackWidow V4 75% (Razer Yellow Switch),Bàn phím - Keyboard,Razer,1,3290000,3800000,3290000,2,"Sản phẩm có dấu hiệu trầy xước nhẹ, giao hàng chậm, đóng gói sơ sài."
ORI-002106,ORD-260320-1571,GPU-001,ASUS-ROG-RTX4090-24G,VGA ASUS ROG Strix GeForce RTX 4090 24GB GDDR6X OC,VGA - Card màn hình,ASUS,1,52990000,58000000,52990000,,
ORI-002107,ORD-260222-1572,FAN-002,NOCTUA-NF-A12X25-PWM,Fan Case Noctua NF-A12x25 PWM 120mm (Hiệu suất cao),Fan - Quạt tản nhiệt,Noctua,1,990000,1200000,990000,5,"Sản phẩm cực kỳ chất lượng, đóng gói cẩn thận, giao hàng nhanh."
ORI-002108,ORD-251105-1573,CPU-003,INTEL-I5-14600K,"CPU Intel Core i5-14600K (3.5GHz Turbo 5.3GHz, 14 nhân 20 luồng)",CPU - Bộ vi xử lý,Intel,1,5490000,6200000,5490000,4,"Thiết kế đẹp, chạy mát, dịch vụ chăm sóc khách hàng khá tốt."
ORI-002109,ORD-260115-1574,PSU-002,SEASONIC-FOCUS-GX-850,Nguồn Seasonic Focus GX 850W 80 Plus Gold Full Modular,PSU - Nguồn máy tính,Seasonic,1,3290000,3800000,3290000,5,"Lắp đặt dễ dàng, chạy êm ái và mát mẻ. Shop hỗ trợ nhiệt tình."
ORI-002110,ORD-260115-1574,HEADSET-001,CORSAIR-VIRTUOSO-RGB-XT,Tai nghe gaming Corsair Virtuoso RGB Wireless XT,Tai nghe - Headset,Corsair,1,4290000,5000000,4290000,4,"Chất lượng ổn áp, chạy ngon lành, đóng gói kỹ càng."
ORI-002111,ORD-251118-1575,PSU-002,SEASONIC-FOCUS-GX-850,Nguồn Seasonic Focus GX 850W 80 Plus Gold Full Modular,PSU - Nguồn máy tính,Seasonic,1,3290000,3800000,3290000,3,"Dùng tạm ổn, nhưng vỏ hộp hơi móp méo khi vận chuyển."
ORI-002112,ORD-260205-1576,MOUSE-002,RAZER-DEATHADDER-V3-HTE,Chuột gaming Razer DeathAdder V3 HyperSpeed (Không dây),Chuột - Mouse,Razer,1,1890000,2200000,1890000,4,"Thiết kế đẹp, chạy mát, dịch vụ chăm sóc khách hàng khá tốt."
ORI-002113,ORD-260225-1577,MB-001,ASUS-ROG-MAXIMUS-Z790,"Mainboard ASUS ROG Maximus Z790 Hero (LGA 1700, DDR5, ATX)",Mainboard - Bo mạch chủ,ASUS,1,15990000,18000000,15990000,5,"Lắp đặt dễ dàng, chạy êm ái và mát mẻ. Shop hỗ trợ nhiệt tình."
ORI-002114,ORD-251104-1578,MB-004,ASUS-TUF-B760M-PLUS-WIFI,"Mainboard ASUS TUF Gaming B760M-Plus WiFi (LGA 1700, DDR5, mATX)",Mainboard - Bo mạch chủ,ASUS,1,3990000,4500000,3990000,4,"Sản phẩm tốt, nhân viên tư vấn nhiệt tình, sẽ tiếp tục ủng hộ."
ORI-002115,ORD-251208-1579,CPU-006,INTEL-I3-14100F,"CPU Intel Core i3-14100F (3.5GHz Turbo 4.7GHz, 4 nhân 8 luồng)",CPU - Bộ vi xử lý,Intel,1,2490000,2800000,2490000,5,"Thiết kế đẹp mắt, hiệu năng vượt trội so với tầm giá. Rất hài lòng!"
ORI-002116,ORD-260117-1580,RAM-002,GSKILL-DDR5-32GB-6000,RAM G.Skill Trident Z5 RGB DDR5 32GB (2x16GB) 6000MHz CL30,RAM - Bộ nhớ trong,G.Skill,1,3690000,4200000,3690000,,
ORI-002117,ORD-251206-1581,CPU-001,INTEL-I9-14900K,"CPU Intel Core i9-14900K (3.2GHz Turbo 6.0GHz, 24 nhân 32 luồng)",CPU - Bộ vi xử lý,Intel,1,12990000,14500000,12990000,5,"Sản phẩm cực kỳ chất lượng, đóng gói cẩn thận, giao hàng nhanh."
ORI-002118,ORD-251206-1581,HDD-001,SEAGATE-BARRACUDA-4TB,"Ổ cứng HDD Seagate Barracuda 4TB 3.5"" SATA 5400RPM",HDD - Ổ cứng cơ,Seagate,1,2190000,2500000,2190000,5,"Rất đáng tiền, chạy mượt mà, chính hãng 100%."
ORI-002119,ORD-260517-1582,MB-003,GIGABYTE-X670E-AORUS-MASTER,"Mainboard GIGABYTE X670E AORUS Master (AM5, DDR5, ATX)",Mainboard - Bo mạch chủ,GIGABYTE,1,11490000,13000000,11490000,,
ORI-002120,ORD-260517-1582,CPU-002,INTEL-I7-14700K,"CPU Intel Core i7-14700K (3.4GHz Turbo 5.6GHz, 20 nhân 28 luồng)",CPU - Bộ vi xử lý,Intel,1,8490000,9500000,8490000,,
ORI-002121,ORD-250722-1583,SSD-004,CRUCIAL-P5-PLUS-500GB,SSD Crucial P5 Plus 500GB NVMe M.2 PCIe Gen4,SSD - Ổ cứng thể rắn,Crucial,1,990000,1200000,990000,5,"Rất đáng tiền, chạy mượt mà, chính hãng 100%."
ORI-002122,ORD-260607-1584,MOUSE-002,RAZER-DEATHADDER-V3-HTE,Chuột gaming Razer DeathAdder V3 HyperSpeed (Không dây),Chuột - Mouse,Razer,1,1890000,2200000,1890000,5,"Rất đáng tiền, chạy mượt mà, chính hãng 100%."
ORI-002123,ORD-251204-1585,SSD-004,CRUCIAL-P5-PLUS-500GB,SSD Crucial P5 Plus 500GB NVMe M.2 PCIe Gen4,SSD - Ổ cứng thể rắn,Crucial,1,990000,1200000,990000,2,"Hiệu năng không đúng như quảng cáo, hay bị sụt nguồn đột ngột."
ORI-002124,ORD-250729-1586,MB-003,GIGABYTE-X670E-AORUS-MASTER,"Mainboard GIGABYTE X670E AORUS Master (AM5, DDR5, ATX)",Mainboard - Bo mạch chủ,GIGABYTE,1,11490000,13000000,11490000,,
ORI-002125,ORD-260307-1587,COOL-003,DEEPCOOL-AK620-DIGITAL,"Tản nhiệt khí DeepCool AK620 Digital (Dual Tower, 2x120mm)",Tản nhiệt - Cooling,Deepcool,1,1490000,1800000,1490000,5,"Thiết kế đẹp mắt, hiệu năng vượt trội so với tầm giá. Rất hài lòng!"
ORI-002126,ORD-251114-1588,HDD-001,SEAGATE-BARRACUDA-4TB,"Ổ cứng HDD Seagate Barracuda 4TB 3.5"" SATA 5400RPM",HDD - Ổ cứng cơ,Seagate,1,2190000,2500000,2190000,5,"Lắp đặt dễ dàng, chạy êm ái và mát mẻ. Shop hỗ trợ nhiệt tình."
ORI-002127,ORD-260126-1589,COOL-003,DEEPCOOL-AK620-DIGITAL,"Tản nhiệt khí DeepCool AK620 Digital (Dual Tower, 2x120mm)",Tản nhiệt - Cooling,Deepcool,1,1490000,1800000,1490000,5,"Lắp đặt dễ dàng, chạy êm ái và mát mẻ. Shop hỗ trợ nhiệt tình."
ORI-002128,ORD-250827-1590,CPU-003,INTEL-I5-14600K,"CPU Intel Core i5-14600K (3.5GHz Turbo 5.3GHz, 14 nhân 20 luồng)",CPU - Bộ vi xử lý,Intel,1,5490000,6200000,5490000,5,"Rất đáng tiền, chạy mượt mà, chính hãng 100%."
ORI-002129,ORD-250827-1590,MB-001,ASUS-ROG-MAXIMUS-Z790,"Mainboard ASUS ROG Maximus Z790 Hero (LGA 1700, DDR5, ATX)",Mainboard - Bo mạch chủ,ASUS,1,15990000,18000000,15990000,5,"Lắp đặt dễ dàng, chạy êm ái và mát mẻ. Shop hỗ trợ nhiệt tình."
ORI-002130,ORD-250828-1591,COOL-002,THERMALRIGHT-PHANTOM-SPIRIT-120,Tản nhiệt khí Thermalright Phantom Spirit 120 SE ARGB,Tản nhiệt - Cooling,Thermalright,1,990000,1200000,990000,5,"Sản phẩm cực kỳ chất lượng, đóng gói cẩn thận, giao hàng nhanh."
ORI-002131,ORD-250828-1591,SSD-001,SAMSUNG-980-PRO-2TB,SSD Samsung 980 Pro 2TB NVMe M.2 PCIe Gen4,SSD - Ổ cứng thể rắn,Samsung,1,3490000,3900000,3490000,5,"Lắp đặt dễ dàng, chạy êm ái và mát mẻ. Shop hỗ trợ nhiệt tình."
ORI-002132,ORD-251018-1592,RAM-003,KINGSTON-FURY-DDR4-16GB-3200,RAM Kingston Fury Beast DDR4 16GB (2x8GB) 3200MHz,RAM - Bộ nhớ trong,Kingston,1,1290000,1500000,1290000,5,"Sản phẩm cực kỳ chất lượng, đóng gói cẩn thận, giao hàng nhanh."
ORI-002133,ORD-251018-1592,CPU-004,AMD-R9-7950X,"CPU AMD Ryzen 9 7950X (4.5GHz Turbo 5.7GHz, 16 nhân 32 luồng)",CPU - Bộ vi xử lý,AMD,1,13490000,15000000,13490000,5,"Rất đáng tiền, chạy mượt mà, chính hãng 100%."
ORI-002134,ORD-250822-1593,RAM-003,KINGSTON-FURY-DDR4-16GB-3200,RAM Kingston Fury Beast DDR4 16GB (2x8GB) 3200MHz,RAM - Bộ nhớ trong,Kingston,1,1290000,1500000,1290000,5,"Sản phẩm cực kỳ chất lượng, đóng gói cẩn thận, giao hàng nhanh."
ORI-002135,ORD-250822-1593,RAM-001,CORSAIR-DDR5-32GB-6000,RAM Corsair Dominator Titanium DDR5 32GB (2x16GB) 6000MHz,RAM - Bộ nhớ trong,Corsair,1,3990000,4500000,3990000,4,"Sản phẩm tốt, nhân viên tư vấn nhiệt tình, sẽ tiếp tục ủng hộ."
ORI-002136,ORD-260129-1594,SSD-004,CRUCIAL-P5-PLUS-500GB,SSD Crucial P5 Plus 500GB NVMe M.2 PCIe Gen4,SSD - Ổ cứng thể rắn,Crucial,1,990000,1200000,990000,4,"Sản phẩm tốt, nhân viên tư vấn nhiệt tình, sẽ tiếp tục ủng hộ."
ORI-002137,ORD-251028-1595,PSU-002,SEASONIC-FOCUS-GX-850,Nguồn Seasonic Focus GX 850W 80 Plus Gold Full Modular,PSU - Nguồn máy tính,Seasonic,1,3290000,3800000,3290000,5,"Thiết kế đẹp mắt, hiệu năng vượt trội so với tầm giá. Rất hài lòng!"
ORI-002138,ORD-251028-1595,SSD-004,CRUCIAL-P5-PLUS-500GB,SSD Crucial P5 Plus 500GB NVMe M.2 PCIe Gen4,SSD - Ổ cứng thể rắn,Crucial,1,990000,1200000,990000,5,"Hàng chuẩn GearVN, nguyên seal mới cứng, bảo hành đầy đủ. Vote 5 sao!"
ORI-002139,ORD-251027-1596,MONITOR-001,LG-27GP850P-27-QHD-165HZ,"Màn hình LG UltraGear 27GP850P-B 27"" QHD IPS 165Hz 1ms",Màn hình - Monitor,LG,1,8990000,10500000,8990000,3,"Hiệu năng đủ dùng cho tác vụ cơ bản, nhiệt độ hơi ấm khi tải nặng."
ORI-002140,ORD-251123-1597,HEADSET-001,CORSAIR-VIRTUOSO-RGB-XT,Tai nghe gaming Corsair Virtuoso RGB Wireless XT,Tai nghe - Headset,Corsair,1,4290000,5000000,4290000,5,"Thiết kế đẹp mắt, hiệu năng vượt trội so với tầm giá. Rất hài lòng!"
ORI-002141,ORD-260426-1598,HDD-002,WD-RED-PLUS-8TB,"Ổ cứng HDD WD Red Plus 8TB 3.5"" SATA NAS",HDD - Ổ cứng cơ,Western Digital,1,4490000,5200000,4490000,5,"Sản phẩm cực kỳ chất lượng, đóng gói cẩn thận, giao hàng nhanh."
ORI-002142,ORD-260426-1598,CPU-006,INTEL-I3-14100F,"CPU Intel Core i3-14100F (3.5GHz Turbo 4.7GHz, 4 nhân 8 luồng)",CPU - Bộ vi xử lý,Intel,1,2490000,2800000,2490000,5,"Hàng chuẩn GearVN, nguyên seal mới cứng, bảo hành đầy đủ. Vote 5 sao!"
ORI-002143,ORD-250805-1599,CPU-006,INTEL-I3-14100F,"CPU Intel Core i3-14100F (3.5GHz Turbo 4.7GHz, 4 nhân 8 luồng)",CPU - Bộ vi xử lý,Intel,1,2490000,2800000,2490000,4,"Sản phẩm dùng tốt, đúng mô tả, tuy nhiên giao hàng hơi trễ 1 ngày."
ORI-002144,ORD-260505-1600,COOL-002,THERMALRIGHT-PHANTOM-SPIRIT-120,Tản nhiệt khí Thermalright Phantom Spirit 120 SE ARGB,Tản nhiệt - Cooling,Thermalright,1,990000,1200000,990000,5,"Thiết kế đẹp mắt, hiệu năng vượt trội so với tầm giá. Rất hài lòng!"
ORI-002145,ORD-260505-1600,MONITOR-002,SAMSUNG-ODYSSEY-G7-32-4K,"Màn hình Samsung Odyssey G7 32"" 4K UHD 144Hz IPS",Màn hình - Monitor,Samsung,1,12990000,15000000,12990000,4,"Thiết kế đẹp, chạy mát, dịch vụ chăm sóc khách hàng khá tốt."
ORI-002146,ORD-260105-1601,MB-003,GIGABYTE-X670E-AORUS-MASTER,"Mainboard GIGABYTE X670E AORUS Master (AM5, DDR5, ATX)",Mainboard - Bo mạch chủ,GIGABYTE,1,11490000,13000000,11490000,5,"Thiết kế đẹp mắt, hiệu năng vượt trội so với tầm giá. Rất hài lòng!"
ORI-002147,ORD-260105-1601,GPU-004,ASUS-RX7900XTX-24G,VGA ASUS TUF Gaming Radeon RX 7900 XTX OC 24GB,VGA - Card màn hình,ASUS,1,22990000,25000000,22990000,5,"Sản phẩm cực kỳ chất lượng, đóng gói cẩn thận, giao hàng nhanh."
ORI-002148,ORD-251104-1602,RAM-004,CORSAIR-DDR5-64GB-6400,RAM Corsair Vengeance DDR5 64GB (2x32GB) 6400MHz CL32,RAM - Bộ nhớ trong,Corsair,1,6490000,7500000,6490000,4,"Sản phẩm dùng tốt, đúng mô tả, tuy nhiên giao hàng hơi trễ 1 ngày."
ORI-002149,ORD-260511-1603,GPU-002,MSI-RTX4080-SUPER-16G,VGA MSI GeForce RTX 4080 Super 16GB Gaming X Slim,VGA - Card màn hình,MSI,1,26990000,30000000,26990000,5,"Sản phẩm cực kỳ chất lượng, đóng gói cẩn thận, giao hàng nhanh."
ORI-002150,ORD-260511-1603,CASE-002,JONSBO-D41-MESH,"Vỏ Case Jonsbo D41 Mesh Screen (Mid Tower, ATX, Màn hình LCD)",Case - Vỏ máy tính,Jonsbo,1,2290000,2600000,2290000,5,"Lắp đặt dễ dàng, chạy êm ái và mát mẻ. Shop hỗ trợ nhiệt tình."
ORI-002151,ORD-251205-1604,MB-001,ASUS-ROG-MAXIMUS-Z790,"Mainboard ASUS ROG Maximus Z790 Hero (LGA 1700, DDR5, ATX)",Mainboard - Bo mạch chủ,ASUS,1,15990000,18000000,15990000,5,"Lắp đặt dễ dàng, chạy êm ái và mát mẻ. Shop hỗ trợ nhiệt tình."
ORI-002152,ORD-251205-1604,FAN-002,NOCTUA-NF-A12X25-PWM,Fan Case Noctua NF-A12x25 PWM 120mm (Hiệu suất cao),Fan - Quạt tản nhiệt,Noctua,1,990000,1200000,990000,5,"Sản phẩm cực kỳ chất lượng, đóng gói cẩn thận, giao hàng nhanh."
ORI-002153,ORD-250927-1605,KB-002,RAZER-BLACKWIDOW-V4-75,Bàn phím cơ Razer BlackWidow V4 75% (Razer Yellow Switch),Bàn phím - Keyboard,Razer,1,3290000,3800000,3290000,4,"Sản phẩm tốt, nhân viên tư vấn nhiệt tình, sẽ tiếp tục ủng hộ."
ORI-002154,ORD-250927-1605,CASE-001,LIANLI-PC-O11D-EVO,"Vỏ Case Lian Li PC-O11 Dynamic Evo (Mid Tower, ATX)",Case - Vỏ máy tính,Lian Li,1,3490000,3900000,3490000,5,"Sản phẩm cực kỳ chất lượng, đóng gói cẩn thận, giao hàng nhanh."
ORI-002155,ORD-260102-1606,CPU-006,INTEL-I3-14100F,"CPU Intel Core i3-14100F (3.5GHz Turbo 4.7GHz, 4 nhân 8 luồng)",CPU - Bộ vi xử lý,Intel,1,2490000,2800000,2490000,3,"Hiệu năng đủ dùng cho tác vụ cơ bản, nhiệt độ hơi ấm khi tải nặng."
ORI-002156,ORD-260102-1606,MB-003,GIGABYTE-X670E-AORUS-MASTER,"Mainboard GIGABYTE X670E AORUS Master (AM5, DDR5, ATX)",Mainboard - Bo mạch chủ,GIGABYTE,1,11490000,13000000,11490000,5,"Thiết kế đẹp mắt, hiệu năng vượt trội so với tầm giá. Rất hài lòng!"
ORI-002157,ORD-260125-1607,MONITOR-002,SAMSUNG-ODYSSEY-G7-32-4K,"Màn hình Samsung Odyssey G7 32"" 4K UHD 144Hz IPS",Màn hình - Monitor,Samsung,1,12990000,15000000,12990000,5,"Rất đáng tiền, chạy mượt mà, chính hãng 100%."
ORI-002158,ORD-250621-1608,RAM-004,CORSAIR-DDR5-64GB-6400,RAM Corsair Vengeance DDR5 64GB (2x32GB) 6400MHz CL32,RAM - Bộ nhớ trong,Corsair,1,6490000,7500000,6490000,5,"Thiết kế đẹp mắt, hiệu năng vượt trội so với tầm giá. Rất hài lòng!"
ORI-002159,ORD-250621-1608,FAN-001,LIANLI-UNI-FAN-AL120-3PACK,"Fan Case Lian Li UNI FAN AL120 RGB (3-Pack, Daisy-chain)",Fan - Quạt tản nhiệt,Lian Li,1,1490000,1800000,1490000,5,"Hàng chuẩn GearVN, nguyên seal mới cứng, bảo hành đầy đủ. Vote 5 sao!"
ORI-002160,ORD-251025-1609,COOL-003,DEEPCOOL-AK620-DIGITAL,"Tản nhiệt khí DeepCool AK620 Digital (Dual Tower, 2x120mm)",Tản nhiệt - Cooling,Deepcool,1,1490000,1800000,1490000,5,"Hàng chuẩn GearVN, nguyên seal mới cứng, bảo hành đầy đủ. Vote 5 sao!"
ORI-002161,ORD-260110-1610,MB-002,MSI-MAG-Z790-TOMAHAWK,"Mainboard MSI MAG Z790 Tomahawk WiFi (LGA 1700, DDR5, ATX)",Mainboard - Bo mạch chủ,MSI,1,6990000,7800000,6990000,5,"Hàng chuẩn GearVN, nguyên seal mới cứng, bảo hành đầy đủ. Vote 5 sao!"
ORI-002162,ORD-260219-1611,RAM-001,CORSAIR-DDR5-32GB-6000,RAM Corsair Dominator Titanium DDR5 32GB (2x16GB) 6000MHz,RAM - Bộ nhớ trong,Corsair,1,3990000,4500000,3990000,5,"Sản phẩm cực kỳ chất lượng, đóng gói cẩn thận, giao hàng nhanh."
ORI-002163,ORD-260331-1612,RAM-003,KINGSTON-FURY-DDR4-16GB-3200,RAM Kingston Fury Beast DDR4 16GB (2x8GB) 3200MHz,RAM - Bộ nhớ trong,Kingston,1,1290000,1500000,1290000,5,"Rất đáng tiền, chạy mượt mà, chính hãng 100%."
ORI-002164,ORD-250918-1613,PSU-002,SEASONIC-FOCUS-GX-850,Nguồn Seasonic Focus GX 850W 80 Plus Gold Full Modular,PSU - Nguồn máy tính,Seasonic,1,3290000,3800000,3290000,5,"Thiết kế đẹp mắt, hiệu năng vượt trội so với tầm giá. Rất hài lòng!"
ORI-002165,ORD-260121-1614,CPU-003,INTEL-I5-14600K,"CPU Intel Core i5-14600K (3.5GHz Turbo 5.3GHz, 14 nhân 20 luồng)",CPU - Bộ vi xử lý,Intel,1,5490000,6200000,5490000,4,"Chất lượng ổn áp, chạy ngon lành, đóng gói kỹ càng."
ORI-002166,ORD-260121-1614,COOL-002,THERMALRIGHT-PHANTOM-SPIRIT-120,Tản nhiệt khí Thermalright Phantom Spirit 120 SE ARGB,Tản nhiệt - Cooling,Thermalright,1,990000,1200000,990000,5,"Rất đáng tiền, chạy mượt mà, chính hãng 100%."
ORI-002167,ORD-251224-1615,CPU-006,INTEL-I3-14100F,"CPU Intel Core i3-14100F (3.5GHz Turbo 4.7GHz, 4 nhân 8 luồng)",CPU - Bộ vi xử lý,Intel,1,2490000,2800000,2490000,4,"Sản phẩm tốt, nhân viên tư vấn nhiệt tình, sẽ tiếp tục ủng hộ."
ORI-002168,ORD-260107-1616,FAN-001,LIANLI-UNI-FAN-AL120-3PACK,"Fan Case Lian Li UNI FAN AL120 RGB (3-Pack, Daisy-chain)",Fan - Quạt tản nhiệt,Lian Li,1,1490000,1800000,1490000,5,"Hàng chuẩn GearVN, nguyên seal mới cứng, bảo hành đầy đủ. Vote 5 sao!"
ORI-002169,ORD-260530-1617,SSD-004,CRUCIAL-P5-PLUS-500GB,SSD Crucial P5 Plus 500GB NVMe M.2 PCIe Gen4,SSD - Ổ cứng thể rắn,Crucial,1,990000,1200000,990000,5,"Sản phẩm cực kỳ chất lượng, đóng gói cẩn thận, giao hàng nhanh."
ORI-002170,ORD-251113-1618,SSD-001,SAMSUNG-980-PRO-2TB,SSD Samsung 980 Pro 2TB NVMe M.2 PCIe Gen4,SSD - Ổ cứng thể rắn,Samsung,1,3490000,3900000,3490000,1,"Giao hàng quá chậm (mất 7 ngày), hàng móp méo hư hại nghiêm trọng."
ORI-002171,ORD-260118-1619,GPU-002,MSI-RTX4080-SUPER-16G,VGA MSI GeForce RTX 4080 Super 16GB Gaming X Slim,VGA - Card màn hình,MSI,1,26990000,30000000,26990000,5,"Sản phẩm cực kỳ chất lượng, đóng gói cẩn thận, giao hàng nhanh."
ORI-002172,ORD-251218-1620,COOL-001,CORSAIR-H150I-ELITE-360MM,Tản nhiệt nước AIO Corsair iCUE H150i Elite LCD 360mm,Tản nhiệt - Cooling,Corsair,1,4490000,5000000,4490000,5,"Rất đáng tiền, chạy mượt mà, chính hãng 100%."
ORI-002173,ORD-251218-1620,SSD-003,KINGSTON-KC3000-1TB,SSD Kingston KC3000 1TB NVMe M.2 PCIe Gen4,SSD - Ổ cứng thể rắn,Kingston,1,1890000,2200000,1890000,4,"Thiết kế đẹp, chạy mát, dịch vụ chăm sóc khách hàng khá tốt."
ORI-002174,ORD-260516-1621,MB-003,GIGABYTE-X670E-AORUS-MASTER,"Mainboard GIGABYTE X670E AORUS Master (AM5, DDR5, ATX)",Mainboard - Bo mạch chủ,GIGABYTE,1,11490000,13000000,11490000,5,"Thiết kế đẹp mắt, hiệu năng vượt trội so với tầm giá. Rất hài lòng!"
ORI-002175,ORD-250710-1622,COOL-001,CORSAIR-H150I-ELITE-360MM,Tản nhiệt nước AIO Corsair iCUE H150i Elite LCD 360mm,Tản nhiệt - Cooling,Corsair,1,4490000,5000000,4490000,5,"Rất đáng tiền, chạy mượt mà, chính hãng 100%."
ORI-002176,ORD-250710-1622,GPU-005,MSI-RTX4060-TI-8G-VENTUS,VGA MSI GeForce RTX 4060 Ti 8G Ventus 2X OC,VGA - Card màn hình,MSI,1,9490000,11000000,9490000,5,"Thiết kế đẹp mắt, hiệu năng vượt trội so với tầm giá. Rất hài lòng!"
ORI-002177,ORD-251117-1623,GPU-002,MSI-RTX4080-SUPER-16G,VGA MSI GeForce RTX 4080 Super 16GB Gaming X Slim,VGA - Card màn hình,MSI,1,26990000,30000000,26990000,5,"Hàng chuẩn GearVN, nguyên seal mới cứng, bảo hành đầy đủ. Vote 5 sao!"
ORI-002178,ORD-251106-1624,MB-004,ASUS-TUF-B760M-PLUS-WIFI,"Mainboard ASUS TUF Gaming B760M-Plus WiFi (LGA 1700, DDR5, mATX)",Mainboard - Bo mạch chủ,ASUS,1,3990000,4500000,3990000,4,"Thiết kế đẹp, chạy mát, dịch vụ chăm sóc khách hàng khá tốt."
ORI-002179,ORD-260419-1625,SSD-001,SAMSUNG-980-PRO-2TB,SSD Samsung 980 Pro 2TB NVMe M.2 PCIe Gen4,SSD - Ổ cứng thể rắn,Samsung,1,3490000,3900000,3490000,5,"Rất đáng tiền, chạy mượt mà, chính hãng 100%."
ORI-002180,ORD-250919-1626,CASE-002,JONSBO-D41-MESH,"Vỏ Case Jonsbo D41 Mesh Screen (Mid Tower, ATX, Màn hình LCD)",Case - Vỏ máy tính,Jonsbo,1,2290000,2600000,2290000,4,"Sản phẩm tốt, nhân viên tư vấn nhiệt tình, sẽ tiếp tục ủng hộ."
ORI-002181,ORD-260215-1627,CPU-003,INTEL-I5-14600K,"CPU Intel Core i5-14600K (3.5GHz Turbo 5.3GHz, 14 nhân 20 luồng)",CPU - Bộ vi xử lý,Intel,1,5490000,6200000,5490000,5,"Sản phẩm cực kỳ chất lượng, đóng gói cẩn thận, giao hàng nhanh."
ORI-002182,ORD-260215-1627,CPU-003,INTEL-I5-14600K,"CPU Intel Core i5-14600K (3.5GHz Turbo 5.3GHz, 14 nhân 20 luồng)",CPU - Bộ vi xử lý,Intel,1,5490000,6200000,5490000,5,"Rất đáng tiền, chạy mượt mà, chính hãng 100%."
ORI-002183,ORD-250911-1628,CPU-005,AMD-R7-7700X,"CPU AMD Ryzen 7 7700X (4.5GHz Turbo 5.4GHz, 8 nhân 16 luồng)",CPU - Bộ vi xử lý,AMD,1,6890000,7500000,6890000,2,"Hiệu năng không đúng như quảng cáo, hay bị sụt nguồn đột ngột."
ORI-002184,ORD-250911-1628,PSU-001,CORSAIR-HX1000I-1000W,Nguồn Corsair HX1000i 1000W 80 Plus Platinum Full Modular,PSU - Nguồn máy tính,Corsair,1,4990000,5500000,4990000,5,"Thiết kế đẹp mắt, hiệu năng vượt trội so với tầm giá. Rất hài lòng!"
ORI-002185,ORD-251009-1629,CPU-003,INTEL-I5-14600K,"CPU Intel Core i5-14600K (3.5GHz Turbo 5.3GHz, 14 nhân 20 luồng)",CPU - Bộ vi xử lý,Intel,1,5490000,6200000,5490000,5,"Thiết kế đẹp mắt, hiệu năng vượt trội so với tầm giá. Rất hài lòng!"
ORI-002186,ORD-251009-1629,KB-001,CORSAIR-K100-RGB-OPX,Bàn phím cơ Corsair K100 RGB Optical-Mechanical (OPX Switch),Bàn phím - Keyboard,Corsair,1,5490000,6000000,5490000,5,"Sản phẩm cực kỳ chất lượng, đóng gói cẩn thận, giao hàng nhanh."
ORI-002187,ORD-251229-1630,CPU-004,AMD-R9-7950X,"CPU AMD Ryzen 9 7950X (4.5GHz Turbo 5.7GHz, 16 nhân 32 luồng)",CPU - Bộ vi xử lý,AMD,1,13490000,15000000,13490000,5,"Lắp đặt dễ dàng, chạy êm ái và mát mẻ. Shop hỗ trợ nhiệt tình."
ORI-002188,ORD-251229-1630,HDD-001,SEAGATE-BARRACUDA-4TB,"Ổ cứng HDD Seagate Barracuda 4TB 3.5"" SATA 5400RPM",HDD - Ổ cứng cơ,Seagate,1,2190000,2500000,2190000,5,"Sản phẩm cực kỳ chất lượng, đóng gói cẩn thận, giao hàng nhanh."
ORI-002189,ORD-251208-1631,CPU-006,INTEL-I3-14100F,"CPU Intel Core i3-14100F (3.5GHz Turbo 4.7GHz, 4 nhân 8 luồng)",CPU - Bộ vi xử lý,Intel,1,2490000,2800000,2490000,4,"Thiết kế đẹp, chạy mát, dịch vụ chăm sóc khách hàng khá tốt."
ORI-002190,ORD-260518-1632,GPU-003,GIGABYTE-RTX4070-SUPER-12G,VGA GIGABYTE GeForce RTX 4070 Super Gaming OC 12GB,VGA - Card màn hình,GIGABYTE,1,16490000,18500000,16490000,5,"Rất đáng tiền, chạy mượt mà, chính hãng 100%."
ORI-002191,ORD-260518-1632,GPU-005,MSI-RTX4060-TI-8G-VENTUS,VGA MSI GeForce RTX 4060 Ti 8G Ventus 2X OC,VGA - Card màn hình,MSI,1,9490000,11000000,9490000,5,"Hàng chuẩn GearVN, nguyên seal mới cứng, bảo hành đầy đủ. Vote 5 sao!"
ORI-002192,ORD-260224-1633,FAN-001,LIANLI-UNI-FAN-AL120-3PACK,"Fan Case Lian Li UNI FAN AL120 RGB (3-Pack, Daisy-chain)",Fan - Quạt tản nhiệt,Lian Li,1,1490000,1800000,1490000,5,"Hàng chuẩn GearVN, nguyên seal mới cứng, bảo hành đầy đủ. Vote 5 sao!"
ORI-002193,ORD-260224-1633,KB-001,CORSAIR-K100-RGB-OPX,Bàn phím cơ Corsair K100 RGB Optical-Mechanical (OPX Switch),Bàn phím - Keyboard,Corsair,1,5490000,6000000,5490000,5,"Sản phẩm cực kỳ chất lượng, đóng gói cẩn thận, giao hàng nhanh."
ORI-002194,ORD-250827-1634,PSU-003,COOLERMASTER-V750-GOLD,Nguồn Cooler Master MWE Gold 750W 80 Plus Gold Full Modular,PSU - Nguồn máy tính,Cooler Master,1,2490000,2900000,2490000,5,"Hàng chuẩn GearVN, nguyên seal mới cứng, bảo hành đầy đủ. Vote 5 sao!"
ORI-002195,ORD-250827-1634,PSU-003,COOLERMASTER-V750-GOLD,Nguồn Cooler Master MWE Gold 750W 80 Plus Gold Full Modular,PSU - Nguồn máy tính,Cooler Master,1,2490000,2900000,2490000,5,"Hàng chuẩn GearVN, nguyên seal mới cứng, bảo hành đầy đủ. Vote 5 sao!"
ORI-002196,ORD-260104-1635,PSU-002,SEASONIC-FOCUS-GX-850,Nguồn Seasonic Focus GX 850W 80 Plus Gold Full Modular,PSU - Nguồn máy tính,Seasonic,1,3290000,3800000,3290000,5,"Thiết kế đẹp mắt, hiệu năng vượt trội so với tầm giá. Rất hài lòng!"
ORI-002197,ORD-260223-1636,CPU-004,AMD-R9-7950X,"CPU AMD Ryzen 9 7950X (4.5GHz Turbo 5.7GHz, 16 nhân 32 luồng)",CPU - Bộ vi xử lý,AMD,1,13490000,15000000,13490000,,
ORI-002198,ORD-260223-1636,MOUSE-002,RAZER-DEATHADDER-V3-HTE,Chuột gaming Razer DeathAdder V3 HyperSpeed (Không dây),Chuột - Mouse,Razer,1,1890000,2200000,1890000,,
ORI-002199,ORD-250906-1637,SSD-004,CRUCIAL-P5-PLUS-500GB,SSD Crucial P5 Plus 500GB NVMe M.2 PCIe Gen4,SSD - Ổ cứng thể rắn,Crucial,1,990000,1200000,990000,5,"Hàng chuẩn GearVN, nguyên seal mới cứng, bảo hành đầy đủ. Vote 5 sao!"
ORI-002200,ORD-250906-1637,COOL-001,CORSAIR-H150I-ELITE-360MM,Tản nhiệt nước AIO Corsair iCUE H150i Elite LCD 360mm,Tản nhiệt - Cooling,Corsair,1,4490000,5000000,4490000,4,"Hiệu năng tốt trong tầm giá, dùng mượt mà không lỗi lầm gì."
ORI-002201,ORD-260129-1638,MB-003,GIGABYTE-X670E-AORUS-MASTER,"Mainboard GIGABYTE X670E AORUS Master (AM5, DDR5, ATX)",Mainboard - Bo mạch chủ,GIGABYTE,1,11490000,13000000,11490000,5,"Sản phẩm cực kỳ chất lượng, đóng gói cẩn thận, giao hàng nhanh."
ORI-002202,ORD-260127-1639,HDD-001,SEAGATE-BARRACUDA-4TB,"Ổ cứng HDD Seagate Barracuda 4TB 3.5"" SATA 5400RPM",HDD - Ổ cứng cơ,Seagate,1,2190000,2500000,2190000,4,"Thiết kế đẹp, chạy mát, dịch vụ chăm sóc khách hàng khá tốt."
ORI-002203,ORD-251008-1640,CPU-002,INTEL-I7-14700K,"CPU Intel Core i7-14700K (3.4GHz Turbo 5.6GHz, 20 nhân 28 luồng)",CPU - Bộ vi xử lý,Intel,1,8490000,9500000,8490000,,
ORI-002204,ORD-260331-1641,CPU-002,INTEL-I7-14700K,"CPU Intel Core i7-14700K (3.4GHz Turbo 5.6GHz, 20 nhân 28 luồng)",CPU - Bộ vi xử lý,Intel,1,8490000,9500000,8490000,1,"Hàng cũ đóng lại seal, chạy lỗi liên tục, bảo hành rất phiền phức. Không nên mua."
ORI-002205,ORD-260208-1642,CPU-004,AMD-R9-7950X,"CPU AMD Ryzen 9 7950X (4.5GHz Turbo 5.7GHz, 16 nhân 32 luồng)",CPU - Bộ vi xử lý,AMD,1,13490000,15000000,13490000,5,"Hàng chuẩn GearVN, nguyên seal mới cứng, bảo hành đầy đủ. Vote 5 sao!"
ORI-002206,ORD-260208-1642,SSD-002,WD-BLACK-SN850X-1TB,SSD WD Black SN850X 1TB NVMe M.2 PCIe Gen4,SSD - Ổ cứng thể rắn,Western Digital,1,2190000,2500000,2190000,3,"Sản phẩm bình thường, không quá nổi bật, dịch vụ giao hàng ở mức trung bình."
ORI-002207,ORD-251125-1643,FAN-002,NOCTUA-NF-A12X25-PWM,Fan Case Noctua NF-A12x25 PWM 120mm (Hiệu suất cao),Fan - Quạt tản nhiệt,Noctua,1,990000,1200000,990000,5,"Thiết kế đẹp mắt, hiệu năng vượt trội so với tầm giá. Rất hài lòng!"
ORI-002208,ORD-251125-1643,MB-003,GIGABYTE-X670E-AORUS-MASTER,"Mainboard GIGABYTE X670E AORUS Master (AM5, DDR5, ATX)",Mainboard - Bo mạch chủ,GIGABYTE,1,11490000,13000000,11490000,5,"Rất đáng tiền, chạy mượt mà, chính hãng 100%."
ORI-002209,ORD-250702-1644,MOUSE-002,RAZER-DEATHADDER-V3-HTE,Chuột gaming Razer DeathAdder V3 HyperSpeed (Không dây),Chuột - Mouse,Razer,1,1890000,2200000,1890000,5,"Lắp đặt dễ dàng, chạy êm ái và mát mẻ. Shop hỗ trợ nhiệt tình."
ORI-002210,ORD-250702-1644,COOL-002,THERMALRIGHT-PHANTOM-SPIRIT-120,Tản nhiệt khí Thermalright Phantom Spirit 120 SE ARGB,Tản nhiệt - Cooling,Thermalright,1,990000,1200000,990000,5,"Rất đáng tiền, chạy mượt mà, chính hãng 100%."
ORI-002211,ORD-251206-1645,CASE-002,JONSBO-D41-MESH,"Vỏ Case Jonsbo D41 Mesh Screen (Mid Tower, ATX, Màn hình LCD)",Case - Vỏ máy tính,Jonsbo,1,2290000,2600000,2290000,5,"Thiết kế đẹp mắt, hiệu năng vượt trội so với tầm giá. Rất hài lòng!"
ORI-002212,ORD-260605-1646,CPU-004,AMD-R9-7950X,"CPU AMD Ryzen 9 7950X (4.5GHz Turbo 5.7GHz, 16 nhân 32 luồng)",CPU - Bộ vi xử lý,AMD,1,13490000,15000000,13490000,5,"Rất đáng tiền, chạy mượt mà, chính hãng 100%."
ORI-002213,ORD-251114-1647,CHAIR-001,SECRETLAB-TITAN-EVO-2022,"Ghế gaming Secretlab Titan Evo 2022 (SoftWeave Plus, Medium)",Ghế gaming - Gaming Chair,Secretlab,1,12990000,14500000,12990000,5,"Thiết kế đẹp mắt, hiệu năng vượt trội so với tầm giá. Rất hài lòng!"
ORI-002214,ORD-250805-1648,MB-001,ASUS-ROG-MAXIMUS-Z790,"Mainboard ASUS ROG Maximus Z790 Hero (LGA 1700, DDR5, ATX)",Mainboard - Bo mạch chủ,ASUS,1,15990000,18000000,15990000,5,"Rất đáng tiền, chạy mượt mà, chính hãng 100%."
ORI-002215,ORD-250805-1648,HEADSET-001,CORSAIR-VIRTUOSO-RGB-XT,Tai nghe gaming Corsair Virtuoso RGB Wireless XT,Tai nghe - Headset,Corsair,1,4290000,5000000,4290000,5,"Rất đáng tiền, chạy mượt mà, chính hãng 100%."
ORI-002216,ORD-260201-1649,CPU-003,INTEL-I5-14600K,"CPU Intel Core i5-14600K (3.5GHz Turbo 5.3GHz, 14 nhân 20 luồng)",CPU - Bộ vi xử lý,Intel,1,5490000,6200000,5490000,4,"Sản phẩm tốt, nhân viên tư vấn nhiệt tình, sẽ tiếp tục ủng hộ."
ORI-002217,ORD-260201-1649,GPU-001,ASUS-ROG-RTX4090-24G,VGA ASUS ROG Strix GeForce RTX 4090 24GB GDDR6X OC,VGA - Card màn hình,ASUS,1,52990000,58000000,52990000,5,"Rất đáng tiền, chạy mượt mà, chính hãng 100%."
ORI-002218,ORD-250802-1650,CPU-002,INTEL-I7-14700K,"CPU Intel Core i7-14700K (3.4GHz Turbo 5.6GHz, 20 nhân 28 luồng)",CPU - Bộ vi xử lý,Intel,1,8490000,9500000,8490000,3,Chất lượng sản phẩm ok nhưng tổng đài hỗ trợ kỹ thuật phản hồi hơi chậm.
ORI-002219,ORD-250802-1650,HDD-002,WD-RED-PLUS-8TB,"Ổ cứng HDD WD Red Plus 8TB 3.5"" SATA NAS",HDD - Ổ cứng cơ,Western Digital,1,4490000,5200000,4490000,4,"Thiết kế đẹp, chạy mát, dịch vụ chăm sóc khách hàng khá tốt."
ORI-002220,ORD-251218-1651,PSU-001,CORSAIR-HX1000I-1000W,Nguồn Corsair HX1000i 1000W 80 Plus Platinum Full Modular,PSU - Nguồn máy tính,Corsair,1,4990000,5500000,4990000,5,"Lắp đặt dễ dàng, chạy êm ái và mát mẻ. Shop hỗ trợ nhiệt tình."
ORI-002221,ORD-260523-1652,MONITOR-001,LG-27GP850P-27-QHD-165HZ,"Màn hình LG UltraGear 27GP850P-B 27"" QHD IPS 165Hz 1ms",Màn hình - Monitor,LG,1,8990000,10500000,8990000,5,"Hàng chuẩn GearVN, nguyên seal mới cứng, bảo hành đầy đủ. Vote 5 sao!"
ORI-002222,ORD-250905-1653,CPU-006,INTEL-I3-14100F,"CPU Intel Core i3-14100F (3.5GHz Turbo 4.7GHz, 4 nhân 8 luồng)",CPU - Bộ vi xử lý,Intel,1,2490000,2800000,2490000,4,"Thiết kế đẹp, chạy mát, dịch vụ chăm sóc khách hàng khá tốt."
ORI-002223,ORD-251220-1654,MB-004,ASUS-TUF-B760M-PLUS-WIFI,"Mainboard ASUS TUF Gaming B760M-Plus WiFi (LGA 1700, DDR5, mATX)",Mainboard - Bo mạch chủ,ASUS,1,3990000,4500000,3990000,5,"Sản phẩm cực kỳ chất lượng, đóng gói cẩn thận, giao hàng nhanh."
ORI-002224,ORD-250904-1655,HDD-001,SEAGATE-BARRACUDA-4TB,"Ổ cứng HDD Seagate Barracuda 4TB 3.5"" SATA 5400RPM",HDD - Ổ cứng cơ,Seagate,1,2190000,2500000,2190000,5,"Rất đáng tiền, chạy mượt mà, chính hãng 100%."
ORI-002225,ORD-250824-1656,SSD-003,KINGSTON-KC3000-1TB,SSD Kingston KC3000 1TB NVMe M.2 PCIe Gen4,SSD - Ổ cứng thể rắn,Kingston,1,1890000,2200000,1890000,3,Chất lượng sản phẩm ok nhưng tổng đài hỗ trợ kỹ thuật phản hồi hơi chậm.
ORI-002226,ORD-260204-1657,COOL-001,CORSAIR-H150I-ELITE-360MM,Tản nhiệt nước AIO Corsair iCUE H150i Elite LCD 360mm,Tản nhiệt - Cooling,Corsair,1,4490000,5000000,4490000,5,"Rất đáng tiền, chạy mượt mà, chính hãng 100%."
ORI-002227,ORD-260123-1658,FAN-002,NOCTUA-NF-A12X25-PWM,Fan Case Noctua NF-A12x25 PWM 120mm (Hiệu suất cao),Fan - Quạt tản nhiệt,Noctua,1,990000,1200000,990000,5,"Rất đáng tiền, chạy mượt mà, chính hãng 100%."
ORI-002228,ORD-251019-1659,CPU-002,INTEL-I7-14700K,"CPU Intel Core i7-14700K (3.4GHz Turbo 5.6GHz, 20 nhân 28 luồng)",CPU - Bộ vi xử lý,Intel,1,8490000,9500000,8490000,5,"Rất đáng tiền, chạy mượt mà, chính hãng 100%."
ORI-002229,ORD-251019-1659,COOL-003,DEEPCOOL-AK620-DIGITAL,"Tản nhiệt khí DeepCool AK620 Digital (Dual Tower, 2x120mm)",Tản nhiệt - Cooling,Deepcool,1,1490000,1800000,1490000,5,"Rất đáng tiền, chạy mượt mà, chính hãng 100%."
ORI-002230,ORD-260611-1660,GPU-005,MSI-RTX4060-TI-8G-VENTUS,VGA MSI GeForce RTX 4060 Ti 8G Ventus 2X OC,VGA - Card màn hình,MSI,1,9490000,11000000,9490000,5,"Hàng chuẩn GearVN, nguyên seal mới cứng, bảo hành đầy đủ. Vote 5 sao!"
ORI-002231,ORD-251116-1661,SSD-002,WD-BLACK-SN850X-1TB,SSD WD Black SN850X 1TB NVMe M.2 PCIe Gen4,SSD - Ổ cứng thể rắn,Western Digital,1,2190000,2500000,2190000,4,"Hiệu năng tốt trong tầm giá, dùng mượt mà không lỗi lầm gì."
ORI-002232,ORD-250827-1662,RAM-001,CORSAIR-DDR5-32GB-6000,RAM Corsair Dominator Titanium DDR5 32GB (2x16GB) 6000MHz,RAM - Bộ nhớ trong,Corsair,1,3990000,4500000,3990000,3,"Hiệu năng đủ dùng cho tác vụ cơ bản, nhiệt độ hơi ấm khi tải nặng."
ORI-002233,ORD-250827-1662,MONITOR-001,LG-27GP850P-27-QHD-165HZ,"Màn hình LG UltraGear 27GP850P-B 27"" QHD IPS 165Hz 1ms",Màn hình - Monitor,LG,1,8990000,10500000,8990000,2,"Giao sai phiên bản màu sắc, đang chờ shop đổi trả."
ORI-002234,ORD-251204-1663,GPU-003,GIGABYTE-RTX4070-SUPER-12G,VGA GIGABYTE GeForce RTX 4070 Super Gaming OC 12GB,VGA - Card màn hình,GIGABYTE,1,16490000,18500000,16490000,2,"Hiệu năng không đúng như quảng cáo, hay bị sụt nguồn đột ngột."
ORI-002235,ORD-250906-1664,COOL-002,THERMALRIGHT-PHANTOM-SPIRIT-120,Tản nhiệt khí Thermalright Phantom Spirit 120 SE ARGB,Tản nhiệt - Cooling,Thermalright,1,990000,1200000,990000,5,"Rất đáng tiền, chạy mượt mà, chính hãng 100%."
ORI-002236,ORD-260111-1665,COOL-003,DEEPCOOL-AK620-DIGITAL,"Tản nhiệt khí DeepCool AK620 Digital (Dual Tower, 2x120mm)",Tản nhiệt - Cooling,Deepcool,1,1490000,1800000,1490000,5,"Sản phẩm cực kỳ chất lượng, đóng gói cẩn thận, giao hàng nhanh."
ORI-002237,ORD-250812-1666,MB-001,ASUS-ROG-MAXIMUS-Z790,"Mainboard ASUS ROG Maximus Z790 Hero (LGA 1700, DDR5, ATX)",Mainboard - Bo mạch chủ,ASUS,1,15990000,18000000,15990000,5,"Rất đáng tiền, chạy mượt mà, chính hãng 100%."
ORI-002238,ORD-250901-1667,CASE-001,LIANLI-PC-O11D-EVO,"Vỏ Case Lian Li PC-O11 Dynamic Evo (Mid Tower, ATX)",Case - Vỏ máy tính,Lian Li,1,3490000,3900000,3490000,5,"Lắp đặt dễ dàng, chạy êm ái và mát mẻ. Shop hỗ trợ nhiệt tình."
ORI-002239,ORD-250901-1667,RAM-004,CORSAIR-DDR5-64GB-6400,RAM Corsair Vengeance DDR5 64GB (2x32GB) 6400MHz CL32,RAM - Bộ nhớ trong,Corsair,1,6490000,7500000,6490000,4,"Sản phẩm dùng tốt, đúng mô tả, tuy nhiên giao hàng hơi trễ 1 ngày."
ORI-002240,ORD-260326-1668,CPU-001,INTEL-I9-14900K,"CPU Intel Core i9-14900K (3.2GHz Turbo 6.0GHz, 24 nhân 32 luồng)",CPU - Bộ vi xử lý,Intel,1,12990000,14500000,12990000,5,"Thiết kế đẹp mắt, hiệu năng vượt trội so với tầm giá. Rất hài lòng!"
ORI-002241,ORD-250803-1669,CASE-001,LIANLI-PC-O11D-EVO,"Vỏ Case Lian Li PC-O11 Dynamic Evo (Mid Tower, ATX)",Case - Vỏ máy tính,Lian Li,1,3490000,3900000,3490000,5,"Sản phẩm cực kỳ chất lượng, đóng gói cẩn thận, giao hàng nhanh."
ORI-002242,ORD-251107-1670,MONITOR-002,SAMSUNG-ODYSSEY-G7-32-4K,"Màn hình Samsung Odyssey G7 32"" 4K UHD 144Hz IPS",Màn hình - Monitor,Samsung,1,12990000,15000000,12990000,5,"Rất đáng tiền, chạy mượt mà, chính hãng 100%."
ORI-002243,ORD-251107-1670,RAM-001,CORSAIR-DDR5-32GB-6000,RAM Corsair Dominator Titanium DDR5 32GB (2x16GB) 6000MHz,RAM - Bộ nhớ trong,Corsair,1,3990000,4500000,3990000,5,"Rất đáng tiền, chạy mượt mà, chính hãng 100%."
ORI-002244,ORD-250909-1671,SSD-002,WD-BLACK-SN850X-1TB,SSD WD Black SN850X 1TB NVMe M.2 PCIe Gen4,SSD - Ổ cứng thể rắn,Western Digital,1,2190000,2500000,2190000,5,"Thiết kế đẹp mắt, hiệu năng vượt trội so với tầm giá. Rất hài lòng!"
ORI-002245,ORD-260124-1672,MOUSE-001,LOGITECH-G-PRO-X-SUPERLIGHT2,"Chuột gaming Logitech G Pro X Superlight 2 (Không dây, 32000 DPI)",Chuột - Mouse,Logitech,1,3390000,3800000,3390000,4,"Thiết kế đẹp, chạy mát, dịch vụ chăm sóc khách hàng khá tốt."
ORI-002246,ORD-260109-1673,SSD-004,CRUCIAL-P5-PLUS-500GB,SSD Crucial P5 Plus 500GB NVMe M.2 PCIe Gen4,SSD - Ổ cứng thể rắn,Crucial,1,990000,1200000,990000,5,"Rất đáng tiền, chạy mượt mà, chính hãng 100%."
ORI-002247,ORD-260109-1673,KB-002,RAZER-BLACKWIDOW-V4-75,Bàn phím cơ Razer BlackWidow V4 75% (Razer Yellow Switch),Bàn phím - Keyboard,Razer,1,3290000,3800000,3290000,5,"Lắp đặt dễ dàng, chạy êm ái và mát mẻ. Shop hỗ trợ nhiệt tình."
ORI-002248,ORD-260524-1674,KB-002,RAZER-BLACKWIDOW-V4-75,Bàn phím cơ Razer BlackWidow V4 75% (Razer Yellow Switch),Bàn phím - Keyboard,Razer,1,3290000,3800000,3290000,1,"Hàng cũ đóng lại seal, chạy lỗi liên tục, bảo hành rất phiền phức. Không nên mua."
ORI-002249,ORD-260612-1675,MONITOR-001,LG-27GP850P-27-QHD-165HZ,"Màn hình LG UltraGear 27GP850P-B 27"" QHD IPS 165Hz 1ms",Màn hình - Monitor,LG,1,8990000,10500000,8990000,5,"Lắp đặt dễ dàng, chạy êm ái và mát mẻ. Shop hỗ trợ nhiệt tình."
ORI-002250,ORD-260227-1676,HDD-002,WD-RED-PLUS-8TB,"Ổ cứng HDD WD Red Plus 8TB 3.5"" SATA NAS",HDD - Ổ cứng cơ,Western Digital,1,4490000,5200000,4490000,4,"Sản phẩm dùng tốt, đúng mô tả, tuy nhiên giao hàng hơi trễ 1 ngày."
ORI-002251,ORD-250910-1677,MB-003,GIGABYTE-X670E-AORUS-MASTER,"Mainboard GIGABYTE X670E AORUS Master (AM5, DDR5, ATX)",Mainboard - Bo mạch chủ,GIGABYTE,1,11490000,13000000,11490000,5,"Sản phẩm cực kỳ chất lượng, đóng gói cẩn thận, giao hàng nhanh."
ORI-002252,ORD-250916-1678,HDD-002,WD-RED-PLUS-8TB,"Ổ cứng HDD WD Red Plus 8TB 3.5"" SATA NAS",HDD - Ổ cứng cơ,Western Digital,1,4490000,5200000,4490000,3,"Hiệu năng đủ dùng cho tác vụ cơ bản, nhiệt độ hơi ấm khi tải nặng."
ORI-002253,ORD-250916-1678,HEADSET-001,CORSAIR-VIRTUOSO-RGB-XT,Tai nghe gaming Corsair Virtuoso RGB Wireless XT,Tai nghe - Headset,Corsair,1,4290000,5000000,4290000,5,"Rất đáng tiền, chạy mượt mà, chính hãng 100%."
ORI-002254,ORD-250720-1679,SSD-003,KINGSTON-KC3000-1TB,SSD Kingston KC3000 1TB NVMe M.2 PCIe Gen4,SSD - Ổ cứng thể rắn,Kingston,1,1890000,2200000,1890000,5,"Sản phẩm cực kỳ chất lượng, đóng gói cẩn thận, giao hàng nhanh."
ORI-002255,ORD-260528-1680,SSD-001,SAMSUNG-980-PRO-2TB,SSD Samsung 980 Pro 2TB NVMe M.2 PCIe Gen4,SSD - Ổ cứng thể rắn,Samsung,1,3490000,3900000,3490000,5,"Lắp đặt dễ dàng, chạy êm ái và mát mẻ. Shop hỗ trợ nhiệt tình."
ORI-002256,ORD-260125-1681,SSD-001,SAMSUNG-980-PRO-2TB,SSD Samsung 980 Pro 2TB NVMe M.2 PCIe Gen4,SSD - Ổ cứng thể rắn,Samsung,1,3490000,3900000,3490000,3,Chất lượng sản phẩm ok nhưng tổng đài hỗ trợ kỹ thuật phản hồi hơi chậm.
ORI-002257,ORD-260116-1682,KB-002,RAZER-BLACKWIDOW-V4-75,Bàn phím cơ Razer BlackWidow V4 75% (Razer Yellow Switch),Bàn phím - Keyboard,Razer,1,3290000,3800000,3290000,5,"Lắp đặt dễ dàng, chạy êm ái và mát mẻ. Shop hỗ trợ nhiệt tình."
ORI-002258,ORD-251216-1683,FAN-001,LIANLI-UNI-FAN-AL120-3PACK,"Fan Case Lian Li UNI FAN AL120 RGB (3-Pack, Daisy-chain)",Fan - Quạt tản nhiệt,Lian Li,1,1490000,1800000,1490000,5,"Rất đáng tiền, chạy mượt mà, chính hãng 100%."
ORI-002259,ORD-260330-1684,GPU-003,GIGABYTE-RTX4070-SUPER-12G,VGA GIGABYTE GeForce RTX 4070 Super Gaming OC 12GB,VGA - Card màn hình,GIGABYTE,1,16490000,18500000,16490000,3,"Hiệu năng đủ dùng cho tác vụ cơ bản, nhiệt độ hơi ấm khi tải nặng."
ORI-002260,ORD-251222-1685,MB-003,GIGABYTE-X670E-AORUS-MASTER,"Mainboard GIGABYTE X670E AORUS Master (AM5, DDR5, ATX)",Mainboard - Bo mạch chủ,GIGABYTE,1,11490000,13000000,11490000,5,"Hàng chuẩn GearVN, nguyên seal mới cứng, bảo hành đầy đủ. Vote 5 sao!"
ORI-002261,ORD-260221-1686,COOL-002,THERMALRIGHT-PHANTOM-SPIRIT-120,Tản nhiệt khí Thermalright Phantom Spirit 120 SE ARGB,Tản nhiệt - Cooling,Thermalright,1,990000,1200000,990000,4,"Hiệu năng tốt trong tầm giá, dùng mượt mà không lỗi lầm gì."
ORI-002262,ORD-260211-1687,FAN-001,LIANLI-UNI-FAN-AL120-3PACK,"Fan Case Lian Li UNI FAN AL120 RGB (3-Pack, Daisy-chain)",Fan - Quạt tản nhiệt,Lian Li,1,1490000,1800000,1490000,3,"Sản phẩm bình thường, không quá nổi bật, dịch vụ giao hàng ở mức trung bình."
ORI-002263,ORD-260211-1687,COOL-003,DEEPCOOL-AK620-DIGITAL,"Tản nhiệt khí DeepCool AK620 Digital (Dual Tower, 2x120mm)",Tản nhiệt - Cooling,Deepcool,1,1490000,1800000,1490000,5,"Thiết kế đẹp mắt, hiệu năng vượt trội so với tầm giá. Rất hài lòng!"
ORI-002264,ORD-260123-1688,CHAIR-001,SECRETLAB-TITAN-EVO-2022,"Ghế gaming Secretlab Titan Evo 2022 (SoftWeave Plus, Medium)",Ghế gaming - Gaming Chair,Secretlab,1,12990000,14500000,12990000,5,"Sản phẩm cực kỳ chất lượng, đóng gói cẩn thận, giao hàng nhanh."
ORI-002265,ORD-260123-1688,FAN-001,LIANLI-UNI-FAN-AL120-3PACK,"Fan Case Lian Li UNI FAN AL120 RGB (3-Pack, Daisy-chain)",Fan - Quạt tản nhiệt,Lian Li,1,1490000,1800000,1490000,5,"Hàng chuẩn GearVN, nguyên seal mới cứng, bảo hành đầy đủ. Vote 5 sao!"
ORI-002266,ORD-250630-1689,GPU-004,ASUS-RX7900XTX-24G,VGA ASUS TUF Gaming Radeon RX 7900 XTX OC 24GB,VGA - Card màn hình,ASUS,1,22990000,25000000,22990000,4,"Chất lượng ổn áp, chạy ngon lành, đóng gói kỹ càng."
ORI-002267,ORD-251119-1690,MB-001,ASUS-ROG-MAXIMUS-Z790,"Mainboard ASUS ROG Maximus Z790 Hero (LGA 1700, DDR5, ATX)",Mainboard - Bo mạch chủ,ASUS,1,15990000,18000000,15990000,5,"Sản phẩm cực kỳ chất lượng, đóng gói cẩn thận, giao hàng nhanh."
ORI-002268,ORD-251119-1690,SSD-002,WD-BLACK-SN850X-1TB,SSD WD Black SN850X 1TB NVMe M.2 PCIe Gen4,SSD - Ổ cứng thể rắn,Western Digital,1,2190000,2500000,2190000,3,"Dùng tạm ổn, nhưng vỏ hộp hơi móp méo khi vận chuyển."
ORI-002269,ORD-251002-1691,CASE-002,JONSBO-D41-MESH,"Vỏ Case Jonsbo D41 Mesh Screen (Mid Tower, ATX, Màn hình LCD)",Case - Vỏ máy tính,Jonsbo,1,2290000,2600000,2290000,5,"Sản phẩm cực kỳ chất lượng, đóng gói cẩn thận, giao hàng nhanh."
ORI-002270,ORD-260512-1692,MOUSE-002,RAZER-DEATHADDER-V3-HTE,Chuột gaming Razer DeathAdder V3 HyperSpeed (Không dây),Chuột - Mouse,Razer,1,1890000,2200000,1890000,5,"Sản phẩm cực kỳ chất lượng, đóng gói cẩn thận, giao hàng nhanh."
ORI-002271,ORD-260512-1692,FAN-002,NOCTUA-NF-A12X25-PWM,Fan Case Noctua NF-A12x25 PWM 120mm (Hiệu suất cao),Fan - Quạt tản nhiệt,Noctua,1,990000,1200000,990000,5,"Thiết kế đẹp mắt, hiệu năng vượt trội so với tầm giá. Rất hài lòng!"
ORI-002272,ORD-251128-1693,GPU-003,GIGABYTE-RTX4070-SUPER-12G,VGA GIGABYTE GeForce RTX 4070 Super Gaming OC 12GB,VGA - Card màn hình,GIGABYTE,1,16490000,18500000,16490000,5,"Hàng chuẩn GearVN, nguyên seal mới cứng, bảo hành đầy đủ. Vote 5 sao!"
ORI-002273,ORD-251128-1693,HEADSET-001,CORSAIR-VIRTUOSO-RGB-XT,Tai nghe gaming Corsair Virtuoso RGB Wireless XT,Tai nghe - Headset,Corsair,1,4290000,5000000,4290000,3,"Hiệu năng đủ dùng cho tác vụ cơ bản, nhiệt độ hơi ấm khi tải nặng."
ORI-002274,ORD-250705-1694,MB-003,GIGABYTE-X670E-AORUS-MASTER,"Mainboard GIGABYTE X670E AORUS Master (AM5, DDR5, ATX)",Mainboard - Bo mạch chủ,GIGABYTE,1,11490000,13000000,11490000,3,"Hiệu năng đủ dùng cho tác vụ cơ bản, nhiệt độ hơi ấm khi tải nặng."
ORI-002275,ORD-251130-1695,FAN-002,NOCTUA-NF-A12X25-PWM,Fan Case Noctua NF-A12x25 PWM 120mm (Hiệu suất cao),Fan - Quạt tản nhiệt,Noctua,1,990000,1200000,990000,5,"Hàng chuẩn GearVN, nguyên seal mới cứng, bảo hành đầy đủ. Vote 5 sao!"
ORI-002276,ORD-251130-1695,COOL-002,THERMALRIGHT-PHANTOM-SPIRIT-120,Tản nhiệt khí Thermalright Phantom Spirit 120 SE ARGB,Tản nhiệt - Cooling,Thermalright,1,990000,1200000,990000,3,"Dùng tạm ổn, nhưng vỏ hộp hơi móp méo khi vận chuyển."
ORI-002277,ORD-260617-1696,GPU-005,MSI-RTX4060-TI-8G-VENTUS,VGA MSI GeForce RTX 4060 Ti 8G Ventus 2X OC,VGA - Card màn hình,MSI,1,9490000,11000000,9490000,5,"Rất đáng tiền, chạy mượt mà, chính hãng 100%."
ORI-002278,ORD-260615-1697,RAM-001,CORSAIR-DDR5-32GB-6000,RAM Corsair Dominator Titanium DDR5 32GB (2x16GB) 6000MHz,RAM - Bộ nhớ trong,Corsair,1,3990000,4500000,3990000,5,"Thiết kế đẹp mắt, hiệu năng vượt trội so với tầm giá. Rất hài lòng!"
ORI-002279,ORD-260615-1697,MB-003,GIGABYTE-X670E-AORUS-MASTER,"Mainboard GIGABYTE X670E AORUS Master (AM5, DDR5, ATX)",Mainboard - Bo mạch chủ,GIGABYTE,1,11490000,13000000,11490000,4,"Hiệu năng tốt trong tầm giá, dùng mượt mà không lỗi lầm gì."
ORI-002280,ORD-260114-1698,CPU-003,INTEL-I5-14600K,"CPU Intel Core i5-14600K (3.5GHz Turbo 5.3GHz, 14 nhân 20 luồng)",CPU - Bộ vi xử lý,Intel,1,5490000,6200000,5490000,1,"Hàng cũ đóng lại seal, chạy lỗi liên tục, bảo hành rất phiền phức. Không nên mua."
ORI-002281,ORD-260114-1698,MB-002,MSI-MAG-Z790-TOMAHAWK,"Mainboard MSI MAG Z790 Tomahawk WiFi (LGA 1700, DDR5, ATX)",Mainboard - Bo mạch chủ,MSI,1,6990000,7800000,6990000,5,"Rất đáng tiền, chạy mượt mà, chính hãng 100%."
ORI-002282,ORD-251205-1699,SSD-001,SAMSUNG-980-PRO-2TB,SSD Samsung 980 Pro 2TB NVMe M.2 PCIe Gen4,SSD - Ổ cứng thể rắn,Samsung,1,3490000,3900000,3490000,5,"Rất đáng tiền, chạy mượt mà, chính hãng 100%."
ORI-002283,ORD-250922-1700,CPU-001,INTEL-I9-14900K,"CPU Intel Core i9-14900K (3.2GHz Turbo 6.0GHz, 24 nhân 32 luồng)",CPU - Bộ vi xử lý,Intel,1,12990000,14500000,12990000,5,"Hàng chuẩn GearVN, nguyên seal mới cứng, bảo hành đầy đủ. Vote 5 sao!"
ORI-002284,ORD-250903-1701,PSU-002,SEASONIC-FOCUS-GX-850,Nguồn Seasonic Focus GX 850W 80 Plus Gold Full Modular,PSU - Nguồn máy tính,Seasonic,1,3290000,3800000,3290000,5,"Rất đáng tiền, chạy mượt mà, chính hãng 100%."
ORI-002285,ORD-250903-1701,GPU-002,MSI-RTX4080-SUPER-16G,VGA MSI GeForce RTX 4080 Super 16GB Gaming X Slim,VGA - Card màn hình,MSI,1,26990000,30000000,26990000,5,"Thiết kế đẹp mắt, hiệu năng vượt trội so với tầm giá. Rất hài lòng!"
ORI-002286,ORD-250701-1702,HDD-002,WD-RED-PLUS-8TB,"Ổ cứng HDD WD Red Plus 8TB 3.5"" SATA NAS",HDD - Ổ cứng cơ,Western Digital,1,4490000,5200000,4490000,5,"Thiết kế đẹp mắt, hiệu năng vượt trội so với tầm giá. Rất hài lòng!"
ORI-002287,ORD-260224-1703,MB-002,MSI-MAG-Z790-TOMAHAWK,"Mainboard MSI MAG Z790 Tomahawk WiFi (LGA 1700, DDR5, ATX)",Mainboard - Bo mạch chủ,MSI,1,6990000,7800000,6990000,5,"Hàng chuẩn GearVN, nguyên seal mới cứng, bảo hành đầy đủ. Vote 5 sao!"
ORI-002288,ORD-260224-1703,GPU-001,ASUS-ROG-RTX4090-24G,VGA ASUS ROG Strix GeForce RTX 4090 24GB GDDR6X OC,VGA - Card màn hình,ASUS,1,52990000,58000000,52990000,4,"Chất lượng ổn áp, chạy ngon lành, đóng gói kỹ càng."
ORI-002289,ORD-260203-1704,CPU-004,AMD-R9-7950X,"CPU AMD Ryzen 9 7950X (4.5GHz Turbo 5.7GHz, 16 nhân 32 luồng)",CPU - Bộ vi xử lý,AMD,1,13490000,15000000,13490000,5,"Lắp đặt dễ dàng, chạy êm ái và mát mẻ. Shop hỗ trợ nhiệt tình."
ORI-002290,ORD-251004-1705,MB-004,ASUS-TUF-B760M-PLUS-WIFI,"Mainboard ASUS TUF Gaming B760M-Plus WiFi (LGA 1700, DDR5, mATX)",Mainboard - Bo mạch chủ,ASUS,1,3990000,4500000,3990000,3,"Dùng tạm ổn, nhưng vỏ hộp hơi móp méo khi vận chuyển."
ORI-002291,ORD-251004-1705,CPU-005,AMD-R7-7700X,"CPU AMD Ryzen 7 7700X (4.5GHz Turbo 5.4GHz, 8 nhân 16 luồng)",CPU - Bộ vi xử lý,AMD,1,6890000,7500000,6890000,5,"Lắp đặt dễ dàng, chạy êm ái và mát mẻ. Shop hỗ trợ nhiệt tình."
ORI-002292,ORD-250817-1706,PSU-001,CORSAIR-HX1000I-1000W,Nguồn Corsair HX1000i 1000W 80 Plus Platinum Full Modular,PSU - Nguồn máy tính,Corsair,1,4990000,5500000,4990000,1,"Sản phẩm bị lỗi hỏng ngay khi bóc hộp, không lên nguồn. Dịch vụ tệ."
ORI-002293,ORD-250623-1707,CPU-001,INTEL-I9-14900K,"CPU Intel Core i9-14900K (3.2GHz Turbo 6.0GHz, 24 nhân 32 luồng)",CPU - Bộ vi xử lý,Intel,1,12990000,14500000,12990000,5,"Thiết kế đẹp mắt, hiệu năng vượt trội so với tầm giá. Rất hài lòng!"
ORI-002294,ORD-251117-1708,CPU-001,INTEL-I9-14900K,"CPU Intel Core i9-14900K (3.2GHz Turbo 6.0GHz, 24 nhân 32 luồng)",CPU - Bộ vi xử lý,Intel,1,12990000,14500000,12990000,4,"Chất lượng ổn áp, chạy ngon lành, đóng gói kỹ càng."
ORI-002295,ORD-251103-1709,GPU-003,GIGABYTE-RTX4070-SUPER-12G,VGA GIGABYTE GeForce RTX 4070 Super Gaming OC 12GB,VGA - Card màn hình,GIGABYTE,1,16490000,18500000,16490000,5,"Sản phẩm cực kỳ chất lượng, đóng gói cẩn thận, giao hàng nhanh."
ORI-002296,ORD-251103-1709,GPU-002,MSI-RTX4080-SUPER-16G,VGA MSI GeForce RTX 4080 Super 16GB Gaming X Slim,VGA - Card màn hình,MSI,1,26990000,30000000,26990000,5,"Rất đáng tiền, chạy mượt mà, chính hãng 100%."
ORI-002297,ORD-260409-1710,CASE-002,JONSBO-D41-MESH,"Vỏ Case Jonsbo D41 Mesh Screen (Mid Tower, ATX, Màn hình LCD)",Case - Vỏ máy tính,Jonsbo,1,2290000,2600000,2290000,5,"Thiết kế đẹp mắt, hiệu năng vượt trội so với tầm giá. Rất hài lòng!"
ORI-002298,ORD-260216-1711,PSU-001,CORSAIR-HX1000I-1000W,Nguồn Corsair HX1000i 1000W 80 Plus Platinum Full Modular,PSU - Nguồn máy tính,Corsair,1,4990000,5500000,4990000,5,"Lắp đặt dễ dàng, chạy êm ái và mát mẻ. Shop hỗ trợ nhiệt tình."
ORI-002299,ORD-260216-1711,MONITOR-001,LG-27GP850P-27-QHD-165HZ,"Màn hình LG UltraGear 27GP850P-B 27"" QHD IPS 165Hz 1ms",Màn hình - Monitor,LG,1,8990000,10500000,8990000,4,"Thiết kế đẹp, chạy mát, dịch vụ chăm sóc khách hàng khá tốt."
ORI-002300,ORD-251024-1712,COOL-002,THERMALRIGHT-PHANTOM-SPIRIT-120,Tản nhiệt khí Thermalright Phantom Spirit 120 SE ARGB,Tản nhiệt - Cooling,Thermalright,1,990000,1200000,990000,5,"Hàng chuẩn GearVN, nguyên seal mới cứng, bảo hành đầy đủ. Vote 5 sao!"
ORI-002301,ORD-250827-1713,GPU-004,ASUS-RX7900XTX-24G,VGA ASUS TUF Gaming Radeon RX 7900 XTX OC 24GB,VGA - Card màn hình,ASUS,1,22990000,25000000,22990000,4,"Thiết kế đẹp, chạy mát, dịch vụ chăm sóc khách hàng khá tốt."
ORI-002302,ORD-260208-1714,RAM-001,CORSAIR-DDR5-32GB-6000,RAM Corsair Dominator Titanium DDR5 32GB (2x16GB) 6000MHz,RAM - Bộ nhớ trong,Corsair,1,3990000,4500000,3990000,5,"Rất đáng tiền, chạy mượt mà, chính hãng 100%."
ORI-002303,ORD-260208-1714,CASE-001,LIANLI-PC-O11D-EVO,"Vỏ Case Lian Li PC-O11 Dynamic Evo (Mid Tower, ATX)",Case - Vỏ máy tính,Lian Li,1,3490000,3900000,3490000,5,"Rất đáng tiền, chạy mượt mà, chính hãng 100%."
ORI-002304,ORD-251014-1715,KB-002,RAZER-BLACKWIDOW-V4-75,Bàn phím cơ Razer BlackWidow V4 75% (Razer Yellow Switch),Bàn phím - Keyboard,Razer,1,3290000,3800000,3290000,5,"Lắp đặt dễ dàng, chạy êm ái và mát mẻ. Shop hỗ trợ nhiệt tình."
ORI-002305,ORD-251014-1715,PSU-002,SEASONIC-FOCUS-GX-850,Nguồn Seasonic Focus GX 850W 80 Plus Gold Full Modular,PSU - Nguồn máy tính,Seasonic,1,3290000,3800000,3290000,5,"Hàng chuẩn GearVN, nguyên seal mới cứng, bảo hành đầy đủ. Vote 5 sao!"
ORI-002306,ORD-260407-1716,PSU-002,SEASONIC-FOCUS-GX-850,Nguồn Seasonic Focus GX 850W 80 Plus Gold Full Modular,PSU - Nguồn máy tính,Seasonic,1,3290000,3800000,3290000,5,"Sản phẩm cực kỳ chất lượng, đóng gói cẩn thận, giao hàng nhanh."
ORI-002307,ORD-260114-1717,KB-002,RAZER-BLACKWIDOW-V4-75,Bàn phím cơ Razer BlackWidow V4 75% (Razer Yellow Switch),Bàn phím - Keyboard,Razer,1,3290000,3800000,3290000,5,"Rất đáng tiền, chạy mượt mà, chính hãng 100%."
ORI-002308,ORD-260114-1717,SSD-004,CRUCIAL-P5-PLUS-500GB,SSD Crucial P5 Plus 500GB NVMe M.2 PCIe Gen4,SSD - Ổ cứng thể rắn,Crucial,1,990000,1200000,990000,5,"Thiết kế đẹp mắt, hiệu năng vượt trội so với tầm giá. Rất hài lòng!"
ORI-002309,ORD-251107-1718,GPU-005,MSI-RTX4060-TI-8G-VENTUS,VGA MSI GeForce RTX 4060 Ti 8G Ventus 2X OC,VGA - Card màn hình,MSI,1,9490000,11000000,9490000,5,"Rất đáng tiền, chạy mượt mà, chính hãng 100%."
ORI-002310,ORD-251122-1719,FAN-002,NOCTUA-NF-A12X25-PWM,Fan Case Noctua NF-A12x25 PWM 120mm (Hiệu suất cao),Fan - Quạt tản nhiệt,Noctua,1,990000,1200000,990000,5,"Rất đáng tiền, chạy mượt mà, chính hãng 100%."
ORI-002311,ORD-251207-1720,CASE-001,LIANLI-PC-O11D-EVO,"Vỏ Case Lian Li PC-O11 Dynamic Evo (Mid Tower, ATX)",Case - Vỏ máy tính,Lian Li,1,3490000,3900000,3490000,4,"Hiệu năng tốt trong tầm giá, dùng mượt mà không lỗi lầm gì."
ORI-002312,ORD-250813-1721,GPU-001,ASUS-ROG-RTX4090-24G,VGA ASUS ROG Strix GeForce RTX 4090 24GB GDDR6X OC,VGA - Card màn hình,ASUS,1,52990000,58000000,52990000,4,"Hiệu năng tốt trong tầm giá, dùng mượt mà không lỗi lầm gì."
ORI-002313,ORD-251128-1722,MONITOR-001,LG-27GP850P-27-QHD-165HZ,"Màn hình LG UltraGear 27GP850P-B 27"" QHD IPS 165Hz 1ms",Màn hình - Monitor,LG,1,8990000,10500000,8990000,5,"Hàng chuẩn GearVN, nguyên seal mới cứng, bảo hành đầy đủ. Vote 5 sao!"
ORI-002314,ORD-250926-1723,SSD-002,WD-BLACK-SN850X-1TB,SSD WD Black SN850X 1TB NVMe M.2 PCIe Gen4,SSD - Ổ cứng thể rắn,Western Digital,1,2190000,2500000,2190000,5,"Hàng chuẩn GearVN, nguyên seal mới cứng, bảo hành đầy đủ. Vote 5 sao!"
ORI-002315,ORD-250926-1723,GPU-005,MSI-RTX4060-TI-8G-VENTUS,VGA MSI GeForce RTX 4060 Ti 8G Ventus 2X OC,VGA - Card màn hình,MSI,1,9490000,11000000,9490000,5,"Hàng chuẩn GearVN, nguyên seal mới cứng, bảo hành đầy đủ. Vote 5 sao!"
ORI-002316,ORD-251113-1724,PSU-002,SEASONIC-FOCUS-GX-850,Nguồn Seasonic Focus GX 850W 80 Plus Gold Full Modular,PSU - Nguồn máy tính,Seasonic,1,3290000,3800000,3290000,5,"Sản phẩm cực kỳ chất lượng, đóng gói cẩn thận, giao hàng nhanh."
ORI-002317,ORD-251113-1724,SSD-003,KINGSTON-KC3000-1TB,SSD Kingston KC3000 1TB NVMe M.2 PCIe Gen4,SSD - Ổ cứng thể rắn,Kingston,1,1890000,2200000,1890000,5,"Hàng chuẩn GearVN, nguyên seal mới cứng, bảo hành đầy đủ. Vote 5 sao!"
ORI-002318,ORD-260418-1725,RAM-001,CORSAIR-DDR5-32GB-6000,RAM Corsair Dominator Titanium DDR5 32GB (2x16GB) 6000MHz,RAM - Bộ nhớ trong,Corsair,1,3990000,4500000,3990000,2,"Sản phẩm có dấu hiệu trầy xước nhẹ, giao hàng chậm, đóng gói sơ sài."
ORI-002319,ORD-250811-1726,CPU-002,INTEL-I7-14700K,"CPU Intel Core i7-14700K (3.4GHz Turbo 5.6GHz, 20 nhân 28 luồng)",CPU - Bộ vi xử lý,Intel,1,8490000,9500000,8490000,5,"Rất đáng tiền, chạy mượt mà, chính hãng 100%."
ORI-002320,ORD-250827-1727,MONITOR-002,SAMSUNG-ODYSSEY-G7-32-4K,"Màn hình Samsung Odyssey G7 32"" 4K UHD 144Hz IPS",Màn hình - Monitor,Samsung,1,12990000,15000000,12990000,5,"Sản phẩm cực kỳ chất lượng, đóng gói cẩn thận, giao hàng nhanh."
ORI-002321,ORD-250827-1727,PSU-003,COOLERMASTER-V750-GOLD,Nguồn Cooler Master MWE Gold 750W 80 Plus Gold Full Modular,PSU - Nguồn máy tính,Cooler Master,1,2490000,2900000,2490000,5,"Sản phẩm cực kỳ chất lượng, đóng gói cẩn thận, giao hàng nhanh."
ORI-002322,ORD-260214-1728,MB-003,GIGABYTE-X670E-AORUS-MASTER,"Mainboard GIGABYTE X670E AORUS Master (AM5, DDR5, ATX)",Mainboard - Bo mạch chủ,GIGABYTE,1,11490000,13000000,11490000,5,"Thiết kế đẹp mắt, hiệu năng vượt trội so với tầm giá. Rất hài lòng!"
ORI-002323,ORD-260214-1728,GPU-001,ASUS-ROG-RTX4090-24G,VGA ASUS ROG Strix GeForce RTX 4090 24GB GDDR6X OC,VGA - Card màn hình,ASUS,1,52990000,58000000,52990000,5,"Hàng chuẩn GearVN, nguyên seal mới cứng, bảo hành đầy đủ. Vote 5 sao!"
ORI-002324,ORD-250702-1729,MB-001,ASUS-ROG-MAXIMUS-Z790,"Mainboard ASUS ROG Maximus Z790 Hero (LGA 1700, DDR5, ATX)",Mainboard - Bo mạch chủ,ASUS,1,15990000,18000000,15990000,4,"Sản phẩm tốt, nhân viên tư vấn nhiệt tình, sẽ tiếp tục ủng hộ."
ORI-002325,ORD-251016-1730,KB-002,RAZER-BLACKWIDOW-V4-75,Bàn phím cơ Razer BlackWidow V4 75% (Razer Yellow Switch),Bàn phím - Keyboard,Razer,1,3290000,3800000,3290000,5,"Sản phẩm cực kỳ chất lượng, đóng gói cẩn thận, giao hàng nhanh."
ORI-002326,ORD-251015-1731,CPU-003,INTEL-I5-14600K,"CPU Intel Core i5-14600K (3.5GHz Turbo 5.3GHz, 14 nhân 20 luồng)",CPU - Bộ vi xử lý,Intel,1,5490000,6200000,5490000,5,"Hàng chuẩn GearVN, nguyên seal mới cứng, bảo hành đầy đủ. Vote 5 sao!"
ORI-002327,ORD-260422-1732,CPU-002,INTEL-I7-14700K,"CPU Intel Core i7-14700K (3.4GHz Turbo 5.6GHz, 20 nhân 28 luồng)",CPU - Bộ vi xử lý,Intel,1,8490000,9500000,8490000,5,"Rất đáng tiền, chạy mượt mà, chính hãng 100%."
ORI-002328,ORD-251222-1733,CPU-003,INTEL-I5-14600K,"CPU Intel Core i5-14600K (3.5GHz Turbo 5.3GHz, 14 nhân 20 luồng)",CPU - Bộ vi xử lý,Intel,1,5490000,6200000,5490000,4,"Chất lượng ổn áp, chạy ngon lành, đóng gói kỹ càng."
ORI-002329,ORD-251222-1733,RAM-003,KINGSTON-FURY-DDR4-16GB-3200,RAM Kingston Fury Beast DDR4 16GB (2x8GB) 3200MHz,RAM - Bộ nhớ trong,Kingston,1,1290000,1500000,1290000,5,"Rất đáng tiền, chạy mượt mà, chính hãng 100%."
ORI-002330,ORD-251204-1734,MOUSE-001,LOGITECH-G-PRO-X-SUPERLIGHT2,"Chuột gaming Logitech G Pro X Superlight 2 (Không dây, 32000 DPI)",Chuột - Mouse,Logitech,1,3390000,3800000,3390000,2,"Sản phẩm có dấu hiệu trầy xước nhẹ, giao hàng chậm, đóng gói sơ sài."
ORI-002331,ORD-251204-1734,FAN-001,LIANLI-UNI-FAN-AL120-3PACK,"Fan Case Lian Li UNI FAN AL120 RGB (3-Pack, Daisy-chain)",Fan - Quạt tản nhiệt,Lian Li,1,1490000,1800000,1490000,5,"Sản phẩm cực kỳ chất lượng, đóng gói cẩn thận, giao hàng nhanh."
ORI-002332,ORD-260208-1735,RAM-003,KINGSTON-FURY-DDR4-16GB-3200,RAM Kingston Fury Beast DDR4 16GB (2x8GB) 3200MHz,RAM - Bộ nhớ trong,Kingston,1,1290000,1500000,1290000,4,"Thiết kế đẹp, chạy mát, dịch vụ chăm sóc khách hàng khá tốt."
ORI-002333,ORD-260208-1735,CPU-003,INTEL-I5-14600K,"CPU Intel Core i5-14600K (3.5GHz Turbo 5.3GHz, 14 nhân 20 luồng)",CPU - Bộ vi xử lý,Intel,1,5490000,6200000,5490000,3,"Dùng tạm ổn, nhưng vỏ hộp hơi móp méo khi vận chuyển."
ORI-002334,ORD-260310-1736,CASE-002,JONSBO-D41-MESH,"Vỏ Case Jonsbo D41 Mesh Screen (Mid Tower, ATX, Màn hình LCD)",Case - Vỏ máy tính,Jonsbo,1,2290000,2600000,2290000,5,"Hàng chuẩn GearVN, nguyên seal mới cứng, bảo hành đầy đủ. Vote 5 sao!"
ORI-002335,ORD-260310-1736,CPU-002,INTEL-I7-14700K,"CPU Intel Core i7-14700K (3.4GHz Turbo 5.6GHz, 20 nhân 28 luồng)",CPU - Bộ vi xử lý,Intel,1,8490000,9500000,8490000,5,"Lắp đặt dễ dàng, chạy êm ái và mát mẻ. Shop hỗ trợ nhiệt tình."
ORI-002336,ORD-260519-1737,CPU-004,AMD-R9-7950X,"CPU AMD Ryzen 9 7950X (4.5GHz Turbo 5.7GHz, 16 nhân 32 luồng)",CPU - Bộ vi xử lý,AMD,1,13490000,15000000,13490000,5,"Thiết kế đẹp mắt, hiệu năng vượt trội so với tầm giá. Rất hài lòng!"
ORI-002337,ORD-260530-1738,MB-001,ASUS-ROG-MAXIMUS-Z790,"Mainboard ASUS ROG Maximus Z790 Hero (LGA 1700, DDR5, ATX)",Mainboard - Bo mạch chủ,ASUS,1,15990000,18000000,15990000,1,"Sản phẩm bị lỗi hỏng ngay khi bóc hộp, không lên nguồn. Dịch vụ tệ."
ORI-002338,ORD-250903-1739,CPU-001,INTEL-I9-14900K,"CPU Intel Core i9-14900K (3.2GHz Turbo 6.0GHz, 24 nhân 32 luồng)",CPU - Bộ vi xử lý,Intel,1,12990000,14500000,12990000,5,"Rất đáng tiền, chạy mượt mà, chính hãng 100%."
ORI-002339,ORD-250903-1739,COOL-002,THERMALRIGHT-PHANTOM-SPIRIT-120,Tản nhiệt khí Thermalright Phantom Spirit 120 SE ARGB,Tản nhiệt - Cooling,Thermalright,1,990000,1200000,990000,4,"Sản phẩm tốt, nhân viên tư vấn nhiệt tình, sẽ tiếp tục ủng hộ."
ORI-002340,ORD-250818-1740,CPU-005,AMD-R7-7700X,"CPU AMD Ryzen 7 7700X (4.5GHz Turbo 5.4GHz, 8 nhân 16 luồng)",CPU - Bộ vi xử lý,AMD,1,6890000,7500000,6890000,5,"Sản phẩm cực kỳ chất lượng, đóng gói cẩn thận, giao hàng nhanh."
ORI-002341,ORD-251130-1741,FAN-001,LIANLI-UNI-FAN-AL120-3PACK,"Fan Case Lian Li UNI FAN AL120 RGB (3-Pack, Daisy-chain)",Fan - Quạt tản nhiệt,Lian Li,1,1490000,1800000,1490000,4,"Hiệu năng tốt trong tầm giá, dùng mượt mà không lỗi lầm gì."
ORI-002342,ORD-260113-1742,FAN-002,NOCTUA-NF-A12X25-PWM,Fan Case Noctua NF-A12x25 PWM 120mm (Hiệu suất cao),Fan - Quạt tản nhiệt,Noctua,1,990000,1200000,990000,5,"Lắp đặt dễ dàng, chạy êm ái và mát mẻ. Shop hỗ trợ nhiệt tình."
ORI-002343,ORD-251107-1743,MB-004,ASUS-TUF-B760M-PLUS-WIFI,"Mainboard ASUS TUF Gaming B760M-Plus WiFi (LGA 1700, DDR5, mATX)",Mainboard - Bo mạch chủ,ASUS,1,3990000,4500000,3990000,5,"Thiết kế đẹp mắt, hiệu năng vượt trội so với tầm giá. Rất hài lòng!"
ORI-002344,ORD-251107-1743,MONITOR-002,SAMSUNG-ODYSSEY-G7-32-4K,"Màn hình Samsung Odyssey G7 32"" 4K UHD 144Hz IPS",Màn hình - Monitor,Samsung,1,12990000,15000000,12990000,5,"Lắp đặt dễ dàng, chạy êm ái và mát mẻ. Shop hỗ trợ nhiệt tình."
ORI-002345,ORD-260530-1744,COOL-001,CORSAIR-H150I-ELITE-360MM,Tản nhiệt nước AIO Corsair iCUE H150i Elite LCD 360mm,Tản nhiệt - Cooling,Corsair,1,4490000,5000000,4490000,5,"Rất đáng tiền, chạy mượt mà, chính hãng 100%."
ORI-002346,ORD-260530-1744,GPU-004,ASUS-RX7900XTX-24G,VGA ASUS TUF Gaming Radeon RX 7900 XTX OC 24GB,VGA - Card màn hình,ASUS,1,22990000,25000000,22990000,4,"Sản phẩm dùng tốt, đúng mô tả, tuy nhiên giao hàng hơi trễ 1 ngày."
ORI-002347,ORD-251221-1745,MB-004,ASUS-TUF-B760M-PLUS-WIFI,"Mainboard ASUS TUF Gaming B760M-Plus WiFi (LGA 1700, DDR5, mATX)",Mainboard - Bo mạch chủ,ASUS,1,3990000,4500000,3990000,2,"Giao sai phiên bản màu sắc, đang chờ shop đổi trả."
ORI-002348,ORD-251221-1745,CHAIR-001,SECRETLAB-TITAN-EVO-2022,"Ghế gaming Secretlab Titan Evo 2022 (SoftWeave Plus, Medium)",Ghế gaming - Gaming Chair,Secretlab,1,12990000,14500000,12990000,5,"Rất đáng tiền, chạy mượt mà, chính hãng 100%."
ORI-002349,ORD-250802-1746,SSD-002,WD-BLACK-SN850X-1TB,SSD WD Black SN850X 1TB NVMe M.2 PCIe Gen4,SSD - Ổ cứng thể rắn,Western Digital,1,2190000,2500000,2190000,5,"Hàng chuẩn GearVN, nguyên seal mới cứng, bảo hành đầy đủ. Vote 5 sao!"
ORI-002350,ORD-250922-1747,MOUSE-002,RAZER-DEATHADDER-V3-HTE,Chuột gaming Razer DeathAdder V3 HyperSpeed (Không dây),Chuột - Mouse,Razer,1,1890000,2200000,1890000,5,"Sản phẩm cực kỳ chất lượng, đóng gói cẩn thận, giao hàng nhanh."
ORI-002351,ORD-250922-1747,SSD-001,SAMSUNG-980-PRO-2TB,SSD Samsung 980 Pro 2TB NVMe M.2 PCIe Gen4,SSD - Ổ cứng thể rắn,Samsung,1,3490000,3900000,3490000,5,"Hàng chuẩn GearVN, nguyên seal mới cứng, bảo hành đầy đủ. Vote 5 sao!"
ORI-002352,ORD-251231-1748,MONITOR-001,LG-27GP850P-27-QHD-165HZ,"Màn hình LG UltraGear 27GP850P-B 27"" QHD IPS 165Hz 1ms",Màn hình - Monitor,LG,1,8990000,10500000,8990000,5,"Sản phẩm cực kỳ chất lượng, đóng gói cẩn thận, giao hàng nhanh."
ORI-002353,ORD-260205-1749,CASE-002,JONSBO-D41-MESH,"Vỏ Case Jonsbo D41 Mesh Screen (Mid Tower, ATX, Màn hình LCD)",Case - Vỏ máy tính,Jonsbo,1,2290000,2600000,2290000,5,"Rất đáng tiền, chạy mượt mà, chính hãng 100%."
ORI-002354,ORD-260228-1750,COOL-002,THERMALRIGHT-PHANTOM-SPIRIT-120,Tản nhiệt khí Thermalright Phantom Spirit 120 SE ARGB,Tản nhiệt - Cooling,Thermalright,1,990000,1200000,990000,3,"Dùng tạm ổn, nhưng vỏ hộp hơi móp méo khi vận chuyển."
ORI-002355,ORD-260228-1750,MB-003,GIGABYTE-X670E-AORUS-MASTER,"Mainboard GIGABYTE X670E AORUS Master (AM5, DDR5, ATX)",Mainboard - Bo mạch chủ,GIGABYTE,1,11490000,13000000,11490000,5,"Lắp đặt dễ dàng, chạy êm ái và mát mẻ. Shop hỗ trợ nhiệt tình."
ORI-002356,ORD-260204-1751,MB-001,ASUS-ROG-MAXIMUS-Z790,"Mainboard ASUS ROG Maximus Z790 Hero (LGA 1700, DDR5, ATX)",Mainboard - Bo mạch chủ,ASUS,1,15990000,18000000,15990000,5,"Thiết kế đẹp mắt, hiệu năng vượt trội so với tầm giá. Rất hài lòng!"
ORI-002357,ORD-260204-1751,PSU-003,COOLERMASTER-V750-GOLD,Nguồn Cooler Master MWE Gold 750W 80 Plus Gold Full Modular,PSU - Nguồn máy tính,Cooler Master,1,2490000,2900000,2490000,5,"Hàng chuẩn GearVN, nguyên seal mới cứng, bảo hành đầy đủ. Vote 5 sao!"
ORI-002358,ORD-251123-1752,MONITOR-001,LG-27GP850P-27-QHD-165HZ,"Màn hình LG UltraGear 27GP850P-B 27"" QHD IPS 165Hz 1ms",Màn hình - Monitor,LG,1,8990000,10500000,8990000,5,"Rất đáng tiền, chạy mượt mà, chính hãng 100%."
ORI-002359,ORD-250805-1753,COOL-002,THERMALRIGHT-PHANTOM-SPIRIT-120,Tản nhiệt khí Thermalright Phantom Spirit 120 SE ARGB,Tản nhiệt - Cooling,Thermalright,1,990000,1200000,990000,5,"Sản phẩm cực kỳ chất lượng, đóng gói cẩn thận, giao hàng nhanh."
ORI-002360,ORD-250922-1754,SSD-001,SAMSUNG-980-PRO-2TB,SSD Samsung 980 Pro 2TB NVMe M.2 PCIe Gen4,SSD - Ổ cứng thể rắn,Samsung,1,3490000,3900000,3490000,4,"Sản phẩm dùng tốt, đúng mô tả, tuy nhiên giao hàng hơi trễ 1 ngày."
ORI-002361,ORD-250922-1754,CPU-004,AMD-R9-7950X,"CPU AMD Ryzen 9 7950X (4.5GHz Turbo 5.7GHz, 16 nhân 32 luồng)",CPU - Bộ vi xử lý,AMD,1,13490000,15000000,13490000,5,"Hàng chuẩn GearVN, nguyên seal mới cứng, bảo hành đầy đủ. Vote 5 sao!"
ORI-002362,ORD-260409-1755,PSU-003,COOLERMASTER-V750-GOLD,Nguồn Cooler Master MWE Gold 750W 80 Plus Gold Full Modular,PSU - Nguồn máy tính,Cooler Master,1,2490000,2900000,2490000,5,"Sản phẩm cực kỳ chất lượng, đóng gói cẩn thận, giao hàng nhanh."
ORI-002363,ORD-260202-1756,MB-003,GIGABYTE-X670E-AORUS-MASTER,"Mainboard GIGABYTE X670E AORUS Master (AM5, DDR5, ATX)",Mainboard - Bo mạch chủ,GIGABYTE,1,11490000,13000000,11490000,5,"Thiết kế đẹp mắt, hiệu năng vượt trội so với tầm giá. Rất hài lòng!"
ORI-002364,ORD-251204-1757,MB-001,ASUS-ROG-MAXIMUS-Z790,"Mainboard ASUS ROG Maximus Z790 Hero (LGA 1700, DDR5, ATX)",Mainboard - Bo mạch chủ,ASUS,1,15990000,18000000,15990000,4,"Chất lượng ổn áp, chạy ngon lành, đóng gói kỹ càng."
ORI-002365,ORD-251204-1757,COOL-001,CORSAIR-H150I-ELITE-360MM,Tản nhiệt nước AIO Corsair iCUE H150i Elite LCD 360mm,Tản nhiệt - Cooling,Corsair,1,4490000,5000000,4490000,5,"Sản phẩm cực kỳ chất lượng, đóng gói cẩn thận, giao hàng nhanh."
ORI-002366,ORD-260209-1758,HEADSET-001,CORSAIR-VIRTUOSO-RGB-XT,Tai nghe gaming Corsair Virtuoso RGB Wireless XT,Tai nghe - Headset,Corsair,1,4290000,5000000,4290000,5,"Rất đáng tiền, chạy mượt mà, chính hãng 100%."
ORI-002367,ORD-250909-1759,RAM-002,GSKILL-DDR5-32GB-6000,RAM G.Skill Trident Z5 RGB DDR5 32GB (2x16GB) 6000MHz CL30,RAM - Bộ nhớ trong,G.Skill,1,3690000,4200000,3690000,5,"Lắp đặt dễ dàng, chạy êm ái và mát mẻ. Shop hỗ trợ nhiệt tình."
ORI-002368,ORD-260206-1760,SSD-003,KINGSTON-KC3000-1TB,SSD Kingston KC3000 1TB NVMe M.2 PCIe Gen4,SSD - Ổ cứng thể rắn,Kingston,1,1890000,2200000,1890000,5,"Hàng chuẩn GearVN, nguyên seal mới cứng, bảo hành đầy đủ. Vote 5 sao!"
ORI-002369,ORD-260206-1760,SSD-003,KINGSTON-KC3000-1TB,SSD Kingston KC3000 1TB NVMe M.2 PCIe Gen4,SSD - Ổ cứng thể rắn,Kingston,1,1890000,2200000,1890000,3,"Dùng tạm ổn, nhưng vỏ hộp hơi móp méo khi vận chuyển."
ORI-002370,ORD-251220-1761,GPU-005,MSI-RTX4060-TI-8G-VENTUS,VGA MSI GeForce RTX 4060 Ti 8G Ventus 2X OC,VGA - Card màn hình,MSI,1,9490000,11000000,9490000,5,"Rất đáng tiền, chạy mượt mà, chính hãng 100%."
ORI-002371,ORD-250812-1762,HDD-001,SEAGATE-BARRACUDA-4TB,"Ổ cứng HDD Seagate Barracuda 4TB 3.5"" SATA 5400RPM",HDD - Ổ cứng cơ,Seagate,1,2190000,2500000,2190000,5,"Lắp đặt dễ dàng, chạy êm ái và mát mẻ. Shop hỗ trợ nhiệt tình."
ORI-002372,ORD-250812-1762,MB-004,ASUS-TUF-B760M-PLUS-WIFI,"Mainboard ASUS TUF Gaming B760M-Plus WiFi (LGA 1700, DDR5, mATX)",Mainboard - Bo mạch chủ,ASUS,1,3990000,4500000,3990000,5,"Sản phẩm cực kỳ chất lượng, đóng gói cẩn thận, giao hàng nhanh."
ORI-002373,ORD-251213-1763,CPU-001,INTEL-I9-14900K,"CPU Intel Core i9-14900K (3.2GHz Turbo 6.0GHz, 24 nhân 32 luồng)",CPU - Bộ vi xử lý,Intel,1,12990000,14500000,12990000,2,"Hiệu năng không đúng như quảng cáo, hay bị sụt nguồn đột ngột."
ORI-002374,ORD-250921-1764,KB-002,RAZER-BLACKWIDOW-V4-75,Bàn phím cơ Razer BlackWidow V4 75% (Razer Yellow Switch),Bàn phím - Keyboard,Razer,1,3290000,3800000,3290000,5,"Lắp đặt dễ dàng, chạy êm ái và mát mẻ. Shop hỗ trợ nhiệt tình."
ORI-002375,ORD-251014-1765,FAN-001,LIANLI-UNI-FAN-AL120-3PACK,"Fan Case Lian Li UNI FAN AL120 RGB (3-Pack, Daisy-chain)",Fan - Quạt tản nhiệt,Lian Li,1,1490000,1800000,1490000,5,"Sản phẩm cực kỳ chất lượng, đóng gói cẩn thận, giao hàng nhanh."
ORI-002376,ORD-251014-1765,PSU-001,CORSAIR-HX1000I-1000W,Nguồn Corsair HX1000i 1000W 80 Plus Platinum Full Modular,PSU - Nguồn máy tính,Corsair,1,4990000,5500000,4990000,5,"Rất đáng tiền, chạy mượt mà, chính hãng 100%."
ORI-002377,ORD-260128-1766,PSU-003,COOLERMASTER-V750-GOLD,Nguồn Cooler Master MWE Gold 750W 80 Plus Gold Full Modular,PSU - Nguồn máy tính,Cooler Master,1,2490000,2900000,2490000,5,"Lắp đặt dễ dàng, chạy êm ái và mát mẻ. Shop hỗ trợ nhiệt tình."
ORI-002378,ORD-250821-1767,CASE-001,LIANLI-PC-O11D-EVO,"Vỏ Case Lian Li PC-O11 Dynamic Evo (Mid Tower, ATX)",Case - Vỏ máy tính,Lian Li,1,3490000,3900000,3490000,5,"Sản phẩm cực kỳ chất lượng, đóng gói cẩn thận, giao hàng nhanh."
ORI-002379,ORD-251117-1768,HDD-002,WD-RED-PLUS-8TB,"Ổ cứng HDD WD Red Plus 8TB 3.5"" SATA NAS",HDD - Ổ cứng cơ,Western Digital,1,4490000,5200000,4490000,5,"Lắp đặt dễ dàng, chạy êm ái và mát mẻ. Shop hỗ trợ nhiệt tình."
ORI-002380,ORD-251117-1768,CASE-001,LIANLI-PC-O11D-EVO,"Vỏ Case Lian Li PC-O11 Dynamic Evo (Mid Tower, ATX)",Case - Vỏ máy tính,Lian Li,1,3490000,3900000,3490000,5,"Rất đáng tiền, chạy mượt mà, chính hãng 100%."
ORI-002381,ORD-250804-1769,RAM-004,CORSAIR-DDR5-64GB-6400,RAM Corsair Vengeance DDR5 64GB (2x32GB) 6400MHz CL32,RAM - Bộ nhớ trong,Corsair,1,6490000,7500000,6490000,5,"Sản phẩm cực kỳ chất lượng, đóng gói cẩn thận, giao hàng nhanh."
ORI-002382,ORD-250906-1770,RAM-001,CORSAIR-DDR5-32GB-6000,RAM Corsair Dominator Titanium DDR5 32GB (2x16GB) 6000MHz,RAM - Bộ nhớ trong,Corsair,1,3990000,4500000,3990000,4,"Sản phẩm tốt, nhân viên tư vấn nhiệt tình, sẽ tiếp tục ủng hộ."
ORI-002383,ORD-250906-1770,PSU-001,CORSAIR-HX1000I-1000W,Nguồn Corsair HX1000i 1000W 80 Plus Platinum Full Modular,PSU - Nguồn máy tính,Corsair,1,4990000,5500000,4990000,5,"Rất đáng tiền, chạy mượt mà, chính hãng 100%."
ORI-002384,ORD-251209-1771,RAM-001,CORSAIR-DDR5-32GB-6000,RAM Corsair Dominator Titanium DDR5 32GB (2x16GB) 6000MHz,RAM - Bộ nhớ trong,Corsair,1,3990000,4500000,3990000,5,"Sản phẩm cực kỳ chất lượng, đóng gói cẩn thận, giao hàng nhanh."
ORI-002385,ORD-260214-1772,FAN-002,NOCTUA-NF-A12X25-PWM,Fan Case Noctua NF-A12x25 PWM 120mm (Hiệu suất cao),Fan - Quạt tản nhiệt,Noctua,1,990000,1200000,990000,3,"Sản phẩm bình thường, không quá nổi bật, dịch vụ giao hàng ở mức trung bình."
ORI-002386,ORD-260228-1773,HDD-001,SEAGATE-BARRACUDA-4TB,"Ổ cứng HDD Seagate Barracuda 4TB 3.5"" SATA 5400RPM",HDD - Ổ cứng cơ,Seagate,1,2190000,2500000,2190000,1,"Giao hàng quá chậm (mất 7 ngày), hàng móp méo hư hại nghiêm trọng."
ORI-002387,ORD-250708-1774,FAN-002,NOCTUA-NF-A12X25-PWM,Fan Case Noctua NF-A12x25 PWM 120mm (Hiệu suất cao),Fan - Quạt tản nhiệt,Noctua,1,990000,1200000,990000,5,"Hàng chuẩn GearVN, nguyên seal mới cứng, bảo hành đầy đủ. Vote 5 sao!"
ORI-002388,ORD-250708-1774,SSD-004,CRUCIAL-P5-PLUS-500GB,SSD Crucial P5 Plus 500GB NVMe M.2 PCIe Gen4,SSD - Ổ cứng thể rắn,Crucial,1,990000,1200000,990000,3,"Dùng tạm ổn, nhưng vỏ hộp hơi móp méo khi vận chuyển."
ORI-002389,ORD-250916-1775,SSD-001,SAMSUNG-980-PRO-2TB,SSD Samsung 980 Pro 2TB NVMe M.2 PCIe Gen4,SSD - Ổ cứng thể rắn,Samsung,1,3490000,3900000,3490000,5,"Lắp đặt dễ dàng, chạy êm ái và mát mẻ. Shop hỗ trợ nhiệt tình."
ORI-002390,ORD-250916-1775,KB-001,CORSAIR-K100-RGB-OPX,Bàn phím cơ Corsair K100 RGB Optical-Mechanical (OPX Switch),Bàn phím - Keyboard,Corsair,1,5490000,6000000,5490000,5,"Lắp đặt dễ dàng, chạy êm ái và mát mẻ. Shop hỗ trợ nhiệt tình."
ORI-002391,ORD-260111-1776,SSD-002,WD-BLACK-SN850X-1TB,SSD WD Black SN850X 1TB NVMe M.2 PCIe Gen4,SSD - Ổ cứng thể rắn,Western Digital,1,2190000,2500000,2190000,4,"Sản phẩm dùng tốt, đúng mô tả, tuy nhiên giao hàng hơi trễ 1 ngày."
ORI-002392,ORD-260111-1776,FAN-001,LIANLI-UNI-FAN-AL120-3PACK,"Fan Case Lian Li UNI FAN AL120 RGB (3-Pack, Daisy-chain)",Fan - Quạt tản nhiệt,Lian Li,1,1490000,1800000,1490000,3,"Sản phẩm bình thường, không quá nổi bật, dịch vụ giao hàng ở mức trung bình."
ORI-002393,ORD-250804-1777,RAM-004,CORSAIR-DDR5-64GB-6400,RAM Corsair Vengeance DDR5 64GB (2x32GB) 6400MHz CL32,RAM - Bộ nhớ trong,Corsair,1,6490000,7500000,6490000,5,"Sản phẩm cực kỳ chất lượng, đóng gói cẩn thận, giao hàng nhanh."
ORI-002394,ORD-251229-1778,KB-002,RAZER-BLACKWIDOW-V4-75,Bàn phím cơ Razer BlackWidow V4 75% (Razer Yellow Switch),Bàn phím - Keyboard,Razer,1,3290000,3800000,3290000,4,"Thiết kế đẹp, chạy mát, dịch vụ chăm sóc khách hàng khá tốt."
ORI-002395,ORD-260118-1779,KB-001,CORSAIR-K100-RGB-OPX,Bàn phím cơ Corsair K100 RGB Optical-Mechanical (OPX Switch),Bàn phím - Keyboard,Corsair,1,5490000,6000000,5490000,4,"Sản phẩm tốt, nhân viên tư vấn nhiệt tình, sẽ tiếp tục ủng hộ."
ORI-002396,ORD-260118-1779,PSU-001,CORSAIR-HX1000I-1000W,Nguồn Corsair HX1000i 1000W 80 Plus Platinum Full Modular,PSU - Nguồn máy tính,Corsair,1,4990000,5500000,4990000,5,"Sản phẩm cực kỳ chất lượng, đóng gói cẩn thận, giao hàng nhanh."
ORI-002397,ORD-250825-1780,COOL-001,CORSAIR-H150I-ELITE-360MM,Tản nhiệt nước AIO Corsair iCUE H150i Elite LCD 360mm,Tản nhiệt - Cooling,Corsair,1,4490000,5000000,4490000,5,"Lắp đặt dễ dàng, chạy êm ái và mát mẻ. Shop hỗ trợ nhiệt tình."
ORI-002398,ORD-260423-1781,GPU-005,MSI-RTX4060-TI-8G-VENTUS,VGA MSI GeForce RTX 4060 Ti 8G Ventus 2X OC,VGA - Card màn hình,MSI,1,9490000,11000000,9490000,2,"Hiệu năng không đúng như quảng cáo, hay bị sụt nguồn đột ngột."
ORI-002399,ORD-251231-1782,MONITOR-002,SAMSUNG-ODYSSEY-G7-32-4K,"Màn hình Samsung Odyssey G7 32"" 4K UHD 144Hz IPS",Màn hình - Monitor,Samsung,1,12990000,15000000,12990000,5,"Hàng chuẩn GearVN, nguyên seal mới cứng, bảo hành đầy đủ. Vote 5 sao!"
ORI-002400,ORD-260604-1783,FAN-002,NOCTUA-NF-A12X25-PWM,Fan Case Noctua NF-A12x25 PWM 120mm (Hiệu suất cao),Fan - Quạt tản nhiệt,Noctua,1,990000,1200000,990000,4,"Sản phẩm tốt, nhân viên tư vấn nhiệt tình, sẽ tiếp tục ủng hộ."
ORI-002401,ORD-250817-1784,MOUSE-001,LOGITECH-G-PRO-X-SUPERLIGHT2,"Chuột gaming Logitech G Pro X Superlight 2 (Không dây, 32000 DPI)",Chuột - Mouse,Logitech,1,3390000,3800000,3390000,5,"Thiết kế đẹp mắt, hiệu năng vượt trội so với tầm giá. Rất hài lòng!"
ORI-002402,ORD-260112-1785,PSU-003,COOLERMASTER-V750-GOLD,Nguồn Cooler Master MWE Gold 750W 80 Plus Gold Full Modular,PSU - Nguồn máy tính,Cooler Master,1,2490000,2900000,2490000,5,"Sản phẩm cực kỳ chất lượng, đóng gói cẩn thận, giao hàng nhanh."
ORI-002403,ORD-260112-1785,HDD-002,WD-RED-PLUS-8TB,"Ổ cứng HDD WD Red Plus 8TB 3.5"" SATA NAS",HDD - Ổ cứng cơ,Western Digital,1,4490000,5200000,4490000,5,"Thiết kế đẹp mắt, hiệu năng vượt trội so với tầm giá. Rất hài lòng!"
ORI-002404,ORD-260506-1786,COOL-001,CORSAIR-H150I-ELITE-360MM,Tản nhiệt nước AIO Corsair iCUE H150i Elite LCD 360mm,Tản nhiệt - Cooling,Corsair,1,4490000,5000000,4490000,4,"Hiệu năng tốt trong tầm giá, dùng mượt mà không lỗi lầm gì."
ORI-002405,ORD-251005-1787,MONITOR-002,SAMSUNG-ODYSSEY-G7-32-4K,"Màn hình Samsung Odyssey G7 32"" 4K UHD 144Hz IPS",Màn hình - Monitor,Samsung,1,12990000,15000000,12990000,5,"Lắp đặt dễ dàng, chạy êm ái và mát mẻ. Shop hỗ trợ nhiệt tình."
ORI-002406,ORD-251005-1787,FAN-002,NOCTUA-NF-A12X25-PWM,Fan Case Noctua NF-A12x25 PWM 120mm (Hiệu suất cao),Fan - Quạt tản nhiệt,Noctua,1,990000,1200000,990000,5,"Sản phẩm cực kỳ chất lượng, đóng gói cẩn thận, giao hàng nhanh."
ORI-002407,ORD-251116-1788,SSD-001,SAMSUNG-980-PRO-2TB,SSD Samsung 980 Pro 2TB NVMe M.2 PCIe Gen4,SSD - Ổ cứng thể rắn,Samsung,1,3490000,3900000,3490000,5,"Hàng chuẩn GearVN, nguyên seal mới cứng, bảo hành đầy đủ. Vote 5 sao!"
ORI-002408,ORD-251212-1789,GPU-003,GIGABYTE-RTX4070-SUPER-12G,VGA GIGABYTE GeForce RTX 4070 Super Gaming OC 12GB,VGA - Card màn hình,GIGABYTE,1,16490000,18500000,16490000,3,"Dùng tạm ổn, nhưng vỏ hộp hơi móp méo khi vận chuyển."
ORI-002409,ORD-260404-1790,RAM-002,GSKILL-DDR5-32GB-6000,RAM G.Skill Trident Z5 RGB DDR5 32GB (2x16GB) 6000MHz CL30,RAM - Bộ nhớ trong,G.Skill,1,3690000,4200000,3690000,4,"Sản phẩm tốt, nhân viên tư vấn nhiệt tình, sẽ tiếp tục ủng hộ."
ORI-002410,ORD-260404-1790,SSD-004,CRUCIAL-P5-PLUS-500GB,SSD Crucial P5 Plus 500GB NVMe M.2 PCIe Gen4,SSD - Ổ cứng thể rắn,Crucial,1,990000,1200000,990000,5,"Thiết kế đẹp mắt, hiệu năng vượt trội so với tầm giá. Rất hài lòng!"
ORI-002411,ORD-251122-1791,COOL-001,CORSAIR-H150I-ELITE-360MM,Tản nhiệt nước AIO Corsair iCUE H150i Elite LCD 360mm,Tản nhiệt - Cooling,Corsair,1,4490000,5000000,4490000,5,"Thiết kế đẹp mắt, hiệu năng vượt trội so với tầm giá. Rất hài lòng!"
ORI-002412,ORD-251122-1791,RAM-003,KINGSTON-FURY-DDR4-16GB-3200,RAM Kingston Fury Beast DDR4 16GB (2x8GB) 3200MHz,RAM - Bộ nhớ trong,Kingston,1,1290000,1500000,1290000,4,"Sản phẩm dùng tốt, đúng mô tả, tuy nhiên giao hàng hơi trễ 1 ngày."
ORI-002413,ORD-260211-1792,CPU-006,INTEL-I3-14100F,"CPU Intel Core i3-14100F (3.5GHz Turbo 4.7GHz, 4 nhân 8 luồng)",CPU - Bộ vi xử lý,Intel,1,2490000,2800000,2490000,2,"Giao sai phiên bản màu sắc, đang chờ shop đổi trả."
ORI-002414,ORD-251114-1793,COOL-003,DEEPCOOL-AK620-DIGITAL,"Tản nhiệt khí DeepCool AK620 Digital (Dual Tower, 2x120mm)",Tản nhiệt - Cooling,Deepcool,1,1490000,1800000,1490000,5,"Lắp đặt dễ dàng, chạy êm ái và mát mẻ. Shop hỗ trợ nhiệt tình."
ORI-002415,ORD-251223-1794,MONITOR-002,SAMSUNG-ODYSSEY-G7-32-4K,"Màn hình Samsung Odyssey G7 32"" 4K UHD 144Hz IPS",Màn hình - Monitor,Samsung,1,12990000,15000000,12990000,5,"Thiết kế đẹp mắt, hiệu năng vượt trội so với tầm giá. Rất hài lòng!"
ORI-002416,ORD-250621-1795,GPU-003,GIGABYTE-RTX4070-SUPER-12G,VGA GIGABYTE GeForce RTX 4070 Super Gaming OC 12GB,VGA - Card màn hình,GIGABYTE,1,16490000,18500000,16490000,5,"Thiết kế đẹp mắt, hiệu năng vượt trội so với tầm giá. Rất hài lòng!"
ORI-002417,ORD-250621-1795,RAM-001,CORSAIR-DDR5-32GB-6000,RAM Corsair Dominator Titanium DDR5 32GB (2x16GB) 6000MHz,RAM - Bộ nhớ trong,Corsair,1,3990000,4500000,3990000,5,"Rất đáng tiền, chạy mượt mà, chính hãng 100%."
ORI-002418,ORD-251227-1796,CPU-001,INTEL-I9-14900K,"CPU Intel Core i9-14900K (3.2GHz Turbo 6.0GHz, 24 nhân 32 luồng)",CPU - Bộ vi xử lý,Intel,1,12990000,14500000,12990000,,
ORI-002419,ORD-250825-1797,CASE-002,JONSBO-D41-MESH,"Vỏ Case Jonsbo D41 Mesh Screen (Mid Tower, ATX, Màn hình LCD)",Case - Vỏ máy tính,Jonsbo,1,2290000,2600000,2290000,3,"Dùng tạm ổn, nhưng vỏ hộp hơi móp méo khi vận chuyển."
ORI-002420,ORD-251114-1798,HDD-001,SEAGATE-BARRACUDA-4TB,"Ổ cứng HDD Seagate Barracuda 4TB 3.5"" SATA 5400RPM",HDD - Ổ cứng cơ,Seagate,1,2190000,2500000,2190000,5,"Thiết kế đẹp mắt, hiệu năng vượt trội so với tầm giá. Rất hài lòng!"
ORI-002421,ORD-260614-1799,GPU-001,ASUS-ROG-RTX4090-24G,VGA ASUS ROG Strix GeForce RTX 4090 24GB GDDR6X OC,VGA - Card màn hình,ASUS,1,52990000,58000000,52990000,,
ORI-002422,ORD-260614-1799,COOL-003,DEEPCOOL-AK620-DIGITAL,"Tản nhiệt khí DeepCool AK620 Digital (Dual Tower, 2x120mm)",Tản nhiệt - Cooling,Deepcool,1,1490000,1800000,1490000,,
ORI-002423,ORD-251217-1800,GPU-002,MSI-RTX4080-SUPER-16G,VGA MSI GeForce RTX 4080 Super 16GB Gaming X Slim,VGA - Card màn hình,MSI,1,26990000,30000000,26990000,2,"Hiệu năng không đúng như quảng cáo, hay bị sụt nguồn đột ngột."
ORI-002424,ORD-250825-1801,CPU-004,AMD-R9-7950X,"CPU AMD Ryzen 9 7950X (4.5GHz Turbo 5.7GHz, 16 nhân 32 luồng)",CPU - Bộ vi xử lý,AMD,1,13490000,15000000,13490000,5,"Lắp đặt dễ dàng, chạy êm ái và mát mẻ. Shop hỗ trợ nhiệt tình."
ORI-002425,ORD-260403-1802,FAN-001,LIANLI-UNI-FAN-AL120-3PACK,"Fan Case Lian Li UNI FAN AL120 RGB (3-Pack, Daisy-chain)",Fan - Quạt tản nhiệt,Lian Li,1,1490000,1800000,1490000,5,"Rất đáng tiền, chạy mượt mà, chính hãng 100%."
ORI-002426,ORD-260513-1803,MB-004,ASUS-TUF-B760M-PLUS-WIFI,"Mainboard ASUS TUF Gaming B760M-Plus WiFi (LGA 1700, DDR5, mATX)",Mainboard - Bo mạch chủ,ASUS,1,3990000,4500000,3990000,5,"Thiết kế đẹp mắt, hiệu năng vượt trội so với tầm giá. Rất hài lòng!"
ORI-002427,ORD-251203-1804,MB-004,ASUS-TUF-B760M-PLUS-WIFI,"Mainboard ASUS TUF Gaming B760M-Plus WiFi (LGA 1700, DDR5, mATX)",Mainboard - Bo mạch chủ,ASUS,1,3990000,4500000,3990000,5,"Thiết kế đẹp mắt, hiệu năng vượt trội so với tầm giá. Rất hài lòng!"
ORI-002428,ORD-251203-1804,COOL-003,DEEPCOOL-AK620-DIGITAL,"Tản nhiệt khí DeepCool AK620 Digital (Dual Tower, 2x120mm)",Tản nhiệt - Cooling,Deepcool,1,1490000,1800000,1490000,5,"Thiết kế đẹp mắt, hiệu năng vượt trội so với tầm giá. Rất hài lòng!"
ORI-002429,ORD-260107-1805,HEADSET-001,CORSAIR-VIRTUOSO-RGB-XT,Tai nghe gaming Corsair Virtuoso RGB Wireless XT,Tai nghe - Headset,Corsair,1,4290000,5000000,4290000,2,"Sản phẩm có dấu hiệu trầy xước nhẹ, giao hàng chậm, đóng gói sơ sài."
ORI-002430,ORD-250627-1806,RAM-002,GSKILL-DDR5-32GB-6000,RAM G.Skill Trident Z5 RGB DDR5 32GB (2x16GB) 6000MHz CL30,RAM - Bộ nhớ trong,G.Skill,1,3690000,4200000,3690000,3,"Hiệu năng đủ dùng cho tác vụ cơ bản, nhiệt độ hơi ấm khi tải nặng."
ORI-002431,ORD-260103-1807,MOUSE-001,LOGITECH-G-PRO-X-SUPERLIGHT2,"Chuột gaming Logitech G Pro X Superlight 2 (Không dây, 32000 DPI)",Chuột - Mouse,Logitech,1,3390000,3800000,3390000,5,"Hàng chuẩn GearVN, nguyên seal mới cứng, bảo hành đầy đủ. Vote 5 sao!"
ORI-002432,ORD-260516-1808,KB-002,RAZER-BLACKWIDOW-V4-75,Bàn phím cơ Razer BlackWidow V4 75% (Razer Yellow Switch),Bàn phím - Keyboard,Razer,1,3290000,3800000,3290000,,
ORI-002433,ORD-260225-1809,HDD-001,SEAGATE-BARRACUDA-4TB,"Ổ cứng HDD Seagate Barracuda 4TB 3.5"" SATA 5400RPM",HDD - Ổ cứng cơ,Seagate,1,2190000,2500000,2190000,5,"Thiết kế đẹp mắt, hiệu năng vượt trội so với tầm giá. Rất hài lòng!"
ORI-002434,ORD-260124-1810,CASE-001,LIANLI-PC-O11D-EVO,"Vỏ Case Lian Li PC-O11 Dynamic Evo (Mid Tower, ATX)",Case - Vỏ máy tính,Lian Li,1,3490000,3900000,3490000,5,"Hàng chuẩn GearVN, nguyên seal mới cứng, bảo hành đầy đủ. Vote 5 sao!"
ORI-002435,ORD-251227-1811,SSD-001,SAMSUNG-980-PRO-2TB,SSD Samsung 980 Pro 2TB NVMe M.2 PCIe Gen4,SSD - Ổ cứng thể rắn,Samsung,1,3490000,3900000,3490000,5,"Sản phẩm cực kỳ chất lượng, đóng gói cẩn thận, giao hàng nhanh."
ORI-002436,ORD-260329-1812,KB-001,CORSAIR-K100-RGB-OPX,Bàn phím cơ Corsair K100 RGB Optical-Mechanical (OPX Switch),Bàn phím - Keyboard,Corsair,1,5490000,6000000,5490000,5,"Thiết kế đẹp mắt, hiệu năng vượt trội so với tầm giá. Rất hài lòng!"
ORI-002437,ORD-260524-1813,GPU-005,MSI-RTX4060-TI-8G-VENTUS,VGA MSI GeForce RTX 4060 Ti 8G Ventus 2X OC,VGA - Card màn hình,MSI,1,9490000,11000000,9490000,3,"Dùng tạm ổn, nhưng vỏ hộp hơi móp méo khi vận chuyển."
ORI-002438,ORD-250927-1814,GPU-004,ASUS-RX7900XTX-24G,VGA ASUS TUF Gaming Radeon RX 7900 XTX OC 24GB,VGA - Card màn hình,ASUS,1,22990000,25000000,22990000,5,"Hàng chuẩn GearVN, nguyên seal mới cứng, bảo hành đầy đủ. Vote 5 sao!"
ORI-002439,ORD-260129-1815,HDD-002,WD-RED-PLUS-8TB,"Ổ cứng HDD WD Red Plus 8TB 3.5"" SATA NAS",HDD - Ổ cứng cơ,Western Digital,1,4490000,5200000,4490000,5,"Hàng chuẩn GearVN, nguyên seal mới cứng, bảo hành đầy đủ. Vote 5 sao!"
ORI-002440,ORD-260210-1816,MB-001,ASUS-ROG-MAXIMUS-Z790,"Mainboard ASUS ROG Maximus Z790 Hero (LGA 1700, DDR5, ATX)",Mainboard - Bo mạch chủ,ASUS,1,15990000,18000000,15990000,5,"Rất đáng tiền, chạy mượt mà, chính hãng 100%."
ORI-002441,ORD-260210-1816,CPU-006,INTEL-I3-14100F,"CPU Intel Core i3-14100F (3.5GHz Turbo 4.7GHz, 4 nhân 8 luồng)",CPU - Bộ vi xử lý,Intel,1,2490000,2800000,2490000,5,"Thiết kế đẹp mắt, hiệu năng vượt trội so với tầm giá. Rất hài lòng!"
ORI-002442,ORD-260319-1817,GPU-004,ASUS-RX7900XTX-24G,VGA ASUS TUF Gaming Radeon RX 7900 XTX OC 24GB,VGA - Card màn hình,ASUS,1,22990000,25000000,22990000,1,"Hàng cũ đóng lại seal, chạy lỗi liên tục, bảo hành rất phiền phức. Không nên mua."
ORI-002443,ORD-251111-1818,MB-004,ASUS-TUF-B760M-PLUS-WIFI,"Mainboard ASUS TUF Gaming B760M-Plus WiFi (LGA 1700, DDR5, mATX)",Mainboard - Bo mạch chủ,ASUS,1,3990000,4500000,3990000,5,"Hàng chuẩn GearVN, nguyên seal mới cứng, bảo hành đầy đủ. Vote 5 sao!"
ORI-002444,ORD-250919-1819,FAN-002,NOCTUA-NF-A12X25-PWM,Fan Case Noctua NF-A12x25 PWM 120mm (Hiệu suất cao),Fan - Quạt tản nhiệt,Noctua,1,990000,1200000,990000,4,"Hiệu năng tốt trong tầm giá, dùng mượt mà không lỗi lầm gì."
ORI-002445,ORD-250919-1819,MB-002,MSI-MAG-Z790-TOMAHAWK,"Mainboard MSI MAG Z790 Tomahawk WiFi (LGA 1700, DDR5, ATX)",Mainboard - Bo mạch chủ,MSI,1,6990000,7800000,6990000,4,"Chất lượng ổn áp, chạy ngon lành, đóng gói kỹ càng."
ORI-002446,ORD-251206-1820,PSU-002,SEASONIC-FOCUS-GX-850,Nguồn Seasonic Focus GX 850W 80 Plus Gold Full Modular,PSU - Nguồn máy tính,Seasonic,1,3290000,3800000,3290000,4,"Sản phẩm tốt, nhân viên tư vấn nhiệt tình, sẽ tiếp tục ủng hộ."
ORI-002447,ORD-251206-1820,CHAIR-001,SECRETLAB-TITAN-EVO-2022,"Ghế gaming Secretlab Titan Evo 2022 (SoftWeave Plus, Medium)",Ghế gaming - Gaming Chair,Secretlab,1,12990000,14500000,12990000,5,"Thiết kế đẹp mắt, hiệu năng vượt trội so với tầm giá. Rất hài lòng!"
ORI-002448,ORD-251102-1821,COOL-003,DEEPCOOL-AK620-DIGITAL,"Tản nhiệt khí DeepCool AK620 Digital (Dual Tower, 2x120mm)",Tản nhiệt - Cooling,Deepcool,1,1490000,1800000,1490000,5,"Lắp đặt dễ dàng, chạy êm ái và mát mẻ. Shop hỗ trợ nhiệt tình."
ORI-002449,ORD-251102-1821,CHAIR-001,SECRETLAB-TITAN-EVO-2022,"Ghế gaming Secretlab Titan Evo 2022 (SoftWeave Plus, Medium)",Ghế gaming - Gaming Chair,Secretlab,1,12990000,14500000,12990000,5,"Lắp đặt dễ dàng, chạy êm ái và mát mẻ. Shop hỗ trợ nhiệt tình."
ORI-002450,ORD-260602-1822,CPU-001,INTEL-I9-14900K,"CPU Intel Core i9-14900K (3.2GHz Turbo 6.0GHz, 24 nhân 32 luồng)",CPU - Bộ vi xử lý,Intel,1,12990000,14500000,12990000,5,"Rất đáng tiền, chạy mượt mà, chính hãng 100%."
ORI-002451,ORD-260602-1822,GPU-003,GIGABYTE-RTX4070-SUPER-12G,VGA GIGABYTE GeForce RTX 4070 Super Gaming OC 12GB,VGA - Card màn hình,GIGABYTE,1,16490000,18500000,16490000,5,"Hàng chuẩn GearVN, nguyên seal mới cứng, bảo hành đầy đủ. Vote 5 sao!"
ORI-002452,ORD-251208-1823,MONITOR-002,SAMSUNG-ODYSSEY-G7-32-4K,"Màn hình Samsung Odyssey G7 32"" 4K UHD 144Hz IPS",Màn hình - Monitor,Samsung,1,12990000,15000000,12990000,4,"Thiết kế đẹp, chạy mát, dịch vụ chăm sóc khách hàng khá tốt."
ORI-002453,ORD-251208-1823,PSU-001,CORSAIR-HX1000I-1000W,Nguồn Corsair HX1000i 1000W 80 Plus Platinum Full Modular,PSU - Nguồn máy tính,Corsair,1,4990000,5500000,4990000,5,"Thiết kế đẹp mắt, hiệu năng vượt trội so với tầm giá. Rất hài lòng!"
ORI-002454,ORD-260321-1824,HEADSET-001,CORSAIR-VIRTUOSO-RGB-XT,Tai nghe gaming Corsair Virtuoso RGB Wireless XT,Tai nghe - Headset,Corsair,1,4290000,5000000,4290000,5,"Sản phẩm cực kỳ chất lượng, đóng gói cẩn thận, giao hàng nhanh."
ORI-002455,ORD-251214-1825,KB-002,RAZER-BLACKWIDOW-V4-75,Bàn phím cơ Razer BlackWidow V4 75% (Razer Yellow Switch),Bàn phím - Keyboard,Razer,1,3290000,3800000,3290000,5,"Thiết kế đẹp mắt, hiệu năng vượt trội so với tầm giá. Rất hài lòng!"
ORI-002456,ORD-251214-1825,HDD-001,SEAGATE-BARRACUDA-4TB,"Ổ cứng HDD Seagate Barracuda 4TB 3.5"" SATA 5400RPM",HDD - Ổ cứng cơ,Seagate,1,2190000,2500000,2190000,4,"Hiệu năng tốt trong tầm giá, dùng mượt mà không lỗi lầm gì."
ORI-002457,ORD-250722-1826,CPU-001,INTEL-I9-14900K,"CPU Intel Core i9-14900K (3.2GHz Turbo 6.0GHz, 24 nhân 32 luồng)",CPU - Bộ vi xử lý,Intel,1,12990000,14500000,12990000,,
ORI-002458,ORD-250825-1827,HDD-002,WD-RED-PLUS-8TB,"Ổ cứng HDD WD Red Plus 8TB 3.5"" SATA NAS",HDD - Ổ cứng cơ,Western Digital,1,4490000,5200000,4490000,3,Chất lượng sản phẩm ok nhưng tổng đài hỗ trợ kỹ thuật phản hồi hơi chậm.
ORI-002459,ORD-250825-1827,CASE-001,LIANLI-PC-O11D-EVO,"Vỏ Case Lian Li PC-O11 Dynamic Evo (Mid Tower, ATX)",Case - Vỏ máy tính,Lian Li,1,3490000,3900000,3490000,5,"Rất đáng tiền, chạy mượt mà, chính hãng 100%."
ORI-002460,ORD-250828-1828,CASE-001,LIANLI-PC-O11D-EVO,"Vỏ Case Lian Li PC-O11 Dynamic Evo (Mid Tower, ATX)",Case - Vỏ máy tính,Lian Li,1,3490000,3900000,3490000,5,"Rất đáng tiền, chạy mượt mà, chính hãng 100%."
ORI-002461,ORD-250828-1828,MOUSE-001,LOGITECH-G-PRO-X-SUPERLIGHT2,"Chuột gaming Logitech G Pro X Superlight 2 (Không dây, 32000 DPI)",Chuột - Mouse,Logitech,1,3390000,3800000,3390000,5,"Sản phẩm cực kỳ chất lượng, đóng gói cẩn thận, giao hàng nhanh."
ORI-002462,ORD-250727-1829,MOUSE-002,RAZER-DEATHADDER-V3-HTE,Chuột gaming Razer DeathAdder V3 HyperSpeed (Không dây),Chuột - Mouse,Razer,1,1890000,2200000,1890000,3,Chất lượng sản phẩm ok nhưng tổng đài hỗ trợ kỹ thuật phản hồi hơi chậm.
ORI-002463,ORD-260211-1830,HDD-001,SEAGATE-BARRACUDA-4TB,"Ổ cứng HDD Seagate Barracuda 4TB 3.5"" SATA 5400RPM",HDD - Ổ cứng cơ,Seagate,1,2190000,2500000,2190000,4,"Chất lượng ổn áp, chạy ngon lành, đóng gói kỹ càng."
ORI-002464,ORD-250923-1831,RAM-004,CORSAIR-DDR5-64GB-6400,RAM Corsair Vengeance DDR5 64GB (2x32GB) 6400MHz CL32,RAM - Bộ nhớ trong,Corsair,1,6490000,7500000,6490000,3,"Sản phẩm bình thường, không quá nổi bật, dịch vụ giao hàng ở mức trung bình."
ORI-002465,ORD-250923-1831,RAM-002,GSKILL-DDR5-32GB-6000,RAM G.Skill Trident Z5 RGB DDR5 32GB (2x16GB) 6000MHz CL30,RAM - Bộ nhớ trong,G.Skill,1,3690000,4200000,3690000,5,"Sản phẩm cực kỳ chất lượng, đóng gói cẩn thận, giao hàng nhanh."
ORI-002466,ORD-251201-1832,FAN-001,LIANLI-UNI-FAN-AL120-3PACK,"Fan Case Lian Li UNI FAN AL120 RGB (3-Pack, Daisy-chain)",Fan - Quạt tản nhiệt,Lian Li,1,1490000,1800000,1490000,5,"Hàng chuẩn GearVN, nguyên seal mới cứng, bảo hành đầy đủ. Vote 5 sao!"
ORI-002467,ORD-260217-1833,MONITOR-002,SAMSUNG-ODYSSEY-G7-32-4K,"Màn hình Samsung Odyssey G7 32"" 4K UHD 144Hz IPS",Màn hình - Monitor,Samsung,1,12990000,15000000,12990000,5,"Thiết kế đẹp mắt, hiệu năng vượt trội so với tầm giá. Rất hài lòng!"
ORI-002468,ORD-260217-1833,GPU-004,ASUS-RX7900XTX-24G,VGA ASUS TUF Gaming Radeon RX 7900 XTX OC 24GB,VGA - Card màn hình,ASUS,1,22990000,25000000,22990000,5,"Hàng chuẩn GearVN, nguyên seal mới cứng, bảo hành đầy đủ. Vote 5 sao!"
ORI-002469,ORD-251217-1834,SSD-004,CRUCIAL-P5-PLUS-500GB,SSD Crucial P5 Plus 500GB NVMe M.2 PCIe Gen4,SSD - Ổ cứng thể rắn,Crucial,1,990000,1200000,990000,5,"Hàng chuẩn GearVN, nguyên seal mới cứng, bảo hành đầy đủ. Vote 5 sao!"
ORI-002470,ORD-250918-1835,MONITOR-001,LG-27GP850P-27-QHD-165HZ,"Màn hình LG UltraGear 27GP850P-B 27"" QHD IPS 165Hz 1ms",Màn hình - Monitor,LG,1,8990000,10500000,8990000,5,"Thiết kế đẹp mắt, hiệu năng vượt trội so với tầm giá. Rất hài lòng!"
ORI-002471,ORD-250918-1835,CPU-004,AMD-R9-7950X,"CPU AMD Ryzen 9 7950X (4.5GHz Turbo 5.7GHz, 16 nhân 32 luồng)",CPU - Bộ vi xử lý,AMD,1,13490000,15000000,13490000,5,"Rất đáng tiền, chạy mượt mà, chính hãng 100%."
ORI-002472,ORD-250817-1836,GPU-003,GIGABYTE-RTX4070-SUPER-12G,VGA GIGABYTE GeForce RTX 4070 Super Gaming OC 12GB,VGA - Card màn hình,GIGABYTE,1,16490000,18500000,16490000,5,"Sản phẩm cực kỳ chất lượng, đóng gói cẩn thận, giao hàng nhanh."
ORI-002473,ORD-251022-1837,SSD-001,SAMSUNG-980-PRO-2TB,SSD Samsung 980 Pro 2TB NVMe M.2 PCIe Gen4,SSD - Ổ cứng thể rắn,Samsung,1,3490000,3900000,3490000,5,"Thiết kế đẹp mắt, hiệu năng vượt trội so với tầm giá. Rất hài lòng!"
ORI-002474,ORD-250831-1838,SSD-004,CRUCIAL-P5-PLUS-500GB,SSD Crucial P5 Plus 500GB NVMe M.2 PCIe Gen4,SSD - Ổ cứng thể rắn,Crucial,1,990000,1200000,990000,2,"Sản phẩm có dấu hiệu trầy xước nhẹ, giao hàng chậm, đóng gói sơ sài."
ORI-002475,ORD-250831-1838,GPU-004,ASUS-RX7900XTX-24G,VGA ASUS TUF Gaming Radeon RX 7900 XTX OC 24GB,VGA - Card màn hình,ASUS,1,22990000,25000000,22990000,5,"Rất đáng tiền, chạy mượt mà, chính hãng 100%."
ORI-002476,ORD-251209-1839,CASE-001,LIANLI-PC-O11D-EVO,"Vỏ Case Lian Li PC-O11 Dynamic Evo (Mid Tower, ATX)",Case - Vỏ máy tính,Lian Li,1,3490000,3900000,3490000,3,Chất lượng sản phẩm ok nhưng tổng đài hỗ trợ kỹ thuật phản hồi hơi chậm.
ORI-002477,ORD-251209-1839,PSU-002,SEASONIC-FOCUS-GX-850,Nguồn Seasonic Focus GX 850W 80 Plus Gold Full Modular,PSU - Nguồn máy tính,Seasonic,1,3290000,3800000,3290000,5,"Hàng chuẩn GearVN, nguyên seal mới cứng, bảo hành đầy đủ. Vote 5 sao!"
ORI-002478,ORD-251001-1840,CPU-003,INTEL-I5-14600K,"CPU Intel Core i5-14600K (3.5GHz Turbo 5.3GHz, 14 nhân 20 luồng)",CPU - Bộ vi xử lý,Intel,1,5490000,6200000,5490000,5,"Sản phẩm cực kỳ chất lượng, đóng gói cẩn thận, giao hàng nhanh."
ORI-002479,ORD-250810-1841,MONITOR-001,LG-27GP850P-27-QHD-165HZ,"Màn hình LG UltraGear 27GP850P-B 27"" QHD IPS 165Hz 1ms",Màn hình - Monitor,LG,1,8990000,10500000,8990000,5,"Lắp đặt dễ dàng, chạy êm ái và mát mẻ. Shop hỗ trợ nhiệt tình."
ORI-002480,ORD-250914-1842,RAM-002,GSKILL-DDR5-32GB-6000,RAM G.Skill Trident Z5 RGB DDR5 32GB (2x16GB) 6000MHz CL30,RAM - Bộ nhớ trong,G.Skill,1,3690000,4200000,3690000,4,"Sản phẩm tốt, nhân viên tư vấn nhiệt tình, sẽ tiếp tục ủng hộ."
ORI-002481,ORD-250914-1842,CPU-005,AMD-R7-7700X,"CPU AMD Ryzen 7 7700X (4.5GHz Turbo 5.4GHz, 8 nhân 16 luồng)",CPU - Bộ vi xử lý,AMD,1,6890000,7500000,6890000,5,"Thiết kế đẹp mắt, hiệu năng vượt trội so với tầm giá. Rất hài lòng!"
ORI-002482,ORD-260209-1843,CPU-001,INTEL-I9-14900K,"CPU Intel Core i9-14900K (3.2GHz Turbo 6.0GHz, 24 nhân 32 luồng)",CPU - Bộ vi xử lý,Intel,1,12990000,14500000,12990000,5,"Sản phẩm cực kỳ chất lượng, đóng gói cẩn thận, giao hàng nhanh."
ORI-002483,ORD-260209-1843,MOUSE-002,RAZER-DEATHADDER-V3-HTE,Chuột gaming Razer DeathAdder V3 HyperSpeed (Không dây),Chuột - Mouse,Razer,1,1890000,2200000,1890000,1,"Giao hàng quá chậm (mất 7 ngày), hàng móp méo hư hại nghiêm trọng."
ORI-002484,ORD-251109-1844,GPU-002,MSI-RTX4080-SUPER-16G,VGA MSI GeForce RTX 4080 Super 16GB Gaming X Slim,VGA - Card màn hình,MSI,1,26990000,30000000,26990000,4,"Thiết kế đẹp, chạy mát, dịch vụ chăm sóc khách hàng khá tốt."
ORI-002485,ORD-260517-1845,CPU-006,INTEL-I3-14100F,"CPU Intel Core i3-14100F (3.5GHz Turbo 4.7GHz, 4 nhân 8 luồng)",CPU - Bộ vi xử lý,Intel,1,2490000,2800000,2490000,5,"Rất đáng tiền, chạy mượt mà, chính hãng 100%."
ORI-002486,ORD-250706-1846,MB-003,GIGABYTE-X670E-AORUS-MASTER,"Mainboard GIGABYTE X670E AORUS Master (AM5, DDR5, ATX)",Mainboard - Bo mạch chủ,GIGABYTE,1,11490000,13000000,11490000,,
ORI-002487,ORD-251230-1847,RAM-001,CORSAIR-DDR5-32GB-6000,RAM Corsair Dominator Titanium DDR5 32GB (2x16GB) 6000MHz,RAM - Bộ nhớ trong,Corsair,1,3990000,4500000,3990000,5,"Rất đáng tiền, chạy mượt mà, chính hãng 100%."
ORI-002488,ORD-251214-1848,SSD-001,SAMSUNG-980-PRO-2TB,SSD Samsung 980 Pro 2TB NVMe M.2 PCIe Gen4,SSD - Ổ cứng thể rắn,Samsung,1,3490000,3900000,3490000,4,"Hiệu năng tốt trong tầm giá, dùng mượt mà không lỗi lầm gì."
ORI-002489,ORD-251130-1849,CHAIR-001,SECRETLAB-TITAN-EVO-2022,"Ghế gaming Secretlab Titan Evo 2022 (SoftWeave Plus, Medium)",Ghế gaming - Gaming Chair,Secretlab,1,12990000,14500000,12990000,5,"Sản phẩm cực kỳ chất lượng, đóng gói cẩn thận, giao hàng nhanh."
ORI-002490,ORD-251130-1849,COOL-001,CORSAIR-H150I-ELITE-360MM,Tản nhiệt nước AIO Corsair iCUE H150i Elite LCD 360mm,Tản nhiệt - Cooling,Corsair,1,4490000,5000000,4490000,5,"Lắp đặt dễ dàng, chạy êm ái và mát mẻ. Shop hỗ trợ nhiệt tình."
ORI-002491,ORD-260214-1850,CPU-002,INTEL-I7-14700K,"CPU Intel Core i7-14700K (3.4GHz Turbo 5.6GHz, 20 nhân 28 luồng)",CPU - Bộ vi xử lý,Intel,1,8490000,9500000,8490000,,
ORI-002492,ORD-260214-1850,CASE-002,JONSBO-D41-MESH,"Vỏ Case Jonsbo D41 Mesh Screen (Mid Tower, ATX, Màn hình LCD)",Case - Vỏ máy tính,Jonsbo,1,2290000,2600000,2290000,,
ORI-002493,ORD-260426-1851,MOUSE-002,RAZER-DEATHADDER-V3-HTE,Chuột gaming Razer DeathAdder V3 HyperSpeed (Không dây),Chuột - Mouse,Razer,1,1890000,2200000,1890000,5,"Lắp đặt dễ dàng, chạy êm ái và mát mẻ. Shop hỗ trợ nhiệt tình."
ORI-002494,ORD-250701-1852,SSD-002,WD-BLACK-SN850X-1TB,SSD WD Black SN850X 1TB NVMe M.2 PCIe Gen4,SSD - Ổ cứng thể rắn,Western Digital,1,2190000,2500000,2190000,3,"Hiệu năng đủ dùng cho tác vụ cơ bản, nhiệt độ hơi ấm khi tải nặng."
ORI-002495,ORD-250701-1852,CPU-001,INTEL-I9-14900K,"CPU Intel Core i9-14900K (3.2GHz Turbo 6.0GHz, 24 nhân 32 luồng)",CPU - Bộ vi xử lý,Intel,1,12990000,14500000,12990000,3,Chất lượng sản phẩm ok nhưng tổng đài hỗ trợ kỹ thuật phản hồi hơi chậm.
ORI-002496,ORD-260128-1853,MONITOR-002,SAMSUNG-ODYSSEY-G7-32-4K,"Màn hình Samsung Odyssey G7 32"" 4K UHD 144Hz IPS",Màn hình - Monitor,Samsung,1,12990000,15000000,12990000,5,"Sản phẩm cực kỳ chất lượng, đóng gói cẩn thận, giao hàng nhanh."
ORI-002497,ORD-260128-1853,MONITOR-001,LG-27GP850P-27-QHD-165HZ,"Màn hình LG UltraGear 27GP850P-B 27"" QHD IPS 165Hz 1ms",Màn hình - Monitor,LG,1,8990000,10500000,8990000,5,"Rất đáng tiền, chạy mượt mà, chính hãng 100%."
ORI-002498,ORD-250928-1854,HEADSET-001,CORSAIR-VIRTUOSO-RGB-XT,Tai nghe gaming Corsair Virtuoso RGB Wireless XT,Tai nghe - Headset,Corsair,1,4290000,5000000,4290000,5,"Thiết kế đẹp mắt, hiệu năng vượt trội so với tầm giá. Rất hài lòng!"
ORI-002499,ORD-251126-1855,MOUSE-001,LOGITECH-G-PRO-X-SUPERLIGHT2,"Chuột gaming Logitech G Pro X Superlight 2 (Không dây, 32000 DPI)",Chuột - Mouse,Logitech,1,3390000,3800000,3390000,5,"Sản phẩm cực kỳ chất lượng, đóng gói cẩn thận, giao hàng nhanh."
ORI-002500,ORD-251126-1855,COOL-002,THERMALRIGHT-PHANTOM-SPIRIT-120,Tản nhiệt khí Thermalright Phantom Spirit 120 SE ARGB,Tản nhiệt - Cooling,Thermalright,1,990000,1200000,990000,5,"Lắp đặt dễ dàng, chạy êm ái và mát mẻ. Shop hỗ trợ nhiệt tình."
ORI-002501,ORD-250925-1856,SSD-001,SAMSUNG-980-PRO-2TB,SSD Samsung 980 Pro 2TB NVMe M.2 PCIe Gen4,SSD - Ổ cứng thể rắn,Samsung,1,3490000,3900000,3490000,5,"Hàng chuẩn GearVN, nguyên seal mới cứng, bảo hành đầy đủ. Vote 5 sao!"
ORI-002502,ORD-260614-1857,MONITOR-002,SAMSUNG-ODYSSEY-G7-32-4K,"Màn hình Samsung Odyssey G7 32"" 4K UHD 144Hz IPS",Màn hình - Monitor,Samsung,1,12990000,15000000,12990000,,
ORI-002503,ORD-260315-1858,CPU-002,INTEL-I7-14700K,"CPU Intel Core i7-14700K (3.4GHz Turbo 5.6GHz, 20 nhân 28 luồng)",CPU - Bộ vi xử lý,Intel,1,8490000,9500000,8490000,5,"Thiết kế đẹp mắt, hiệu năng vượt trội so với tầm giá. Rất hài lòng!"
ORI-002504,ORD-251012-1859,CPU-006,INTEL-I3-14100F,"CPU Intel Core i3-14100F (3.5GHz Turbo 4.7GHz, 4 nhân 8 luồng)",CPU - Bộ vi xử lý,Intel,1,2490000,2800000,2490000,5,"Thiết kế đẹp mắt, hiệu năng vượt trội so với tầm giá. Rất hài lòng!"
ORI-002505,ORD-251202-1860,MONITOR-001,LG-27GP850P-27-QHD-165HZ,"Màn hình LG UltraGear 27GP850P-B 27"" QHD IPS 165Hz 1ms",Màn hình - Monitor,LG,1,8990000,10500000,8990000,5,"Lắp đặt dễ dàng, chạy êm ái và mát mẻ. Shop hỗ trợ nhiệt tình."
ORI-002506,ORD-251202-1860,MB-002,MSI-MAG-Z790-TOMAHAWK,"Mainboard MSI MAG Z790 Tomahawk WiFi (LGA 1700, DDR5, ATX)",Mainboard - Bo mạch chủ,MSI,1,6990000,7800000,6990000,5,"Hàng chuẩn GearVN, nguyên seal mới cứng, bảo hành đầy đủ. Vote 5 sao!"
ORI-002507,ORD-260609-1861,KB-002,RAZER-BLACKWIDOW-V4-75,Bàn phím cơ Razer BlackWidow V4 75% (Razer Yellow Switch),Bàn phím - Keyboard,Razer,1,3290000,3800000,3290000,3,"Dùng tạm ổn, nhưng vỏ hộp hơi móp méo khi vận chuyển."
ORI-002508,ORD-250828-1862,KB-001,CORSAIR-K100-RGB-OPX,Bàn phím cơ Corsair K100 RGB Optical-Mechanical (OPX Switch),Bàn phím - Keyboard,Corsair,1,5490000,6000000,5490000,5,"Hàng chuẩn GearVN, nguyên seal mới cứng, bảo hành đầy đủ. Vote 5 sao!"
ORI-002509,ORD-250828-1862,SSD-001,SAMSUNG-980-PRO-2TB,SSD Samsung 980 Pro 2TB NVMe M.2 PCIe Gen4,SSD - Ổ cứng thể rắn,Samsung,1,3490000,3900000,3490000,3,Chất lượng sản phẩm ok nhưng tổng đài hỗ trợ kỹ thuật phản hồi hơi chậm.
ORI-002510,ORD-251204-1863,RAM-002,GSKILL-DDR5-32GB-6000,RAM G.Skill Trident Z5 RGB DDR5 32GB (2x16GB) 6000MHz CL30,RAM - Bộ nhớ trong,G.Skill,1,3690000,4200000,3690000,5,"Hàng chuẩn GearVN, nguyên seal mới cứng, bảo hành đầy đủ. Vote 5 sao!"
ORI-002511,ORD-251214-1864,MONITOR-002,SAMSUNG-ODYSSEY-G7-32-4K,"Màn hình Samsung Odyssey G7 32"" 4K UHD 144Hz IPS",Màn hình - Monitor,Samsung,1,12990000,15000000,12990000,4,"Thiết kế đẹp, chạy mát, dịch vụ chăm sóc khách hàng khá tốt."
ORI-002512,ORD-260128-1865,MB-004,ASUS-TUF-B760M-PLUS-WIFI,"Mainboard ASUS TUF Gaming B760M-Plus WiFi (LGA 1700, DDR5, mATX)",Mainboard - Bo mạch chủ,ASUS,1,3990000,4500000,3990000,4,"Thiết kế đẹp, chạy mát, dịch vụ chăm sóc khách hàng khá tốt."
ORI-002513,ORD-260502-1866,CPU-003,INTEL-I5-14600K,"CPU Intel Core i5-14600K (3.5GHz Turbo 5.3GHz, 14 nhân 20 luồng)",CPU - Bộ vi xử lý,Intel,1,5490000,6200000,5490000,5,"Lắp đặt dễ dàng, chạy êm ái và mát mẻ. Shop hỗ trợ nhiệt tình."
ORI-002514,ORD-250813-1867,CHAIR-001,SECRETLAB-TITAN-EVO-2022,"Ghế gaming Secretlab Titan Evo 2022 (SoftWeave Plus, Medium)",Ghế gaming - Gaming Chair,Secretlab,1,12990000,14500000,12990000,4,"Thiết kế đẹp, chạy mát, dịch vụ chăm sóc khách hàng khá tốt."
ORI-002515,ORD-250813-1867,FAN-001,LIANLI-UNI-FAN-AL120-3PACK,"Fan Case Lian Li UNI FAN AL120 RGB (3-Pack, Daisy-chain)",Fan - Quạt tản nhiệt,Lian Li,1,1490000,1800000,1490000,1,"Giao hàng quá chậm (mất 7 ngày), hàng móp méo hư hại nghiêm trọng."
ORI-002516,ORD-250817-1868,HDD-001,SEAGATE-BARRACUDA-4TB,"Ổ cứng HDD Seagate Barracuda 4TB 3.5"" SATA 5400RPM",HDD - Ổ cứng cơ,Seagate,1,2190000,2500000,2190000,4,"Thiết kế đẹp, chạy mát, dịch vụ chăm sóc khách hàng khá tốt."
ORI-002517,ORD-260105-1869,KB-002,RAZER-BLACKWIDOW-V4-75,Bàn phím cơ Razer BlackWidow V4 75% (Razer Yellow Switch),Bàn phím - Keyboard,Razer,1,3290000,3800000,3290000,5,"Sản phẩm cực kỳ chất lượng, đóng gói cẩn thận, giao hàng nhanh."
ORI-002518,ORD-250626-1870,CPU-003,INTEL-I5-14600K,"CPU Intel Core i5-14600K (3.5GHz Turbo 5.3GHz, 14 nhân 20 luồng)",CPU - Bộ vi xử lý,Intel,1,5490000,6200000,5490000,4,"Hiệu năng tốt trong tầm giá, dùng mượt mà không lỗi lầm gì."
ORI-002519,ORD-251107-1871,GPU-001,ASUS-ROG-RTX4090-24G,VGA ASUS ROG Strix GeForce RTX 4090 24GB GDDR6X OC,VGA - Card màn hình,ASUS,1,52990000,58000000,52990000,,
ORI-002520,ORD-260120-1872,MOUSE-002,RAZER-DEATHADDER-V3-HTE,Chuột gaming Razer DeathAdder V3 HyperSpeed (Không dây),Chuột - Mouse,Razer,1,1890000,2200000,1890000,4,"Thiết kế đẹp, chạy mát, dịch vụ chăm sóc khách hàng khá tốt."
ORI-002521,ORD-260514-1873,FAN-001,LIANLI-UNI-FAN-AL120-3PACK,"Fan Case Lian Li UNI FAN AL120 RGB (3-Pack, Daisy-chain)",Fan - Quạt tản nhiệt,Lian Li,1,1490000,1800000,1490000,,
ORI-002522,ORD-260514-1873,PSU-002,SEASONIC-FOCUS-GX-850,Nguồn Seasonic Focus GX 850W 80 Plus Gold Full Modular,PSU - Nguồn máy tính,Seasonic,1,3290000,3800000,3290000,,
ORI-002523,ORD-251117-1874,RAM-003,KINGSTON-FURY-DDR4-16GB-3200,RAM Kingston Fury Beast DDR4 16GB (2x8GB) 3200MHz,RAM - Bộ nhớ trong,Kingston,1,1290000,1500000,1290000,,
ORI-002524,ORD-260609-1875,CPU-003,INTEL-I5-14600K,"CPU Intel Core i5-14600K (3.5GHz Turbo 5.3GHz, 14 nhân 20 luồng)",CPU - Bộ vi xử lý,Intel,1,5490000,6200000,5490000,4,"Hiệu năng tốt trong tầm giá, dùng mượt mà không lỗi lầm gì."
ORI-002525,ORD-250710-1876,CASE-001,LIANLI-PC-O11D-EVO,"Vỏ Case Lian Li PC-O11 Dynamic Evo (Mid Tower, ATX)",Case - Vỏ máy tính,Lian Li,1,3490000,3900000,3490000,5,"Sản phẩm cực kỳ chất lượng, đóng gói cẩn thận, giao hàng nhanh."
ORI-002526,ORD-251121-1877,KB-002,RAZER-BLACKWIDOW-V4-75,Bàn phím cơ Razer BlackWidow V4 75% (Razer Yellow Switch),Bàn phím - Keyboard,Razer,1,3290000,3800000,3290000,5,"Hàng chuẩn GearVN, nguyên seal mới cứng, bảo hành đầy đủ. Vote 5 sao!"
ORI-002527,ORD-251231-1878,CHAIR-001,SECRETLAB-TITAN-EVO-2022,"Ghế gaming Secretlab Titan Evo 2022 (SoftWeave Plus, Medium)",Ghế gaming - Gaming Chair,Secretlab,1,12990000,14500000,12990000,5,"Thiết kế đẹp mắt, hiệu năng vượt trội so với tầm giá. Rất hài lòng!"
ORI-002528,ORD-251122-1879,COOL-003,DEEPCOOL-AK620-DIGITAL,"Tản nhiệt khí DeepCool AK620 Digital (Dual Tower, 2x120mm)",Tản nhiệt - Cooling,Deepcool,1,1490000,1800000,1490000,5,"Lắp đặt dễ dàng, chạy êm ái và mát mẻ. Shop hỗ trợ nhiệt tình."
ORI-002529,ORD-260203-1880,CPU-006,INTEL-I3-14100F,"CPU Intel Core i3-14100F (3.5GHz Turbo 4.7GHz, 4 nhân 8 luồng)",CPU - Bộ vi xử lý,Intel,1,2490000,2800000,2490000,3,"Hiệu năng đủ dùng cho tác vụ cơ bản, nhiệt độ hơi ấm khi tải nặng."
ORI-002530,ORD-251128-1881,MONITOR-001,LG-27GP850P-27-QHD-165HZ,"Màn hình LG UltraGear 27GP850P-B 27"" QHD IPS 165Hz 1ms",Màn hình - Monitor,LG,1,8990000,10500000,8990000,5,"Hàng chuẩn GearVN, nguyên seal mới cứng, bảo hành đầy đủ. Vote 5 sao!"
ORI-002531,ORD-251103-1882,FAN-002,NOCTUA-NF-A12X25-PWM,Fan Case Noctua NF-A12x25 PWM 120mm (Hiệu suất cao),Fan - Quạt tản nhiệt,Noctua,1,990000,1200000,990000,4,"Thiết kế đẹp, chạy mát, dịch vụ chăm sóc khách hàng khá tốt."
ORI-002532,ORD-251103-1882,SSD-002,WD-BLACK-SN850X-1TB,SSD WD Black SN850X 1TB NVMe M.2 PCIe Gen4,SSD - Ổ cứng thể rắn,Western Digital,1,2190000,2500000,2190000,4,"Thiết kế đẹp, chạy mát, dịch vụ chăm sóc khách hàng khá tốt."
ORI-002533,ORD-250724-1883,GPU-002,MSI-RTX4080-SUPER-16G,VGA MSI GeForce RTX 4080 Super 16GB Gaming X Slim,VGA - Card màn hình,MSI,1,26990000,30000000,26990000,5,"Thiết kế đẹp mắt, hiệu năng vượt trội so với tầm giá. Rất hài lòng!"
ORI-002534,ORD-251111-1884,SSD-002,WD-BLACK-SN850X-1TB,SSD WD Black SN850X 1TB NVMe M.2 PCIe Gen4,SSD - Ổ cứng thể rắn,Western Digital,1,2190000,2500000,2190000,5,"Sản phẩm cực kỳ chất lượng, đóng gói cẩn thận, giao hàng nhanh."
ORI-002535,ORD-251111-1884,MOUSE-001,LOGITECH-G-PRO-X-SUPERLIGHT2,"Chuột gaming Logitech G Pro X Superlight 2 (Không dây, 32000 DPI)",Chuột - Mouse,Logitech,1,3390000,3800000,3390000,5,"Lắp đặt dễ dàng, chạy êm ái và mát mẻ. Shop hỗ trợ nhiệt tình."
ORI-002536,ORD-250808-1885,SSD-002,WD-BLACK-SN850X-1TB,SSD WD Black SN850X 1TB NVMe M.2 PCIe Gen4,SSD - Ổ cứng thể rắn,Western Digital,1,2190000,2500000,2190000,5,"Lắp đặt dễ dàng, chạy êm ái và mát mẻ. Shop hỗ trợ nhiệt tình."
ORI-002537,ORD-250816-1886,FAN-001,LIANLI-UNI-FAN-AL120-3PACK,"Fan Case Lian Li UNI FAN AL120 RGB (3-Pack, Daisy-chain)",Fan - Quạt tản nhiệt,Lian Li,1,1490000,1800000,1490000,5,"Sản phẩm cực kỳ chất lượng, đóng gói cẩn thận, giao hàng nhanh."
ORI-002538,ORD-250816-1886,HEADSET-001,CORSAIR-VIRTUOSO-RGB-XT,Tai nghe gaming Corsair Virtuoso RGB Wireless XT,Tai nghe - Headset,Corsair,1,4290000,5000000,4290000,5,"Rất đáng tiền, chạy mượt mà, chính hãng 100%."
ORI-002539,ORD-260126-1887,CPU-004,AMD-R9-7950X,"CPU AMD Ryzen 9 7950X (4.5GHz Turbo 5.7GHz, 16 nhân 32 luồng)",CPU - Bộ vi xử lý,AMD,1,13490000,15000000,13490000,4,"Hiệu năng tốt trong tầm giá, dùng mượt mà không lỗi lầm gì."
ORI-002540,ORD-250821-1888,CPU-005,AMD-R7-7700X,"CPU AMD Ryzen 7 7700X (4.5GHz Turbo 5.4GHz, 8 nhân 16 luồng)",CPU - Bộ vi xử lý,AMD,1,6890000,7500000,6890000,2,"Sản phẩm có dấu hiệu trầy xước nhẹ, giao hàng chậm, đóng gói sơ sài."
ORI-002541,ORD-250821-1888,MB-002,MSI-MAG-Z790-TOMAHAWK,"Mainboard MSI MAG Z790 Tomahawk WiFi (LGA 1700, DDR5, ATX)",Mainboard - Bo mạch chủ,MSI,1,6990000,7800000,6990000,5,"Thiết kế đẹp mắt, hiệu năng vượt trội so với tầm giá. Rất hài lòng!"
ORI-002542,ORD-251111-1889,MB-003,GIGABYTE-X670E-AORUS-MASTER,"Mainboard GIGABYTE X670E AORUS Master (AM5, DDR5, ATX)",Mainboard - Bo mạch chủ,GIGABYTE,1,11490000,13000000,11490000,4,"Sản phẩm dùng tốt, đúng mô tả, tuy nhiên giao hàng hơi trễ 1 ngày."
ORI-002543,ORD-251111-1889,RAM-002,GSKILL-DDR5-32GB-6000,RAM G.Skill Trident Z5 RGB DDR5 32GB (2x16GB) 6000MHz CL30,RAM - Bộ nhớ trong,G.Skill,1,3690000,4200000,3690000,5,"Thiết kế đẹp mắt, hiệu năng vượt trội so với tầm giá. Rất hài lòng!"
ORI-002544,ORD-260205-1890,GPU-001,ASUS-ROG-RTX4090-24G,VGA ASUS ROG Strix GeForce RTX 4090 24GB GDDR6X OC,VGA - Card màn hình,ASUS,1,52990000,58000000,52990000,4,"Thiết kế đẹp, chạy mát, dịch vụ chăm sóc khách hàng khá tốt."
ORI-002545,ORD-260205-1890,MONITOR-001,LG-27GP850P-27-QHD-165HZ,"Màn hình LG UltraGear 27GP850P-B 27"" QHD IPS 165Hz 1ms",Màn hình - Monitor,LG,1,8990000,10500000,8990000,4,"Thiết kế đẹp, chạy mát, dịch vụ chăm sóc khách hàng khá tốt."
ORI-002546,ORD-250703-1891,COOL-001,CORSAIR-H150I-ELITE-360MM,Tản nhiệt nước AIO Corsair iCUE H150i Elite LCD 360mm,Tản nhiệt - Cooling,Corsair,1,4490000,5000000,4490000,5,"Hàng chuẩn GearVN, nguyên seal mới cứng, bảo hành đầy đủ. Vote 5 sao!"
ORI-002547,ORD-251225-1892,PSU-001,CORSAIR-HX1000I-1000W,Nguồn Corsair HX1000i 1000W 80 Plus Platinum Full Modular,PSU - Nguồn máy tính,Corsair,1,4990000,5500000,4990000,5,"Hàng chuẩn GearVN, nguyên seal mới cứng, bảo hành đầy đủ. Vote 5 sao!"
ORI-002548,ORD-260105-1893,HDD-001,SEAGATE-BARRACUDA-4TB,"Ổ cứng HDD Seagate Barracuda 4TB 3.5"" SATA 5400RPM",HDD - Ổ cứng cơ,Seagate,1,2190000,2500000,2190000,,
ORI-002549,ORD-260209-1894,MB-004,ASUS-TUF-B760M-PLUS-WIFI,"Mainboard ASUS TUF Gaming B760M-Plus WiFi (LGA 1700, DDR5, mATX)",Mainboard - Bo mạch chủ,ASUS,1,3990000,4500000,3990000,5,"Sản phẩm cực kỳ chất lượng, đóng gói cẩn thận, giao hàng nhanh."
ORI-002550,ORD-260209-1894,COOL-002,THERMALRIGHT-PHANTOM-SPIRIT-120,Tản nhiệt khí Thermalright Phantom Spirit 120 SE ARGB,Tản nhiệt - Cooling,Thermalright,1,990000,1200000,990000,5,"Sản phẩm cực kỳ chất lượng, đóng gói cẩn thận, giao hàng nhanh."
ORI-002551,ORD-260105-1895,FAN-002,NOCTUA-NF-A12X25-PWM,Fan Case Noctua NF-A12x25 PWM 120mm (Hiệu suất cao),Fan - Quạt tản nhiệt,Noctua,1,990000,1200000,990000,5,"Hàng chuẩn GearVN, nguyên seal mới cứng, bảo hành đầy đủ. Vote 5 sao!"
ORI-002552,ORD-250903-1896,RAM-004,CORSAIR-DDR5-64GB-6400,RAM Corsair Vengeance DDR5 64GB (2x32GB) 6400MHz CL32,RAM - Bộ nhớ trong,Corsair,1,6490000,7500000,6490000,5,"Rất đáng tiền, chạy mượt mà, chính hãng 100%."
ORI-002553,ORD-250903-1896,MONITOR-001,LG-27GP850P-27-QHD-165HZ,"Màn hình LG UltraGear 27GP850P-B 27"" QHD IPS 165Hz 1ms",Màn hình - Monitor,LG,1,8990000,10500000,8990000,2,"Hiệu năng không đúng như quảng cáo, hay bị sụt nguồn đột ngột."
ORI-002554,ORD-260328-1897,CASE-002,JONSBO-D41-MESH,"Vỏ Case Jonsbo D41 Mesh Screen (Mid Tower, ATX, Màn hình LCD)",Case - Vỏ máy tính,Jonsbo,1,2290000,2600000,2290000,5,"Thiết kế đẹp mắt, hiệu năng vượt trội so với tầm giá. Rất hài lòng!"
ORI-002555,ORD-251228-1898,RAM-003,KINGSTON-FURY-DDR4-16GB-3200,RAM Kingston Fury Beast DDR4 16GB (2x8GB) 3200MHz,RAM - Bộ nhớ trong,Kingston,1,1290000,1500000,1290000,4,"Hiệu năng tốt trong tầm giá, dùng mượt mà không lỗi lầm gì."
ORI-002556,ORD-251116-1899,MONITOR-001,LG-27GP850P-27-QHD-165HZ,"Màn hình LG UltraGear 27GP850P-B 27"" QHD IPS 165Hz 1ms",Màn hình - Monitor,LG,1,8990000,10500000,8990000,5,"Sản phẩm cực kỳ chất lượng, đóng gói cẩn thận, giao hàng nhanh."
ORI-002557,ORD-251116-1899,COOL-003,DEEPCOOL-AK620-DIGITAL,"Tản nhiệt khí DeepCool AK620 Digital (Dual Tower, 2x120mm)",Tản nhiệt - Cooling,Deepcool,1,1490000,1800000,1490000,1,"Giao hàng quá chậm (mất 7 ngày), hàng móp méo hư hại nghiêm trọng."
ORI-002558,ORD-250628-1900,SSD-001,SAMSUNG-980-PRO-2TB,SSD Samsung 980 Pro 2TB NVMe M.2 PCIe Gen4,SSD - Ổ cứng thể rắn,Samsung,1,3490000,3900000,3490000,5,"Lắp đặt dễ dàng, chạy êm ái và mát mẻ. Shop hỗ trợ nhiệt tình."
ORI-002559,ORD-250628-1900,MB-003,GIGABYTE-X670E-AORUS-MASTER,"Mainboard GIGABYTE X670E AORUS Master (AM5, DDR5, ATX)",Mainboard - Bo mạch chủ,GIGABYTE,1,11490000,13000000,11490000,5,"Lắp đặt dễ dàng, chạy êm ái và mát mẻ. Shop hỗ trợ nhiệt tình."
ORI-002560,ORD-260208-1901,MB-002,MSI-MAG-Z790-TOMAHAWK,"Mainboard MSI MAG Z790 Tomahawk WiFi (LGA 1700, DDR5, ATX)",Mainboard - Bo mạch chủ,MSI,1,6990000,7800000,6990000,5,"Lắp đặt dễ dàng, chạy êm ái và mát mẻ. Shop hỗ trợ nhiệt tình."
ORI-002561,ORD-260208-1901,MB-001,ASUS-ROG-MAXIMUS-Z790,"Mainboard ASUS ROG Maximus Z790 Hero (LGA 1700, DDR5, ATX)",Mainboard - Bo mạch chủ,ASUS,1,15990000,18000000,15990000,4,"Chất lượng ổn áp, chạy ngon lành, đóng gói kỹ càng."
ORI-002562,ORD-250806-1902,RAM-002,GSKILL-DDR5-32GB-6000,RAM G.Skill Trident Z5 RGB DDR5 32GB (2x16GB) 6000MHz CL30,RAM - Bộ nhớ trong,G.Skill,1,3690000,4200000,3690000,5,"Lắp đặt dễ dàng, chạy êm ái và mát mẻ. Shop hỗ trợ nhiệt tình."
ORI-002563,ORD-251101-1903,CPU-004,AMD-R9-7950X,"CPU AMD Ryzen 9 7950X (4.5GHz Turbo 5.7GHz, 16 nhân 32 luồng)",CPU - Bộ vi xử lý,AMD,1,13490000,15000000,13490000,5,"Thiết kế đẹp mắt, hiệu năng vượt trội so với tầm giá. Rất hài lòng!"
ORI-002564,ORD-260112-1904,GPU-004,ASUS-RX7900XTX-24G,VGA ASUS TUF Gaming Radeon RX 7900 XTX OC 24GB,VGA - Card màn hình,ASUS,1,22990000,25000000,22990000,4,"Chất lượng ổn áp, chạy ngon lành, đóng gói kỹ càng."
ORI-002565,ORD-260112-1904,CPU-006,INTEL-I3-14100F,"CPU Intel Core i3-14100F (3.5GHz Turbo 4.7GHz, 4 nhân 8 luồng)",CPU - Bộ vi xử lý,Intel,1,2490000,2800000,2490000,4,"Sản phẩm dùng tốt, đúng mô tả, tuy nhiên giao hàng hơi trễ 1 ngày."
ORI-002566,ORD-250713-1905,CHAIR-001,SECRETLAB-TITAN-EVO-2022,"Ghế gaming Secretlab Titan Evo 2022 (SoftWeave Plus, Medium)",Ghế gaming - Gaming Chair,Secretlab,1,12990000,14500000,12990000,5,"Lắp đặt dễ dàng, chạy êm ái và mát mẻ. Shop hỗ trợ nhiệt tình."
ORI-002567,ORD-260214-1906,PSU-003,COOLERMASTER-V750-GOLD,Nguồn Cooler Master MWE Gold 750W 80 Plus Gold Full Modular,PSU - Nguồn máy tính,Cooler Master,1,2490000,2900000,2490000,4,"Hiệu năng tốt trong tầm giá, dùng mượt mà không lỗi lầm gì."
ORI-002568,ORD-260214-1906,CPU-004,AMD-R9-7950X,"CPU AMD Ryzen 9 7950X (4.5GHz Turbo 5.7GHz, 16 nhân 32 luồng)",CPU - Bộ vi xử lý,AMD,1,13490000,15000000,13490000,5,"Thiết kế đẹp mắt, hiệu năng vượt trội so với tầm giá. Rất hài lòng!"
ORI-002569,ORD-251104-1907,FAN-002,NOCTUA-NF-A12X25-PWM,Fan Case Noctua NF-A12x25 PWM 120mm (Hiệu suất cao),Fan - Quạt tản nhiệt,Noctua,1,990000,1200000,990000,5,"Thiết kế đẹp mắt, hiệu năng vượt trội so với tầm giá. Rất hài lòng!"
ORI-002570,ORD-250728-1908,CHAIR-001,SECRETLAB-TITAN-EVO-2022,"Ghế gaming Secretlab Titan Evo 2022 (SoftWeave Plus, Medium)",Ghế gaming - Gaming Chair,Secretlab,1,12990000,14500000,12990000,5,"Thiết kế đẹp mắt, hiệu năng vượt trội so với tầm giá. Rất hài lòng!"
ORI-002571,ORD-250831-1909,MONITOR-001,LG-27GP850P-27-QHD-165HZ,"Màn hình LG UltraGear 27GP850P-B 27"" QHD IPS 165Hz 1ms",Màn hình - Monitor,LG,1,8990000,10500000,8990000,5,"Lắp đặt dễ dàng, chạy êm ái và mát mẻ. Shop hỗ trợ nhiệt tình."
ORI-002572,ORD-250802-1910,CHAIR-001,SECRETLAB-TITAN-EVO-2022,"Ghế gaming Secretlab Titan Evo 2022 (SoftWeave Plus, Medium)",Ghế gaming - Gaming Chair,Secretlab,1,12990000,14500000,12990000,4,"Hiệu năng tốt trong tầm giá, dùng mượt mà không lỗi lầm gì."
ORI-002573,ORD-250802-1910,SSD-004,CRUCIAL-P5-PLUS-500GB,SSD Crucial P5 Plus 500GB NVMe M.2 PCIe Gen4,SSD - Ổ cứng thể rắn,Crucial,1,990000,1200000,990000,5,"Lắp đặt dễ dàng, chạy êm ái và mát mẻ. Shop hỗ trợ nhiệt tình."
ORI-002574,ORD-260107-1911,CPU-006,INTEL-I3-14100F,"CPU Intel Core i3-14100F (3.5GHz Turbo 4.7GHz, 4 nhân 8 luồng)",CPU - Bộ vi xử lý,Intel,1,2490000,2800000,2490000,5,"Thiết kế đẹp mắt, hiệu năng vượt trội so với tầm giá. Rất hài lòng!"
ORI-002575,ORD-260107-1911,CPU-003,INTEL-I5-14600K,"CPU Intel Core i5-14600K (3.5GHz Turbo 5.3GHz, 14 nhân 20 luồng)",CPU - Bộ vi xử lý,Intel,1,5490000,6200000,5490000,5,"Thiết kế đẹp mắt, hiệu năng vượt trội so với tầm giá. Rất hài lòng!"
ORI-002576,ORD-260318-1912,PSU-001,CORSAIR-HX1000I-1000W,Nguồn Corsair HX1000i 1000W 80 Plus Platinum Full Modular,PSU - Nguồn máy tính,Corsair,1,4990000,5500000,4990000,4,"Chất lượng ổn áp, chạy ngon lành, đóng gói kỹ càng."
ORI-002577,ORD-260118-1913,MB-003,GIGABYTE-X670E-AORUS-MASTER,"Mainboard GIGABYTE X670E AORUS Master (AM5, DDR5, ATX)",Mainboard - Bo mạch chủ,GIGABYTE,1,11490000,13000000,11490000,4,"Thiết kế đẹp, chạy mát, dịch vụ chăm sóc khách hàng khá tốt."
ORI-002578,ORD-260118-1913,CPU-006,INTEL-I3-14100F,"CPU Intel Core i3-14100F (3.5GHz Turbo 4.7GHz, 4 nhân 8 luồng)",CPU - Bộ vi xử lý,Intel,1,2490000,2800000,2490000,5,"Rất đáng tiền, chạy mượt mà, chính hãng 100%."
ORI-002579,ORD-251025-1914,RAM-001,CORSAIR-DDR5-32GB-6000,RAM Corsair Dominator Titanium DDR5 32GB (2x16GB) 6000MHz,RAM - Bộ nhớ trong,Corsair,1,3990000,4500000,3990000,5,"Sản phẩm cực kỳ chất lượng, đóng gói cẩn thận, giao hàng nhanh."
ORI-002580,ORD-260117-1915,HDD-001,SEAGATE-BARRACUDA-4TB,"Ổ cứng HDD Seagate Barracuda 4TB 3.5"" SATA 5400RPM",HDD - Ổ cứng cơ,Seagate,1,2190000,2500000,2190000,2,"Hiệu năng không đúng như quảng cáo, hay bị sụt nguồn đột ngột."
ORI-002581,ORD-260117-1915,HDD-001,SEAGATE-BARRACUDA-4TB,"Ổ cứng HDD Seagate Barracuda 4TB 3.5"" SATA 5400RPM",HDD - Ổ cứng cơ,Seagate,1,2190000,2500000,2190000,5,"Hàng chuẩn GearVN, nguyên seal mới cứng, bảo hành đầy đủ. Vote 5 sao!"
ORI-002582,ORD-251130-1916,HDD-001,SEAGATE-BARRACUDA-4TB,"Ổ cứng HDD Seagate Barracuda 4TB 3.5"" SATA 5400RPM",HDD - Ổ cứng cơ,Seagate,1,2190000,2500000,2190000,5,"Rất đáng tiền, chạy mượt mà, chính hãng 100%."
ORI-002583,ORD-251202-1917,GPU-003,GIGABYTE-RTX4070-SUPER-12G,VGA GIGABYTE GeForce RTX 4070 Super Gaming OC 12GB,VGA - Card màn hình,GIGABYTE,1,16490000,18500000,16490000,3,"Hiệu năng đủ dùng cho tác vụ cơ bản, nhiệt độ hơi ấm khi tải nặng."
ORI-002584,ORD-251103-1918,CPU-001,INTEL-I9-14900K,"CPU Intel Core i9-14900K (3.2GHz Turbo 6.0GHz, 24 nhân 32 luồng)",CPU - Bộ vi xử lý,Intel,1,12990000,14500000,12990000,,
ORI-002585,ORD-251103-1918,HDD-001,SEAGATE-BARRACUDA-4TB,"Ổ cứng HDD Seagate Barracuda 4TB 3.5"" SATA 5400RPM",HDD - Ổ cứng cơ,Seagate,1,2190000,2500000,2190000,,
ORI-002586,ORD-250702-1919,KB-001,CORSAIR-K100-RGB-OPX,Bàn phím cơ Corsair K100 RGB Optical-Mechanical (OPX Switch),Bàn phím - Keyboard,Corsair,1,5490000,6000000,5490000,5,"Hàng chuẩn GearVN, nguyên seal mới cứng, bảo hành đầy đủ. Vote 5 sao!"
ORI-002587,ORD-251129-1920,SSD-002,WD-BLACK-SN850X-1TB,SSD WD Black SN850X 1TB NVMe M.2 PCIe Gen4,SSD - Ổ cứng thể rắn,Western Digital,1,2190000,2500000,2190000,5,"Thiết kế đẹp mắt, hiệu năng vượt trội so với tầm giá. Rất hài lòng!"
ORI-002588,ORD-251126-1921,RAM-002,GSKILL-DDR5-32GB-6000,RAM G.Skill Trident Z5 RGB DDR5 32GB (2x16GB) 6000MHz CL30,RAM - Bộ nhớ trong,G.Skill,1,3690000,4200000,3690000,5,"Lắp đặt dễ dàng, chạy êm ái và mát mẻ. Shop hỗ trợ nhiệt tình."
ORI-002589,ORD-251126-1921,MB-003,GIGABYTE-X670E-AORUS-MASTER,"Mainboard GIGABYTE X670E AORUS Master (AM5, DDR5, ATX)",Mainboard - Bo mạch chủ,GIGABYTE,1,11490000,13000000,11490000,4,"Sản phẩm dùng tốt, đúng mô tả, tuy nhiên giao hàng hơi trễ 1 ngày."
ORI-002590,ORD-260117-1922,GPU-002,MSI-RTX4080-SUPER-16G,VGA MSI GeForce RTX 4080 Super 16GB Gaming X Slim,VGA - Card màn hình,MSI,1,26990000,30000000,26990000,5,"Rất đáng tiền, chạy mượt mà, chính hãng 100%."
ORI-002591,ORD-250819-1923,CASE-002,JONSBO-D41-MESH,"Vỏ Case Jonsbo D41 Mesh Screen (Mid Tower, ATX, Màn hình LCD)",Case - Vỏ máy tính,Jonsbo,1,2290000,2600000,2290000,1,"Giao hàng quá chậm (mất 7 ngày), hàng móp méo hư hại nghiêm trọng."
ORI-002592,ORD-250814-1924,CHAIR-001,SECRETLAB-TITAN-EVO-2022,"Ghế gaming Secretlab Titan Evo 2022 (SoftWeave Plus, Medium)",Ghế gaming - Gaming Chair,Secretlab,1,12990000,14500000,12990000,,
ORI-002593,ORD-250814-1924,GPU-001,ASUS-ROG-RTX4090-24G,VGA ASUS ROG Strix GeForce RTX 4090 24GB GDDR6X OC,VGA - Card màn hình,ASUS,1,52990000,58000000,52990000,,
ORI-002594,ORD-260228-1925,HDD-001,SEAGATE-BARRACUDA-4TB,"Ổ cứng HDD Seagate Barracuda 4TB 3.5"" SATA 5400RPM",HDD - Ổ cứng cơ,Seagate,1,2190000,2500000,2190000,4,"Sản phẩm tốt, nhân viên tư vấn nhiệt tình, sẽ tiếp tục ủng hộ."
ORI-002595,ORD-260512-1926,FAN-002,NOCTUA-NF-A12X25-PWM,Fan Case Noctua NF-A12x25 PWM 120mm (Hiệu suất cao),Fan - Quạt tản nhiệt,Noctua,1,990000,1200000,990000,5,"Lắp đặt dễ dàng, chạy êm ái và mát mẻ. Shop hỗ trợ nhiệt tình."
ORI-002596,ORD-251215-1927,RAM-001,CORSAIR-DDR5-32GB-6000,RAM Corsair Dominator Titanium DDR5 32GB (2x16GB) 6000MHz,RAM - Bộ nhớ trong,Corsair,1,3990000,4500000,3990000,5,"Rất đáng tiền, chạy mượt mà, chính hãng 100%."
ORI-002597,ORD-250619-1928,HEADSET-001,CORSAIR-VIRTUOSO-RGB-XT,Tai nghe gaming Corsair Virtuoso RGB Wireless XT,Tai nghe - Headset,Corsair,1,4290000,5000000,4290000,3,"Hiệu năng đủ dùng cho tác vụ cơ bản, nhiệt độ hơi ấm khi tải nặng."
ORI-002598,ORD-250817-1929,HDD-002,WD-RED-PLUS-8TB,"Ổ cứng HDD WD Red Plus 8TB 3.5"" SATA NAS",HDD - Ổ cứng cơ,Western Digital,1,4490000,5200000,4490000,5,"Hàng chuẩn GearVN, nguyên seal mới cứng, bảo hành đầy đủ. Vote 5 sao!"
ORI-002599,ORD-251221-1930,CASE-001,LIANLI-PC-O11D-EVO,"Vỏ Case Lian Li PC-O11 Dynamic Evo (Mid Tower, ATX)",Case - Vỏ máy tính,Lian Li,1,3490000,3900000,3490000,5,"Sản phẩm cực kỳ chất lượng, đóng gói cẩn thận, giao hàng nhanh."
ORI-002600,ORD-260613-1931,KB-001,CORSAIR-K100-RGB-OPX,Bàn phím cơ Corsair K100 RGB Optical-Mechanical (OPX Switch),Bàn phím - Keyboard,Corsair,1,5490000,6000000,5490000,5,"Rất đáng tiền, chạy mượt mà, chính hãng 100%."
ORI-002601,ORD-251209-1932,SSD-001,SAMSUNG-980-PRO-2TB,SSD Samsung 980 Pro 2TB NVMe M.2 PCIe Gen4,SSD - Ổ cứng thể rắn,Samsung,1,3490000,3900000,3490000,5,"Rất đáng tiền, chạy mượt mà, chính hãng 100%."
ORI-002602,ORD-260405-1933,FAN-001,LIANLI-UNI-FAN-AL120-3PACK,"Fan Case Lian Li UNI FAN AL120 RGB (3-Pack, Daisy-chain)",Fan - Quạt tản nhiệt,Lian Li,1,1490000,1800000,1490000,5,"Rất đáng tiền, chạy mượt mà, chính hãng 100%."
ORI-002603,ORD-260525-1934,PSU-003,COOLERMASTER-V750-GOLD,Nguồn Cooler Master MWE Gold 750W 80 Plus Gold Full Modular,PSU - Nguồn máy tính,Cooler Master,1,2490000,2900000,2490000,4,"Sản phẩm tốt, nhân viên tư vấn nhiệt tình, sẽ tiếp tục ủng hộ."
ORI-002604,ORD-260525-1934,CPU-001,INTEL-I9-14900K,"CPU Intel Core i9-14900K (3.2GHz Turbo 6.0GHz, 24 nhân 32 luồng)",CPU - Bộ vi xử lý,Intel,1,12990000,14500000,12990000,5,"Hàng chuẩn GearVN, nguyên seal mới cứng, bảo hành đầy đủ. Vote 5 sao!"
ORI-002605,ORD-260201-1935,MONITOR-001,LG-27GP850P-27-QHD-165HZ,"Màn hình LG UltraGear 27GP850P-B 27"" QHD IPS 165Hz 1ms",Màn hình - Monitor,LG,1,8990000,10500000,8990000,5,"Thiết kế đẹp mắt, hiệu năng vượt trội so với tầm giá. Rất hài lòng!"
ORI-002606,ORD-260221-1936,COOL-001,CORSAIR-H150I-ELITE-360MM,Tản nhiệt nước AIO Corsair iCUE H150i Elite LCD 360mm,Tản nhiệt - Cooling,Corsair,1,4490000,5000000,4490000,5,"Rất đáng tiền, chạy mượt mà, chính hãng 100%."
ORI-002607,ORD-260215-1937,HDD-001,SEAGATE-BARRACUDA-4TB,"Ổ cứng HDD Seagate Barracuda 4TB 3.5"" SATA 5400RPM",HDD - Ổ cứng cơ,Seagate,1,2190000,2500000,2190000,5,"Hàng chuẩn GearVN, nguyên seal mới cứng, bảo hành đầy đủ. Vote 5 sao!"
ORI-002608,ORD-260215-1937,HDD-001,SEAGATE-BARRACUDA-4TB,"Ổ cứng HDD Seagate Barracuda 4TB 3.5"" SATA 5400RPM",HDD - Ổ cứng cơ,Seagate,1,2190000,2500000,2190000,5,"Thiết kế đẹp mắt, hiệu năng vượt trội so với tầm giá. Rất hài lòng!"
ORI-002609,ORD-250806-1938,COOL-002,THERMALRIGHT-PHANTOM-SPIRIT-120,Tản nhiệt khí Thermalright Phantom Spirit 120 SE ARGB,Tản nhiệt - Cooling,Thermalright,1,990000,1200000,990000,5,"Hàng chuẩn GearVN, nguyên seal mới cứng, bảo hành đầy đủ. Vote 5 sao!"
ORI-002610,ORD-260520-1939,GPU-004,ASUS-RX7900XTX-24G,VGA ASUS TUF Gaming Radeon RX 7900 XTX OC 24GB,VGA - Card màn hình,ASUS,1,22990000,25000000,22990000,5,"Hàng chuẩn GearVN, nguyên seal mới cứng, bảo hành đầy đủ. Vote 5 sao!"
ORI-002611,ORD-260129-1940,HDD-001,SEAGATE-BARRACUDA-4TB,"Ổ cứng HDD Seagate Barracuda 4TB 3.5"" SATA 5400RPM",HDD - Ổ cứng cơ,Seagate,1,2190000,2500000,2190000,4,"Hiệu năng tốt trong tầm giá, dùng mượt mà không lỗi lầm gì."
ORI-002612,ORD-260218-1941,HDD-001,SEAGATE-BARRACUDA-4TB,"Ổ cứng HDD Seagate Barracuda 4TB 3.5"" SATA 5400RPM",HDD - Ổ cứng cơ,Seagate,1,2190000,2500000,2190000,1,"Sản phẩm bị lỗi hỏng ngay khi bóc hộp, không lên nguồn. Dịch vụ tệ."
ORI-002613,ORD-250906-1942,RAM-002,GSKILL-DDR5-32GB-6000,RAM G.Skill Trident Z5 RGB DDR5 32GB (2x16GB) 6000MHz CL30,RAM - Bộ nhớ trong,G.Skill,1,3690000,4200000,3690000,5,"Lắp đặt dễ dàng, chạy êm ái và mát mẻ. Shop hỗ trợ nhiệt tình."
ORI-002614,ORD-260227-1943,KB-001,CORSAIR-K100-RGB-OPX,Bàn phím cơ Corsair K100 RGB Optical-Mechanical (OPX Switch),Bàn phím - Keyboard,Corsair,1,5490000,6000000,5490000,3,"Dùng tạm ổn, nhưng vỏ hộp hơi móp méo khi vận chuyển."
ORI-002615,ORD-260121-1944,MONITOR-002,SAMSUNG-ODYSSEY-G7-32-4K,"Màn hình Samsung Odyssey G7 32"" 4K UHD 144Hz IPS",Màn hình - Monitor,Samsung,1,12990000,15000000,12990000,5,"Rất đáng tiền, chạy mượt mà, chính hãng 100%."
ORI-002616,ORD-260330-1945,MB-001,ASUS-ROG-MAXIMUS-Z790,"Mainboard ASUS ROG Maximus Z790 Hero (LGA 1700, DDR5, ATX)",Mainboard - Bo mạch chủ,ASUS,1,15990000,18000000,15990000,5,"Hàng chuẩn GearVN, nguyên seal mới cứng, bảo hành đầy đủ. Vote 5 sao!"
ORI-002617,ORD-251105-1946,CPU-006,INTEL-I3-14100F,"CPU Intel Core i3-14100F (3.5GHz Turbo 4.7GHz, 4 nhân 8 luồng)",CPU - Bộ vi xử lý,Intel,1,2490000,2800000,2490000,5,"Thiết kế đẹp mắt, hiệu năng vượt trội so với tầm giá. Rất hài lòng!"
ORI-002618,ORD-251105-1946,CHAIR-001,SECRETLAB-TITAN-EVO-2022,"Ghế gaming Secretlab Titan Evo 2022 (SoftWeave Plus, Medium)",Ghế gaming - Gaming Chair,Secretlab,1,12990000,14500000,12990000,4,"Sản phẩm tốt, nhân viên tư vấn nhiệt tình, sẽ tiếp tục ủng hộ."
ORI-002619,ORD-260618-1947,KB-002,RAZER-BLACKWIDOW-V4-75,Bàn phím cơ Razer BlackWidow V4 75% (Razer Yellow Switch),Bàn phím - Keyboard,Razer,1,3290000,3800000,3290000,,
ORI-002620,ORD-260607-1948,MOUSE-001,LOGITECH-G-PRO-X-SUPERLIGHT2,"Chuột gaming Logitech G Pro X Superlight 2 (Không dây, 32000 DPI)",Chuột - Mouse,Logitech,1,3390000,3800000,3390000,5,"Hàng chuẩn GearVN, nguyên seal mới cứng, bảo hành đầy đủ. Vote 5 sao!"
ORI-002621,ORD-260225-1949,PSU-001,CORSAIR-HX1000I-1000W,Nguồn Corsair HX1000i 1000W 80 Plus Platinum Full Modular,PSU - Nguồn máy tính,Corsair,1,4990000,5500000,4990000,5,"Lắp đặt dễ dàng, chạy êm ái và mát mẻ. Shop hỗ trợ nhiệt tình."
ORI-002622,ORD-260225-1949,MB-004,ASUS-TUF-B760M-PLUS-WIFI,"Mainboard ASUS TUF Gaming B760M-Plus WiFi (LGA 1700, DDR5, mATX)",Mainboard - Bo mạch chủ,ASUS,1,3990000,4500000,3990000,5,"Hàng chuẩn GearVN, nguyên seal mới cứng, bảo hành đầy đủ. Vote 5 sao!"
ORI-002623,ORD-250922-1950,FAN-001,LIANLI-UNI-FAN-AL120-3PACK,"Fan Case Lian Li UNI FAN AL120 RGB (3-Pack, Daisy-chain)",Fan - Quạt tản nhiệt,Lian Li,1,1490000,1800000,1490000,,
ORI-002624,ORD-250922-1950,GPU-003,GIGABYTE-RTX4070-SUPER-12G,VGA GIGABYTE GeForce RTX 4070 Super Gaming OC 12GB,VGA - Card màn hình,GIGABYTE,1,16490000,18500000,16490000,,
ORI-002625,ORD-251105-1951,MONITOR-002,SAMSUNG-ODYSSEY-G7-32-4K,"Màn hình Samsung Odyssey G7 32"" 4K UHD 144Hz IPS",Màn hình - Monitor,Samsung,1,12990000,15000000,12990000,4,"Thiết kế đẹp, chạy mát, dịch vụ chăm sóc khách hàng khá tốt."
ORI-002626,ORD-251105-1952,GPU-001,ASUS-ROG-RTX4090-24G,VGA ASUS ROG Strix GeForce RTX 4090 24GB GDDR6X OC,VGA - Card màn hình,ASUS,1,52990000,58000000,52990000,5,"Hàng chuẩn GearVN, nguyên seal mới cứng, bảo hành đầy đủ. Vote 5 sao!"
ORI-002627,ORD-251105-1952,CASE-002,JONSBO-D41-MESH,"Vỏ Case Jonsbo D41 Mesh Screen (Mid Tower, ATX, Màn hình LCD)",Case - Vỏ máy tính,Jonsbo,1,2290000,2600000,2290000,3,"Hiệu năng đủ dùng cho tác vụ cơ bản, nhiệt độ hơi ấm khi tải nặng."
ORI-002628,ORD-251102-1953,PSU-003,COOLERMASTER-V750-GOLD,Nguồn Cooler Master MWE Gold 750W 80 Plus Gold Full Modular,PSU - Nguồn máy tính,Cooler Master,1,2490000,2900000,2490000,4,"Sản phẩm dùng tốt, đúng mô tả, tuy nhiên giao hàng hơi trễ 1 ngày."
ORI-002629,ORD-260115-1954,KB-002,RAZER-BLACKWIDOW-V4-75,Bàn phím cơ Razer BlackWidow V4 75% (Razer Yellow Switch),Bàn phím - Keyboard,Razer,1,3290000,3800000,3290000,5,"Lắp đặt dễ dàng, chạy êm ái và mát mẻ. Shop hỗ trợ nhiệt tình."
ORI-002630,ORD-260221-1955,CPU-003,INTEL-I5-14600K,"CPU Intel Core i5-14600K (3.5GHz Turbo 5.3GHz, 14 nhân 20 luồng)",CPU - Bộ vi xử lý,Intel,1,5490000,6200000,5490000,5,"Hàng chuẩn GearVN, nguyên seal mới cứng, bảo hành đầy đủ. Vote 5 sao!"
ORI-002631,ORD-260410-1956,CPU-003,INTEL-I5-14600K,"CPU Intel Core i5-14600K (3.5GHz Turbo 5.3GHz, 14 nhân 20 luồng)",CPU - Bộ vi xử lý,Intel,1,5490000,6200000,5490000,5,"Thiết kế đẹp mắt, hiệu năng vượt trội so với tầm giá. Rất hài lòng!"
ORI-002632,ORD-260224-1957,RAM-001,CORSAIR-DDR5-32GB-6000,RAM Corsair Dominator Titanium DDR5 32GB (2x16GB) 6000MHz,RAM - Bộ nhớ trong,Corsair,1,3990000,4500000,3990000,5,"Hàng chuẩn GearVN, nguyên seal mới cứng, bảo hành đầy đủ. Vote 5 sao!"
ORI-002633,ORD-260226-1958,SSD-004,CRUCIAL-P5-PLUS-500GB,SSD Crucial P5 Plus 500GB NVMe M.2 PCIe Gen4,SSD - Ổ cứng thể rắn,Crucial,1,990000,1200000,990000,5,"Hàng chuẩn GearVN, nguyên seal mới cứng, bảo hành đầy đủ. Vote 5 sao!"
ORI-002634,ORD-260226-1958,COOL-003,DEEPCOOL-AK620-DIGITAL,"Tản nhiệt khí DeepCool AK620 Digital (Dual Tower, 2x120mm)",Tản nhiệt - Cooling,Deepcool,1,1490000,1800000,1490000,5,"Sản phẩm cực kỳ chất lượng, đóng gói cẩn thận, giao hàng nhanh."
ORI-002635,ORD-260602-1959,CHAIR-001,SECRETLAB-TITAN-EVO-2022,"Ghế gaming Secretlab Titan Evo 2022 (SoftWeave Plus, Medium)",Ghế gaming - Gaming Chair,Secretlab,1,12990000,14500000,12990000,4,"Sản phẩm dùng tốt, đúng mô tả, tuy nhiên giao hàng hơi trễ 1 ngày."
ORI-002636,ORD-251209-1960,GPU-003,GIGABYTE-RTX4070-SUPER-12G,VGA GIGABYTE GeForce RTX 4070 Super Gaming OC 12GB,VGA - Card màn hình,GIGABYTE,1,16490000,18500000,16490000,2,"Giao sai phiên bản màu sắc, đang chờ shop đổi trả."
ORI-002637,ORD-250905-1961,MONITOR-001,LG-27GP850P-27-QHD-165HZ,"Màn hình LG UltraGear 27GP850P-B 27"" QHD IPS 165Hz 1ms",Màn hình - Monitor,LG,1,8990000,10500000,8990000,5,"Thiết kế đẹp mắt, hiệu năng vượt trội so với tầm giá. Rất hài lòng!"
ORI-002638,ORD-251204-1962,COOL-001,CORSAIR-H150I-ELITE-360MM,Tản nhiệt nước AIO Corsair iCUE H150i Elite LCD 360mm,Tản nhiệt - Cooling,Corsair,1,4490000,5000000,4490000,5,"Rất đáng tiền, chạy mượt mà, chính hãng 100%."
ORI-002639,ORD-251204-1962,GPU-004,ASUS-RX7900XTX-24G,VGA ASUS TUF Gaming Radeon RX 7900 XTX OC 24GB,VGA - Card màn hình,ASUS,1,22990000,25000000,22990000,4,"Sản phẩm tốt, nhân viên tư vấn nhiệt tình, sẽ tiếp tục ủng hộ."
ORI-002640,ORD-260112-1963,FAN-001,LIANLI-UNI-FAN-AL120-3PACK,"Fan Case Lian Li UNI FAN AL120 RGB (3-Pack, Daisy-chain)",Fan - Quạt tản nhiệt,Lian Li,1,1490000,1800000,1490000,5,"Thiết kế đẹp mắt, hiệu năng vượt trội so với tầm giá. Rất hài lòng!"
ORI-002641,ORD-251009-1964,MB-001,ASUS-ROG-MAXIMUS-Z790,"Mainboard ASUS ROG Maximus Z790 Hero (LGA 1700, DDR5, ATX)",Mainboard - Bo mạch chủ,ASUS,1,15990000,18000000,15990000,5,"Thiết kế đẹp mắt, hiệu năng vượt trội so với tầm giá. Rất hài lòng!"
ORI-002642,ORD-251009-1964,SSD-002,WD-BLACK-SN850X-1TB,SSD WD Black SN850X 1TB NVMe M.2 PCIe Gen4,SSD - Ổ cứng thể rắn,Western Digital,1,2190000,2500000,2190000,5,"Sản phẩm cực kỳ chất lượng, đóng gói cẩn thận, giao hàng nhanh."
ORI-002643,ORD-250730-1965,COOL-002,THERMALRIGHT-PHANTOM-SPIRIT-120,Tản nhiệt khí Thermalright Phantom Spirit 120 SE ARGB,Tản nhiệt - Cooling,Thermalright,1,990000,1200000,990000,4,"Sản phẩm tốt, nhân viên tư vấn nhiệt tình, sẽ tiếp tục ủng hộ."
ORI-002644,ORD-260209-1966,GPU-002,MSI-RTX4080-SUPER-16G,VGA MSI GeForce RTX 4080 Super 16GB Gaming X Slim,VGA - Card màn hình,MSI,1,26990000,30000000,26990000,5,"Rất đáng tiền, chạy mượt mà, chính hãng 100%."
ORI-002645,ORD-260209-1966,CHAIR-001,SECRETLAB-TITAN-EVO-2022,"Ghế gaming Secretlab Titan Evo 2022 (SoftWeave Plus, Medium)",Ghế gaming - Gaming Chair,Secretlab,1,12990000,14500000,12990000,4,"Hiệu năng tốt trong tầm giá, dùng mượt mà không lỗi lầm gì."
ORI-002646,ORD-260126-1967,CPU-001,INTEL-I9-14900K,"CPU Intel Core i9-14900K (3.2GHz Turbo 6.0GHz, 24 nhân 32 luồng)",CPU - Bộ vi xử lý,Intel,1,12990000,14500000,12990000,5,"Thiết kế đẹp mắt, hiệu năng vượt trội so với tầm giá. Rất hài lòng!"
ORI-002647,ORD-251227-1968,RAM-002,GSKILL-DDR5-32GB-6000,RAM G.Skill Trident Z5 RGB DDR5 32GB (2x16GB) 6000MHz CL30,RAM - Bộ nhớ trong,G.Skill,1,3690000,4200000,3690000,5,"Sản phẩm cực kỳ chất lượng, đóng gói cẩn thận, giao hàng nhanh."
ORI-002648,ORD-250713-1969,HDD-001,SEAGATE-BARRACUDA-4TB,"Ổ cứng HDD Seagate Barracuda 4TB 3.5"" SATA 5400RPM",HDD - Ổ cứng cơ,Seagate,1,2190000,2500000,2190000,5,"Thiết kế đẹp mắt, hiệu năng vượt trội so với tầm giá. Rất hài lòng!"
ORI-002649,ORD-250628-1970,PSU-002,SEASONIC-FOCUS-GX-850,Nguồn Seasonic Focus GX 850W 80 Plus Gold Full Modular,PSU - Nguồn máy tính,Seasonic,1,3290000,3800000,3290000,3,"Sản phẩm bình thường, không quá nổi bật, dịch vụ giao hàng ở mức trung bình."
ORI-002650,ORD-251123-1971,MOUSE-001,LOGITECH-G-PRO-X-SUPERLIGHT2,"Chuột gaming Logitech G Pro X Superlight 2 (Không dây, 32000 DPI)",Chuột - Mouse,Logitech,1,3390000,3800000,3390000,5,"Hàng chuẩn GearVN, nguyên seal mới cứng, bảo hành đầy đủ. Vote 5 sao!"
ORI-002651,ORD-250826-1972,MOUSE-002,RAZER-DEATHADDER-V3-HTE,Chuột gaming Razer DeathAdder V3 HyperSpeed (Không dây),Chuột - Mouse,Razer,1,1890000,2200000,1890000,5,"Sản phẩm cực kỳ chất lượng, đóng gói cẩn thận, giao hàng nhanh."
ORI-002652,ORD-251118-1973,MONITOR-002,SAMSUNG-ODYSSEY-G7-32-4K,"Màn hình Samsung Odyssey G7 32"" 4K UHD 144Hz IPS",Màn hình - Monitor,Samsung,1,12990000,15000000,12990000,5,"Lắp đặt dễ dàng, chạy êm ái và mát mẻ. Shop hỗ trợ nhiệt tình."
ORI-002653,ORD-251107-1974,MONITOR-002,SAMSUNG-ODYSSEY-G7-32-4K,"Màn hình Samsung Odyssey G7 32"" 4K UHD 144Hz IPS",Màn hình - Monitor,Samsung,1,12990000,15000000,12990000,5,"Thiết kế đẹp mắt, hiệu năng vượt trội so với tầm giá. Rất hài lòng!"
ORI-002654,ORD-251107-1974,MB-003,GIGABYTE-X670E-AORUS-MASTER,"Mainboard GIGABYTE X670E AORUS Master (AM5, DDR5, ATX)",Mainboard - Bo mạch chủ,GIGABYTE,1,11490000,13000000,11490000,5,"Sản phẩm cực kỳ chất lượng, đóng gói cẩn thận, giao hàng nhanh."
ORI-002655,ORD-250919-1975,MB-002,MSI-MAG-Z790-TOMAHAWK,"Mainboard MSI MAG Z790 Tomahawk WiFi (LGA 1700, DDR5, ATX)",Mainboard - Bo mạch chủ,MSI,1,6990000,7800000,6990000,5,"Lắp đặt dễ dàng, chạy êm ái và mát mẻ. Shop hỗ trợ nhiệt tình."
ORI-002656,ORD-250917-1976,RAM-004,CORSAIR-DDR5-64GB-6400,RAM Corsair Vengeance DDR5 64GB (2x32GB) 6400MHz CL32,RAM - Bộ nhớ trong,Corsair,1,6490000,7500000,6490000,5,"Rất đáng tiền, chạy mượt mà, chính hãng 100%."
ORI-002657,ORD-260502-1977,MB-001,ASUS-ROG-MAXIMUS-Z790,"Mainboard ASUS ROG Maximus Z790 Hero (LGA 1700, DDR5, ATX)",Mainboard - Bo mạch chủ,ASUS,1,15990000,18000000,15990000,4,"Chất lượng ổn áp, chạy ngon lành, đóng gói kỹ càng."
ORI-002658,ORD-251207-1978,RAM-002,GSKILL-DDR5-32GB-6000,RAM G.Skill Trident Z5 RGB DDR5 32GB (2x16GB) 6000MHz CL30,RAM - Bộ nhớ trong,G.Skill,1,3690000,4200000,3690000,5,"Hàng chuẩn GearVN, nguyên seal mới cứng, bảo hành đầy đủ. Vote 5 sao!"
ORI-002659,ORD-251113-1979,CPU-003,INTEL-I5-14600K,"CPU Intel Core i5-14600K (3.5GHz Turbo 5.3GHz, 14 nhân 20 luồng)",CPU - Bộ vi xử lý,Intel,1,5490000,6200000,5490000,4,"Sản phẩm tốt, nhân viên tư vấn nhiệt tình, sẽ tiếp tục ủng hộ."
ORI-002660,ORD-251113-1979,KB-001,CORSAIR-K100-RGB-OPX,Bàn phím cơ Corsair K100 RGB Optical-Mechanical (OPX Switch),Bàn phím - Keyboard,Corsair,1,5490000,6000000,5490000,3,Chất lượng sản phẩm ok nhưng tổng đài hỗ trợ kỹ thuật phản hồi hơi chậm.
ORI-002661,ORD-250721-1980,MB-004,ASUS-TUF-B760M-PLUS-WIFI,"Mainboard ASUS TUF Gaming B760M-Plus WiFi (LGA 1700, DDR5, mATX)",Mainboard - Bo mạch chủ,ASUS,1,3990000,4500000,3990000,,
ORI-002662,ORD-251117-1981,MONITOR-002,SAMSUNG-ODYSSEY-G7-32-4K,"Màn hình Samsung Odyssey G7 32"" 4K UHD 144Hz IPS",Màn hình - Monitor,Samsung,1,12990000,15000000,12990000,5,"Rất đáng tiền, chạy mượt mà, chính hãng 100%."
ORI-002663,ORD-260311-1982,CPU-006,INTEL-I3-14100F,"CPU Intel Core i3-14100F (3.5GHz Turbo 4.7GHz, 4 nhân 8 luồng)",CPU - Bộ vi xử lý,Intel,1,2490000,2800000,2490000,5,"Lắp đặt dễ dàng, chạy êm ái và mát mẻ. Shop hỗ trợ nhiệt tình."
ORI-002664,ORD-251128-1983,HDD-002,WD-RED-PLUS-8TB,"Ổ cứng HDD WD Red Plus 8TB 3.5"" SATA NAS",HDD - Ổ cứng cơ,Western Digital,1,4490000,5200000,4490000,4,"Sản phẩm tốt, nhân viên tư vấn nhiệt tình, sẽ tiếp tục ủng hộ."
ORI-002665,ORD-260518-1984,RAM-002,GSKILL-DDR5-32GB-6000,RAM G.Skill Trident Z5 RGB DDR5 32GB (2x16GB) 6000MHz CL30,RAM - Bộ nhớ trong,G.Skill,1,3690000,4200000,3690000,5,"Rất đáng tiền, chạy mượt mà, chính hãng 100%."
ORI-002666,ORD-260103-1985,CHAIR-001,SECRETLAB-TITAN-EVO-2022,"Ghế gaming Secretlab Titan Evo 2022 (SoftWeave Plus, Medium)",Ghế gaming - Gaming Chair,Secretlab,1,12990000,14500000,12990000,5,"Sản phẩm cực kỳ chất lượng, đóng gói cẩn thận, giao hàng nhanh."
ORI-002667,ORD-250918-1986,CPU-004,AMD-R9-7950X,"CPU AMD Ryzen 9 7950X (4.5GHz Turbo 5.7GHz, 16 nhân 32 luồng)",CPU - Bộ vi xử lý,AMD,1,13490000,15000000,13490000,4,"Chất lượng ổn áp, chạy ngon lành, đóng gói kỹ càng."
ORI-002668,ORD-251121-1987,PSU-003,COOLERMASTER-V750-GOLD,Nguồn Cooler Master MWE Gold 750W 80 Plus Gold Full Modular,PSU - Nguồn máy tính,Cooler Master,1,2490000,2900000,2490000,5,"Thiết kế đẹp mắt, hiệu năng vượt trội so với tầm giá. Rất hài lòng!"
ORI-002669,ORD-260406-1988,FAN-001,LIANLI-UNI-FAN-AL120-3PACK,"Fan Case Lian Li UNI FAN AL120 RGB (3-Pack, Daisy-chain)",Fan - Quạt tản nhiệt,Lian Li,1,1490000,1800000,1490000,5,"Lắp đặt dễ dàng, chạy êm ái và mát mẻ. Shop hỗ trợ nhiệt tình."
ORI-002670,ORD-260610-1989,RAM-004,CORSAIR-DDR5-64GB-6400,RAM Corsair Vengeance DDR5 64GB (2x32GB) 6400MHz CL32,RAM - Bộ nhớ trong,Corsair,1,6490000,7500000,6490000,,
ORI-002671,ORD-260610-1989,GPU-002,MSI-RTX4080-SUPER-16G,VGA MSI GeForce RTX 4080 Super 16GB Gaming X Slim,VGA - Card màn hình,MSI,1,26990000,30000000,26990000,,
ORI-002672,ORD-251205-1990,MONITOR-001,LG-27GP850P-27-QHD-165HZ,"Màn hình LG UltraGear 27GP850P-B 27"" QHD IPS 165Hz 1ms",Màn hình - Monitor,LG,1,8990000,10500000,8990000,5,"Hàng chuẩn GearVN, nguyên seal mới cứng, bảo hành đầy đủ. Vote 5 sao!"
ORI-002673,ORD-260401-1991,GPU-005,MSI-RTX4060-TI-8G-VENTUS,VGA MSI GeForce RTX 4060 Ti 8G Ventus 2X OC,VGA - Card màn hình,MSI,1,9490000,11000000,9490000,4,"Sản phẩm tốt, nhân viên tư vấn nhiệt tình, sẽ tiếp tục ủng hộ."
ORI-002674,ORD-260614-1992,GPU-004,ASUS-RX7900XTX-24G,VGA ASUS TUF Gaming Radeon RX 7900 XTX OC 24GB,VGA - Card màn hình,ASUS,1,22990000,25000000,22990000,,
ORI-002675,ORD-250817-1993,MB-003,GIGABYTE-X670E-AORUS-MASTER,"Mainboard GIGABYTE X670E AORUS Master (AM5, DDR5, ATX)",Mainboard - Bo mạch chủ,GIGABYTE,1,11490000,13000000,11490000,5,"Sản phẩm cực kỳ chất lượng, đóng gói cẩn thận, giao hàng nhanh."
ORI-002676,ORD-251128-1994,RAM-003,KINGSTON-FURY-DDR4-16GB-3200,RAM Kingston Fury Beast DDR4 16GB (2x8GB) 3200MHz,RAM - Bộ nhớ trong,Kingston,1,1290000,1500000,1290000,5,"Sản phẩm cực kỳ chất lượng, đóng gói cẩn thận, giao hàng nhanh."
ORI-002677,ORD-251128-1994,GPU-002,MSI-RTX4080-SUPER-16G,VGA MSI GeForce RTX 4080 Super 16GB Gaming X Slim,VGA - Card màn hình,MSI,1,26990000,30000000,26990000,5,"Sản phẩm cực kỳ chất lượng, đóng gói cẩn thận, giao hàng nhanh."
ORI-002678,ORD-251229-1995,HDD-002,WD-RED-PLUS-8TB,"Ổ cứng HDD WD Red Plus 8TB 3.5"" SATA NAS",HDD - Ổ cứng cơ,Western Digital,1,4490000,5200000,4490000,5,"Lắp đặt dễ dàng, chạy êm ái và mát mẻ. Shop hỗ trợ nhiệt tình."
ORI-002679,ORD-250925-1996,MB-003,GIGABYTE-X670E-AORUS-MASTER,"Mainboard GIGABYTE X670E AORUS Master (AM5, DDR5, ATX)",Mainboard - Bo mạch chủ,GIGABYTE,1,11490000,13000000,11490000,5,"Sản phẩm cực kỳ chất lượng, đóng gói cẩn thận, giao hàng nhanh."
ORI-002680,ORD-260516-1997,FAN-001,LIANLI-UNI-FAN-AL120-3PACK,"Fan Case Lian Li UNI FAN AL120 RGB (3-Pack, Daisy-chain)",Fan - Quạt tản nhiệt,Lian Li,1,1490000,1800000,1490000,,
ORI-002681,ORD-260516-1997,PSU-002,SEASONIC-FOCUS-GX-850,Nguồn Seasonic Focus GX 850W 80 Plus Gold Full Modular,PSU - Nguồn máy tính,Seasonic,1,3290000,3800000,3290000,,
ORI-002682,ORD-251104-1998,MB-001,ASUS-ROG-MAXIMUS-Z790,"Mainboard ASUS ROG Maximus Z790 Hero (LGA 1700, DDR5, ATX)",Mainboard - Bo mạch chủ,ASUS,1,15990000,18000000,15990000,5,"Thiết kế đẹp mắt, hiệu năng vượt trội so với tầm giá. Rất hài lòng!"
ORI-002683,ORD-260617-1999,HDD-002,WD-RED-PLUS-8TB,"Ổ cứng HDD WD Red Plus 8TB 3.5"" SATA NAS",HDD - Ổ cứng cơ,Western Digital,1,4490000,5200000,4490000,,
ORI-002684,ORD-251203-2000,RAM-001,CORSAIR-DDR5-32GB-6000,RAM Corsair Dominator Titanium DDR5 32GB (2x16GB) 6000MHz,RAM - Bộ nhớ trong,Corsair,1,3990000,4500000,3990000,5,"Rất đáng tiền, chạy mượt mà, chính hãng 100%."
ORI-002685,ORD-251203-2000,MOUSE-001,LOGITECH-G-PRO-X-SUPERLIGHT2,"Chuột gaming Logitech G Pro X Superlight 2 (Không dây, 32000 DPI)",Chuột - Mouse,Logitech,1,3390000,3800000,3390000,5,"Rất đáng tiền, chạy mượt mà, chính hãng 100%."
ORI-002686,ORD-260108-2001,CPU-002,INTEL-I7-14700K,"CPU Intel Core i7-14700K (3.4GHz Turbo 5.6GHz, 20 nhân 28 luồng)",CPU - Bộ vi xử lý,Intel,1,8490000,9500000,8490000,4,"Hiệu năng tốt trong tầm giá, dùng mượt mà không lỗi lầm gì."
ORI-002687,ORD-260108-2001,CPU-005,AMD-R7-7700X,"CPU AMD Ryzen 7 7700X (4.5GHz Turbo 5.4GHz, 8 nhân 16 luồng)",CPU - Bộ vi xử lý,AMD,1,6890000,7500000,6890000,5,"Rất đáng tiền, chạy mượt mà, chính hãng 100%."
ORI-002688,ORD-260122-2002,GPU-001,ASUS-ROG-RTX4090-24G,VGA ASUS ROG Strix GeForce RTX 4090 24GB GDDR6X OC,VGA - Card màn hình,ASUS,1,52990000,58000000,52990000,,
ORI-002689,ORD-260122-2002,PSU-002,SEASONIC-FOCUS-GX-850,Nguồn Seasonic Focus GX 850W 80 Plus Gold Full Modular,PSU - Nguồn máy tính,Seasonic,1,3290000,3800000,3290000,,
ORI-002690,ORD-251020-2003,FAN-002,NOCTUA-NF-A12X25-PWM,Fan Case Noctua NF-A12x25 PWM 120mm (Hiệu suất cao),Fan - Quạt tản nhiệt,Noctua,1,990000,1200000,990000,4,"Sản phẩm dùng tốt, đúng mô tả, tuy nhiên giao hàng hơi trễ 1 ngày."
ORI-002691,ORD-251020-2003,RAM-002,GSKILL-DDR5-32GB-6000,RAM G.Skill Trident Z5 RGB DDR5 32GB (2x16GB) 6000MHz CL30,RAM - Bộ nhớ trong,G.Skill,1,3690000,4200000,3690000,5,"Hàng chuẩn GearVN, nguyên seal mới cứng, bảo hành đầy đủ. Vote 5 sao!"
ORI-002692,ORD-251127-2004,PSU-003,COOLERMASTER-V750-GOLD,Nguồn Cooler Master MWE Gold 750W 80 Plus Gold Full Modular,PSU - Nguồn máy tính,Cooler Master,1,2490000,2900000,2490000,5,"Lắp đặt dễ dàng, chạy êm ái và mát mẻ. Shop hỗ trợ nhiệt tình."
ORI-002693,ORD-251127-2004,CASE-002,JONSBO-D41-MESH,"Vỏ Case Jonsbo D41 Mesh Screen (Mid Tower, ATX, Màn hình LCD)",Case - Vỏ máy tính,Jonsbo,1,2290000,2600000,2290000,5,"Thiết kế đẹp mắt, hiệu năng vượt trội so với tầm giá. Rất hài lòng!"
ORI-002694,ORD-260220-2005,CPU-001,INTEL-I9-14900K,"CPU Intel Core i9-14900K (3.2GHz Turbo 6.0GHz, 24 nhân 32 luồng)",CPU - Bộ vi xử lý,Intel,1,12990000,14500000,12990000,3,Chất lượng sản phẩm ok nhưng tổng đài hỗ trợ kỹ thuật phản hồi hơi chậm.
ORI-002695,ORD-250720-2006,SSD-001,SAMSUNG-980-PRO-2TB,SSD Samsung 980 Pro 2TB NVMe M.2 PCIe Gen4,SSD - Ổ cứng thể rắn,Samsung,1,3490000,3900000,3490000,4,"Sản phẩm dùng tốt, đúng mô tả, tuy nhiên giao hàng hơi trễ 1 ngày."
ORI-002696,ORD-260106-2007,GPU-004,ASUS-RX7900XTX-24G,VGA ASUS TUF Gaming Radeon RX 7900 XTX OC 24GB,VGA - Card màn hình,ASUS,1,22990000,25000000,22990000,,
ORI-002697,ORD-260128-2008,SSD-003,KINGSTON-KC3000-1TB,SSD Kingston KC3000 1TB NVMe M.2 PCIe Gen4,SSD - Ổ cứng thể rắn,Kingston,1,1890000,2200000,1890000,4,"Hiệu năng tốt trong tầm giá, dùng mượt mà không lỗi lầm gì."
ORI-002698,ORD-260128-2008,GPU-004,ASUS-RX7900XTX-24G,VGA ASUS TUF Gaming Radeon RX 7900 XTX OC 24GB,VGA - Card màn hình,ASUS,1,22990000,25000000,22990000,5,"Lắp đặt dễ dàng, chạy êm ái và mát mẻ. Shop hỗ trợ nhiệt tình."
ORI-002699,ORD-251217-2009,HDD-001,SEAGATE-BARRACUDA-4TB,"Ổ cứng HDD Seagate Barracuda 4TB 3.5"" SATA 5400RPM",HDD - Ổ cứng cơ,Seagate,1,2190000,2500000,2190000,5,"Sản phẩm cực kỳ chất lượng, đóng gói cẩn thận, giao hàng nhanh."
ORI-002700,ORD-251217-2009,CASE-001,LIANLI-PC-O11D-EVO,"Vỏ Case Lian Li PC-O11 Dynamic Evo (Mid Tower, ATX)",Case - Vỏ máy tính,Lian Li,1,3490000,3900000,3490000,5,"Hàng chuẩn GearVN, nguyên seal mới cứng, bảo hành đầy đủ. Vote 5 sao!"
ORI-002701,ORD-250907-2010,RAM-003,KINGSTON-FURY-DDR4-16GB-3200,RAM Kingston Fury Beast DDR4 16GB (2x8GB) 3200MHz,RAM - Bộ nhớ trong,Kingston,1,1290000,1500000,1290000,5,"Hàng chuẩn GearVN, nguyên seal mới cứng, bảo hành đầy đủ. Vote 5 sao!"
ORI-002702,ORD-251005-2011,MONITOR-002,SAMSUNG-ODYSSEY-G7-32-4K,"Màn hình Samsung Odyssey G7 32"" 4K UHD 144Hz IPS",Màn hình - Monitor,Samsung,1,12990000,15000000,12990000,5,"Sản phẩm cực kỳ chất lượng, đóng gói cẩn thận, giao hàng nhanh."
ORI-002703,ORD-250818-2012,MONITOR-001,LG-27GP850P-27-QHD-165HZ,"Màn hình LG UltraGear 27GP850P-B 27"" QHD IPS 165Hz 1ms",Màn hình - Monitor,LG,1,8990000,10500000,8990000,1,"Giao hàng quá chậm (mất 7 ngày), hàng móp méo hư hại nghiêm trọng."
ORI-002704,ORD-260523-2013,COOL-003,DEEPCOOL-AK620-DIGITAL,"Tản nhiệt khí DeepCool AK620 Digital (Dual Tower, 2x120mm)",Tản nhiệt - Cooling,Deepcool,1,1490000,1800000,1490000,4,"Chất lượng ổn áp, chạy ngon lành, đóng gói kỹ càng."
ORI-002705,ORD-260523-2013,MB-003,GIGABYTE-X670E-AORUS-MASTER,"Mainboard GIGABYTE X670E AORUS Master (AM5, DDR5, ATX)",Mainboard - Bo mạch chủ,GIGABYTE,1,11490000,13000000,11490000,5,"Sản phẩm cực kỳ chất lượng, đóng gói cẩn thận, giao hàng nhanh."
ORI-002706,ORD-260102-2014,GPU-003,GIGABYTE-RTX4070-SUPER-12G,VGA GIGABYTE GeForce RTX 4070 Super Gaming OC 12GB,VGA - Card màn hình,GIGABYTE,1,16490000,18500000,16490000,5,"Sản phẩm cực kỳ chất lượng, đóng gói cẩn thận, giao hàng nhanh."
ORI-002707,ORD-260206-2015,GPU-002,MSI-RTX4080-SUPER-16G,VGA MSI GeForce RTX 4080 Super 16GB Gaming X Slim,VGA - Card màn hình,MSI,1,26990000,30000000,26990000,4,"Chất lượng ổn áp, chạy ngon lành, đóng gói kỹ càng."
ORI-002708,ORD-260112-2016,GPU-005,MSI-RTX4060-TI-8G-VENTUS,VGA MSI GeForce RTX 4060 Ti 8G Ventus 2X OC,VGA - Card màn hình,MSI,1,9490000,11000000,9490000,5,"Hàng chuẩn GearVN, nguyên seal mới cứng, bảo hành đầy đủ. Vote 5 sao!"
ORI-002709,ORD-260112-2016,SSD-001,SAMSUNG-980-PRO-2TB,SSD Samsung 980 Pro 2TB NVMe M.2 PCIe Gen4,SSD - Ổ cứng thể rắn,Samsung,1,3490000,3900000,3490000,5,"Thiết kế đẹp mắt, hiệu năng vượt trội so với tầm giá. Rất hài lòng!"
ORI-002710,ORD-250715-2017,SSD-004,CRUCIAL-P5-PLUS-500GB,SSD Crucial P5 Plus 500GB NVMe M.2 PCIe Gen4,SSD - Ổ cứng thể rắn,Crucial,1,990000,1200000,990000,4,"Sản phẩm tốt, nhân viên tư vấn nhiệt tình, sẽ tiếp tục ủng hộ."
ORI-002711,ORD-251129-2018,MOUSE-002,RAZER-DEATHADDER-V3-HTE,Chuột gaming Razer DeathAdder V3 HyperSpeed (Không dây),Chuột - Mouse,Razer,1,1890000,2200000,1890000,4,"Sản phẩm dùng tốt, đúng mô tả, tuy nhiên giao hàng hơi trễ 1 ngày."
ORI-002712,ORD-250825-2019,CPU-005,AMD-R7-7700X,"CPU AMD Ryzen 7 7700X (4.5GHz Turbo 5.4GHz, 8 nhân 16 luồng)",CPU - Bộ vi xử lý,AMD,1,6890000,7500000,6890000,5,"Sản phẩm cực kỳ chất lượng, đóng gói cẩn thận, giao hàng nhanh."
ORI-002713,ORD-260206-2020,MB-002,MSI-MAG-Z790-TOMAHAWK,"Mainboard MSI MAG Z790 Tomahawk WiFi (LGA 1700, DDR5, ATX)",Mainboard - Bo mạch chủ,MSI,1,6990000,7800000,6990000,3,Chất lượng sản phẩm ok nhưng tổng đài hỗ trợ kỹ thuật phản hồi hơi chậm.
ORI-002714,ORD-260212-2021,MB-004,ASUS-TUF-B760M-PLUS-WIFI,"Mainboard ASUS TUF Gaming B760M-Plus WiFi (LGA 1700, DDR5, mATX)",Mainboard - Bo mạch chủ,ASUS,1,3990000,4500000,3990000,1,"Hàng cũ đóng lại seal, chạy lỗi liên tục, bảo hành rất phiền phức. Không nên mua."
ORI-002715,ORD-251106-2022,MB-003,GIGABYTE-X670E-AORUS-MASTER,"Mainboard GIGABYTE X670E AORUS Master (AM5, DDR5, ATX)",Mainboard - Bo mạch chủ,GIGABYTE,1,11490000,13000000,11490000,5,"Sản phẩm cực kỳ chất lượng, đóng gói cẩn thận, giao hàng nhanh."
ORI-002716,ORD-251106-2022,KB-002,RAZER-BLACKWIDOW-V4-75,Bàn phím cơ Razer BlackWidow V4 75% (Razer Yellow Switch),Bàn phím - Keyboard,Razer,1,3290000,3800000,3290000,5,"Hàng chuẩn GearVN, nguyên seal mới cứng, bảo hành đầy đủ. Vote 5 sao!"
ORI-002717,ORD-251103-2023,PSU-002,SEASONIC-FOCUS-GX-850,Nguồn Seasonic Focus GX 850W 80 Plus Gold Full Modular,PSU - Nguồn máy tính,Seasonic,1,3290000,3800000,3290000,5,"Thiết kế đẹp mắt, hiệu năng vượt trội so với tầm giá. Rất hài lòng!"
ORI-002718,ORD-251107-2024,GPU-003,GIGABYTE-RTX4070-SUPER-12G,VGA GIGABYTE GeForce RTX 4070 Super Gaming OC 12GB,VGA - Card màn hình,GIGABYTE,1,16490000,18500000,16490000,4,"Thiết kế đẹp, chạy mát, dịch vụ chăm sóc khách hàng khá tốt."
ORI-002719,ORD-251107-2024,MOUSE-001,LOGITECH-G-PRO-X-SUPERLIGHT2,"Chuột gaming Logitech G Pro X Superlight 2 (Không dây, 32000 DPI)",Chuột - Mouse,Logitech,1,3390000,3800000,3390000,5,"Lắp đặt dễ dàng, chạy êm ái và mát mẻ. Shop hỗ trợ nhiệt tình."
ORI-002720,ORD-260612-2025,FAN-001,LIANLI-UNI-FAN-AL120-3PACK,"Fan Case Lian Li UNI FAN AL120 RGB (3-Pack, Daisy-chain)",Fan - Quạt tản nhiệt,Lian Li,1,1490000,1800000,1490000,4,"Sản phẩm dùng tốt, đúng mô tả, tuy nhiên giao hàng hơi trễ 1 ngày."
ORI-002721,ORD-260612-2025,FAN-002,NOCTUA-NF-A12X25-PWM,Fan Case Noctua NF-A12x25 PWM 120mm (Hiệu suất cao),Fan - Quạt tản nhiệt,Noctua,1,990000,1200000,990000,5,"Rất đáng tiền, chạy mượt mà, chính hãng 100%."
ORI-002722,ORD-250919-2026,CASE-002,JONSBO-D41-MESH,"Vỏ Case Jonsbo D41 Mesh Screen (Mid Tower, ATX, Màn hình LCD)",Case - Vỏ máy tính,Jonsbo,1,2290000,2600000,2290000,4,"Sản phẩm dùng tốt, đúng mô tả, tuy nhiên giao hàng hơi trễ 1 ngày."
ORI-002723,ORD-250919-2026,FAN-001,LIANLI-UNI-FAN-AL120-3PACK,"Fan Case Lian Li UNI FAN AL120 RGB (3-Pack, Daisy-chain)",Fan - Quạt tản nhiệt,Lian Li,1,1490000,1800000,1490000,5,"Rất đáng tiền, chạy mượt mà, chính hãng 100%."
ORI-002724,ORD-260611-2027,COOL-003,DEEPCOOL-AK620-DIGITAL,"Tản nhiệt khí DeepCool AK620 Digital (Dual Tower, 2x120mm)",Tản nhiệt - Cooling,Deepcool,1,1490000,1800000,1490000,4,"Sản phẩm dùng tốt, đúng mô tả, tuy nhiên giao hàng hơi trễ 1 ngày."
ORI-002725,ORD-260611-2027,MONITOR-002,SAMSUNG-ODYSSEY-G7-32-4K,"Màn hình Samsung Odyssey G7 32"" 4K UHD 144Hz IPS",Màn hình - Monitor,Samsung,1,12990000,15000000,12990000,1,"Giao hàng quá chậm (mất 7 ngày), hàng móp méo hư hại nghiêm trọng."
ORI-002726,ORD-251229-2028,MB-003,GIGABYTE-X670E-AORUS-MASTER,"Mainboard GIGABYTE X670E AORUS Master (AM5, DDR5, ATX)",Mainboard - Bo mạch chủ,GIGABYTE,1,11490000,13000000,11490000,2,"Sản phẩm có dấu hiệu trầy xước nhẹ, giao hàng chậm, đóng gói sơ sài."
ORI-002727,ORD-251229-2028,GPU-002,MSI-RTX4080-SUPER-16G,VGA MSI GeForce RTX 4080 Super 16GB Gaming X Slim,VGA - Card màn hình,MSI,1,26990000,30000000,26990000,4,"Chất lượng ổn áp, chạy ngon lành, đóng gói kỹ càng."
ORI-002728,ORD-250831-2029,RAM-001,CORSAIR-DDR5-32GB-6000,RAM Corsair Dominator Titanium DDR5 32GB (2x16GB) 6000MHz,RAM - Bộ nhớ trong,Corsair,1,3990000,4500000,3990000,5,"Rất đáng tiền, chạy mượt mà, chính hãng 100%."
ORI-002729,ORD-260501-2030,PSU-002,SEASONIC-FOCUS-GX-850,Nguồn Seasonic Focus GX 850W 80 Plus Gold Full Modular,PSU - Nguồn máy tính,Seasonic,1,3290000,3800000,3290000,5,"Lắp đặt dễ dàng, chạy êm ái và mát mẻ. Shop hỗ trợ nhiệt tình."
ORI-002730,ORD-260501-2030,KB-002,RAZER-BLACKWIDOW-V4-75,Bàn phím cơ Razer BlackWidow V4 75% (Razer Yellow Switch),Bàn phím - Keyboard,Razer,1,3290000,3800000,3290000,3,"Sản phẩm bình thường, không quá nổi bật, dịch vụ giao hàng ở mức trung bình."
ORI-002731,ORD-251230-2031,PSU-003,COOLERMASTER-V750-GOLD,Nguồn Cooler Master MWE Gold 750W 80 Plus Gold Full Modular,PSU - Nguồn máy tính,Cooler Master,1,2490000,2900000,2490000,5,"Thiết kế đẹp mắt, hiệu năng vượt trội so với tầm giá. Rất hài lòng!"
ORI-002732,ORD-250814-2032,HEADSET-001,CORSAIR-VIRTUOSO-RGB-XT,Tai nghe gaming Corsair Virtuoso RGB Wireless XT,Tai nghe - Headset,Corsair,1,4290000,5000000,4290000,5,"Lắp đặt dễ dàng, chạy êm ái và mát mẻ. Shop hỗ trợ nhiệt tình."
ORI-002733,ORD-250814-2032,MB-002,MSI-MAG-Z790-TOMAHAWK,"Mainboard MSI MAG Z790 Tomahawk WiFi (LGA 1700, DDR5, ATX)",Mainboard - Bo mạch chủ,MSI,1,6990000,7800000,6990000,1,"Giao hàng quá chậm (mất 7 ngày), hàng móp méo hư hại nghiêm trọng."
ORI-002734,ORD-250917-2033,GPU-001,ASUS-ROG-RTX4090-24G,VGA ASUS ROG Strix GeForce RTX 4090 24GB GDDR6X OC,VGA - Card màn hình,ASUS,1,52990000,58000000,52990000,,
ORI-002735,ORD-250917-2033,CPU-003,INTEL-I5-14600K,"CPU Intel Core i5-14600K (3.5GHz Turbo 5.3GHz, 14 nhân 20 luồng)",CPU - Bộ vi xử lý,Intel,1,5490000,6200000,5490000,,
ORI-002736,ORD-251212-2034,CPU-001,INTEL-I9-14900K,"CPU Intel Core i9-14900K (3.2GHz Turbo 6.0GHz, 24 nhân 32 luồng)",CPU - Bộ vi xử lý,Intel,1,12990000,14500000,12990000,4,"Sản phẩm tốt, nhân viên tư vấn nhiệt tình, sẽ tiếp tục ủng hộ."
ORI-002737,ORD-250818-2035,SSD-002,WD-BLACK-SN850X-1TB,SSD WD Black SN850X 1TB NVMe M.2 PCIe Gen4,SSD - Ổ cứng thể rắn,Western Digital,1,2190000,2500000,2190000,5,"Hàng chuẩn GearVN, nguyên seal mới cứng, bảo hành đầy đủ. Vote 5 sao!"
ORI-002738,ORD-250818-2035,PSU-003,COOLERMASTER-V750-GOLD,Nguồn Cooler Master MWE Gold 750W 80 Plus Gold Full Modular,PSU - Nguồn máy tính,Cooler Master,1,2490000,2900000,2490000,5,"Thiết kế đẹp mắt, hiệu năng vượt trội so với tầm giá. Rất hài lòng!"
ORI-002739,ORD-251218-2036,PSU-001,CORSAIR-HX1000I-1000W,Nguồn Corsair HX1000i 1000W 80 Plus Platinum Full Modular,PSU - Nguồn máy tính,Corsair,1,4990000,5500000,4990000,5,"Hàng chuẩn GearVN, nguyên seal mới cứng, bảo hành đầy đủ. Vote 5 sao!"
ORI-002740,ORD-251218-2036,CPU-003,INTEL-I5-14600K,"CPU Intel Core i5-14600K (3.5GHz Turbo 5.3GHz, 14 nhân 20 luồng)",CPU - Bộ vi xử lý,Intel,1,5490000,6200000,5490000,4,"Thiết kế đẹp, chạy mát, dịch vụ chăm sóc khách hàng khá tốt."
ORI-002741,ORD-251222-2037,RAM-002,GSKILL-DDR5-32GB-6000,RAM G.Skill Trident Z5 RGB DDR5 32GB (2x16GB) 6000MHz CL30,RAM - Bộ nhớ trong,G.Skill,1,3690000,4200000,3690000,5,"Rất đáng tiền, chạy mượt mà, chính hãng 100%."
ORI-002742,ORD-250815-2038,MB-002,MSI-MAG-Z790-TOMAHAWK,"Mainboard MSI MAG Z790 Tomahawk WiFi (LGA 1700, DDR5, ATX)",Mainboard - Bo mạch chủ,MSI,1,6990000,7800000,6990000,5,"Hàng chuẩn GearVN, nguyên seal mới cứng, bảo hành đầy đủ. Vote 5 sao!"
ORI-002743,ORD-250815-2038,MONITOR-001,LG-27GP850P-27-QHD-165HZ,"Màn hình LG UltraGear 27GP850P-B 27"" QHD IPS 165Hz 1ms",Màn hình - Monitor,LG,1,8990000,10500000,8990000,5,"Sản phẩm cực kỳ chất lượng, đóng gói cẩn thận, giao hàng nhanh."
ORI-002744,ORD-260216-2039,HDD-002,WD-RED-PLUS-8TB,"Ổ cứng HDD WD Red Plus 8TB 3.5"" SATA NAS",HDD - Ổ cứng cơ,Western Digital,1,4490000,5200000,4490000,5,"Rất đáng tiền, chạy mượt mà, chính hãng 100%."
ORI-002745,ORD-260222-2040,HDD-001,SEAGATE-BARRACUDA-4TB,"Ổ cứng HDD Seagate Barracuda 4TB 3.5"" SATA 5400RPM",HDD - Ổ cứng cơ,Seagate,1,2190000,2500000,2190000,5,"Thiết kế đẹp mắt, hiệu năng vượt trội so với tầm giá. Rất hài lòng!"
ORI-002746,ORD-251207-2041,SSD-002,WD-BLACK-SN850X-1TB,SSD WD Black SN850X 1TB NVMe M.2 PCIe Gen4,SSD - Ổ cứng thể rắn,Western Digital,1,2190000,2500000,2190000,3,"Dùng tạm ổn, nhưng vỏ hộp hơi móp méo khi vận chuyển."
ORI-002747,ORD-260216-2042,HDD-002,WD-RED-PLUS-8TB,"Ổ cứng HDD WD Red Plus 8TB 3.5"" SATA NAS",HDD - Ổ cứng cơ,Western Digital,1,4490000,5200000,4490000,5,"Hàng chuẩn GearVN, nguyên seal mới cứng, bảo hành đầy đủ. Vote 5 sao!"
ORI-002748,ORD-250829-2043,MONITOR-002,SAMSUNG-ODYSSEY-G7-32-4K,"Màn hình Samsung Odyssey G7 32"" 4K UHD 144Hz IPS",Màn hình - Monitor,Samsung,1,12990000,15000000,12990000,5,"Hàng chuẩn GearVN, nguyên seal mới cứng, bảo hành đầy đủ. Vote 5 sao!"
ORI-002749,ORD-250906-2044,KB-001,CORSAIR-K100-RGB-OPX,Bàn phím cơ Corsair K100 RGB Optical-Mechanical (OPX Switch),Bàn phím - Keyboard,Corsair,1,5490000,6000000,5490000,5,"Rất đáng tiền, chạy mượt mà, chính hãng 100%."
ORI-002750,ORD-260405-2045,RAM-001,CORSAIR-DDR5-32GB-6000,RAM Corsair Dominator Titanium DDR5 32GB (2x16GB) 6000MHz,RAM - Bộ nhớ trong,Corsair,1,3990000,4500000,3990000,5,"Lắp đặt dễ dàng, chạy êm ái và mát mẻ. Shop hỗ trợ nhiệt tình."
ORI-002751,ORD-250816-2046,CASE-002,JONSBO-D41-MESH,"Vỏ Case Jonsbo D41 Mesh Screen (Mid Tower, ATX, Màn hình LCD)",Case - Vỏ máy tính,Jonsbo,1,2290000,2600000,2290000,5,"Sản phẩm cực kỳ chất lượng, đóng gói cẩn thận, giao hàng nhanh."
ORI-002752,ORD-250816-2046,MB-004,ASUS-TUF-B760M-PLUS-WIFI,"Mainboard ASUS TUF Gaming B760M-Plus WiFi (LGA 1700, DDR5, mATX)",Mainboard - Bo mạch chủ,ASUS,1,3990000,4500000,3990000,5,"Thiết kế đẹp mắt, hiệu năng vượt trội so với tầm giá. Rất hài lòng!"
ORI-002753,ORD-251102-2047,GPU-003,GIGABYTE-RTX4070-SUPER-12G,VGA GIGABYTE GeForce RTX 4070 Super Gaming OC 12GB,VGA - Card màn hình,GIGABYTE,1,16490000,18500000,16490000,5,"Thiết kế đẹp mắt, hiệu năng vượt trội so với tầm giá. Rất hài lòng!"
ORI-002754,ORD-251103-2048,COOL-001,CORSAIR-H150I-ELITE-360MM,Tản nhiệt nước AIO Corsair iCUE H150i Elite LCD 360mm,Tản nhiệt - Cooling,Corsair,1,4490000,5000000,4490000,5,"Sản phẩm cực kỳ chất lượng, đóng gói cẩn thận, giao hàng nhanh."
ORI-002755,ORD-251103-2048,MOUSE-001,LOGITECH-G-PRO-X-SUPERLIGHT2,"Chuột gaming Logitech G Pro X Superlight 2 (Không dây, 32000 DPI)",Chuột - Mouse,Logitech,1,3390000,3800000,3390000,5,"Thiết kế đẹp mắt, hiệu năng vượt trội so với tầm giá. Rất hài lòng!"
ORI-002756,ORD-250807-2049,CASE-001,LIANLI-PC-O11D-EVO,"Vỏ Case Lian Li PC-O11 Dynamic Evo (Mid Tower, ATX)",Case - Vỏ máy tính,Lian Li,1,3490000,3900000,3490000,5,"Thiết kế đẹp mắt, hiệu năng vượt trội so với tầm giá. Rất hài lòng!"
ORI-002757,ORD-250911-2050,MONITOR-001,LG-27GP850P-27-QHD-165HZ,"Màn hình LG UltraGear 27GP850P-B 27"" QHD IPS 165Hz 1ms",Màn hình - Monitor,LG,1,8990000,10500000,8990000,5,"Rất đáng tiền, chạy mượt mà, chính hãng 100%."
ORI-002758,ORD-251231-2051,MOUSE-001,LOGITECH-G-PRO-X-SUPERLIGHT2,"Chuột gaming Logitech G Pro X Superlight 2 (Không dây, 32000 DPI)",Chuột - Mouse,Logitech,1,3390000,3800000,3390000,4,"Chất lượng ổn áp, chạy ngon lành, đóng gói kỹ càng."
ORI-002759,ORD-251202-2052,RAM-003,KINGSTON-FURY-DDR4-16GB-3200,RAM Kingston Fury Beast DDR4 16GB (2x8GB) 3200MHz,RAM - Bộ nhớ trong,Kingston,1,1290000,1500000,1290000,5,"Lắp đặt dễ dàng, chạy êm ái và mát mẻ. Shop hỗ trợ nhiệt tình."
ORI-002760,ORD-250811-2053,SSD-002,WD-BLACK-SN850X-1TB,SSD WD Black SN850X 1TB NVMe M.2 PCIe Gen4,SSD - Ổ cứng thể rắn,Western Digital,1,2190000,2500000,2190000,5,"Sản phẩm cực kỳ chất lượng, đóng gói cẩn thận, giao hàng nhanh."
ORI-002761,ORD-251128-2054,FAN-002,NOCTUA-NF-A12X25-PWM,Fan Case Noctua NF-A12x25 PWM 120mm (Hiệu suất cao),Fan - Quạt tản nhiệt,Noctua,1,990000,1200000,990000,1,"Giao hàng quá chậm (mất 7 ngày), hàng móp méo hư hại nghiêm trọng."
ORI-002762,ORD-251202-2055,HDD-001,SEAGATE-BARRACUDA-4TB,"Ổ cứng HDD Seagate Barracuda 4TB 3.5"" SATA 5400RPM",HDD - Ổ cứng cơ,Seagate,1,2190000,2500000,2190000,5,"Lắp đặt dễ dàng, chạy êm ái và mát mẻ. Shop hỗ trợ nhiệt tình."
ORI-002763,ORD-251202-2055,GPU-001,ASUS-ROG-RTX4090-24G,VGA ASUS ROG Strix GeForce RTX 4090 24GB GDDR6X OC,VGA - Card màn hình,ASUS,1,52990000,58000000,52990000,5,"Hàng chuẩn GearVN, nguyên seal mới cứng, bảo hành đầy đủ. Vote 5 sao!"
ORI-002764,ORD-260408-2056,GPU-003,GIGABYTE-RTX4070-SUPER-12G,VGA GIGABYTE GeForce RTX 4070 Super Gaming OC 12GB,VGA - Card màn hình,GIGABYTE,1,16490000,18500000,16490000,3,Chất lượng sản phẩm ok nhưng tổng đài hỗ trợ kỹ thuật phản hồi hơi chậm.
ORI-002765,ORD-260221-2057,RAM-004,CORSAIR-DDR5-64GB-6400,RAM Corsair Vengeance DDR5 64GB (2x32GB) 6400MHz CL32,RAM - Bộ nhớ trong,Corsair,1,6490000,7500000,6490000,5,"Hàng chuẩn GearVN, nguyên seal mới cứng, bảo hành đầy đủ. Vote 5 sao!"
ORI-002766,ORD-260420-2058,SSD-002,WD-BLACK-SN850X-1TB,SSD WD Black SN850X 1TB NVMe M.2 PCIe Gen4,SSD - Ổ cứng thể rắn,Western Digital,1,2190000,2500000,2190000,1,"Sản phẩm bị lỗi hỏng ngay khi bóc hộp, không lên nguồn. Dịch vụ tệ."
ORI-002767,ORD-260420-2058,CPU-003,INTEL-I5-14600K,"CPU Intel Core i5-14600K (3.5GHz Turbo 5.3GHz, 14 nhân 20 luồng)",CPU - Bộ vi xử lý,Intel,1,5490000,6200000,5490000,5,"Thiết kế đẹp mắt, hiệu năng vượt trội so với tầm giá. Rất hài lòng!"
ORI-002768,ORD-251223-2059,MB-004,ASUS-TUF-B760M-PLUS-WIFI,"Mainboard ASUS TUF Gaming B760M-Plus WiFi (LGA 1700, DDR5, mATX)",Mainboard - Bo mạch chủ,ASUS,1,3990000,4500000,3990000,1,"Giao hàng quá chậm (mất 7 ngày), hàng móp méo hư hại nghiêm trọng."
ORI-002769,ORD-260402-2060,GPU-003,GIGABYTE-RTX4070-SUPER-12G,VGA GIGABYTE GeForce RTX 4070 Super Gaming OC 12GB,VGA - Card màn hình,GIGABYTE,1,16490000,18500000,16490000,5,"Rất đáng tiền, chạy mượt mà, chính hãng 100%."
ORI-002770,ORD-260402-2060,HDD-001,SEAGATE-BARRACUDA-4TB,"Ổ cứng HDD Seagate Barracuda 4TB 3.5"" SATA 5400RPM",HDD - Ổ cứng cơ,Seagate,1,2190000,2500000,2190000,5,"Lắp đặt dễ dàng, chạy êm ái và mát mẻ. Shop hỗ trợ nhiệt tình."
ORI-002771,ORD-260114-2061,GPU-001,ASUS-ROG-RTX4090-24G,VGA ASUS ROG Strix GeForce RTX 4090 24GB GDDR6X OC,VGA - Card màn hình,ASUS,1,52990000,58000000,52990000,5,"Sản phẩm cực kỳ chất lượng, đóng gói cẩn thận, giao hàng nhanh."
ORI-002772,ORD-260330-2062,KB-002,RAZER-BLACKWIDOW-V4-75,Bàn phím cơ Razer BlackWidow V4 75% (Razer Yellow Switch),Bàn phím - Keyboard,Razer,1,3290000,3800000,3290000,5,"Lắp đặt dễ dàng, chạy êm ái và mát mẻ. Shop hỗ trợ nhiệt tình."
ORI-002773,ORD-260330-2062,MOUSE-001,LOGITECH-G-PRO-X-SUPERLIGHT2,"Chuột gaming Logitech G Pro X Superlight 2 (Không dây, 32000 DPI)",Chuột - Mouse,Logitech,1,3390000,3800000,3390000,5,"Hàng chuẩn GearVN, nguyên seal mới cứng, bảo hành đầy đủ. Vote 5 sao!"
ORI-002774,ORD-260216-2063,MB-001,ASUS-ROG-MAXIMUS-Z790,"Mainboard ASUS ROG Maximus Z790 Hero (LGA 1700, DDR5, ATX)",Mainboard - Bo mạch chủ,ASUS,1,15990000,18000000,15990000,5,"Thiết kế đẹp mắt, hiệu năng vượt trội so với tầm giá. Rất hài lòng!"
ORI-002775,ORD-250917-2064,MONITOR-001,LG-27GP850P-27-QHD-165HZ,"Màn hình LG UltraGear 27GP850P-B 27"" QHD IPS 165Hz 1ms",Màn hình - Monitor,LG,1,8990000,10500000,8990000,5,"Thiết kế đẹp mắt, hiệu năng vượt trội so với tầm giá. Rất hài lòng!"
ORI-002776,ORD-250917-2064,RAM-003,KINGSTON-FURY-DDR4-16GB-3200,RAM Kingston Fury Beast DDR4 16GB (2x8GB) 3200MHz,RAM - Bộ nhớ trong,Kingston,1,1290000,1500000,1290000,5,"Sản phẩm cực kỳ chất lượng, đóng gói cẩn thận, giao hàng nhanh."
ORI-002777,ORD-250929-2065,CPU-001,INTEL-I9-14900K,"CPU Intel Core i9-14900K (3.2GHz Turbo 6.0GHz, 24 nhân 32 luồng)",CPU - Bộ vi xử lý,Intel,1,12990000,14500000,12990000,5,"Sản phẩm cực kỳ chất lượng, đóng gói cẩn thận, giao hàng nhanh."
ORI-002778,ORD-250929-2065,MOUSE-002,RAZER-DEATHADDER-V3-HTE,Chuột gaming Razer DeathAdder V3 HyperSpeed (Không dây),Chuột - Mouse,Razer,1,1890000,2200000,1890000,1,"Sản phẩm bị lỗi hỏng ngay khi bóc hộp, không lên nguồn. Dịch vụ tệ."
ORI-002779,ORD-251215-2066,CASE-001,LIANLI-PC-O11D-EVO,"Vỏ Case Lian Li PC-O11 Dynamic Evo (Mid Tower, ATX)",Case - Vỏ máy tính,Lian Li,1,3490000,3900000,3490000,5,"Sản phẩm cực kỳ chất lượng, đóng gói cẩn thận, giao hàng nhanh."
ORI-002780,ORD-260105-2067,MB-001,ASUS-ROG-MAXIMUS-Z790,"Mainboard ASUS ROG Maximus Z790 Hero (LGA 1700, DDR5, ATX)",Mainboard - Bo mạch chủ,ASUS,1,15990000,18000000,15990000,5,"Lắp đặt dễ dàng, chạy êm ái và mát mẻ. Shop hỗ trợ nhiệt tình."
ORI-002781,ORD-260105-2067,GPU-004,ASUS-RX7900XTX-24G,VGA ASUS TUF Gaming Radeon RX 7900 XTX OC 24GB,VGA - Card màn hình,ASUS,1,22990000,25000000,22990000,5,"Sản phẩm cực kỳ chất lượng, đóng gói cẩn thận, giao hàng nhanh."
ORI-002782,ORD-260616-2068,GPU-003,GIGABYTE-RTX4070-SUPER-12G,VGA GIGABYTE GeForce RTX 4070 Super Gaming OC 12GB,VGA - Card màn hình,GIGABYTE,1,16490000,18500000,16490000,,
ORI-002783,ORD-260617-2069,RAM-003,KINGSTON-FURY-DDR4-16GB-3200,RAM Kingston Fury Beast DDR4 16GB (2x8GB) 3200MHz,RAM - Bộ nhớ trong,Kingston,1,1290000,1500000,1290000,5,"Thiết kế đẹp mắt, hiệu năng vượt trội so với tầm giá. Rất hài lòng!"
ORI-002784,ORD-260617-2069,CPU-005,AMD-R7-7700X,"CPU AMD Ryzen 7 7700X (4.5GHz Turbo 5.4GHz, 8 nhân 16 luồng)",CPU - Bộ vi xử lý,AMD,1,6890000,7500000,6890000,5,"Sản phẩm cực kỳ chất lượng, đóng gói cẩn thận, giao hàng nhanh."
ORI-002785,ORD-260511-2070,MONITOR-002,SAMSUNG-ODYSSEY-G7-32-4K,"Màn hình Samsung Odyssey G7 32"" 4K UHD 144Hz IPS",Màn hình - Monitor,Samsung,1,12990000,15000000,12990000,5,"Sản phẩm cực kỳ chất lượng, đóng gói cẩn thận, giao hàng nhanh."
ORI-002786,ORD-260129-2071,CPU-003,INTEL-I5-14600K,"CPU Intel Core i5-14600K (3.5GHz Turbo 5.3GHz, 14 nhân 20 luồng)",CPU - Bộ vi xử lý,Intel,1,5490000,6200000,5490000,3,"Dùng tạm ổn, nhưng vỏ hộp hơi móp méo khi vận chuyển."
ORI-002787,ORD-260103-2072,RAM-002,GSKILL-DDR5-32GB-6000,RAM G.Skill Trident Z5 RGB DDR5 32GB (2x16GB) 6000MHz CL30,RAM - Bộ nhớ trong,G.Skill,1,3690000,4200000,3690000,5,"Lắp đặt dễ dàng, chạy êm ái và mát mẻ. Shop hỗ trợ nhiệt tình."
ORI-002788,ORD-260103-2073,HDD-001,SEAGATE-BARRACUDA-4TB,"Ổ cứng HDD Seagate Barracuda 4TB 3.5"" SATA 5400RPM",HDD - Ổ cứng cơ,Seagate,1,2190000,2500000,2190000,4,"Sản phẩm dùng tốt, đúng mô tả, tuy nhiên giao hàng hơi trễ 1 ngày."
ORI-002789,ORD-251011-2074,HDD-002,WD-RED-PLUS-8TB,"Ổ cứng HDD WD Red Plus 8TB 3.5"" SATA NAS",HDD - Ổ cứng cơ,Western Digital,1,4490000,5200000,4490000,5,"Hàng chuẩn GearVN, nguyên seal mới cứng, bảo hành đầy đủ. Vote 5 sao!"
ORI-002790,ORD-260101-2075,CASE-001,LIANLI-PC-O11D-EVO,"Vỏ Case Lian Li PC-O11 Dynamic Evo (Mid Tower, ATX)",Case - Vỏ máy tính,Lian Li,1,3490000,3900000,3490000,4,"Sản phẩm tốt, nhân viên tư vấn nhiệt tình, sẽ tiếp tục ủng hộ."
ORI-002791,ORD-260206-2076,HEADSET-001,CORSAIR-VIRTUOSO-RGB-XT,Tai nghe gaming Corsair Virtuoso RGB Wireless XT,Tai nghe - Headset,Corsair,1,4290000,5000000,4290000,5,"Hàng chuẩn GearVN, nguyên seal mới cứng, bảo hành đầy đủ. Vote 5 sao!"
ORI-002792,ORD-251119-2077,RAM-004,CORSAIR-DDR5-64GB-6400,RAM Corsair Vengeance DDR5 64GB (2x32GB) 6400MHz CL32,RAM - Bộ nhớ trong,Corsair,1,6490000,7500000,6490000,5,"Sản phẩm cực kỳ chất lượng, đóng gói cẩn thận, giao hàng nhanh."
ORI-002793,ORD-251119-2077,MOUSE-001,LOGITECH-G-PRO-X-SUPERLIGHT2,"Chuột gaming Logitech G Pro X Superlight 2 (Không dây, 32000 DPI)",Chuột - Mouse,Logitech,1,3390000,3800000,3390000,5,"Sản phẩm cực kỳ chất lượng, đóng gói cẩn thận, giao hàng nhanh."
ORI-002794,ORD-251206-2078,HEADSET-001,CORSAIR-VIRTUOSO-RGB-XT,Tai nghe gaming Corsair Virtuoso RGB Wireless XT,Tai nghe - Headset,Corsair,1,4290000,5000000,4290000,3,Chất lượng sản phẩm ok nhưng tổng đài hỗ trợ kỹ thuật phản hồi hơi chậm.
ORI-002795,ORD-251206-2078,CPU-005,AMD-R7-7700X,"CPU AMD Ryzen 7 7700X (4.5GHz Turbo 5.4GHz, 8 nhân 16 luồng)",CPU - Bộ vi xử lý,AMD,1,6890000,7500000,6890000,5,"Sản phẩm cực kỳ chất lượng, đóng gói cẩn thận, giao hàng nhanh."
ORI-002796,ORD-260526-2079,CPU-003,INTEL-I5-14600K,"CPU Intel Core i5-14600K (3.5GHz Turbo 5.3GHz, 14 nhân 20 luồng)",CPU - Bộ vi xử lý,Intel,1,5490000,6200000,5490000,4,"Sản phẩm tốt, nhân viên tư vấn nhiệt tình, sẽ tiếp tục ủng hộ."
ORI-002797,ORD-260526-2079,CPU-002,INTEL-I7-14700K,"CPU Intel Core i7-14700K (3.4GHz Turbo 5.6GHz, 20 nhân 28 luồng)",CPU - Bộ vi xử lý,Intel,1,8490000,9500000,8490000,3,"Dùng tạm ổn, nhưng vỏ hộp hơi móp méo khi vận chuyển."
ORI-002798,ORD-251102-2080,COOL-002,THERMALRIGHT-PHANTOM-SPIRIT-120,Tản nhiệt khí Thermalright Phantom Spirit 120 SE ARGB,Tản nhiệt - Cooling,Thermalright,1,990000,1200000,990000,4,"Hiệu năng tốt trong tầm giá, dùng mượt mà không lỗi lầm gì."
ORI-002799,ORD-251102-2080,COOL-002,THERMALRIGHT-PHANTOM-SPIRIT-120,Tản nhiệt khí Thermalright Phantom Spirit 120 SE ARGB,Tản nhiệt - Cooling,Thermalright,1,990000,1200000,990000,5,"Rất đáng tiền, chạy mượt mà, chính hãng 100%."
ORI-002800,ORD-260220-2081,PSU-003,COOLERMASTER-V750-GOLD,Nguồn Cooler Master MWE Gold 750W 80 Plus Gold Full Modular,PSU - Nguồn máy tính,Cooler Master,1,2490000,2900000,2490000,5,"Lắp đặt dễ dàng, chạy êm ái và mát mẻ. Shop hỗ trợ nhiệt tình."
ORI-002801,ORD-260220-2081,CPU-006,INTEL-I3-14100F,"CPU Intel Core i3-14100F (3.5GHz Turbo 4.7GHz, 4 nhân 8 luồng)",CPU - Bộ vi xử lý,Intel,1,2490000,2800000,2490000,5,"Rất đáng tiền, chạy mượt mà, chính hãng 100%."
ORI-002802,ORD-260127-2082,CPU-003,INTEL-I5-14600K,"CPU Intel Core i5-14600K (3.5GHz Turbo 5.3GHz, 14 nhân 20 luồng)",CPU - Bộ vi xử lý,Intel,1,5490000,6200000,5490000,5,"Lắp đặt dễ dàng, chạy êm ái và mát mẻ. Shop hỗ trợ nhiệt tình."
ORI-002803,ORD-250916-2083,MONITOR-002,SAMSUNG-ODYSSEY-G7-32-4K,"Màn hình Samsung Odyssey G7 32"" 4K UHD 144Hz IPS",Màn hình - Monitor,Samsung,1,12990000,15000000,12990000,5,"Thiết kế đẹp mắt, hiệu năng vượt trội so với tầm giá. Rất hài lòng!"
ORI-002804,ORD-250916-2083,RAM-001,CORSAIR-DDR5-32GB-6000,RAM Corsair Dominator Titanium DDR5 32GB (2x16GB) 6000MHz,RAM - Bộ nhớ trong,Corsair,1,3990000,4500000,3990000,5,"Sản phẩm cực kỳ chất lượng, đóng gói cẩn thận, giao hàng nhanh."
ORI-002805,ORD-250722-2084,CPU-004,AMD-R9-7950X,"CPU AMD Ryzen 9 7950X (4.5GHz Turbo 5.7GHz, 16 nhân 32 luồng)",CPU - Bộ vi xử lý,AMD,1,13490000,15000000,13490000,5,"Lắp đặt dễ dàng, chạy êm ái và mát mẻ. Shop hỗ trợ nhiệt tình."
ORI-002806,ORD-251208-2085,COOL-001,CORSAIR-H150I-ELITE-360MM,Tản nhiệt nước AIO Corsair iCUE H150i Elite LCD 360mm,Tản nhiệt - Cooling,Corsair,1,4490000,5000000,4490000,4,"Chất lượng ổn áp, chạy ngon lành, đóng gói kỹ càng."
ORI-002807,ORD-251209-2086,RAM-002,GSKILL-DDR5-32GB-6000,RAM G.Skill Trident Z5 RGB DDR5 32GB (2x16GB) 6000MHz CL30,RAM - Bộ nhớ trong,G.Skill,1,3690000,4200000,3690000,5,"Hàng chuẩn GearVN, nguyên seal mới cứng, bảo hành đầy đủ. Vote 5 sao!"
ORI-002808,ORD-251209-2086,GPU-001,ASUS-ROG-RTX4090-24G,VGA ASUS ROG Strix GeForce RTX 4090 24GB GDDR6X OC,VGA - Card màn hình,ASUS,1,52990000,58000000,52990000,5,"Lắp đặt dễ dàng, chạy êm ái và mát mẻ. Shop hỗ trợ nhiệt tình."
ORI-002809,ORD-251108-2087,MB-004,ASUS-TUF-B760M-PLUS-WIFI,"Mainboard ASUS TUF Gaming B760M-Plus WiFi (LGA 1700, DDR5, mATX)",Mainboard - Bo mạch chủ,ASUS,1,3990000,4500000,3990000,5,"Thiết kế đẹp mắt, hiệu năng vượt trội so với tầm giá. Rất hài lòng!"
ORI-002810,ORD-250812-2088,SSD-003,KINGSTON-KC3000-1TB,SSD Kingston KC3000 1TB NVMe M.2 PCIe Gen4,SSD - Ổ cứng thể rắn,Kingston,1,1890000,2200000,1890000,5,"Lắp đặt dễ dàng, chạy êm ái và mát mẻ. Shop hỗ trợ nhiệt tình."
ORI-002811,ORD-250812-2088,MB-004,ASUS-TUF-B760M-PLUS-WIFI,"Mainboard ASUS TUF Gaming B760M-Plus WiFi (LGA 1700, DDR5, mATX)",Mainboard - Bo mạch chủ,ASUS,1,3990000,4500000,3990000,3,"Dùng tạm ổn, nhưng vỏ hộp hơi móp méo khi vận chuyển."
ORI-002812,ORD-260109-2089,HDD-002,WD-RED-PLUS-8TB,"Ổ cứng HDD WD Red Plus 8TB 3.5"" SATA NAS",HDD - Ổ cứng cơ,Western Digital,1,4490000,5200000,4490000,5,"Rất đáng tiền, chạy mượt mà, chính hãng 100%."
ORI-002813,ORD-260526-2090,HEADSET-001,CORSAIR-VIRTUOSO-RGB-XT,Tai nghe gaming Corsair Virtuoso RGB Wireless XT,Tai nghe - Headset,Corsair,1,4290000,5000000,4290000,5,"Hàng chuẩn GearVN, nguyên seal mới cứng, bảo hành đầy đủ. Vote 5 sao!"
ORI-002814,ORD-260607-2091,RAM-003,KINGSTON-FURY-DDR4-16GB-3200,RAM Kingston Fury Beast DDR4 16GB (2x8GB) 3200MHz,RAM - Bộ nhớ trong,Kingston,1,1290000,1500000,1290000,2,"Hiệu năng không đúng như quảng cáo, hay bị sụt nguồn đột ngột."
ORI-002815,ORD-260107-2092,SSD-002,WD-BLACK-SN850X-1TB,SSD WD Black SN850X 1TB NVMe M.2 PCIe Gen4,SSD - Ổ cứng thể rắn,Western Digital,1,2190000,2500000,2190000,4,"Thiết kế đẹp, chạy mát, dịch vụ chăm sóc khách hàng khá tốt."
ORI-002816,ORD-260107-2092,MOUSE-002,RAZER-DEATHADDER-V3-HTE,Chuột gaming Razer DeathAdder V3 HyperSpeed (Không dây),Chuột - Mouse,Razer,1,1890000,2200000,1890000,5,"Thiết kế đẹp mắt, hiệu năng vượt trội so với tầm giá. Rất hài lòng!"
ORI-002817,ORD-250805-2093,FAN-001,LIANLI-UNI-FAN-AL120-3PACK,"Fan Case Lian Li UNI FAN AL120 RGB (3-Pack, Daisy-chain)",Fan - Quạt tản nhiệt,Lian Li,1,1490000,1800000,1490000,2,"Sản phẩm có dấu hiệu trầy xước nhẹ, giao hàng chậm, đóng gói sơ sài."
ORI-002818,ORD-250805-2093,CPU-002,INTEL-I7-14700K,"CPU Intel Core i7-14700K (3.4GHz Turbo 5.6GHz, 20 nhân 28 luồng)",CPU - Bộ vi xử lý,Intel,1,8490000,9500000,8490000,5,"Sản phẩm cực kỳ chất lượng, đóng gói cẩn thận, giao hàng nhanh."
ORI-002819,ORD-251210-2094,RAM-002,GSKILL-DDR5-32GB-6000,RAM G.Skill Trident Z5 RGB DDR5 32GB (2x16GB) 6000MHz CL30,RAM - Bộ nhớ trong,G.Skill,1,3690000,4200000,3690000,3,"Hiệu năng đủ dùng cho tác vụ cơ bản, nhiệt độ hơi ấm khi tải nặng."
ORI-002820,ORD-260224-2095,COOL-002,THERMALRIGHT-PHANTOM-SPIRIT-120,Tản nhiệt khí Thermalright Phantom Spirit 120 SE ARGB,Tản nhiệt - Cooling,Thermalright,1,990000,1200000,990000,5,"Lắp đặt dễ dàng, chạy êm ái và mát mẻ. Shop hỗ trợ nhiệt tình."
ORI-002821,ORD-260404-2096,RAM-004,CORSAIR-DDR5-64GB-6400,RAM Corsair Vengeance DDR5 64GB (2x32GB) 6400MHz CL32,RAM - Bộ nhớ trong,Corsair,1,6490000,7500000,6490000,3,Chất lượng sản phẩm ok nhưng tổng đài hỗ trợ kỹ thuật phản hồi hơi chậm.
ORI-002822,ORD-260123-2097,GPU-002,MSI-RTX4080-SUPER-16G,VGA MSI GeForce RTX 4080 Super 16GB Gaming X Slim,VGA - Card màn hình,MSI,1,26990000,30000000,26990000,5,"Sản phẩm cực kỳ chất lượng, đóng gói cẩn thận, giao hàng nhanh."
ORI-002823,ORD-260123-2097,MB-001,ASUS-ROG-MAXIMUS-Z790,"Mainboard ASUS ROG Maximus Z790 Hero (LGA 1700, DDR5, ATX)",Mainboard - Bo mạch chủ,ASUS,1,15990000,18000000,15990000,5,"Hàng chuẩn GearVN, nguyên seal mới cứng, bảo hành đầy đủ. Vote 5 sao!"
ORI-002824,ORD-260120-2098,MOUSE-001,LOGITECH-G-PRO-X-SUPERLIGHT2,"Chuột gaming Logitech G Pro X Superlight 2 (Không dây, 32000 DPI)",Chuột - Mouse,Logitech,1,3390000,3800000,3390000,4,"Chất lượng ổn áp, chạy ngon lành, đóng gói kỹ càng."
ORI-002825,ORD-260615-2099,FAN-002,NOCTUA-NF-A12X25-PWM,Fan Case Noctua NF-A12x25 PWM 120mm (Hiệu suất cao),Fan - Quạt tản nhiệt,Noctua,1,990000,1200000,990000,,
ORI-002826,ORD-260406-2100,CPU-002,INTEL-I7-14700K,"CPU Intel Core i7-14700K (3.4GHz Turbo 5.6GHz, 20 nhân 28 luồng)",CPU - Bộ vi xử lý,Intel,1,8490000,9500000,8490000,5,"Lắp đặt dễ dàng, chạy êm ái và mát mẻ. Shop hỗ trợ nhiệt tình."
ORI-002827,ORD-260406-2100,SSD-002,WD-BLACK-SN850X-1TB,SSD WD Black SN850X 1TB NVMe M.2 PCIe Gen4,SSD - Ổ cứng thể rắn,Western Digital,1,2190000,2500000,2190000,5,"Lắp đặt dễ dàng, chạy êm ái và mát mẻ. Shop hỗ trợ nhiệt tình."
ORI-002828,ORD-260402-2101,KB-002,RAZER-BLACKWIDOW-V4-75,Bàn phím cơ Razer BlackWidow V4 75% (Razer Yellow Switch),Bàn phím - Keyboard,Razer,1,3290000,3800000,3290000,5,"Hàng chuẩn GearVN, nguyên seal mới cứng, bảo hành đầy đủ. Vote 5 sao!"
ORI-002829,ORD-260405-2102,GPU-005,MSI-RTX4060-TI-8G-VENTUS,VGA MSI GeForce RTX 4060 Ti 8G Ventus 2X OC,VGA - Card màn hình,MSI,1,9490000,11000000,9490000,5,"Lắp đặt dễ dàng, chạy êm ái và mát mẻ. Shop hỗ trợ nhiệt tình."
ORI-002830,ORD-251129-2103,KB-001,CORSAIR-K100-RGB-OPX,Bàn phím cơ Corsair K100 RGB Optical-Mechanical (OPX Switch),Bàn phím - Keyboard,Corsair,1,5490000,6000000,5490000,5,"Lắp đặt dễ dàng, chạy êm ái và mát mẻ. Shop hỗ trợ nhiệt tình."
ORI-002831,ORD-250830-2104,FAN-002,NOCTUA-NF-A12X25-PWM,Fan Case Noctua NF-A12x25 PWM 120mm (Hiệu suất cao),Fan - Quạt tản nhiệt,Noctua,1,990000,1200000,990000,4,"Thiết kế đẹp, chạy mát, dịch vụ chăm sóc khách hàng khá tốt."
ORI-002832,ORD-250914-2105,HEADSET-001,CORSAIR-VIRTUOSO-RGB-XT,Tai nghe gaming Corsair Virtuoso RGB Wireless XT,Tai nghe - Headset,Corsair,1,4290000,5000000,4290000,5,"Lắp đặt dễ dàng, chạy êm ái và mát mẻ. Shop hỗ trợ nhiệt tình."
ORI-002833,ORD-250914-2105,CPU-005,AMD-R7-7700X,"CPU AMD Ryzen 7 7700X (4.5GHz Turbo 5.4GHz, 8 nhân 16 luồng)",CPU - Bộ vi xử lý,AMD,1,6890000,7500000,6890000,1,"Hàng cũ đóng lại seal, chạy lỗi liên tục, bảo hành rất phiền phức. Không nên mua."
ORI-002834,ORD-260228-2106,CPU-001,INTEL-I9-14900K,"CPU Intel Core i9-14900K (3.2GHz Turbo 6.0GHz, 24 nhân 32 luồng)",CPU - Bộ vi xử lý,Intel,1,12990000,14500000,12990000,5,"Sản phẩm cực kỳ chất lượng, đóng gói cẩn thận, giao hàng nhanh."
ORI-002835,ORD-260228-2106,RAM-004,CORSAIR-DDR5-64GB-6400,RAM Corsair Vengeance DDR5 64GB (2x32GB) 6400MHz CL32,RAM - Bộ nhớ trong,Corsair,1,6490000,7500000,6490000,3,"Hiệu năng đủ dùng cho tác vụ cơ bản, nhiệt độ hơi ấm khi tải nặng."
ORI-002836,ORD-250919-2107,MONITOR-001,LG-27GP850P-27-QHD-165HZ,"Màn hình LG UltraGear 27GP850P-B 27"" QHD IPS 165Hz 1ms",Màn hình - Monitor,LG,1,8990000,10500000,8990000,5,"Hàng chuẩn GearVN, nguyên seal mới cứng, bảo hành đầy đủ. Vote 5 sao!"
ORI-002837,ORD-250919-2107,MOUSE-002,RAZER-DEATHADDER-V3-HTE,Chuột gaming Razer DeathAdder V3 HyperSpeed (Không dây),Chuột - Mouse,Razer,1,1890000,2200000,1890000,5,"Lắp đặt dễ dàng, chạy êm ái và mát mẻ. Shop hỗ trợ nhiệt tình."
ORI-002838,ORD-251115-2108,MB-004,ASUS-TUF-B760M-PLUS-WIFI,"Mainboard ASUS TUF Gaming B760M-Plus WiFi (LGA 1700, DDR5, mATX)",Mainboard - Bo mạch chủ,ASUS,1,3990000,4500000,3990000,4,"Sản phẩm dùng tốt, đúng mô tả, tuy nhiên giao hàng hơi trễ 1 ngày."
ORI-002839,ORD-250625-2109,SSD-001,SAMSUNG-980-PRO-2TB,SSD Samsung 980 Pro 2TB NVMe M.2 PCIe Gen4,SSD - Ổ cứng thể rắn,Samsung,1,3490000,3900000,3490000,5,"Sản phẩm cực kỳ chất lượng, đóng gói cẩn thận, giao hàng nhanh."
ORI-002840,ORD-260107-2110,GPU-002,MSI-RTX4080-SUPER-16G,VGA MSI GeForce RTX 4080 Super 16GB Gaming X Slim,VGA - Card màn hình,MSI,1,26990000,30000000,26990000,5,"Rất đáng tiền, chạy mượt mà, chính hãng 100%."
ORI-002841,ORD-260210-2111,GPU-004,ASUS-RX7900XTX-24G,VGA ASUS TUF Gaming Radeon RX 7900 XTX OC 24GB,VGA - Card màn hình,ASUS,1,22990000,25000000,22990000,5,"Thiết kế đẹp mắt, hiệu năng vượt trội so với tầm giá. Rất hài lòng!"
ORI-002842,ORD-260210-2111,CPU-003,INTEL-I5-14600K,"CPU Intel Core i5-14600K (3.5GHz Turbo 5.3GHz, 14 nhân 20 luồng)",CPU - Bộ vi xử lý,Intel,1,5490000,6200000,5490000,4,"Hiệu năng tốt trong tầm giá, dùng mượt mà không lỗi lầm gì."
ORI-002843,ORD-260130-2112,MOUSE-001,LOGITECH-G-PRO-X-SUPERLIGHT2,"Chuột gaming Logitech G Pro X Superlight 2 (Không dây, 32000 DPI)",Chuột - Mouse,Logitech,1,3390000,3800000,3390000,5,"Lắp đặt dễ dàng, chạy êm ái và mát mẻ. Shop hỗ trợ nhiệt tình."
ORI-002844,ORD-250715-2113,CASE-002,JONSBO-D41-MESH,"Vỏ Case Jonsbo D41 Mesh Screen (Mid Tower, ATX, Màn hình LCD)",Case - Vỏ máy tính,Jonsbo,1,2290000,2600000,2290000,5,"Rất đáng tiền, chạy mượt mà, chính hãng 100%."
ORI-002845,ORD-250715-2113,COOL-003,DEEPCOOL-AK620-DIGITAL,"Tản nhiệt khí DeepCool AK620 Digital (Dual Tower, 2x120mm)",Tản nhiệt - Cooling,Deepcool,1,1490000,1800000,1490000,5,"Sản phẩm cực kỳ chất lượng, đóng gói cẩn thận, giao hàng nhanh."
ORI-002846,ORD-260329-2114,KB-002,RAZER-BLACKWIDOW-V4-75,Bàn phím cơ Razer BlackWidow V4 75% (Razer Yellow Switch),Bàn phím - Keyboard,Razer,1,3290000,3800000,3290000,5,"Rất đáng tiền, chạy mượt mà, chính hãng 100%."
ORI-002847,ORD-260329-2114,COOL-003,DEEPCOOL-AK620-DIGITAL,"Tản nhiệt khí DeepCool AK620 Digital (Dual Tower, 2x120mm)",Tản nhiệt - Cooling,Deepcool,1,1490000,1800000,1490000,5,"Hàng chuẩn GearVN, nguyên seal mới cứng, bảo hành đầy đủ. Vote 5 sao!"
ORI-002848,ORD-250808-2115,MONITOR-001,LG-27GP850P-27-QHD-165HZ,"Màn hình LG UltraGear 27GP850P-B 27"" QHD IPS 165Hz 1ms",Màn hình - Monitor,LG,1,8990000,10500000,8990000,4,"Chất lượng ổn áp, chạy ngon lành, đóng gói kỹ càng."
ORI-002849,ORD-251120-2116,HDD-002,WD-RED-PLUS-8TB,"Ổ cứng HDD WD Red Plus 8TB 3.5"" SATA NAS",HDD - Ổ cứng cơ,Western Digital,1,4490000,5200000,4490000,5,"Sản phẩm cực kỳ chất lượng, đóng gói cẩn thận, giao hàng nhanh."
ORI-002850,ORD-260114-2117,CPU-001,INTEL-I9-14900K,"CPU Intel Core i9-14900K (3.2GHz Turbo 6.0GHz, 24 nhân 32 luồng)",CPU - Bộ vi xử lý,Intel,1,12990000,14500000,12990000,4,"Hiệu năng tốt trong tầm giá, dùng mượt mà không lỗi lầm gì."
ORI-002851,ORD-251109-2118,CPU-001,INTEL-I9-14900K,"CPU Intel Core i9-14900K (3.2GHz Turbo 6.0GHz, 24 nhân 32 luồng)",CPU - Bộ vi xử lý,Intel,1,12990000,14500000,12990000,4,"Thiết kế đẹp, chạy mát, dịch vụ chăm sóc khách hàng khá tốt."
ORI-002852,ORD-260212-2119,RAM-001,CORSAIR-DDR5-32GB-6000,RAM Corsair Dominator Titanium DDR5 32GB (2x16GB) 6000MHz,RAM - Bộ nhớ trong,Corsair,1,3990000,4500000,3990000,5,"Rất đáng tiền, chạy mượt mà, chính hãng 100%."
ORI-002853,ORD-250831-2120,HDD-002,WD-RED-PLUS-8TB,"Ổ cứng HDD WD Red Plus 8TB 3.5"" SATA NAS",HDD - Ổ cứng cơ,Western Digital,1,4490000,5200000,4490000,4,"Hiệu năng tốt trong tầm giá, dùng mượt mà không lỗi lầm gì."
ORI-002854,ORD-260426-2121,CPU-005,AMD-R7-7700X,"CPU AMD Ryzen 7 7700X (4.5GHz Turbo 5.4GHz, 8 nhân 16 luồng)",CPU - Bộ vi xử lý,AMD,1,6890000,7500000,6890000,5,"Rất đáng tiền, chạy mượt mà, chính hãng 100%."
ORI-002855,ORD-251123-2122,SSD-001,SAMSUNG-980-PRO-2TB,SSD Samsung 980 Pro 2TB NVMe M.2 PCIe Gen4,SSD - Ổ cứng thể rắn,Samsung,1,3490000,3900000,3490000,3,"Hiệu năng đủ dùng cho tác vụ cơ bản, nhiệt độ hơi ấm khi tải nặng."
ORI-002856,ORD-260125-2123,KB-001,CORSAIR-K100-RGB-OPX,Bàn phím cơ Corsair K100 RGB Optical-Mechanical (OPX Switch),Bàn phím - Keyboard,Corsair,1,5490000,6000000,5490000,4,"Sản phẩm tốt, nhân viên tư vấn nhiệt tình, sẽ tiếp tục ủng hộ."
ORI-002857,ORD-260125-2123,CPU-001,INTEL-I9-14900K,"CPU Intel Core i9-14900K (3.2GHz Turbo 6.0GHz, 24 nhân 32 luồng)",CPU - Bộ vi xử lý,Intel,1,12990000,14500000,12990000,5,"Lắp đặt dễ dàng, chạy êm ái và mát mẻ. Shop hỗ trợ nhiệt tình."
ORI-002858,ORD-251218-2124,GPU-001,ASUS-ROG-RTX4090-24G,VGA ASUS ROG Strix GeForce RTX 4090 24GB GDDR6X OC,VGA - Card màn hình,ASUS,1,52990000,58000000,52990000,4,"Chất lượng ổn áp, chạy ngon lành, đóng gói kỹ càng."
ORI-002859,ORD-251218-2124,CPU-004,AMD-R9-7950X,"CPU AMD Ryzen 9 7950X (4.5GHz Turbo 5.7GHz, 16 nhân 32 luồng)",CPU - Bộ vi xử lý,AMD,1,13490000,15000000,13490000,4,"Sản phẩm dùng tốt, đúng mô tả, tuy nhiên giao hàng hơi trễ 1 ngày."
ORI-002860,ORD-260430-2125,COOL-003,DEEPCOOL-AK620-DIGITAL,"Tản nhiệt khí DeepCool AK620 Digital (Dual Tower, 2x120mm)",Tản nhiệt - Cooling,Deepcool,1,1490000,1800000,1490000,5,"Thiết kế đẹp mắt, hiệu năng vượt trội so với tầm giá. Rất hài lòng!"
ORI-002861,ORD-260430-2125,SSD-001,SAMSUNG-980-PRO-2TB,SSD Samsung 980 Pro 2TB NVMe M.2 PCIe Gen4,SSD - Ổ cứng thể rắn,Samsung,1,3490000,3900000,3490000,5,"Rất đáng tiền, chạy mượt mà, chính hãng 100%."
ORI-002862,ORD-250625-2126,SSD-004,CRUCIAL-P5-PLUS-500GB,SSD Crucial P5 Plus 500GB NVMe M.2 PCIe Gen4,SSD - Ổ cứng thể rắn,Crucial,1,990000,1200000,990000,5,"Lắp đặt dễ dàng, chạy êm ái và mát mẻ. Shop hỗ trợ nhiệt tình."
ORI-002863,ORD-251016-2127,PSU-001,CORSAIR-HX1000I-1000W,Nguồn Corsair HX1000i 1000W 80 Plus Platinum Full Modular,PSU - Nguồn máy tính,Corsair,1,4990000,5500000,4990000,4,"Sản phẩm dùng tốt, đúng mô tả, tuy nhiên giao hàng hơi trễ 1 ngày."
ORI-002864,ORD-250818-2128,CPU-006,INTEL-I3-14100F,"CPU Intel Core i3-14100F (3.5GHz Turbo 4.7GHz, 4 nhân 8 luồng)",CPU - Bộ vi xử lý,Intel,1,2490000,2800000,2490000,5,"Rất đáng tiền, chạy mượt mà, chính hãng 100%."
ORI-002865,ORD-251219-2129,GPU-001,ASUS-ROG-RTX4090-24G,VGA ASUS ROG Strix GeForce RTX 4090 24GB GDDR6X OC,VGA - Card màn hình,ASUS,1,52990000,58000000,52990000,5,"Sản phẩm cực kỳ chất lượng, đóng gói cẩn thận, giao hàng nhanh."
ORI-002866,ORD-251219-2129,PSU-001,CORSAIR-HX1000I-1000W,Nguồn Corsair HX1000i 1000W 80 Plus Platinum Full Modular,PSU - Nguồn máy tính,Corsair,1,4990000,5500000,4990000,5,"Hàng chuẩn GearVN, nguyên seal mới cứng, bảo hành đầy đủ. Vote 5 sao!"
ORI-002867,ORD-260206-2130,SSD-004,CRUCIAL-P5-PLUS-500GB,SSD Crucial P5 Plus 500GB NVMe M.2 PCIe Gen4,SSD - Ổ cứng thể rắn,Crucial,1,990000,1200000,990000,5,"Lắp đặt dễ dàng, chạy êm ái và mát mẻ. Shop hỗ trợ nhiệt tình."
ORI-002868,ORD-250721-2131,SSD-004,CRUCIAL-P5-PLUS-500GB,SSD Crucial P5 Plus 500GB NVMe M.2 PCIe Gen4,SSD - Ổ cứng thể rắn,Crucial,1,990000,1200000,990000,5,"Lắp đặt dễ dàng, chạy êm ái và mát mẻ. Shop hỗ trợ nhiệt tình."
ORI-002869,ORD-250721-2131,PSU-001,CORSAIR-HX1000I-1000W,Nguồn Corsair HX1000i 1000W 80 Plus Platinum Full Modular,PSU - Nguồn máy tính,Corsair,1,4990000,5500000,4990000,5,"Sản phẩm cực kỳ chất lượng, đóng gói cẩn thận, giao hàng nhanh."
ORI-002870,ORD-250925-2132,PSU-002,SEASONIC-FOCUS-GX-850,Nguồn Seasonic Focus GX 850W 80 Plus Gold Full Modular,PSU - Nguồn máy tính,Seasonic,1,3290000,3800000,3290000,5,"Lắp đặt dễ dàng, chạy êm ái và mát mẻ. Shop hỗ trợ nhiệt tình."
ORI-002871,ORD-250925-2132,PSU-003,COOLERMASTER-V750-GOLD,Nguồn Cooler Master MWE Gold 750W 80 Plus Gold Full Modular,PSU - Nguồn máy tính,Cooler Master,1,2490000,2900000,2490000,2,"Giao sai phiên bản màu sắc, đang chờ shop đổi trả."
ORI-002872,ORD-260228-2133,CPU-002,INTEL-I7-14700K,"CPU Intel Core i7-14700K (3.4GHz Turbo 5.6GHz, 20 nhân 28 luồng)",CPU - Bộ vi xử lý,Intel,1,8490000,9500000,8490000,5,"Rất đáng tiền, chạy mượt mà, chính hãng 100%."
ORI-002873,ORD-251124-2134,RAM-001,CORSAIR-DDR5-32GB-6000,RAM Corsair Dominator Titanium DDR5 32GB (2x16GB) 6000MHz,RAM - Bộ nhớ trong,Corsair,1,3990000,4500000,3990000,5,"Lắp đặt dễ dàng, chạy êm ái và mát mẻ. Shop hỗ trợ nhiệt tình."
ORI-002874,ORD-250726-2135,RAM-003,KINGSTON-FURY-DDR4-16GB-3200,RAM Kingston Fury Beast DDR4 16GB (2x8GB) 3200MHz,RAM - Bộ nhớ trong,Kingston,1,1290000,1500000,1290000,5,"Sản phẩm cực kỳ chất lượng, đóng gói cẩn thận, giao hàng nhanh."
ORI-002875,ORD-250927-2136,HEADSET-001,CORSAIR-VIRTUOSO-RGB-XT,Tai nghe gaming Corsair Virtuoso RGB Wireless XT,Tai nghe - Headset,Corsair,1,4290000,5000000,4290000,5,"Rất đáng tiền, chạy mượt mà, chính hãng 100%."
ORI-002876,ORD-260610-2137,MB-004,ASUS-TUF-B760M-PLUS-WIFI,"Mainboard ASUS TUF Gaming B760M-Plus WiFi (LGA 1700, DDR5, mATX)",Mainboard - Bo mạch chủ,ASUS,1,3990000,4500000,3990000,5,"Rất đáng tiền, chạy mượt mà, chính hãng 100%."
ORI-002877,ORD-260610-2137,CASE-001,LIANLI-PC-O11D-EVO,"Vỏ Case Lian Li PC-O11 Dynamic Evo (Mid Tower, ATX)",Case - Vỏ máy tính,Lian Li,1,3490000,3900000,3490000,5,"Rất đáng tiền, chạy mượt mà, chính hãng 100%."
ORI-002878,ORD-260223-2138,MONITOR-001,LG-27GP850P-27-QHD-165HZ,"Màn hình LG UltraGear 27GP850P-B 27"" QHD IPS 165Hz 1ms",Màn hình - Monitor,LG,1,8990000,10500000,8990000,5,"Sản phẩm cực kỳ chất lượng, đóng gói cẩn thận, giao hàng nhanh."
ORI-002879,ORD-251114-2139,COOL-003,DEEPCOOL-AK620-DIGITAL,"Tản nhiệt khí DeepCool AK620 Digital (Dual Tower, 2x120mm)",Tản nhiệt - Cooling,Deepcool,1,1490000,1800000,1490000,5,"Rất đáng tiền, chạy mượt mà, chính hãng 100%."
ORI-002880,ORD-260104-2140,GPU-002,MSI-RTX4080-SUPER-16G,VGA MSI GeForce RTX 4080 Super 16GB Gaming X Slim,VGA - Card màn hình,MSI,1,26990000,30000000,26990000,1,"Sản phẩm bị lỗi hỏng ngay khi bóc hộp, không lên nguồn. Dịch vụ tệ."
ORI-002881,ORD-250908-2141,HDD-002,WD-RED-PLUS-8TB,"Ổ cứng HDD WD Red Plus 8TB 3.5"" SATA NAS",HDD - Ổ cứng cơ,Western Digital,1,4490000,5200000,4490000,5,"Lắp đặt dễ dàng, chạy êm ái và mát mẻ. Shop hỗ trợ nhiệt tình."
ORI-002882,ORD-250908-2141,PSU-001,CORSAIR-HX1000I-1000W,Nguồn Corsair HX1000i 1000W 80 Plus Platinum Full Modular,PSU - Nguồn máy tính,Corsair,1,4990000,5500000,4990000,5,"Sản phẩm cực kỳ chất lượng, đóng gói cẩn thận, giao hàng nhanh."
ORI-002883,ORD-251223-2142,COOL-003,DEEPCOOL-AK620-DIGITAL,"Tản nhiệt khí DeepCool AK620 Digital (Dual Tower, 2x120mm)",Tản nhiệt - Cooling,Deepcool,1,1490000,1800000,1490000,5,"Thiết kế đẹp mắt, hiệu năng vượt trội so với tầm giá. Rất hài lòng!"
ORI-002884,ORD-250903-2143,MONITOR-001,LG-27GP850P-27-QHD-165HZ,"Màn hình LG UltraGear 27GP850P-B 27"" QHD IPS 165Hz 1ms",Màn hình - Monitor,LG,1,8990000,10500000,8990000,3,"Sản phẩm bình thường, không quá nổi bật, dịch vụ giao hàng ở mức trung bình."
ORI-002885,ORD-250714-2144,PSU-003,COOLERMASTER-V750-GOLD,Nguồn Cooler Master MWE Gold 750W 80 Plus Gold Full Modular,PSU - Nguồn máy tính,Cooler Master,1,2490000,2900000,2490000,5,"Hàng chuẩn GearVN, nguyên seal mới cứng, bảo hành đầy đủ. Vote 5 sao!"
ORI-002886,ORD-250714-2144,KB-001,CORSAIR-K100-RGB-OPX,Bàn phím cơ Corsair K100 RGB Optical-Mechanical (OPX Switch),Bàn phím - Keyboard,Corsair,1,5490000,6000000,5490000,5,"Sản phẩm cực kỳ chất lượng, đóng gói cẩn thận, giao hàng nhanh."
ORI-002887,ORD-260313-2145,COOL-001,CORSAIR-H150I-ELITE-360MM,Tản nhiệt nước AIO Corsair iCUE H150i Elite LCD 360mm,Tản nhiệt - Cooling,Corsair,1,4490000,5000000,4490000,5,"Lắp đặt dễ dàng, chạy êm ái và mát mẻ. Shop hỗ trợ nhiệt tình."
ORI-002888,ORD-251231-2146,GPU-001,ASUS-ROG-RTX4090-24G,VGA ASUS ROG Strix GeForce RTX 4090 24GB GDDR6X OC,VGA - Card màn hình,ASUS,1,52990000,58000000,52990000,5,"Lắp đặt dễ dàng, chạy êm ái và mát mẻ. Shop hỗ trợ nhiệt tình."
ORI-002889,ORD-251129-2147,SSD-004,CRUCIAL-P5-PLUS-500GB,SSD Crucial P5 Plus 500GB NVMe M.2 PCIe Gen4,SSD - Ổ cứng thể rắn,Crucial,1,990000,1200000,990000,5,"Hàng chuẩn GearVN, nguyên seal mới cứng, bảo hành đầy đủ. Vote 5 sao!"
ORI-002890,ORD-251129-2147,HDD-001,SEAGATE-BARRACUDA-4TB,"Ổ cứng HDD Seagate Barracuda 4TB 3.5"" SATA 5400RPM",HDD - Ổ cứng cơ,Seagate,1,2190000,2500000,2190000,5,"Rất đáng tiền, chạy mượt mà, chính hãng 100%."
ORI-002891,ORD-260215-2148,MB-003,GIGABYTE-X670E-AORUS-MASTER,"Mainboard GIGABYTE X670E AORUS Master (AM5, DDR5, ATX)",Mainboard - Bo mạch chủ,GIGABYTE,1,11490000,13000000,11490000,2,"Hiệu năng không đúng như quảng cáo, hay bị sụt nguồn đột ngột."
ORI-002892,ORD-251026-2149,PSU-001,CORSAIR-HX1000I-1000W,Nguồn Corsair HX1000i 1000W 80 Plus Platinum Full Modular,PSU - Nguồn máy tính,Corsair,1,4990000,5500000,4990000,3,Chất lượng sản phẩm ok nhưng tổng đài hỗ trợ kỹ thuật phản hồi hơi chậm.
ORI-002893,ORD-251026-2149,RAM-003,KINGSTON-FURY-DDR4-16GB-3200,RAM Kingston Fury Beast DDR4 16GB (2x8GB) 3200MHz,RAM - Bộ nhớ trong,Kingston,1,1290000,1500000,1290000,5,"Rất đáng tiền, chạy mượt mà, chính hãng 100%."
ORI-002894,ORD-251208-2150,KB-002,RAZER-BLACKWIDOW-V4-75,Bàn phím cơ Razer BlackWidow V4 75% (Razer Yellow Switch),Bàn phím - Keyboard,Razer,1,3290000,3800000,3290000,5,"Hàng chuẩn GearVN, nguyên seal mới cứng, bảo hành đầy đủ. Vote 5 sao!"
ORI-002895,ORD-260202-2151,HDD-001,SEAGATE-BARRACUDA-4TB,"Ổ cứng HDD Seagate Barracuda 4TB 3.5"" SATA 5400RPM",HDD - Ổ cứng cơ,Seagate,1,2190000,2500000,2190000,2,"Hiệu năng không đúng như quảng cáo, hay bị sụt nguồn đột ngột."
ORI-002896,ORD-250805-2152,RAM-002,GSKILL-DDR5-32GB-6000,RAM G.Skill Trident Z5 RGB DDR5 32GB (2x16GB) 6000MHz CL30,RAM - Bộ nhớ trong,G.Skill,1,3690000,4200000,3690000,5,"Lắp đặt dễ dàng, chạy êm ái và mát mẻ. Shop hỗ trợ nhiệt tình."
ORI-002897,ORD-250928-2153,RAM-002,GSKILL-DDR5-32GB-6000,RAM G.Skill Trident Z5 RGB DDR5 32GB (2x16GB) 6000MHz CL30,RAM - Bộ nhớ trong,G.Skill,1,3690000,4200000,3690000,5,"Lắp đặt dễ dàng, chạy êm ái và mát mẻ. Shop hỗ trợ nhiệt tình."
ORI-002898,ORD-251103-2154,CPU-003,INTEL-I5-14600K,"CPU Intel Core i5-14600K (3.5GHz Turbo 5.3GHz, 14 nhân 20 luồng)",CPU - Bộ vi xử lý,Intel,1,5490000,6200000,5490000,5,"Thiết kế đẹp mắt, hiệu năng vượt trội so với tầm giá. Rất hài lòng!"
ORI-002899,ORD-251103-2154,MB-004,ASUS-TUF-B760M-PLUS-WIFI,"Mainboard ASUS TUF Gaming B760M-Plus WiFi (LGA 1700, DDR5, mATX)",Mainboard - Bo mạch chủ,ASUS,1,3990000,4500000,3990000,5,"Rất đáng tiền, chạy mượt mà, chính hãng 100%."
ORI-002900,ORD-260301-2155,CASE-001,LIANLI-PC-O11D-EVO,"Vỏ Case Lian Li PC-O11 Dynamic Evo (Mid Tower, ATX)",Case - Vỏ máy tính,Lian Li,1,3490000,3900000,3490000,5,"Hàng chuẩn GearVN, nguyên seal mới cứng, bảo hành đầy đủ. Vote 5 sao!"
ORI-002901,ORD-260301-2155,MONITOR-001,LG-27GP850P-27-QHD-165HZ,"Màn hình LG UltraGear 27GP850P-B 27"" QHD IPS 165Hz 1ms",Màn hình - Monitor,LG,1,8990000,10500000,8990000,5,"Thiết kế đẹp mắt, hiệu năng vượt trội so với tầm giá. Rất hài lòng!"
ORI-002902,ORD-251124-2156,SSD-004,CRUCIAL-P5-PLUS-500GB,SSD Crucial P5 Plus 500GB NVMe M.2 PCIe Gen4,SSD - Ổ cứng thể rắn,Crucial,1,990000,1200000,990000,5,"Rất đáng tiền, chạy mượt mà, chính hãng 100%."
ORI-002903,ORD-251210-2157,GPU-004,ASUS-RX7900XTX-24G,VGA ASUS TUF Gaming Radeon RX 7900 XTX OC 24GB,VGA - Card màn hình,ASUS,1,22990000,25000000,22990000,5,"Sản phẩm cực kỳ chất lượng, đóng gói cẩn thận, giao hàng nhanh."
ORI-002904,ORD-260216-2158,MOUSE-001,LOGITECH-G-PRO-X-SUPERLIGHT2,"Chuột gaming Logitech G Pro X Superlight 2 (Không dây, 32000 DPI)",Chuột - Mouse,Logitech,1,3390000,3800000,3390000,5,"Thiết kế đẹp mắt, hiệu năng vượt trội so với tầm giá. Rất hài lòng!"
ORI-002905,ORD-260216-2158,GPU-005,MSI-RTX4060-TI-8G-VENTUS,VGA MSI GeForce RTX 4060 Ti 8G Ventus 2X OC,VGA - Card màn hình,MSI,1,9490000,11000000,9490000,5,"Hàng chuẩn GearVN, nguyên seal mới cứng, bảo hành đầy đủ. Vote 5 sao!"
ORI-002906,ORD-260102-2159,CHAIR-001,SECRETLAB-TITAN-EVO-2022,"Ghế gaming Secretlab Titan Evo 2022 (SoftWeave Plus, Medium)",Ghế gaming - Gaming Chair,Secretlab,1,12990000,14500000,12990000,5,"Hàng chuẩn GearVN, nguyên seal mới cứng, bảo hành đầy đủ. Vote 5 sao!"
ORI-002907,ORD-260523-2160,KB-002,RAZER-BLACKWIDOW-V4-75,Bàn phím cơ Razer BlackWidow V4 75% (Razer Yellow Switch),Bàn phím - Keyboard,Razer,1,3290000,3800000,3290000,3,Chất lượng sản phẩm ok nhưng tổng đài hỗ trợ kỹ thuật phản hồi hơi chậm.
ORI-002908,ORD-260523-2160,FAN-002,NOCTUA-NF-A12X25-PWM,Fan Case Noctua NF-A12x25 PWM 120mm (Hiệu suất cao),Fan - Quạt tản nhiệt,Noctua,1,990000,1200000,990000,4,"Hiệu năng tốt trong tầm giá, dùng mượt mà không lỗi lầm gì."
ORI-002909,ORD-250812-2161,CHAIR-001,SECRETLAB-TITAN-EVO-2022,"Ghế gaming Secretlab Titan Evo 2022 (SoftWeave Plus, Medium)",Ghế gaming - Gaming Chair,Secretlab,1,12990000,14500000,12990000,,
ORI-002910,ORD-250909-2162,HDD-002,WD-RED-PLUS-8TB,"Ổ cứng HDD WD Red Plus 8TB 3.5"" SATA NAS",HDD - Ổ cứng cơ,Western Digital,1,4490000,5200000,4490000,1,"Sản phẩm bị lỗi hỏng ngay khi bóc hộp, không lên nguồn. Dịch vụ tệ."
ORI-002911,ORD-260520-2163,MB-001,ASUS-ROG-MAXIMUS-Z790,"Mainboard ASUS ROG Maximus Z790 Hero (LGA 1700, DDR5, ATX)",Mainboard - Bo mạch chủ,ASUS,1,15990000,18000000,15990000,5,"Hàng chuẩn GearVN, nguyên seal mới cứng, bảo hành đầy đủ. Vote 5 sao!"
ORI-002912,ORD-251117-2164,FAN-001,LIANLI-UNI-FAN-AL120-3PACK,"Fan Case Lian Li UNI FAN AL120 RGB (3-Pack, Daisy-chain)",Fan - Quạt tản nhiệt,Lian Li,1,1490000,1800000,1490000,5,"Sản phẩm cực kỳ chất lượng, đóng gói cẩn thận, giao hàng nhanh."
ORI-002913,ORD-251125-2165,RAM-002,GSKILL-DDR5-32GB-6000,RAM G.Skill Trident Z5 RGB DDR5 32GB (2x16GB) 6000MHz CL30,RAM - Bộ nhớ trong,G.Skill,1,3690000,4200000,3690000,5,"Rất đáng tiền, chạy mượt mà, chính hãng 100%."
ORI-002914,ORD-251125-2165,MOUSE-001,LOGITECH-G-PRO-X-SUPERLIGHT2,"Chuột gaming Logitech G Pro X Superlight 2 (Không dây, 32000 DPI)",Chuột - Mouse,Logitech,1,3390000,3800000,3390000,5,"Rất đáng tiền, chạy mượt mà, chính hãng 100%."
ORI-002915,ORD-250808-2166,SSD-003,KINGSTON-KC3000-1TB,SSD Kingston KC3000 1TB NVMe M.2 PCIe Gen4,SSD - Ổ cứng thể rắn,Kingston,1,1890000,2200000,1890000,5,"Thiết kế đẹp mắt, hiệu năng vượt trội so với tầm giá. Rất hài lòng!"
ORI-002916,ORD-250808-2166,SSD-002,WD-BLACK-SN850X-1TB,SSD WD Black SN850X 1TB NVMe M.2 PCIe Gen4,SSD - Ổ cứng thể rắn,Western Digital,1,2190000,2500000,2190000,5,"Thiết kế đẹp mắt, hiệu năng vượt trội so với tầm giá. Rất hài lòng!"
ORI-002917,ORD-251124-2167,GPU-003,GIGABYTE-RTX4070-SUPER-12G,VGA GIGABYTE GeForce RTX 4070 Super Gaming OC 12GB,VGA - Card màn hình,GIGABYTE,1,16490000,18500000,16490000,3,"Sản phẩm bình thường, không quá nổi bật, dịch vụ giao hàng ở mức trung bình."
ORI-002918,ORD-251216-2168,MOUSE-002,RAZER-DEATHADDER-V3-HTE,Chuột gaming Razer DeathAdder V3 HyperSpeed (Không dây),Chuột - Mouse,Razer,1,1890000,2200000,1890000,5,"Rất đáng tiền, chạy mượt mà, chính hãng 100%."
ORI-002919,ORD-251216-2168,CASE-001,LIANLI-PC-O11D-EVO,"Vỏ Case Lian Li PC-O11 Dynamic Evo (Mid Tower, ATX)",Case - Vỏ máy tính,Lian Li,1,3490000,3900000,3490000,5,"Rất đáng tiền, chạy mượt mà, chính hãng 100%."
ORI-002920,ORD-251223-2169,RAM-003,KINGSTON-FURY-DDR4-16GB-3200,RAM Kingston Fury Beast DDR4 16GB (2x8GB) 3200MHz,RAM - Bộ nhớ trong,Kingston,1,1290000,1500000,1290000,5,"Thiết kế đẹp mắt, hiệu năng vượt trội so với tầm giá. Rất hài lòng!"
ORI-002921,ORD-250701-2170,FAN-002,NOCTUA-NF-A12X25-PWM,Fan Case Noctua NF-A12x25 PWM 120mm (Hiệu suất cao),Fan - Quạt tản nhiệt,Noctua,1,990000,1200000,990000,5,"Lắp đặt dễ dàng, chạy êm ái và mát mẻ. Shop hỗ trợ nhiệt tình."
ORI-002922,ORD-251214-2171,MOUSE-001,LOGITECH-G-PRO-X-SUPERLIGHT2,"Chuột gaming Logitech G Pro X Superlight 2 (Không dây, 32000 DPI)",Chuột - Mouse,Logitech,1,3390000,3800000,3390000,4,"Hiệu năng tốt trong tầm giá, dùng mượt mà không lỗi lầm gì."
ORI-002923,ORD-250924-2172,RAM-002,GSKILL-DDR5-32GB-6000,RAM G.Skill Trident Z5 RGB DDR5 32GB (2x16GB) 6000MHz CL30,RAM - Bộ nhớ trong,G.Skill,1,3690000,4200000,3690000,4,"Sản phẩm dùng tốt, đúng mô tả, tuy nhiên giao hàng hơi trễ 1 ngày."
ORI-002924,ORD-251212-2173,GPU-003,GIGABYTE-RTX4070-SUPER-12G,VGA GIGABYTE GeForce RTX 4070 Super Gaming OC 12GB,VGA - Card màn hình,GIGABYTE,1,16490000,18500000,16490000,4,"Sản phẩm tốt, nhân viên tư vấn nhiệt tình, sẽ tiếp tục ủng hộ."
ORI-002925,ORD-251212-2173,PSU-002,SEASONIC-FOCUS-GX-850,Nguồn Seasonic Focus GX 850W 80 Plus Gold Full Modular,PSU - Nguồn máy tính,Seasonic,1,3290000,3800000,3290000,5,"Lắp đặt dễ dàng, chạy êm ái và mát mẻ. Shop hỗ trợ nhiệt tình."
ORI-002926,ORD-251013-2174,FAN-002,NOCTUA-NF-A12X25-PWM,Fan Case Noctua NF-A12x25 PWM 120mm (Hiệu suất cao),Fan - Quạt tản nhiệt,Noctua,1,990000,1200000,990000,5,"Hàng chuẩn GearVN, nguyên seal mới cứng, bảo hành đầy đủ. Vote 5 sao!"
ORI-002927,ORD-250624-2175,CASE-002,JONSBO-D41-MESH,"Vỏ Case Jonsbo D41 Mesh Screen (Mid Tower, ATX, Màn hình LCD)",Case - Vỏ máy tính,Jonsbo,1,2290000,2600000,2290000,4,"Thiết kế đẹp, chạy mát, dịch vụ chăm sóc khách hàng khá tốt."
ORI-002928,ORD-251205-2176,GPU-003,GIGABYTE-RTX4070-SUPER-12G,VGA GIGABYTE GeForce RTX 4070 Super Gaming OC 12GB,VGA - Card màn hình,GIGABYTE,1,16490000,18500000,16490000,5,"Lắp đặt dễ dàng, chạy êm ái và mát mẻ. Shop hỗ trợ nhiệt tình."
ORI-002929,ORD-251102-2177,MB-004,ASUS-TUF-B760M-PLUS-WIFI,"Mainboard ASUS TUF Gaming B760M-Plus WiFi (LGA 1700, DDR5, mATX)",Mainboard - Bo mạch chủ,ASUS,1,3990000,4500000,3990000,5,"Lắp đặt dễ dàng, chạy êm ái và mát mẻ. Shop hỗ trợ nhiệt tình."
ORI-002930,ORD-250922-2178,RAM-002,GSKILL-DDR5-32GB-6000,RAM G.Skill Trident Z5 RGB DDR5 32GB (2x16GB) 6000MHz CL30,RAM - Bộ nhớ trong,G.Skill,1,3690000,4200000,3690000,5,"Thiết kế đẹp mắt, hiệu năng vượt trội so với tầm giá. Rất hài lòng!"
ORI-002931,ORD-250922-2178,CPU-006,INTEL-I3-14100F,"CPU Intel Core i3-14100F (3.5GHz Turbo 4.7GHz, 4 nhân 8 luồng)",CPU - Bộ vi xử lý,Intel,1,2490000,2800000,2490000,4,"Sản phẩm dùng tốt, đúng mô tả, tuy nhiên giao hàng hơi trễ 1 ngày."
ORI-002932,ORD-260521-2179,SSD-004,CRUCIAL-P5-PLUS-500GB,SSD Crucial P5 Plus 500GB NVMe M.2 PCIe Gen4,SSD - Ổ cứng thể rắn,Crucial,1,990000,1200000,990000,5,"Lắp đặt dễ dàng, chạy êm ái và mát mẻ. Shop hỗ trợ nhiệt tình."
ORI-002933,ORD-260117-2180,CPU-006,INTEL-I3-14100F,"CPU Intel Core i3-14100F (3.5GHz Turbo 4.7GHz, 4 nhân 8 luồng)",CPU - Bộ vi xử lý,Intel,1,2490000,2800000,2490000,4,"Sản phẩm tốt, nhân viên tư vấn nhiệt tình, sẽ tiếp tục ủng hộ."
ORI-002934,ORD-260126-2181,KB-001,CORSAIR-K100-RGB-OPX,Bàn phím cơ Corsair K100 RGB Optical-Mechanical (OPX Switch),Bàn phím - Keyboard,Corsair,1,5490000,6000000,5490000,4,"Thiết kế đẹp, chạy mát, dịch vụ chăm sóc khách hàng khá tốt."
ORI-002935,ORD-251013-2182,HDD-002,WD-RED-PLUS-8TB,"Ổ cứng HDD WD Red Plus 8TB 3.5"" SATA NAS",HDD - Ổ cứng cơ,Western Digital,1,4490000,5200000,4490000,5,"Hàng chuẩn GearVN, nguyên seal mới cứng, bảo hành đầy đủ. Vote 5 sao!"
ORI-002936,ORD-260115-2183,CPU-006,INTEL-I3-14100F,"CPU Intel Core i3-14100F (3.5GHz Turbo 4.7GHz, 4 nhân 8 luồng)",CPU - Bộ vi xử lý,Intel,1,2490000,2800000,2490000,5,"Hàng chuẩn GearVN, nguyên seal mới cứng, bảo hành đầy đủ. Vote 5 sao!"
ORI-002937,ORD-260115-2183,HDD-001,SEAGATE-BARRACUDA-4TB,"Ổ cứng HDD Seagate Barracuda 4TB 3.5"" SATA 5400RPM",HDD - Ổ cứng cơ,Seagate,1,2190000,2500000,2190000,5,"Sản phẩm cực kỳ chất lượng, đóng gói cẩn thận, giao hàng nhanh."
ORI-002938,ORD-251021-2184,MB-002,MSI-MAG-Z790-TOMAHAWK,"Mainboard MSI MAG Z790 Tomahawk WiFi (LGA 1700, DDR5, ATX)",Mainboard - Bo mạch chủ,MSI,1,6990000,7800000,6990000,5,"Sản phẩm cực kỳ chất lượng, đóng gói cẩn thận, giao hàng nhanh."
ORI-002939,ORD-250703-2185,CPU-002,INTEL-I7-14700K,"CPU Intel Core i7-14700K (3.4GHz Turbo 5.6GHz, 20 nhân 28 luồng)",CPU - Bộ vi xử lý,Intel,1,8490000,9500000,8490000,5,"Sản phẩm cực kỳ chất lượng, đóng gói cẩn thận, giao hàng nhanh."
ORI-002940,ORD-250703-2185,PSU-002,SEASONIC-FOCUS-GX-850,Nguồn Seasonic Focus GX 850W 80 Plus Gold Full Modular,PSU - Nguồn máy tính,Seasonic,1,3290000,3800000,3290000,4,"Sản phẩm tốt, nhân viên tư vấn nhiệt tình, sẽ tiếp tục ủng hộ."
ORI-002941,ORD-260421-2186,CHAIR-001,SECRETLAB-TITAN-EVO-2022,"Ghế gaming Secretlab Titan Evo 2022 (SoftWeave Plus, Medium)",Ghế gaming - Gaming Chair,Secretlab,1,12990000,14500000,12990000,3,"Dùng tạm ổn, nhưng vỏ hộp hơi móp méo khi vận chuyển."
ORI-002942,ORD-260105-2187,HEADSET-001,CORSAIR-VIRTUOSO-RGB-XT,Tai nghe gaming Corsair Virtuoso RGB Wireless XT,Tai nghe - Headset,Corsair,1,4290000,5000000,4290000,4,"Sản phẩm tốt, nhân viên tư vấn nhiệt tình, sẽ tiếp tục ủng hộ."
ORI-002943,ORD-260105-2187,SSD-004,CRUCIAL-P5-PLUS-500GB,SSD Crucial P5 Plus 500GB NVMe M.2 PCIe Gen4,SSD - Ổ cứng thể rắn,Crucial,1,990000,1200000,990000,3,"Dùng tạm ổn, nhưng vỏ hộp hơi móp méo khi vận chuyển."
ORI-002944,ORD-250818-2188,RAM-004,CORSAIR-DDR5-64GB-6400,RAM Corsair Vengeance DDR5 64GB (2x32GB) 6400MHz CL32,RAM - Bộ nhớ trong,Corsair,1,6490000,7500000,6490000,5,"Lắp đặt dễ dàng, chạy êm ái và mát mẻ. Shop hỗ trợ nhiệt tình."
ORI-002945,ORD-250818-2188,MONITOR-001,LG-27GP850P-27-QHD-165HZ,"Màn hình LG UltraGear 27GP850P-B 27"" QHD IPS 165Hz 1ms",Màn hình - Monitor,LG,1,8990000,10500000,8990000,5,"Thiết kế đẹp mắt, hiệu năng vượt trội so với tầm giá. Rất hài lòng!"
ORI-002946,ORD-251222-2189,MONITOR-002,SAMSUNG-ODYSSEY-G7-32-4K,"Màn hình Samsung Odyssey G7 32"" 4K UHD 144Hz IPS",Màn hình - Monitor,Samsung,1,12990000,15000000,12990000,5,"Sản phẩm cực kỳ chất lượng, đóng gói cẩn thận, giao hàng nhanh."
ORI-002947,ORD-251222-2189,GPU-001,ASUS-ROG-RTX4090-24G,VGA ASUS ROG Strix GeForce RTX 4090 24GB GDDR6X OC,VGA - Card màn hình,ASUS,1,52990000,58000000,52990000,5,"Sản phẩm cực kỳ chất lượng, đóng gói cẩn thận, giao hàng nhanh."
ORI-002948,ORD-251216-2190,COOL-003,DEEPCOOL-AK620-DIGITAL,"Tản nhiệt khí DeepCool AK620 Digital (Dual Tower, 2x120mm)",Tản nhiệt - Cooling,Deepcool,1,1490000,1800000,1490000,5,"Sản phẩm cực kỳ chất lượng, đóng gói cẩn thận, giao hàng nhanh."
ORI-002949,ORD-251216-2190,RAM-001,CORSAIR-DDR5-32GB-6000,RAM Corsair Dominator Titanium DDR5 32GB (2x16GB) 6000MHz,RAM - Bộ nhớ trong,Corsair,1,3990000,4500000,3990000,5,"Sản phẩm cực kỳ chất lượng, đóng gói cẩn thận, giao hàng nhanh."
ORI-002950,ORD-260308-2191,SSD-001,SAMSUNG-980-PRO-2TB,SSD Samsung 980 Pro 2TB NVMe M.2 PCIe Gen4,SSD - Ổ cứng thể rắn,Samsung,1,3490000,3900000,3490000,5,"Rất đáng tiền, chạy mượt mà, chính hãng 100%."
ORI-002951,ORD-260308-2191,MB-004,ASUS-TUF-B760M-PLUS-WIFI,"Mainboard ASUS TUF Gaming B760M-Plus WiFi (LGA 1700, DDR5, mATX)",Mainboard - Bo mạch chủ,ASUS,1,3990000,4500000,3990000,5,"Hàng chuẩn GearVN, nguyên seal mới cứng, bảo hành đầy đủ. Vote 5 sao!"
ORI-002952,ORD-251004-2192,MONITOR-002,SAMSUNG-ODYSSEY-G7-32-4K,"Màn hình Samsung Odyssey G7 32"" 4K UHD 144Hz IPS",Màn hình - Monitor,Samsung,1,12990000,15000000,12990000,5,"Rất đáng tiền, chạy mượt mà, chính hãng 100%."
ORI-002953,ORD-251004-2192,RAM-002,GSKILL-DDR5-32GB-6000,RAM G.Skill Trident Z5 RGB DDR5 32GB (2x16GB) 6000MHz CL30,RAM - Bộ nhớ trong,G.Skill,1,3690000,4200000,3690000,5,"Thiết kế đẹp mắt, hiệu năng vượt trội so với tầm giá. Rất hài lòng!"
ORI-002954,ORD-251216-2193,COOL-002,THERMALRIGHT-PHANTOM-SPIRIT-120,Tản nhiệt khí Thermalright Phantom Spirit 120 SE ARGB,Tản nhiệt - Cooling,Thermalright,1,990000,1200000,990000,5,"Sản phẩm cực kỳ chất lượng, đóng gói cẩn thận, giao hàng nhanh."
ORI-002955,ORD-251005-2194,RAM-003,KINGSTON-FURY-DDR4-16GB-3200,RAM Kingston Fury Beast DDR4 16GB (2x8GB) 3200MHz,RAM - Bộ nhớ trong,Kingston,1,1290000,1500000,1290000,5,"Sản phẩm cực kỳ chất lượng, đóng gói cẩn thận, giao hàng nhanh."
ORI-002956,ORD-251005-2194,CPU-001,INTEL-I9-14900K,"CPU Intel Core i9-14900K (3.2GHz Turbo 6.0GHz, 24 nhân 32 luồng)",CPU - Bộ vi xử lý,Intel,1,12990000,14500000,12990000,4,"Sản phẩm dùng tốt, đúng mô tả, tuy nhiên giao hàng hơi trễ 1 ngày."
ORI-002957,ORD-251226-2195,MOUSE-002,RAZER-DEATHADDER-V3-HTE,Chuột gaming Razer DeathAdder V3 HyperSpeed (Không dây),Chuột - Mouse,Razer,1,1890000,2200000,1890000,5,"Rất đáng tiền, chạy mượt mà, chính hãng 100%."
ORI-002958,ORD-251226-2195,HDD-001,SEAGATE-BARRACUDA-4TB,"Ổ cứng HDD Seagate Barracuda 4TB 3.5"" SATA 5400RPM",HDD - Ổ cứng cơ,Seagate,1,2190000,2500000,2190000,5,"Hàng chuẩn GearVN, nguyên seal mới cứng, bảo hành đầy đủ. Vote 5 sao!"
ORI-002959,ORD-250814-2196,CHAIR-001,SECRETLAB-TITAN-EVO-2022,"Ghế gaming Secretlab Titan Evo 2022 (SoftWeave Plus, Medium)",Ghế gaming - Gaming Chair,Secretlab,1,12990000,14500000,12990000,5,"Hàng chuẩn GearVN, nguyên seal mới cứng, bảo hành đầy đủ. Vote 5 sao!"
ORI-002960,ORD-260223-2197,MB-001,ASUS-ROG-MAXIMUS-Z790,"Mainboard ASUS ROG Maximus Z790 Hero (LGA 1700, DDR5, ATX)",Mainboard - Bo mạch chủ,ASUS,1,15990000,18000000,15990000,3,"Hiệu năng đủ dùng cho tác vụ cơ bản, nhiệt độ hơi ấm khi tải nặng."
ORI-002961,ORD-260228-2198,CPU-004,AMD-R9-7950X,"CPU AMD Ryzen 9 7950X (4.5GHz Turbo 5.7GHz, 16 nhân 32 luồng)",CPU - Bộ vi xử lý,AMD,1,13490000,15000000,13490000,5,"Lắp đặt dễ dàng, chạy êm ái và mát mẻ. Shop hỗ trợ nhiệt tình."
ORI-002962,ORD-260109-2199,CPU-006,INTEL-I3-14100F,"CPU Intel Core i3-14100F (3.5GHz Turbo 4.7GHz, 4 nhân 8 luồng)",CPU - Bộ vi xử lý,Intel,1,2490000,2800000,2490000,5,"Rất đáng tiền, chạy mượt mà, chính hãng 100%."
ORI-002963,ORD-260105-2200,MOUSE-001,LOGITECH-G-PRO-X-SUPERLIGHT2,"Chuột gaming Logitech G Pro X Superlight 2 (Không dây, 32000 DPI)",Chuột - Mouse,Logitech,1,3390000,3800000,3390000,5,"Sản phẩm cực kỳ chất lượng, đóng gói cẩn thận, giao hàng nhanh."
ORI-002964,ORD-251112-2201,GPU-002,MSI-RTX4080-SUPER-16G,VGA MSI GeForce RTX 4080 Super 16GB Gaming X Slim,VGA - Card màn hình,MSI,1,26990000,30000000,26990000,1,"Giao hàng quá chậm (mất 7 ngày), hàng móp méo hư hại nghiêm trọng."
ORI-002965,ORD-251112-2201,COOL-003,DEEPCOOL-AK620-DIGITAL,"Tản nhiệt khí DeepCool AK620 Digital (Dual Tower, 2x120mm)",Tản nhiệt - Cooling,Deepcool,1,1490000,1800000,1490000,5,"Hàng chuẩn GearVN, nguyên seal mới cứng, bảo hành đầy đủ. Vote 5 sao!"
ORI-002966,ORD-251011-2202,MOUSE-001,LOGITECH-G-PRO-X-SUPERLIGHT2,"Chuột gaming Logitech G Pro X Superlight 2 (Không dây, 32000 DPI)",Chuột - Mouse,Logitech,1,3390000,3800000,3390000,5,"Hàng chuẩn GearVN, nguyên seal mới cứng, bảo hành đầy đủ. Vote 5 sao!"
ORI-002967,ORD-251011-2202,RAM-004,CORSAIR-DDR5-64GB-6400,RAM Corsair Vengeance DDR5 64GB (2x32GB) 6400MHz CL32,RAM - Bộ nhớ trong,Corsair,1,6490000,7500000,6490000,5,"Hàng chuẩn GearVN, nguyên seal mới cứng, bảo hành đầy đủ. Vote 5 sao!"
ORI-002968,ORD-251124-2203,RAM-003,KINGSTON-FURY-DDR4-16GB-3200,RAM Kingston Fury Beast DDR4 16GB (2x8GB) 3200MHz,RAM - Bộ nhớ trong,Kingston,1,1290000,1500000,1290000,4,"Hiệu năng tốt trong tầm giá, dùng mượt mà không lỗi lầm gì."
ORI-002969,ORD-251204-2204,CHAIR-001,SECRETLAB-TITAN-EVO-2022,"Ghế gaming Secretlab Titan Evo 2022 (SoftWeave Plus, Medium)",Ghế gaming - Gaming Chair,Secretlab,1,12990000,14500000,12990000,4,"Sản phẩm dùng tốt, đúng mô tả, tuy nhiên giao hàng hơi trễ 1 ngày."
ORI-002970,ORD-251204-2204,COOL-001,CORSAIR-H150I-ELITE-360MM,Tản nhiệt nước AIO Corsair iCUE H150i Elite LCD 360mm,Tản nhiệt - Cooling,Corsair,1,4490000,5000000,4490000,5,"Thiết kế đẹp mắt, hiệu năng vượt trội so với tầm giá. Rất hài lòng!"
ORI-002971,ORD-250830-2205,CPU-006,INTEL-I3-14100F,"CPU Intel Core i3-14100F (3.5GHz Turbo 4.7GHz, 4 nhân 8 luồng)",CPU - Bộ vi xử lý,Intel,1,2490000,2800000,2490000,5,"Thiết kế đẹp mắt, hiệu năng vượt trội so với tầm giá. Rất hài lòng!"
ORI-002972,ORD-250830-2205,CPU-006,INTEL-I3-14100F,"CPU Intel Core i3-14100F (3.5GHz Turbo 4.7GHz, 4 nhân 8 luồng)",CPU - Bộ vi xử lý,Intel,1,2490000,2800000,2490000,4,"Sản phẩm dùng tốt, đúng mô tả, tuy nhiên giao hàng hơi trễ 1 ngày."
ORI-002973,ORD-260217-2206,CPU-001,INTEL-I9-14900K,"CPU Intel Core i9-14900K (3.2GHz Turbo 6.0GHz, 24 nhân 32 luồng)",CPU - Bộ vi xử lý,Intel,1,12990000,14500000,12990000,5,"Sản phẩm cực kỳ chất lượng, đóng gói cẩn thận, giao hàng nhanh."
ORI-002974,ORD-260217-2206,SSD-001,SAMSUNG-980-PRO-2TB,SSD Samsung 980 Pro 2TB NVMe M.2 PCIe Gen4,SSD - Ổ cứng thể rắn,Samsung,1,3490000,3900000,3490000,4,"Sản phẩm tốt, nhân viên tư vấn nhiệt tình, sẽ tiếp tục ủng hộ."
ORI-002975,ORD-250922-2207,GPU-005,MSI-RTX4060-TI-8G-VENTUS,VGA MSI GeForce RTX 4060 Ti 8G Ventus 2X OC,VGA - Card màn hình,MSI,1,9490000,11000000,9490000,3,"Sản phẩm bình thường, không quá nổi bật, dịch vụ giao hàng ở mức trung bình."
ORI-002976,ORD-250922-2207,CPU-003,INTEL-I5-14600K,"CPU Intel Core i5-14600K (3.5GHz Turbo 5.3GHz, 14 nhân 20 luồng)",CPU - Bộ vi xử lý,Intel,1,5490000,6200000,5490000,4,"Chất lượng ổn áp, chạy ngon lành, đóng gói kỹ càng."
ORI-002977,ORD-250923-2208,CPU-006,INTEL-I3-14100F,"CPU Intel Core i3-14100F (3.5GHz Turbo 4.7GHz, 4 nhân 8 luồng)",CPU - Bộ vi xử lý,Intel,1,2490000,2800000,2490000,5,"Lắp đặt dễ dàng, chạy êm ái và mát mẻ. Shop hỗ trợ nhiệt tình."
ORI-002978,ORD-251014-2209,CPU-002,INTEL-I7-14700K,"CPU Intel Core i7-14700K (3.4GHz Turbo 5.6GHz, 20 nhân 28 luồng)",CPU - Bộ vi xử lý,Intel,1,8490000,9500000,8490000,5,"Lắp đặt dễ dàng, chạy êm ái và mát mẻ. Shop hỗ trợ nhiệt tình."
ORI-002979,ORD-260114-2210,COOL-002,THERMALRIGHT-PHANTOM-SPIRIT-120,Tản nhiệt khí Thermalright Phantom Spirit 120 SE ARGB,Tản nhiệt - Cooling,Thermalright,1,990000,1200000,990000,5,"Rất đáng tiền, chạy mượt mà, chính hãng 100%."
ORI-002980,ORD-260114-2210,KB-001,CORSAIR-K100-RGB-OPX,Bàn phím cơ Corsair K100 RGB Optical-Mechanical (OPX Switch),Bàn phím - Keyboard,Corsair,1,5490000,6000000,5490000,4,"Chất lượng ổn áp, chạy ngon lành, đóng gói kỹ càng."
ORI-002981,ORD-251019-2211,PSU-003,COOLERMASTER-V750-GOLD,Nguồn Cooler Master MWE Gold 750W 80 Plus Gold Full Modular,PSU - Nguồn máy tính,Cooler Master,1,2490000,2900000,2490000,4,"Sản phẩm dùng tốt, đúng mô tả, tuy nhiên giao hàng hơi trễ 1 ngày."
ORI-002982,ORD-260204-2212,FAN-002,NOCTUA-NF-A12X25-PWM,Fan Case Noctua NF-A12x25 PWM 120mm (Hiệu suất cao),Fan - Quạt tản nhiệt,Noctua,1,990000,1200000,990000,4,"Sản phẩm tốt, nhân viên tư vấn nhiệt tình, sẽ tiếp tục ủng hộ."
ORI-002983,ORD-251111-2213,MB-002,MSI-MAG-Z790-TOMAHAWK,"Mainboard MSI MAG Z790 Tomahawk WiFi (LGA 1700, DDR5, ATX)",Mainboard - Bo mạch chủ,MSI,1,6990000,7800000,6990000,4,"Hiệu năng tốt trong tầm giá, dùng mượt mà không lỗi lầm gì."
ORI-002984,ORD-251111-2213,HDD-001,SEAGATE-BARRACUDA-4TB,"Ổ cứng HDD Seagate Barracuda 4TB 3.5"" SATA 5400RPM",HDD - Ổ cứng cơ,Seagate,1,2190000,2500000,2190000,5,"Rất đáng tiền, chạy mượt mà, chính hãng 100%."
ORI-002985,ORD-260212-2214,PSU-001,CORSAIR-HX1000I-1000W,Nguồn Corsair HX1000i 1000W 80 Plus Platinum Full Modular,PSU - Nguồn máy tính,Corsair,1,4990000,5500000,4990000,5,"Lắp đặt dễ dàng, chạy êm ái và mát mẻ. Shop hỗ trợ nhiệt tình."
ORI-002986,ORD-260517-2215,CPU-002,INTEL-I7-14700K,"CPU Intel Core i7-14700K (3.4GHz Turbo 5.6GHz, 20 nhân 28 luồng)",CPU - Bộ vi xử lý,Intel,1,8490000,9500000,8490000,5,"Sản phẩm cực kỳ chất lượng, đóng gói cẩn thận, giao hàng nhanh."
ORI-002987,ORD-251118-2216,MB-002,MSI-MAG-Z790-TOMAHAWK,"Mainboard MSI MAG Z790 Tomahawk WiFi (LGA 1700, DDR5, ATX)",Mainboard - Bo mạch chủ,MSI,1,6990000,7800000,6990000,5,"Sản phẩm cực kỳ chất lượng, đóng gói cẩn thận, giao hàng nhanh."
ORI-002988,ORD-251118-2216,MONITOR-002,SAMSUNG-ODYSSEY-G7-32-4K,"Màn hình Samsung Odyssey G7 32"" 4K UHD 144Hz IPS",Màn hình - Monitor,Samsung,1,12990000,15000000,12990000,5,"Hàng chuẩn GearVN, nguyên seal mới cứng, bảo hành đầy đủ. Vote 5 sao!"
ORI-002989,ORD-250814-2217,COOL-003,DEEPCOOL-AK620-DIGITAL,"Tản nhiệt khí DeepCool AK620 Digital (Dual Tower, 2x120mm)",Tản nhiệt - Cooling,Deepcool,1,1490000,1800000,1490000,5,"Hàng chuẩn GearVN, nguyên seal mới cứng, bảo hành đầy đủ. Vote 5 sao!"
ORI-002990,ORD-250814-2217,COOL-002,THERMALRIGHT-PHANTOM-SPIRIT-120,Tản nhiệt khí Thermalright Phantom Spirit 120 SE ARGB,Tản nhiệt - Cooling,Thermalright,1,990000,1200000,990000,2,"Giao sai phiên bản màu sắc, đang chờ shop đổi trả."
ORI-002991,ORD-250711-2218,FAN-002,NOCTUA-NF-A12X25-PWM,Fan Case Noctua NF-A12x25 PWM 120mm (Hiệu suất cao),Fan - Quạt tản nhiệt,Noctua,1,990000,1200000,990000,5,"Hàng chuẩn GearVN, nguyên seal mới cứng, bảo hành đầy đủ. Vote 5 sao!"
ORI-002992,ORD-260228-2219,GPU-002,MSI-RTX4080-SUPER-16G,VGA MSI GeForce RTX 4080 Super 16GB Gaming X Slim,VGA - Card màn hình,MSI,1,26990000,30000000,26990000,5,"Sản phẩm cực kỳ chất lượng, đóng gói cẩn thận, giao hàng nhanh."
ORI-002993,ORD-260228-2219,MB-001,ASUS-ROG-MAXIMUS-Z790,"Mainboard ASUS ROG Maximus Z790 Hero (LGA 1700, DDR5, ATX)",Mainboard - Bo mạch chủ,ASUS,1,15990000,18000000,15990000,5,"Sản phẩm cực kỳ chất lượng, đóng gói cẩn thận, giao hàng nhanh."
ORI-002994,ORD-260222-2220,MB-004,ASUS-TUF-B760M-PLUS-WIFI,"Mainboard ASUS TUF Gaming B760M-Plus WiFi (LGA 1700, DDR5, mATX)",Mainboard - Bo mạch chủ,ASUS,1,3990000,4500000,3990000,5,"Lắp đặt dễ dàng, chạy êm ái và mát mẻ. Shop hỗ trợ nhiệt tình."
ORI-002995,ORD-250905-2221,GPU-004,ASUS-RX7900XTX-24G,VGA ASUS TUF Gaming Radeon RX 7900 XTX OC 24GB,VGA - Card màn hình,ASUS,1,22990000,25000000,22990000,5,"Sản phẩm cực kỳ chất lượng, đóng gói cẩn thận, giao hàng nhanh."
ORI-002996,ORD-250905-2221,HDD-001,SEAGATE-BARRACUDA-4TB,"Ổ cứng HDD Seagate Barracuda 4TB 3.5"" SATA 5400RPM",HDD - Ổ cứng cơ,Seagate,1,2190000,2500000,2190000,5,"Rất đáng tiền, chạy mượt mà, chính hãng 100%."
ORI-002997,ORD-250827-2222,GPU-001,ASUS-ROG-RTX4090-24G,VGA ASUS ROG Strix GeForce RTX 4090 24GB GDDR6X OC,VGA - Card màn hình,ASUS,1,52990000,58000000,52990000,5,"Thiết kế đẹp mắt, hiệu năng vượt trội so với tầm giá. Rất hài lòng!"
ORI-002998,ORD-250827-2222,MB-001,ASUS-ROG-MAXIMUS-Z790,"Mainboard ASUS ROG Maximus Z790 Hero (LGA 1700, DDR5, ATX)",Mainboard - Bo mạch chủ,ASUS,1,15990000,18000000,15990000,5,"Lắp đặt dễ dàng, chạy êm ái và mát mẻ. Shop hỗ trợ nhiệt tình."
ORI-002999,ORD-250926-2223,CPU-001,INTEL-I9-14900K,"CPU Intel Core i9-14900K (3.2GHz Turbo 6.0GHz, 24 nhân 32 luồng)",CPU - Bộ vi xử lý,Intel,1,12990000,14500000,12990000,5,"Sản phẩm cực kỳ chất lượng, đóng gói cẩn thận, giao hàng nhanh."
ORI-003000,ORD-250926-2223,HDD-001,SEAGATE-BARRACUDA-4TB,"Ổ cứng HDD Seagate Barracuda 4TB 3.5"" SATA 5400RPM",HDD - Ổ cứng cơ,Seagate,1,2190000,2500000,2190000,5,"Sản phẩm cực kỳ chất lượng, đóng gói cẩn thận, giao hàng nhanh."
ORI-003001,ORD-250712-2224,PSU-003,COOLERMASTER-V750-GOLD,Nguồn Cooler Master MWE Gold 750W 80 Plus Gold Full Modular,PSU - Nguồn máy tính,Cooler Master,1,2490000,2900000,2490000,5,"Hàng chuẩn GearVN, nguyên seal mới cứng, bảo hành đầy đủ. Vote 5 sao!"
ORI-003002,ORD-260130-2225,KB-001,CORSAIR-K100-RGB-OPX,Bàn phím cơ Corsair K100 RGB Optical-Mechanical (OPX Switch),Bàn phím - Keyboard,Corsair,1,5490000,6000000,5490000,5,"Hàng chuẩn GearVN, nguyên seal mới cứng, bảo hành đầy đủ. Vote 5 sao!"
ORI-003003,ORD-260130-2225,CPU-006,INTEL-I3-14100F,"CPU Intel Core i3-14100F (3.5GHz Turbo 4.7GHz, 4 nhân 8 luồng)",CPU - Bộ vi xử lý,Intel,1,2490000,2800000,2490000,5,"Sản phẩm cực kỳ chất lượng, đóng gói cẩn thận, giao hàng nhanh."
ORI-003004,ORD-251110-2226,CPU-004,AMD-R9-7950X,"CPU AMD Ryzen 9 7950X (4.5GHz Turbo 5.7GHz, 16 nhân 32 luồng)",CPU - Bộ vi xử lý,AMD,1,13490000,15000000,13490000,5,"Lắp đặt dễ dàng, chạy êm ái và mát mẻ. Shop hỗ trợ nhiệt tình."
ORI-003005,ORD-260129-2227,SSD-002,WD-BLACK-SN850X-1TB,SSD WD Black SN850X 1TB NVMe M.2 PCIe Gen4,SSD - Ổ cứng thể rắn,Western Digital,1,2190000,2500000,2190000,4,"Chất lượng ổn áp, chạy ngon lành, đóng gói kỹ càng."
ORI-003006,ORD-250912-2228,MOUSE-001,LOGITECH-G-PRO-X-SUPERLIGHT2,"Chuột gaming Logitech G Pro X Superlight 2 (Không dây, 32000 DPI)",Chuột - Mouse,Logitech,1,3390000,3800000,3390000,4,"Hiệu năng tốt trong tầm giá, dùng mượt mà không lỗi lầm gì."
ORI-003007,ORD-250912-2228,HEADSET-001,CORSAIR-VIRTUOSO-RGB-XT,Tai nghe gaming Corsair Virtuoso RGB Wireless XT,Tai nghe - Headset,Corsair,1,4290000,5000000,4290000,2,"Sản phẩm có dấu hiệu trầy xước nhẹ, giao hàng chậm, đóng gói sơ sài."
ORI-003008,ORD-251119-2229,CPU-005,AMD-R7-7700X,"CPU AMD Ryzen 7 7700X (4.5GHz Turbo 5.4GHz, 8 nhân 16 luồng)",CPU - Bộ vi xử lý,AMD,1,6890000,7500000,6890000,4,"Thiết kế đẹp, chạy mát, dịch vụ chăm sóc khách hàng khá tốt."
ORI-003009,ORD-250912-2230,SSD-001,SAMSUNG-980-PRO-2TB,SSD Samsung 980 Pro 2TB NVMe M.2 PCIe Gen4,SSD - Ổ cứng thể rắn,Samsung,1,3490000,3900000,3490000,5,"Rất đáng tiền, chạy mượt mà, chính hãng 100%."
ORI-003010,ORD-250924-2231,GPU-004,ASUS-RX7900XTX-24G,VGA ASUS TUF Gaming Radeon RX 7900 XTX OC 24GB,VGA - Card màn hình,ASUS,1,22990000,25000000,22990000,5,"Hàng chuẩn GearVN, nguyên seal mới cứng, bảo hành đầy đủ. Vote 5 sao!"
ORI-003011,ORD-260326-2232,SSD-003,KINGSTON-KC3000-1TB,SSD Kingston KC3000 1TB NVMe M.2 PCIe Gen4,SSD - Ổ cứng thể rắn,Kingston,1,1890000,2200000,1890000,5,"Lắp đặt dễ dàng, chạy êm ái và mát mẻ. Shop hỗ trợ nhiệt tình."
ORI-003012,ORD-260326-2232,SSD-003,KINGSTON-KC3000-1TB,SSD Kingston KC3000 1TB NVMe M.2 PCIe Gen4,SSD - Ổ cứng thể rắn,Kingston,1,1890000,2200000,1890000,4,"Chất lượng ổn áp, chạy ngon lành, đóng gói kỹ càng."
ORI-003013,ORD-251231-2233,MONITOR-002,SAMSUNG-ODYSSEY-G7-32-4K,"Màn hình Samsung Odyssey G7 32"" 4K UHD 144Hz IPS",Màn hình - Monitor,Samsung,1,12990000,15000000,12990000,5,"Sản phẩm cực kỳ chất lượng, đóng gói cẩn thận, giao hàng nhanh."
ORI-003014,ORD-251231-2233,MB-002,MSI-MAG-Z790-TOMAHAWK,"Mainboard MSI MAG Z790 Tomahawk WiFi (LGA 1700, DDR5, ATX)",Mainboard - Bo mạch chủ,MSI,1,6990000,7800000,6990000,5,"Hàng chuẩn GearVN, nguyên seal mới cứng, bảo hành đầy đủ. Vote 5 sao!"
ORI-003015,ORD-260604-2234,RAM-004,CORSAIR-DDR5-64GB-6400,RAM Corsair Vengeance DDR5 64GB (2x32GB) 6400MHz CL32,RAM - Bộ nhớ trong,Corsair,1,6490000,7500000,6490000,5,"Lắp đặt dễ dàng, chạy êm ái và mát mẻ. Shop hỗ trợ nhiệt tình."
ORI-003016,ORD-260604-2234,CHAIR-001,SECRETLAB-TITAN-EVO-2022,"Ghế gaming Secretlab Titan Evo 2022 (SoftWeave Plus, Medium)",Ghế gaming - Gaming Chair,Secretlab,1,12990000,14500000,12990000,4,"Sản phẩm dùng tốt, đúng mô tả, tuy nhiên giao hàng hơi trễ 1 ngày."
ORI-003017,ORD-250820-2235,FAN-001,LIANLI-UNI-FAN-AL120-3PACK,"Fan Case Lian Li UNI FAN AL120 RGB (3-Pack, Daisy-chain)",Fan - Quạt tản nhiệt,Lian Li,1,1490000,1800000,1490000,5,"Rất đáng tiền, chạy mượt mà, chính hãng 100%."
ORI-003018,ORD-250822-2236,COOL-002,THERMALRIGHT-PHANTOM-SPIRIT-120,Tản nhiệt khí Thermalright Phantom Spirit 120 SE ARGB,Tản nhiệt - Cooling,Thermalright,1,990000,1200000,990000,5,"Rất đáng tiền, chạy mượt mà, chính hãng 100%."
ORI-003019,ORD-251130-2237,PSU-003,COOLERMASTER-V750-GOLD,Nguồn Cooler Master MWE Gold 750W 80 Plus Gold Full Modular,PSU - Nguồn máy tính,Cooler Master,1,2490000,2900000,2490000,3,"Dùng tạm ổn, nhưng vỏ hộp hơi móp méo khi vận chuyển."
ORI-003020,ORD-251130-2237,PSU-001,CORSAIR-HX1000I-1000W,Nguồn Corsair HX1000i 1000W 80 Plus Platinum Full Modular,PSU - Nguồn máy tính,Corsair,1,4990000,5500000,4990000,5,"Sản phẩm cực kỳ chất lượng, đóng gói cẩn thận, giao hàng nhanh."
ORI-003021,ORD-251226-2238,RAM-003,KINGSTON-FURY-DDR4-16GB-3200,RAM Kingston Fury Beast DDR4 16GB (2x8GB) 3200MHz,RAM - Bộ nhớ trong,Kingston,1,1290000,1500000,1290000,5,"Sản phẩm cực kỳ chất lượng, đóng gói cẩn thận, giao hàng nhanh."
ORI-003022,ORD-251226-2238,PSU-001,CORSAIR-HX1000I-1000W,Nguồn Corsair HX1000i 1000W 80 Plus Platinum Full Modular,PSU - Nguồn máy tính,Corsair,1,4990000,5500000,4990000,5,"Rất đáng tiền, chạy mượt mà, chính hãng 100%."
ORI-003023,ORD-251203-2239,COOL-002,THERMALRIGHT-PHANTOM-SPIRIT-120,Tản nhiệt khí Thermalright Phantom Spirit 120 SE ARGB,Tản nhiệt - Cooling,Thermalright,1,990000,1200000,990000,5,"Thiết kế đẹp mắt, hiệu năng vượt trội so với tầm giá. Rất hài lòng!"
ORI-003024,ORD-251203-2239,SSD-002,WD-BLACK-SN850X-1TB,SSD WD Black SN850X 1TB NVMe M.2 PCIe Gen4,SSD - Ổ cứng thể rắn,Western Digital,1,2190000,2500000,2190000,5,"Hàng chuẩn GearVN, nguyên seal mới cứng, bảo hành đầy đủ. Vote 5 sao!"
ORI-003025,ORD-260112-2240,HEADSET-001,CORSAIR-VIRTUOSO-RGB-XT,Tai nghe gaming Corsair Virtuoso RGB Wireless XT,Tai nghe - Headset,Corsair,1,4290000,5000000,4290000,5,"Sản phẩm cực kỳ chất lượng, đóng gói cẩn thận, giao hàng nhanh."
ORI-003026,ORD-260425-2241,MOUSE-001,LOGITECH-G-PRO-X-SUPERLIGHT2,"Chuột gaming Logitech G Pro X Superlight 2 (Không dây, 32000 DPI)",Chuột - Mouse,Logitech,1,3390000,3800000,3390000,4,"Sản phẩm tốt, nhân viên tư vấn nhiệt tình, sẽ tiếp tục ủng hộ."
ORI-003027,ORD-260327-2242,SSD-004,CRUCIAL-P5-PLUS-500GB,SSD Crucial P5 Plus 500GB NVMe M.2 PCIe Gen4,SSD - Ổ cứng thể rắn,Crucial,1,990000,1200000,990000,5,"Thiết kế đẹp mắt, hiệu năng vượt trội so với tầm giá. Rất hài lòng!"
ORI-003028,ORD-251106-2243,MONITOR-002,SAMSUNG-ODYSSEY-G7-32-4K,"Màn hình Samsung Odyssey G7 32"" 4K UHD 144Hz IPS",Màn hình - Monitor,Samsung,1,12990000,15000000,12990000,5,"Rất đáng tiền, chạy mượt mà, chính hãng 100%."
ORI-003029,ORD-251117-2244,COOL-002,THERMALRIGHT-PHANTOM-SPIRIT-120,Tản nhiệt khí Thermalright Phantom Spirit 120 SE ARGB,Tản nhiệt - Cooling,Thermalright,1,990000,1200000,990000,5,"Lắp đặt dễ dàng, chạy êm ái và mát mẻ. Shop hỗ trợ nhiệt tình."
ORI-003030,ORD-251207-2245,GPU-002,MSI-RTX4080-SUPER-16G,VGA MSI GeForce RTX 4080 Super 16GB Gaming X Slim,VGA - Card màn hình,MSI,1,26990000,30000000,26990000,5,"Lắp đặt dễ dàng, chạy êm ái và mát mẻ. Shop hỗ trợ nhiệt tình."
ORI-003031,ORD-250822-2246,RAM-001,CORSAIR-DDR5-32GB-6000,RAM Corsair Dominator Titanium DDR5 32GB (2x16GB) 6000MHz,RAM - Bộ nhớ trong,Corsair,1,3990000,4500000,3990000,3,"Hiệu năng đủ dùng cho tác vụ cơ bản, nhiệt độ hơi ấm khi tải nặng."
ORI-003032,ORD-260118-2247,MONITOR-002,SAMSUNG-ODYSSEY-G7-32-4K,"Màn hình Samsung Odyssey G7 32"" 4K UHD 144Hz IPS",Màn hình - Monitor,Samsung,1,12990000,15000000,12990000,5,"Hàng chuẩn GearVN, nguyên seal mới cứng, bảo hành đầy đủ. Vote 5 sao!"
ORI-003033,ORD-251113-2248,FAN-002,NOCTUA-NF-A12X25-PWM,Fan Case Noctua NF-A12x25 PWM 120mm (Hiệu suất cao),Fan - Quạt tản nhiệt,Noctua,1,990000,1200000,990000,5,"Rất đáng tiền, chạy mượt mà, chính hãng 100%."
ORI-003034,ORD-250824-2249,PSU-001,CORSAIR-HX1000I-1000W,Nguồn Corsair HX1000i 1000W 80 Plus Platinum Full Modular,PSU - Nguồn máy tính,Corsair,1,4990000,5500000,4990000,5,"Thiết kế đẹp mắt, hiệu năng vượt trội so với tầm giá. Rất hài lòng!"
ORI-003035,ORD-260131-2250,GPU-005,MSI-RTX4060-TI-8G-VENTUS,VGA MSI GeForce RTX 4060 Ti 8G Ventus 2X OC,VGA - Card màn hình,MSI,1,9490000,11000000,9490000,5,"Sản phẩm cực kỳ chất lượng, đóng gói cẩn thận, giao hàng nhanh."
ORI-003036,ORD-260131-2250,CASE-002,JONSBO-D41-MESH,"Vỏ Case Jonsbo D41 Mesh Screen (Mid Tower, ATX, Màn hình LCD)",Case - Vỏ máy tính,Jonsbo,1,2290000,2600000,2290000,4,"Chất lượng ổn áp, chạy ngon lành, đóng gói kỹ càng."
ORI-003037,ORD-251206-2251,GPU-004,ASUS-RX7900XTX-24G,VGA ASUS TUF Gaming Radeon RX 7900 XTX OC 24GB,VGA - Card màn hình,ASUS,1,22990000,25000000,22990000,5,"Thiết kế đẹp mắt, hiệu năng vượt trội so với tầm giá. Rất hài lòng!"
ORI-003038,ORD-251022-2252,GPU-005,MSI-RTX4060-TI-8G-VENTUS,VGA MSI GeForce RTX 4060 Ti 8G Ventus 2X OC,VGA - Card màn hình,MSI,1,9490000,11000000,9490000,5,"Thiết kế đẹp mắt, hiệu năng vượt trội so với tầm giá. Rất hài lòng!"
ORI-003039,ORD-260214-2253,MONITOR-002,SAMSUNG-ODYSSEY-G7-32-4K,"Màn hình Samsung Odyssey G7 32"" 4K UHD 144Hz IPS",Màn hình - Monitor,Samsung,1,12990000,15000000,12990000,3,"Sản phẩm bình thường, không quá nổi bật, dịch vụ giao hàng ở mức trung bình."
ORI-003040,ORD-260214-2253,GPU-001,ASUS-ROG-RTX4090-24G,VGA ASUS ROG Strix GeForce RTX 4090 24GB GDDR6X OC,VGA - Card màn hình,ASUS,1,52990000,58000000,52990000,4,"Hiệu năng tốt trong tầm giá, dùng mượt mà không lỗi lầm gì."
ORI-003041,ORD-250919-2254,RAM-001,CORSAIR-DDR5-32GB-6000,RAM Corsair Dominator Titanium DDR5 32GB (2x16GB) 6000MHz,RAM - Bộ nhớ trong,Corsair,1,3990000,4500000,3990000,5,"Lắp đặt dễ dàng, chạy êm ái và mát mẻ. Shop hỗ trợ nhiệt tình."
ORI-003042,ORD-251214-2255,CASE-001,LIANLI-PC-O11D-EVO,"Vỏ Case Lian Li PC-O11 Dynamic Evo (Mid Tower, ATX)",Case - Vỏ máy tính,Lian Li,1,3490000,3900000,3490000,5,"Sản phẩm cực kỳ chất lượng, đóng gói cẩn thận, giao hàng nhanh."
ORI-003043,ORD-251214-2255,GPU-004,ASUS-RX7900XTX-24G,VGA ASUS TUF Gaming Radeon RX 7900 XTX OC 24GB,VGA - Card màn hình,ASUS,1,22990000,25000000,22990000,5,"Lắp đặt dễ dàng, chạy êm ái và mát mẻ. Shop hỗ trợ nhiệt tình."
ORI-003044,ORD-260324-2256,GPU-001,ASUS-ROG-RTX4090-24G,VGA ASUS ROG Strix GeForce RTX 4090 24GB GDDR6X OC,VGA - Card màn hình,ASUS,1,52990000,58000000,52990000,3,"Sản phẩm bình thường, không quá nổi bật, dịch vụ giao hàng ở mức trung bình."
ORI-003045,ORD-260324-2256,FAN-002,NOCTUA-NF-A12X25-PWM,Fan Case Noctua NF-A12x25 PWM 120mm (Hiệu suất cao),Fan - Quạt tản nhiệt,Noctua,1,990000,1200000,990000,4,"Thiết kế đẹp, chạy mát, dịch vụ chăm sóc khách hàng khá tốt."
ORI-003046,ORD-251204-2257,KB-001,CORSAIR-K100-RGB-OPX,Bàn phím cơ Corsair K100 RGB Optical-Mechanical (OPX Switch),Bàn phím - Keyboard,Corsair,1,5490000,6000000,5490000,5,"Thiết kế đẹp mắt, hiệu năng vượt trội so với tầm giá. Rất hài lòng!"
ORI-003047,ORD-260117-2258,MOUSE-002,RAZER-DEATHADDER-V3-HTE,Chuột gaming Razer DeathAdder V3 HyperSpeed (Không dây),Chuột - Mouse,Razer,1,1890000,2200000,1890000,5,"Sản phẩm cực kỳ chất lượng, đóng gói cẩn thận, giao hàng nhanh."
ORI-003048,ORD-260117-2258,CASE-001,LIANLI-PC-O11D-EVO,"Vỏ Case Lian Li PC-O11 Dynamic Evo (Mid Tower, ATX)",Case - Vỏ máy tính,Lian Li,1,3490000,3900000,3490000,5,"Rất đáng tiền, chạy mượt mà, chính hãng 100%."
ORI-003049,ORD-251102-2259,SSD-001,SAMSUNG-980-PRO-2TB,SSD Samsung 980 Pro 2TB NVMe M.2 PCIe Gen4,SSD - Ổ cứng thể rắn,Samsung,1,3490000,3900000,3490000,5,"Thiết kế đẹp mắt, hiệu năng vượt trội so với tầm giá. Rất hài lòng!"
ORI-003050,ORD-260106-2260,COOL-003,DEEPCOOL-AK620-DIGITAL,"Tản nhiệt khí DeepCool AK620 Digital (Dual Tower, 2x120mm)",Tản nhiệt - Cooling,Deepcool,1,1490000,1800000,1490000,5,"Sản phẩm cực kỳ chất lượng, đóng gói cẩn thận, giao hàng nhanh."
ORI-003051,ORD-250712-2261,PSU-003,COOLERMASTER-V750-GOLD,Nguồn Cooler Master MWE Gold 750W 80 Plus Gold Full Modular,PSU - Nguồn máy tính,Cooler Master,1,2490000,2900000,2490000,5,"Sản phẩm cực kỳ chất lượng, đóng gói cẩn thận, giao hàng nhanh."
ORI-003052,ORD-250712-2261,KB-002,RAZER-BLACKWIDOW-V4-75,Bàn phím cơ Razer BlackWidow V4 75% (Razer Yellow Switch),Bàn phím - Keyboard,Razer,1,3290000,3800000,3290000,5,"Hàng chuẩn GearVN, nguyên seal mới cứng, bảo hành đầy đủ. Vote 5 sao!"
ORI-003053,ORD-251121-2262,GPU-005,MSI-RTX4060-TI-8G-VENTUS,VGA MSI GeForce RTX 4060 Ti 8G Ventus 2X OC,VGA - Card màn hình,MSI,1,9490000,11000000,9490000,3,"Dùng tạm ổn, nhưng vỏ hộp hơi móp méo khi vận chuyển."
ORI-003054,ORD-260117-2263,SSD-002,WD-BLACK-SN850X-1TB,SSD WD Black SN850X 1TB NVMe M.2 PCIe Gen4,SSD - Ổ cứng thể rắn,Western Digital,1,2190000,2500000,2190000,4,"Sản phẩm dùng tốt, đúng mô tả, tuy nhiên giao hàng hơi trễ 1 ngày."
ORI-003055,ORD-260212-2264,CPU-005,AMD-R7-7700X,"CPU AMD Ryzen 7 7700X (4.5GHz Turbo 5.4GHz, 8 nhân 16 luồng)",CPU - Bộ vi xử lý,AMD,1,6890000,7500000,6890000,5,"Hàng chuẩn GearVN, nguyên seal mới cứng, bảo hành đầy đủ. Vote 5 sao!"
ORI-003056,ORD-260108-2265,SSD-002,WD-BLACK-SN850X-1TB,SSD WD Black SN850X 1TB NVMe M.2 PCIe Gen4,SSD - Ổ cứng thể rắn,Western Digital,1,2190000,2500000,2190000,5,"Rất đáng tiền, chạy mượt mà, chính hãng 100%."
ORI-003057,ORD-251126-2266,RAM-004,CORSAIR-DDR5-64GB-6400,RAM Corsair Vengeance DDR5 64GB (2x32GB) 6400MHz CL32,RAM - Bộ nhớ trong,Corsair,1,6490000,7500000,6490000,5,"Sản phẩm cực kỳ chất lượng, đóng gói cẩn thận, giao hàng nhanh."
ORI-003058,ORD-251126-2266,COOL-001,CORSAIR-H150I-ELITE-360MM,Tản nhiệt nước AIO Corsair iCUE H150i Elite LCD 360mm,Tản nhiệt - Cooling,Corsair,1,4490000,5000000,4490000,5,"Thiết kế đẹp mắt, hiệu năng vượt trội so với tầm giá. Rất hài lòng!"
ORI-003059,ORD-260131-2267,RAM-001,CORSAIR-DDR5-32GB-6000,RAM Corsair Dominator Titanium DDR5 32GB (2x16GB) 6000MHz,RAM - Bộ nhớ trong,Corsair,1,3990000,4500000,3990000,1,"Giao hàng quá chậm (mất 7 ngày), hàng móp méo hư hại nghiêm trọng."
ORI-003060,ORD-260304-2268,HDD-002,WD-RED-PLUS-8TB,"Ổ cứng HDD WD Red Plus 8TB 3.5"" SATA NAS",HDD - Ổ cứng cơ,Western Digital,1,4490000,5200000,4490000,4,"Chất lượng ổn áp, chạy ngon lành, đóng gói kỹ càng."
ORI-003061,ORD-260131-2269,MONITOR-001,LG-27GP850P-27-QHD-165HZ,"Màn hình LG UltraGear 27GP850P-B 27"" QHD IPS 165Hz 1ms",Màn hình - Monitor,LG,1,8990000,10500000,8990000,3,Chất lượng sản phẩm ok nhưng tổng đài hỗ trợ kỹ thuật phản hồi hơi chậm.
ORI-003062,ORD-260116-2270,HEADSET-001,CORSAIR-VIRTUOSO-RGB-XT,Tai nghe gaming Corsair Virtuoso RGB Wireless XT,Tai nghe - Headset,Corsair,1,4290000,5000000,4290000,4,"Chất lượng ổn áp, chạy ngon lành, đóng gói kỹ càng."
ORI-003063,ORD-251222-2271,MOUSE-001,LOGITECH-G-PRO-X-SUPERLIGHT2,"Chuột gaming Logitech G Pro X Superlight 2 (Không dây, 32000 DPI)",Chuột - Mouse,Logitech,1,3390000,3800000,3390000,5,"Rất đáng tiền, chạy mượt mà, chính hãng 100%."
ORI-003064,ORD-251002-2272,CHAIR-001,SECRETLAB-TITAN-EVO-2022,"Ghế gaming Secretlab Titan Evo 2022 (SoftWeave Plus, Medium)",Ghế gaming - Gaming Chair,Secretlab,1,12990000,14500000,12990000,4,"Sản phẩm dùng tốt, đúng mô tả, tuy nhiên giao hàng hơi trễ 1 ngày."
ORI-003065,ORD-251101-2273,MONITOR-001,LG-27GP850P-27-QHD-165HZ,"Màn hình LG UltraGear 27GP850P-B 27"" QHD IPS 165Hz 1ms",Màn hình - Monitor,LG,1,8990000,10500000,8990000,3,Chất lượng sản phẩm ok nhưng tổng đài hỗ trợ kỹ thuật phản hồi hơi chậm.
ORI-003066,ORD-250926-2274,COOL-003,DEEPCOOL-AK620-DIGITAL,"Tản nhiệt khí DeepCool AK620 Digital (Dual Tower, 2x120mm)",Tản nhiệt - Cooling,Deepcool,1,1490000,1800000,1490000,4,"Sản phẩm tốt, nhân viên tư vấn nhiệt tình, sẽ tiếp tục ủng hộ."
ORI-003067,ORD-260123-2275,HEADSET-001,CORSAIR-VIRTUOSO-RGB-XT,Tai nghe gaming Corsair Virtuoso RGB Wireless XT,Tai nghe - Headset,Corsair,1,4290000,5000000,4290000,5,"Thiết kế đẹp mắt, hiệu năng vượt trội so với tầm giá. Rất hài lòng!"
ORI-003068,ORD-260123-2275,SSD-002,WD-BLACK-SN850X-1TB,SSD WD Black SN850X 1TB NVMe M.2 PCIe Gen4,SSD - Ổ cứng thể rắn,Western Digital,1,2190000,2500000,2190000,4,"Thiết kế đẹp, chạy mát, dịch vụ chăm sóc khách hàng khá tốt."
ORI-003069,ORD-250729-2276,CPU-001,INTEL-I9-14900K,"CPU Intel Core i9-14900K (3.2GHz Turbo 6.0GHz, 24 nhân 32 luồng)",CPU - Bộ vi xử lý,Intel,1,12990000,14500000,12990000,5,"Sản phẩm cực kỳ chất lượng, đóng gói cẩn thận, giao hàng nhanh."
ORI-003070,ORD-251129-2277,PSU-003,COOLERMASTER-V750-GOLD,Nguồn Cooler Master MWE Gold 750W 80 Plus Gold Full Modular,PSU - Nguồn máy tính,Cooler Master,1,2490000,2900000,2490000,1,"Hàng cũ đóng lại seal, chạy lỗi liên tục, bảo hành rất phiền phức. Không nên mua."
ORI-003071,ORD-250830-2278,HEADSET-001,CORSAIR-VIRTUOSO-RGB-XT,Tai nghe gaming Corsair Virtuoso RGB Wireless XT,Tai nghe - Headset,Corsair,1,4290000,5000000,4290000,5,"Lắp đặt dễ dàng, chạy êm ái và mát mẻ. Shop hỗ trợ nhiệt tình."
ORI-003072,ORD-260226-2279,HDD-002,WD-RED-PLUS-8TB,"Ổ cứng HDD WD Red Plus 8TB 3.5"" SATA NAS",HDD - Ổ cứng cơ,Western Digital,1,4490000,5200000,4490000,5,"Sản phẩm cực kỳ chất lượng, đóng gói cẩn thận, giao hàng nhanh."
ORI-003073,ORD-260226-2279,PSU-001,CORSAIR-HX1000I-1000W,Nguồn Corsair HX1000i 1000W 80 Plus Platinum Full Modular,PSU - Nguồn máy tính,Corsair,1,4990000,5500000,4990000,4,"Chất lượng ổn áp, chạy ngon lành, đóng gói kỹ càng."
ORI-003074,ORD-250715-2280,PSU-002,SEASONIC-FOCUS-GX-850,Nguồn Seasonic Focus GX 850W 80 Plus Gold Full Modular,PSU - Nguồn máy tính,Seasonic,1,3290000,3800000,3290000,5,"Lắp đặt dễ dàng, chạy êm ái và mát mẻ. Shop hỗ trợ nhiệt tình."
ORI-003075,ORD-250715-2280,MONITOR-001,LG-27GP850P-27-QHD-165HZ,"Màn hình LG UltraGear 27GP850P-B 27"" QHD IPS 165Hz 1ms",Màn hình - Monitor,LG,1,8990000,10500000,8990000,5,"Lắp đặt dễ dàng, chạy êm ái và mát mẻ. Shop hỗ trợ nhiệt tình."
ORI-003076,ORD-250725-2281,CPU-005,AMD-R7-7700X,"CPU AMD Ryzen 7 7700X (4.5GHz Turbo 5.4GHz, 8 nhân 16 luồng)",CPU - Bộ vi xử lý,AMD,1,6890000,7500000,6890000,4,"Sản phẩm dùng tốt, đúng mô tả, tuy nhiên giao hàng hơi trễ 1 ngày."
ORI-003077,ORD-250716-2282,MB-002,MSI-MAG-Z790-TOMAHAWK,"Mainboard MSI MAG Z790 Tomahawk WiFi (LGA 1700, DDR5, ATX)",Mainboard - Bo mạch chủ,MSI,1,6990000,7800000,6990000,5,"Lắp đặt dễ dàng, chạy êm ái và mát mẻ. Shop hỗ trợ nhiệt tình."
ORI-003078,ORD-260101-2283,GPU-004,ASUS-RX7900XTX-24G,VGA ASUS TUF Gaming Radeon RX 7900 XTX OC 24GB,VGA - Card màn hình,ASUS,1,22990000,25000000,22990000,5,"Thiết kế đẹp mắt, hiệu năng vượt trội so với tầm giá. Rất hài lòng!"
ORI-003079,ORD-250807-2284,FAN-002,NOCTUA-NF-A12X25-PWM,Fan Case Noctua NF-A12x25 PWM 120mm (Hiệu suất cao),Fan - Quạt tản nhiệt,Noctua,1,990000,1200000,990000,4,"Sản phẩm tốt, nhân viên tư vấn nhiệt tình, sẽ tiếp tục ủng hộ."
ORI-003080,ORD-260123-2285,SSD-002,WD-BLACK-SN850X-1TB,SSD WD Black SN850X 1TB NVMe M.2 PCIe Gen4,SSD - Ổ cứng thể rắn,Western Digital,1,2190000,2500000,2190000,5,"Lắp đặt dễ dàng, chạy êm ái và mát mẻ. Shop hỗ trợ nhiệt tình."
ORI-003081,ORD-260123-2285,RAM-004,CORSAIR-DDR5-64GB-6400,RAM Corsair Vengeance DDR5 64GB (2x32GB) 6400MHz CL32,RAM - Bộ nhớ trong,Corsair,1,6490000,7500000,6490000,5,"Thiết kế đẹp mắt, hiệu năng vượt trội so với tầm giá. Rất hài lòng!"
ORI-003082,ORD-251224-2286,MB-001,ASUS-ROG-MAXIMUS-Z790,"Mainboard ASUS ROG Maximus Z790 Hero (LGA 1700, DDR5, ATX)",Mainboard - Bo mạch chủ,ASUS,1,15990000,18000000,15990000,5,"Rất đáng tiền, chạy mượt mà, chính hãng 100%."
ORI-003083,ORD-250730-2287,HDD-001,SEAGATE-BARRACUDA-4TB,"Ổ cứng HDD Seagate Barracuda 4TB 3.5"" SATA 5400RPM",HDD - Ổ cứng cơ,Seagate,1,2190000,2500000,2190000,4,"Sản phẩm tốt, nhân viên tư vấn nhiệt tình, sẽ tiếp tục ủng hộ."
ORI-003084,ORD-260207-2288,HEADSET-001,CORSAIR-VIRTUOSO-RGB-XT,Tai nghe gaming Corsair Virtuoso RGB Wireless XT,Tai nghe - Headset,Corsair,1,4290000,5000000,4290000,4,"Sản phẩm tốt, nhân viên tư vấn nhiệt tình, sẽ tiếp tục ủng hộ."
ORI-003085,ORD-260116-2289,MOUSE-002,RAZER-DEATHADDER-V3-HTE,Chuột gaming Razer DeathAdder V3 HyperSpeed (Không dây),Chuột - Mouse,Razer,1,1890000,2200000,1890000,4,"Sản phẩm tốt, nhân viên tư vấn nhiệt tình, sẽ tiếp tục ủng hộ."
ORI-003086,ORD-251119-2290,CASE-002,JONSBO-D41-MESH,"Vỏ Case Jonsbo D41 Mesh Screen (Mid Tower, ATX, Màn hình LCD)",Case - Vỏ máy tính,Jonsbo,1,2290000,2600000,2290000,5,"Sản phẩm cực kỳ chất lượng, đóng gói cẩn thận, giao hàng nhanh."
ORI-003087,ORD-251119-2290,RAM-002,GSKILL-DDR5-32GB-6000,RAM G.Skill Trident Z5 RGB DDR5 32GB (2x16GB) 6000MHz CL30,RAM - Bộ nhớ trong,G.Skill,1,3690000,4200000,3690000,3,Chất lượng sản phẩm ok nhưng tổng đài hỗ trợ kỹ thuật phản hồi hơi chậm.
ORI-003088,ORD-251117-2291,COOL-001,CORSAIR-H150I-ELITE-360MM,Tản nhiệt nước AIO Corsair iCUE H150i Elite LCD 360mm,Tản nhiệt - Cooling,Corsair,1,4490000,5000000,4490000,5,"Rất đáng tiền, chạy mượt mà, chính hãng 100%."
ORI-003089,ORD-260323-2292,PSU-003,COOLERMASTER-V750-GOLD,Nguồn Cooler Master MWE Gold 750W 80 Plus Gold Full Modular,PSU - Nguồn máy tính,Cooler Master,1,2490000,2900000,2490000,5,"Lắp đặt dễ dàng, chạy êm ái và mát mẻ. Shop hỗ trợ nhiệt tình."
ORI-003090,ORD-260225-2293,CPU-002,INTEL-I7-14700K,"CPU Intel Core i7-14700K (3.4GHz Turbo 5.6GHz, 20 nhân 28 luồng)",CPU - Bộ vi xử lý,Intel,1,8490000,9500000,8490000,2,"Giao sai phiên bản màu sắc, đang chờ shop đổi trả."
ORI-003091,ORD-251222-2294,COOL-003,DEEPCOOL-AK620-DIGITAL,"Tản nhiệt khí DeepCool AK620 Digital (Dual Tower, 2x120mm)",Tản nhiệt - Cooling,Deepcool,1,1490000,1800000,1490000,5,"Lắp đặt dễ dàng, chạy êm ái và mát mẻ. Shop hỗ trợ nhiệt tình."
ORI-003092,ORD-251229-2295,PSU-003,COOLERMASTER-V750-GOLD,Nguồn Cooler Master MWE Gold 750W 80 Plus Gold Full Modular,PSU - Nguồn máy tính,Cooler Master,1,2490000,2900000,2490000,5,"Hàng chuẩn GearVN, nguyên seal mới cứng, bảo hành đầy đủ. Vote 5 sao!"
ORI-003093,ORD-250912-2296,MONITOR-002,SAMSUNG-ODYSSEY-G7-32-4K,"Màn hình Samsung Odyssey G7 32"" 4K UHD 144Hz IPS",Màn hình - Monitor,Samsung,1,12990000,15000000,12990000,5,"Sản phẩm cực kỳ chất lượng, đóng gói cẩn thận, giao hàng nhanh."
ORI-003094,ORD-250925-2297,SSD-001,SAMSUNG-980-PRO-2TB,SSD Samsung 980 Pro 2TB NVMe M.2 PCIe Gen4,SSD - Ổ cứng thể rắn,Samsung,1,3490000,3900000,3490000,5,"Rất đáng tiền, chạy mượt mà, chính hãng 100%."
ORI-003095,ORD-251013-2298,MONITOR-001,LG-27GP850P-27-QHD-165HZ,"Màn hình LG UltraGear 27GP850P-B 27"" QHD IPS 165Hz 1ms",Màn hình - Monitor,LG,1,8990000,10500000,8990000,5,"Thiết kế đẹp mắt, hiệu năng vượt trội so với tầm giá. Rất hài lòng!"
ORI-003096,ORD-260116-2299,PSU-002,SEASONIC-FOCUS-GX-850,Nguồn Seasonic Focus GX 850W 80 Plus Gold Full Modular,PSU - Nguồn máy tính,Seasonic,1,3290000,3800000,3290000,5,"Rất đáng tiền, chạy mượt mà, chính hãng 100%."
ORI-003097,ORD-250908-2300,HDD-001,SEAGATE-BARRACUDA-4TB,"Ổ cứng HDD Seagate Barracuda 4TB 3.5"" SATA 5400RPM",HDD - Ổ cứng cơ,Seagate,1,2190000,2500000,2190000,5,"Hàng chuẩn GearVN, nguyên seal mới cứng, bảo hành đầy đủ. Vote 5 sao!"
ORI-003098,ORD-251024-2301,MB-002,MSI-MAG-Z790-TOMAHAWK,"Mainboard MSI MAG Z790 Tomahawk WiFi (LGA 1700, DDR5, ATX)",Mainboard - Bo mạch chủ,MSI,1,6990000,7800000,6990000,5,"Rất đáng tiền, chạy mượt mà, chính hãng 100%."
ORI-003099,ORD-251024-2301,RAM-004,CORSAIR-DDR5-64GB-6400,RAM Corsair Vengeance DDR5 64GB (2x32GB) 6400MHz CL32,RAM - Bộ nhớ trong,Corsair,1,6490000,7500000,6490000,4,"Chất lượng ổn áp, chạy ngon lành, đóng gói kỹ càng."
ORI-003100,ORD-251126-2302,KB-001,CORSAIR-K100-RGB-OPX,Bàn phím cơ Corsair K100 RGB Optical-Mechanical (OPX Switch),Bàn phím - Keyboard,Corsair,1,5490000,6000000,5490000,5,"Rất đáng tiền, chạy mượt mà, chính hãng 100%."
ORI-003101,ORD-250909-2303,CPU-001,INTEL-I9-14900K,"CPU Intel Core i9-14900K (3.2GHz Turbo 6.0GHz, 24 nhân 32 luồng)",CPU - Bộ vi xử lý,Intel,1,12990000,14500000,12990000,4,"Sản phẩm dùng tốt, đúng mô tả, tuy nhiên giao hàng hơi trễ 1 ngày."
ORI-003102,ORD-251119-2304,HEADSET-001,CORSAIR-VIRTUOSO-RGB-XT,Tai nghe gaming Corsair Virtuoso RGB Wireless XT,Tai nghe - Headset,Corsair,1,4290000,5000000,4290000,4,"Chất lượng ổn áp, chạy ngon lành, đóng gói kỹ càng."
ORI-003103,ORD-251119-2304,COOL-003,DEEPCOOL-AK620-DIGITAL,"Tản nhiệt khí DeepCool AK620 Digital (Dual Tower, 2x120mm)",Tản nhiệt - Cooling,Deepcool,1,1490000,1800000,1490000,5,"Thiết kế đẹp mắt, hiệu năng vượt trội so với tầm giá. Rất hài lòng!"
ORI-003104,ORD-251216-2305,MONITOR-001,LG-27GP850P-27-QHD-165HZ,"Màn hình LG UltraGear 27GP850P-B 27"" QHD IPS 165Hz 1ms",Màn hình - Monitor,LG,1,8990000,10500000,8990000,5,"Thiết kế đẹp mắt, hiệu năng vượt trội so với tầm giá. Rất hài lòng!"
ORI-003105,ORD-251123-2306,MB-002,MSI-MAG-Z790-TOMAHAWK,"Mainboard MSI MAG Z790 Tomahawk WiFi (LGA 1700, DDR5, ATX)",Mainboard - Bo mạch chủ,MSI,1,6990000,7800000,6990000,5,"Sản phẩm cực kỳ chất lượng, đóng gói cẩn thận, giao hàng nhanh."
ORI-003106,ORD-260110-2307,MB-002,MSI-MAG-Z790-TOMAHAWK,"Mainboard MSI MAG Z790 Tomahawk WiFi (LGA 1700, DDR5, ATX)",Mainboard - Bo mạch chủ,MSI,1,6990000,7800000,6990000,3,Chất lượng sản phẩm ok nhưng tổng đài hỗ trợ kỹ thuật phản hồi hơi chậm.
ORI-003107,ORD-260110-2307,RAM-001,CORSAIR-DDR5-32GB-6000,RAM Corsair Dominator Titanium DDR5 32GB (2x16GB) 6000MHz,RAM - Bộ nhớ trong,Corsair,1,3990000,4500000,3990000,5,"Thiết kế đẹp mắt, hiệu năng vượt trội so với tầm giá. Rất hài lòng!"
ORI-003108,ORD-250815-2308,HDD-002,WD-RED-PLUS-8TB,"Ổ cứng HDD WD Red Plus 8TB 3.5"" SATA NAS",HDD - Ổ cứng cơ,Western Digital,1,4490000,5200000,4490000,5,"Hàng chuẩn GearVN, nguyên seal mới cứng, bảo hành đầy đủ. Vote 5 sao!"
ORI-003109,ORD-250815-2308,MB-004,ASUS-TUF-B760M-PLUS-WIFI,"Mainboard ASUS TUF Gaming B760M-Plus WiFi (LGA 1700, DDR5, mATX)",Mainboard - Bo mạch chủ,ASUS,1,3990000,4500000,3990000,5,"Rất đáng tiền, chạy mượt mà, chính hãng 100%."
ORI-003110,ORD-250903-2309,RAM-004,CORSAIR-DDR5-64GB-6400,RAM Corsair Vengeance DDR5 64GB (2x32GB) 6400MHz CL32,RAM - Bộ nhớ trong,Corsair,1,6490000,7500000,6490000,5,"Lắp đặt dễ dàng, chạy êm ái và mát mẻ. Shop hỗ trợ nhiệt tình."
ORI-003111,ORD-250903-2309,MONITOR-001,LG-27GP850P-27-QHD-165HZ,"Màn hình LG UltraGear 27GP850P-B 27"" QHD IPS 165Hz 1ms",Màn hình - Monitor,LG,1,8990000,10500000,8990000,5,"Rất đáng tiền, chạy mượt mà, chính hãng 100%."
ORI-003112,ORD-251119-2310,RAM-003,KINGSTON-FURY-DDR4-16GB-3200,RAM Kingston Fury Beast DDR4 16GB (2x8GB) 3200MHz,RAM - Bộ nhớ trong,Kingston,1,1290000,1500000,1290000,1,"Giao hàng quá chậm (mất 7 ngày), hàng móp méo hư hại nghiêm trọng."
ORI-003113,ORD-251119-2310,SSD-001,SAMSUNG-980-PRO-2TB,SSD Samsung 980 Pro 2TB NVMe M.2 PCIe Gen4,SSD - Ổ cứng thể rắn,Samsung,1,3490000,3900000,3490000,5,"Hàng chuẩn GearVN, nguyên seal mới cứng, bảo hành đầy đủ. Vote 5 sao!"
ORI-003114,ORD-250910-2311,GPU-002,MSI-RTX4080-SUPER-16G,VGA MSI GeForce RTX 4080 Super 16GB Gaming X Slim,VGA - Card màn hình,MSI,1,26990000,30000000,26990000,5,"Rất đáng tiền, chạy mượt mà, chính hãng 100%."
ORI-003115,ORD-250910-2311,MOUSE-002,RAZER-DEATHADDER-V3-HTE,Chuột gaming Razer DeathAdder V3 HyperSpeed (Không dây),Chuột - Mouse,Razer,1,1890000,2200000,1890000,5,"Rất đáng tiền, chạy mượt mà, chính hãng 100%."
ORI-003116,ORD-251030-2312,MB-004,ASUS-TUF-B760M-PLUS-WIFI,"Mainboard ASUS TUF Gaming B760M-Plus WiFi (LGA 1700, DDR5, mATX)",Mainboard - Bo mạch chủ,ASUS,1,3990000,4500000,3990000,5,"Sản phẩm cực kỳ chất lượng, đóng gói cẩn thận, giao hàng nhanh."
ORI-003117,ORD-260202-2313,CPU-004,AMD-R9-7950X,"CPU AMD Ryzen 9 7950X (4.5GHz Turbo 5.7GHz, 16 nhân 32 luồng)",CPU - Bộ vi xử lý,AMD,1,13490000,15000000,13490000,5,"Rất đáng tiền, chạy mượt mà, chính hãng 100%."
ORI-003118,ORD-251122-2314,RAM-003,KINGSTON-FURY-DDR4-16GB-3200,RAM Kingston Fury Beast DDR4 16GB (2x8GB) 3200MHz,RAM - Bộ nhớ trong,Kingston,1,1290000,1500000,1290000,5,"Thiết kế đẹp mắt, hiệu năng vượt trội so với tầm giá. Rất hài lòng!"
ORI-003119,ORD-251122-2314,MONITOR-001,LG-27GP850P-27-QHD-165HZ,"Màn hình LG UltraGear 27GP850P-B 27"" QHD IPS 165Hz 1ms",Màn hình - Monitor,LG,1,8990000,10500000,8990000,5,"Sản phẩm cực kỳ chất lượng, đóng gói cẩn thận, giao hàng nhanh."
ORI-003120,ORD-250811-2315,MOUSE-002,RAZER-DEATHADDER-V3-HTE,Chuột gaming Razer DeathAdder V3 HyperSpeed (Không dây),Chuột - Mouse,Razer,1,1890000,2200000,1890000,5,"Hàng chuẩn GearVN, nguyên seal mới cứng, bảo hành đầy đủ. Vote 5 sao!"
ORI-003121,ORD-250812-2316,CASE-001,LIANLI-PC-O11D-EVO,"Vỏ Case Lian Li PC-O11 Dynamic Evo (Mid Tower, ATX)",Case - Vỏ máy tính,Lian Li,1,3490000,3900000,3490000,5,"Hàng chuẩn GearVN, nguyên seal mới cứng, bảo hành đầy đủ. Vote 5 sao!"
ORI-003122,ORD-250812-2316,CHAIR-001,SECRETLAB-TITAN-EVO-2022,"Ghế gaming Secretlab Titan Evo 2022 (SoftWeave Plus, Medium)",Ghế gaming - Gaming Chair,Secretlab,1,12990000,14500000,12990000,5,"Sản phẩm cực kỳ chất lượng, đóng gói cẩn thận, giao hàng nhanh."
ORI-003123,ORD-250811-2317,SSD-004,CRUCIAL-P5-PLUS-500GB,SSD Crucial P5 Plus 500GB NVMe M.2 PCIe Gen4,SSD - Ổ cứng thể rắn,Crucial,1,990000,1200000,990000,4,"Sản phẩm tốt, nhân viên tư vấn nhiệt tình, sẽ tiếp tục ủng hộ."
ORI-003124,ORD-250930-2318,CPU-006,INTEL-I3-14100F,"CPU Intel Core i3-14100F (3.5GHz Turbo 4.7GHz, 4 nhân 8 luồng)",CPU - Bộ vi xử lý,Intel,1,2490000,2800000,2490000,5,"Hàng chuẩn GearVN, nguyên seal mới cứng, bảo hành đầy đủ. Vote 5 sao!"
ORI-003125,ORD-251128-2319,CPU-002,INTEL-I7-14700K,"CPU Intel Core i7-14700K (3.4GHz Turbo 5.6GHz, 20 nhân 28 luồng)",CPU - Bộ vi xử lý,Intel,1,8490000,9500000,8490000,5,"Lắp đặt dễ dàng, chạy êm ái và mát mẻ. Shop hỗ trợ nhiệt tình."
ORI-003126,ORD-260106-2320,COOL-001,CORSAIR-H150I-ELITE-360MM,Tản nhiệt nước AIO Corsair iCUE H150i Elite LCD 360mm,Tản nhiệt - Cooling,Corsair,1,4490000,5000000,4490000,,
ORI-003127,ORD-250912-2321,CASE-002,JONSBO-D41-MESH,"Vỏ Case Jonsbo D41 Mesh Screen (Mid Tower, ATX, Màn hình LCD)",Case - Vỏ máy tính,Jonsbo,1,2290000,2600000,2290000,4,"Thiết kế đẹp, chạy mát, dịch vụ chăm sóc khách hàng khá tốt."
ORI-003128,ORD-250912-2321,SSD-004,CRUCIAL-P5-PLUS-500GB,SSD Crucial P5 Plus 500GB NVMe M.2 PCIe Gen4,SSD - Ổ cứng thể rắn,Crucial,1,990000,1200000,990000,5,"Thiết kế đẹp mắt, hiệu năng vượt trội so với tầm giá. Rất hài lòng!"
ORI-003129,ORD-260617-2322,SSD-004,CRUCIAL-P5-PLUS-500GB,SSD Crucial P5 Plus 500GB NVMe M.2 PCIe Gen4,SSD - Ổ cứng thể rắn,Crucial,1,990000,1200000,990000,,
ORI-003130,ORD-251114-2323,PSU-001,CORSAIR-HX1000I-1000W,Nguồn Corsair HX1000i 1000W 80 Plus Platinum Full Modular,PSU - Nguồn máy tính,Corsair,1,4990000,5500000,4990000,3,"Sản phẩm bình thường, không quá nổi bật, dịch vụ giao hàng ở mức trung bình."
ORI-003131,ORD-251106-2324,CPU-004,AMD-R9-7950X,"CPU AMD Ryzen 9 7950X (4.5GHz Turbo 5.7GHz, 16 nhân 32 luồng)",CPU - Bộ vi xử lý,AMD,1,13490000,15000000,13490000,5,"Sản phẩm cực kỳ chất lượng, đóng gói cẩn thận, giao hàng nhanh."
ORI-003132,ORD-251106-2324,CPU-003,INTEL-I5-14600K,"CPU Intel Core i5-14600K (3.5GHz Turbo 5.3GHz, 14 nhân 20 luồng)",CPU - Bộ vi xử lý,Intel,1,5490000,6200000,5490000,5,"Thiết kế đẹp mắt, hiệu năng vượt trội so với tầm giá. Rất hài lòng!"
ORI-003133,ORD-260412-2325,MB-004,ASUS-TUF-B760M-PLUS-WIFI,"Mainboard ASUS TUF Gaming B760M-Plus WiFi (LGA 1700, DDR5, mATX)",Mainboard - Bo mạch chủ,ASUS,1,3990000,4500000,3990000,4,"Sản phẩm tốt, nhân viên tư vấn nhiệt tình, sẽ tiếp tục ủng hộ."
ORI-003134,ORD-260412-2325,HDD-001,SEAGATE-BARRACUDA-4TB,"Ổ cứng HDD Seagate Barracuda 4TB 3.5"" SATA 5400RPM",HDD - Ổ cứng cơ,Seagate,1,2190000,2500000,2190000,4,"Hiệu năng tốt trong tầm giá, dùng mượt mà không lỗi lầm gì."
ORI-003135,ORD-251101-2326,CASE-001,LIANLI-PC-O11D-EVO,"Vỏ Case Lian Li PC-O11 Dynamic Evo (Mid Tower, ATX)",Case - Vỏ máy tính,Lian Li,1,3490000,3900000,3490000,4,"Thiết kế đẹp, chạy mát, dịch vụ chăm sóc khách hàng khá tốt."
ORI-003136,ORD-260112-2327,CPU-004,AMD-R9-7950X,"CPU AMD Ryzen 9 7950X (4.5GHz Turbo 5.7GHz, 16 nhân 32 luồng)",CPU - Bộ vi xử lý,AMD,1,13490000,15000000,13490000,5,"Hàng chuẩn GearVN, nguyên seal mới cứng, bảo hành đầy đủ. Vote 5 sao!"
ORI-003137,ORD-260112-2327,GPU-001,ASUS-ROG-RTX4090-24G,VGA ASUS ROG Strix GeForce RTX 4090 24GB GDDR6X OC,VGA - Card màn hình,ASUS,1,52990000,58000000,52990000,5,"Rất đáng tiền, chạy mượt mà, chính hãng 100%."
ORI-003138,ORD-260204-2328,MB-003,GIGABYTE-X670E-AORUS-MASTER,"Mainboard GIGABYTE X670E AORUS Master (AM5, DDR5, ATX)",Mainboard - Bo mạch chủ,GIGABYTE,1,11490000,13000000,11490000,5,"Rất đáng tiền, chạy mượt mà, chính hãng 100%."
ORI-003139,ORD-251230-2329,MB-003,GIGABYTE-X670E-AORUS-MASTER,"Mainboard GIGABYTE X670E AORUS Master (AM5, DDR5, ATX)",Mainboard - Bo mạch chủ,GIGABYTE,1,11490000,13000000,11490000,5,"Rất đáng tiền, chạy mượt mà, chính hãng 100%."
ORI-003140,ORD-250714-2330,RAM-004,CORSAIR-DDR5-64GB-6400,RAM Corsair Vengeance DDR5 64GB (2x32GB) 6400MHz CL32,RAM - Bộ nhớ trong,Corsair,1,6490000,7500000,6490000,5,"Sản phẩm cực kỳ chất lượng, đóng gói cẩn thận, giao hàng nhanh."
ORI-003141,ORD-250714-2330,COOL-003,DEEPCOOL-AK620-DIGITAL,"Tản nhiệt khí DeepCool AK620 Digital (Dual Tower, 2x120mm)",Tản nhiệt - Cooling,Deepcool,1,1490000,1800000,1490000,4,"Hiệu năng tốt trong tầm giá, dùng mượt mà không lỗi lầm gì."
ORI-003142,ORD-260312-2331,FAN-002,NOCTUA-NF-A12X25-PWM,Fan Case Noctua NF-A12x25 PWM 120mm (Hiệu suất cao),Fan - Quạt tản nhiệt,Noctua,1,990000,1200000,990000,5,"Thiết kế đẹp mắt, hiệu năng vượt trội so với tầm giá. Rất hài lòng!"
ORI-003143,ORD-260114-2332,FAN-001,LIANLI-UNI-FAN-AL120-3PACK,"Fan Case Lian Li UNI FAN AL120 RGB (3-Pack, Daisy-chain)",Fan - Quạt tản nhiệt,Lian Li,1,1490000,1800000,1490000,4,"Hiệu năng tốt trong tầm giá, dùng mượt mà không lỗi lầm gì."
ORI-003144,ORD-260109-2333,RAM-004,CORSAIR-DDR5-64GB-6400,RAM Corsair Vengeance DDR5 64GB (2x32GB) 6400MHz CL32,RAM - Bộ nhớ trong,Corsair,1,6490000,7500000,6490000,5,"Sản phẩm cực kỳ chất lượng, đóng gói cẩn thận, giao hàng nhanh."
ORI-003145,ORD-260109-2333,KB-001,CORSAIR-K100-RGB-OPX,Bàn phím cơ Corsair K100 RGB Optical-Mechanical (OPX Switch),Bàn phím - Keyboard,Corsair,1,5490000,6000000,5490000,4,"Chất lượng ổn áp, chạy ngon lành, đóng gói kỹ càng."
ORI-003146,ORD-260517-2334,PSU-002,SEASONIC-FOCUS-GX-850,Nguồn Seasonic Focus GX 850W 80 Plus Gold Full Modular,PSU - Nguồn máy tính,Seasonic,1,3290000,3800000,3290000,5,"Lắp đặt dễ dàng, chạy êm ái và mát mẻ. Shop hỗ trợ nhiệt tình."
ORI-003147,ORD-250830-2335,FAN-002,NOCTUA-NF-A12X25-PWM,Fan Case Noctua NF-A12x25 PWM 120mm (Hiệu suất cao),Fan - Quạt tản nhiệt,Noctua,1,990000,1200000,990000,5,"Hàng chuẩn GearVN, nguyên seal mới cứng, bảo hành đầy đủ. Vote 5 sao!"
ORI-003148,ORD-250701-2336,SSD-001,SAMSUNG-980-PRO-2TB,SSD Samsung 980 Pro 2TB NVMe M.2 PCIe Gen4,SSD - Ổ cứng thể rắn,Samsung,1,3490000,3900000,3490000,5,"Rất đáng tiền, chạy mượt mà, chính hãng 100%."
ORI-003149,ORD-250701-2336,SSD-002,WD-BLACK-SN850X-1TB,SSD WD Black SN850X 1TB NVMe M.2 PCIe Gen4,SSD - Ổ cứng thể rắn,Western Digital,1,2190000,2500000,2190000,5,"Thiết kế đẹp mắt, hiệu năng vượt trội so với tầm giá. Rất hài lòng!"
ORI-003150,ORD-251007-2337,SSD-003,KINGSTON-KC3000-1TB,SSD Kingston KC3000 1TB NVMe M.2 PCIe Gen4,SSD - Ổ cứng thể rắn,Kingston,1,1890000,2200000,1890000,5,"Lắp đặt dễ dàng, chạy êm ái và mát mẻ. Shop hỗ trợ nhiệt tình."
ORI-003151,ORD-260522-2338,RAM-001,CORSAIR-DDR5-32GB-6000,RAM Corsair Dominator Titanium DDR5 32GB (2x16GB) 6000MHz,RAM - Bộ nhớ trong,Corsair,1,3990000,4500000,3990000,5,"Thiết kế đẹp mắt, hiệu năng vượt trội so với tầm giá. Rất hài lòng!"
ORI-003152,ORD-260305-2339,MONITOR-001,LG-27GP850P-27-QHD-165HZ,"Màn hình LG UltraGear 27GP850P-B 27"" QHD IPS 165Hz 1ms",Màn hình - Monitor,LG,1,8990000,10500000,8990000,,
ORI-003153,ORD-250728-2340,RAM-003,KINGSTON-FURY-DDR4-16GB-3200,RAM Kingston Fury Beast DDR4 16GB (2x8GB) 3200MHz,RAM - Bộ nhớ trong,Kingston,1,1290000,1500000,1290000,2,"Sản phẩm có dấu hiệu trầy xước nhẹ, giao hàng chậm, đóng gói sơ sài."
ORI-003154,ORD-250728-2340,CASE-002,JONSBO-D41-MESH,"Vỏ Case Jonsbo D41 Mesh Screen (Mid Tower, ATX, Màn hình LCD)",Case - Vỏ máy tính,Jonsbo,1,2290000,2600000,2290000,3,"Dùng tạm ổn, nhưng vỏ hộp hơi móp méo khi vận chuyển."
ORI-003155,ORD-250712-2341,PSU-002,SEASONIC-FOCUS-GX-850,Nguồn Seasonic Focus GX 850W 80 Plus Gold Full Modular,PSU - Nguồn máy tính,Seasonic,1,3290000,3800000,3290000,5,"Lắp đặt dễ dàng, chạy êm ái và mát mẻ. Shop hỗ trợ nhiệt tình."
ORI-003156,ORD-260325-2342,CPU-003,INTEL-I5-14600K,"CPU Intel Core i5-14600K (3.5GHz Turbo 5.3GHz, 14 nhân 20 luồng)",CPU - Bộ vi xử lý,Intel,1,5490000,6200000,5490000,5,"Thiết kế đẹp mắt, hiệu năng vượt trội so với tầm giá. Rất hài lòng!"
ORI-003157,ORD-250730-2343,COOL-002,THERMALRIGHT-PHANTOM-SPIRIT-120,Tản nhiệt khí Thermalright Phantom Spirit 120 SE ARGB,Tản nhiệt - Cooling,Thermalright,1,990000,1200000,990000,2,"Hiệu năng không đúng như quảng cáo, hay bị sụt nguồn đột ngột."
ORI-003158,ORD-250730-2343,KB-001,CORSAIR-K100-RGB-OPX,Bàn phím cơ Corsair K100 RGB Optical-Mechanical (OPX Switch),Bàn phím - Keyboard,Corsair,1,5490000,6000000,5490000,5,"Thiết kế đẹp mắt, hiệu năng vượt trội so với tầm giá. Rất hài lòng!"
ORI-003159,ORD-250908-2344,MB-004,ASUS-TUF-B760M-PLUS-WIFI,"Mainboard ASUS TUF Gaming B760M-Plus WiFi (LGA 1700, DDR5, mATX)",Mainboard - Bo mạch chủ,ASUS,1,3990000,4500000,3990000,4,"Hiệu năng tốt trong tầm giá, dùng mượt mà không lỗi lầm gì."
ORI-003160,ORD-251203-2345,COOL-002,THERMALRIGHT-PHANTOM-SPIRIT-120,Tản nhiệt khí Thermalright Phantom Spirit 120 SE ARGB,Tản nhiệt - Cooling,Thermalright,1,990000,1200000,990000,4,"Thiết kế đẹp, chạy mát, dịch vụ chăm sóc khách hàng khá tốt."
ORI-003161,ORD-251203-2345,CPU-002,INTEL-I7-14700K,"CPU Intel Core i7-14700K (3.4GHz Turbo 5.6GHz, 20 nhân 28 luồng)",CPU - Bộ vi xử lý,Intel,1,8490000,9500000,8490000,4,"Sản phẩm tốt, nhân viên tư vấn nhiệt tình, sẽ tiếp tục ủng hộ."
ORI-003162,ORD-250810-2346,MONITOR-002,SAMSUNG-ODYSSEY-G7-32-4K,"Màn hình Samsung Odyssey G7 32"" 4K UHD 144Hz IPS",Màn hình - Monitor,Samsung,1,12990000,15000000,12990000,5,"Sản phẩm cực kỳ chất lượng, đóng gói cẩn thận, giao hàng nhanh."
ORI-003163,ORD-250810-2346,CPU-006,INTEL-I3-14100F,"CPU Intel Core i3-14100F (3.5GHz Turbo 4.7GHz, 4 nhân 8 luồng)",CPU - Bộ vi xử lý,Intel,1,2490000,2800000,2490000,5,"Sản phẩm cực kỳ chất lượng, đóng gói cẩn thận, giao hàng nhanh."
ORI-003164,ORD-251127-2347,KB-002,RAZER-BLACKWIDOW-V4-75,Bàn phím cơ Razer BlackWidow V4 75% (Razer Yellow Switch),Bàn phím - Keyboard,Razer,1,3290000,3800000,3290000,5,"Sản phẩm cực kỳ chất lượng, đóng gói cẩn thận, giao hàng nhanh."
ORI-003165,ORD-251127-2347,MB-004,ASUS-TUF-B760M-PLUS-WIFI,"Mainboard ASUS TUF Gaming B760M-Plus WiFi (LGA 1700, DDR5, mATX)",Mainboard - Bo mạch chủ,ASUS,1,3990000,4500000,3990000,4,"Chất lượng ổn áp, chạy ngon lành, đóng gói kỹ càng."
ORI-003166,ORD-260425-2348,SSD-003,KINGSTON-KC3000-1TB,SSD Kingston KC3000 1TB NVMe M.2 PCIe Gen4,SSD - Ổ cứng thể rắn,Kingston,1,1890000,2200000,1890000,5,"Thiết kế đẹp mắt, hiệu năng vượt trội so với tầm giá. Rất hài lòng!"
ORI-003167,ORD-250819-2349,RAM-001,CORSAIR-DDR5-32GB-6000,RAM Corsair Dominator Titanium DDR5 32GB (2x16GB) 6000MHz,RAM - Bộ nhớ trong,Corsair,1,3990000,4500000,3990000,5,"Rất đáng tiền, chạy mượt mà, chính hãng 100%."
ORI-003168,ORD-250819-2349,CPU-004,AMD-R9-7950X,"CPU AMD Ryzen 9 7950X (4.5GHz Turbo 5.7GHz, 16 nhân 32 luồng)",CPU - Bộ vi xử lý,AMD,1,13490000,15000000,13490000,5,"Rất đáng tiền, chạy mượt mà, chính hãng 100%."
ORI-003169,ORD-251230-2350,HDD-002,WD-RED-PLUS-8TB,"Ổ cứng HDD WD Red Plus 8TB 3.5"" SATA NAS",HDD - Ổ cứng cơ,Western Digital,1,4490000,5200000,4490000,5,"Lắp đặt dễ dàng, chạy êm ái và mát mẻ. Shop hỗ trợ nhiệt tình."
ORI-003170,ORD-251230-2350,KB-001,CORSAIR-K100-RGB-OPX,Bàn phím cơ Corsair K100 RGB Optical-Mechanical (OPX Switch),Bàn phím - Keyboard,Corsair,1,5490000,6000000,5490000,5,"Hàng chuẩn GearVN, nguyên seal mới cứng, bảo hành đầy đủ. Vote 5 sao!"
ORI-003171,ORD-251216-2351,SSD-004,CRUCIAL-P5-PLUS-500GB,SSD Crucial P5 Plus 500GB NVMe M.2 PCIe Gen4,SSD - Ổ cứng thể rắn,Crucial,1,990000,1200000,990000,5,"Lắp đặt dễ dàng, chạy êm ái và mát mẻ. Shop hỗ trợ nhiệt tình."
ORI-003172,ORD-251230-2352,GPU-002,MSI-RTX4080-SUPER-16G,VGA MSI GeForce RTX 4080 Super 16GB Gaming X Slim,VGA - Card màn hình,MSI,1,26990000,30000000,26990000,4,"Chất lượng ổn áp, chạy ngon lành, đóng gói kỹ càng."
ORI-003173,ORD-251230-2352,KB-002,RAZER-BLACKWIDOW-V4-75,Bàn phím cơ Razer BlackWidow V4 75% (Razer Yellow Switch),Bàn phím - Keyboard,Razer,1,3290000,3800000,3290000,5,"Rất đáng tiền, chạy mượt mà, chính hãng 100%."
ORI-003174,ORD-260117-2353,RAM-003,KINGSTON-FURY-DDR4-16GB-3200,RAM Kingston Fury Beast DDR4 16GB (2x8GB) 3200MHz,RAM - Bộ nhớ trong,Kingston,1,1290000,1500000,1290000,4,"Sản phẩm dùng tốt, đúng mô tả, tuy nhiên giao hàng hơi trễ 1 ngày."
ORI-003175,ORD-260104-2354,RAM-002,GSKILL-DDR5-32GB-6000,RAM G.Skill Trident Z5 RGB DDR5 32GB (2x16GB) 6000MHz CL30,RAM - Bộ nhớ trong,G.Skill,1,3690000,4200000,3690000,5,"Thiết kế đẹp mắt, hiệu năng vượt trội so với tầm giá. Rất hài lòng!"
ORI-003176,ORD-260512-2355,SSD-002,WD-BLACK-SN850X-1TB,SSD WD Black SN850X 1TB NVMe M.2 PCIe Gen4,SSD - Ổ cứng thể rắn,Western Digital,1,2190000,2500000,2190000,5,"Hàng chuẩn GearVN, nguyên seal mới cứng, bảo hành đầy đủ. Vote 5 sao!"
ORI-003177,ORD-260602-2356,SSD-004,CRUCIAL-P5-PLUS-500GB,SSD Crucial P5 Plus 500GB NVMe M.2 PCIe Gen4,SSD - Ổ cứng thể rắn,Crucial,1,990000,1200000,990000,4,"Chất lượng ổn áp, chạy ngon lành, đóng gói kỹ càng."
ORI-003178,ORD-250925-2357,RAM-004,CORSAIR-DDR5-64GB-6400,RAM Corsair Vengeance DDR5 64GB (2x32GB) 6400MHz CL32,RAM - Bộ nhớ trong,Corsair,1,6490000,7500000,6490000,5,"Hàng chuẩn GearVN, nguyên seal mới cứng, bảo hành đầy đủ. Vote 5 sao!"
ORI-003179,ORD-260317-2358,GPU-002,MSI-RTX4080-SUPER-16G,VGA MSI GeForce RTX 4080 Super 16GB Gaming X Slim,VGA - Card màn hình,MSI,1,26990000,30000000,26990000,5,"Thiết kế đẹp mắt, hiệu năng vượt trội so với tầm giá. Rất hài lòng!"
ORI-003180,ORD-260317-2358,CPU-001,INTEL-I9-14900K,"CPU Intel Core i9-14900K (3.2GHz Turbo 6.0GHz, 24 nhân 32 luồng)",CPU - Bộ vi xử lý,Intel,1,12990000,14500000,12990000,5,"Thiết kế đẹp mắt, hiệu năng vượt trội so với tầm giá. Rất hài lòng!"
ORI-003181,ORD-251222-2359,COOL-002,THERMALRIGHT-PHANTOM-SPIRIT-120,Tản nhiệt khí Thermalright Phantom Spirit 120 SE ARGB,Tản nhiệt - Cooling,Thermalright,1,990000,1200000,990000,5,"Rất đáng tiền, chạy mượt mà, chính hãng 100%."
ORI-003182,ORD-251222-2359,SSD-004,CRUCIAL-P5-PLUS-500GB,SSD Crucial P5 Plus 500GB NVMe M.2 PCIe Gen4,SSD - Ổ cứng thể rắn,Crucial,1,990000,1200000,990000,5,"Sản phẩm cực kỳ chất lượng, đóng gói cẩn thận, giao hàng nhanh."
ORI-003183,ORD-260323-2360,COOL-003,DEEPCOOL-AK620-DIGITAL,"Tản nhiệt khí DeepCool AK620 Digital (Dual Tower, 2x120mm)",Tản nhiệt - Cooling,Deepcool,1,1490000,1800000,1490000,5,"Thiết kế đẹp mắt, hiệu năng vượt trội so với tầm giá. Rất hài lòng!"
ORI-003184,ORD-251121-2361,MOUSE-001,LOGITECH-G-PRO-X-SUPERLIGHT2,"Chuột gaming Logitech G Pro X Superlight 2 (Không dây, 32000 DPI)",Chuột - Mouse,Logitech,1,3390000,3800000,3390000,5,"Lắp đặt dễ dàng, chạy êm ái và mát mẻ. Shop hỗ trợ nhiệt tình."
ORI-003185,ORD-251015-2362,PSU-001,CORSAIR-HX1000I-1000W,Nguồn Corsair HX1000i 1000W 80 Plus Platinum Full Modular,PSU - Nguồn máy tính,Corsair,1,4990000,5500000,4990000,5,"Rất đáng tiền, chạy mượt mà, chính hãng 100%."
ORI-003186,ORD-251015-2362,CASE-001,LIANLI-PC-O11D-EVO,"Vỏ Case Lian Li PC-O11 Dynamic Evo (Mid Tower, ATX)",Case - Vỏ máy tính,Lian Li,1,3490000,3900000,3490000,5,"Lắp đặt dễ dàng, chạy êm ái và mát mẻ. Shop hỗ trợ nhiệt tình."
ORI-003187,ORD-260516-2363,HDD-001,SEAGATE-BARRACUDA-4TB,"Ổ cứng HDD Seagate Barracuda 4TB 3.5"" SATA 5400RPM",HDD - Ổ cứng cơ,Seagate,1,2190000,2500000,2190000,5,"Thiết kế đẹp mắt, hiệu năng vượt trội so với tầm giá. Rất hài lòng!"
ORI-003188,ORD-251121-2364,COOL-002,THERMALRIGHT-PHANTOM-SPIRIT-120,Tản nhiệt khí Thermalright Phantom Spirit 120 SE ARGB,Tản nhiệt - Cooling,Thermalright,1,990000,1200000,990000,5,"Lắp đặt dễ dàng, chạy êm ái và mát mẻ. Shop hỗ trợ nhiệt tình."
ORI-003189,ORD-250823-2365,PSU-001,CORSAIR-HX1000I-1000W,Nguồn Corsair HX1000i 1000W 80 Plus Platinum Full Modular,PSU - Nguồn máy tính,Corsair,1,4990000,5500000,4990000,1,"Giao hàng quá chậm (mất 7 ngày), hàng móp méo hư hại nghiêm trọng."
ORI-003190,ORD-260601-2366,COOL-002,THERMALRIGHT-PHANTOM-SPIRIT-120,Tản nhiệt khí Thermalright Phantom Spirit 120 SE ARGB,Tản nhiệt - Cooling,Thermalright,1,990000,1200000,990000,5,"Thiết kế đẹp mắt, hiệu năng vượt trội so với tầm giá. Rất hài lòng!"
ORI-003191,ORD-250823-2367,CPU-004,AMD-R9-7950X,"CPU AMD Ryzen 9 7950X (4.5GHz Turbo 5.7GHz, 16 nhân 32 luồng)",CPU - Bộ vi xử lý,AMD,1,13490000,15000000,13490000,,
ORI-003192,ORD-250823-2367,COOL-003,DEEPCOOL-AK620-DIGITAL,"Tản nhiệt khí DeepCool AK620 Digital (Dual Tower, 2x120mm)",Tản nhiệt - Cooling,Deepcool,1,1490000,1800000,1490000,,
ORI-003193,ORD-260125-2368,SSD-002,WD-BLACK-SN850X-1TB,SSD WD Black SN850X 1TB NVMe M.2 PCIe Gen4,SSD - Ổ cứng thể rắn,Western Digital,1,2190000,2500000,2190000,5,"Thiết kế đẹp mắt, hiệu năng vượt trội so với tầm giá. Rất hài lòng!"
ORI-003194,ORD-260125-2368,MB-001,ASUS-ROG-MAXIMUS-Z790,"Mainboard ASUS ROG Maximus Z790 Hero (LGA 1700, DDR5, ATX)",Mainboard - Bo mạch chủ,ASUS,1,15990000,18000000,15990000,5,"Sản phẩm cực kỳ chất lượng, đóng gói cẩn thận, giao hàng nhanh."
ORI-003195,ORD-260505-2369,MONITOR-001,LG-27GP850P-27-QHD-165HZ,"Màn hình LG UltraGear 27GP850P-B 27"" QHD IPS 165Hz 1ms",Màn hình - Monitor,LG,1,8990000,10500000,8990000,5,"Rất đáng tiền, chạy mượt mà, chính hãng 100%."
ORI-003196,ORD-260505-2369,KB-001,CORSAIR-K100-RGB-OPX,Bàn phím cơ Corsair K100 RGB Optical-Mechanical (OPX Switch),Bàn phím - Keyboard,Corsair,1,5490000,6000000,5490000,5,"Sản phẩm cực kỳ chất lượng, đóng gói cẩn thận, giao hàng nhanh."
ORI-003197,ORD-251125-2370,MOUSE-002,RAZER-DEATHADDER-V3-HTE,Chuột gaming Razer DeathAdder V3 HyperSpeed (Không dây),Chuột - Mouse,Razer,1,1890000,2200000,1890000,5,"Thiết kế đẹp mắt, hiệu năng vượt trội so với tầm giá. Rất hài lòng!"
ORI-003198,ORD-251125-2370,HDD-001,SEAGATE-BARRACUDA-4TB,"Ổ cứng HDD Seagate Barracuda 4TB 3.5"" SATA 5400RPM",HDD - Ổ cứng cơ,Seagate,1,2190000,2500000,2190000,5,"Sản phẩm cực kỳ chất lượng, đóng gói cẩn thận, giao hàng nhanh."
ORI-003199,ORD-260208-2371,MONITOR-002,SAMSUNG-ODYSSEY-G7-32-4K,"Màn hình Samsung Odyssey G7 32"" 4K UHD 144Hz IPS",Màn hình - Monitor,Samsung,1,12990000,15000000,12990000,2,"Hiệu năng không đúng như quảng cáo, hay bị sụt nguồn đột ngột."
ORI-003200,ORD-260208-2371,MB-002,MSI-MAG-Z790-TOMAHAWK,"Mainboard MSI MAG Z790 Tomahawk WiFi (LGA 1700, DDR5, ATX)",Mainboard - Bo mạch chủ,MSI,1,6990000,7800000,6990000,5,"Thiết kế đẹp mắt, hiệu năng vượt trội so với tầm giá. Rất hài lòng!"
ORI-003201,ORD-260301-2372,GPU-001,ASUS-ROG-RTX4090-24G,VGA ASUS ROG Strix GeForce RTX 4090 24GB GDDR6X OC,VGA - Card màn hình,ASUS,1,52990000,58000000,52990000,1,"Hàng cũ đóng lại seal, chạy lỗi liên tục, bảo hành rất phiền phức. Không nên mua."
ORI-003202,ORD-260321-2373,RAM-004,CORSAIR-DDR5-64GB-6400,RAM Corsair Vengeance DDR5 64GB (2x32GB) 6400MHz CL32,RAM - Bộ nhớ trong,Corsair,1,6490000,7500000,6490000,5,"Sản phẩm cực kỳ chất lượng, đóng gói cẩn thận, giao hàng nhanh."
ORI-003203,ORD-250825-2374,CPU-006,INTEL-I3-14100F,"CPU Intel Core i3-14100F (3.5GHz Turbo 4.7GHz, 4 nhân 8 luồng)",CPU - Bộ vi xử lý,Intel,1,2490000,2800000,2490000,5,"Hàng chuẩn GearVN, nguyên seal mới cứng, bảo hành đầy đủ. Vote 5 sao!"
ORI-003204,ORD-250825-2374,MB-002,MSI-MAG-Z790-TOMAHAWK,"Mainboard MSI MAG Z790 Tomahawk WiFi (LGA 1700, DDR5, ATX)",Mainboard - Bo mạch chủ,MSI,1,6990000,7800000,6990000,5,"Hàng chuẩn GearVN, nguyên seal mới cứng, bảo hành đầy đủ. Vote 5 sao!"
ORI-003205,ORD-250622-2375,GPU-001,ASUS-ROG-RTX4090-24G,VGA ASUS ROG Strix GeForce RTX 4090 24GB GDDR6X OC,VGA - Card màn hình,ASUS,1,52990000,58000000,52990000,5,"Thiết kế đẹp mắt, hiệu năng vượt trội so với tầm giá. Rất hài lòng!"
ORI-003206,ORD-260204-2376,MONITOR-002,SAMSUNG-ODYSSEY-G7-32-4K,"Màn hình Samsung Odyssey G7 32"" 4K UHD 144Hz IPS",Màn hình - Monitor,Samsung,1,12990000,15000000,12990000,4,"Hiệu năng tốt trong tầm giá, dùng mượt mà không lỗi lầm gì."
ORI-003207,ORD-260204-2376,KB-002,RAZER-BLACKWIDOW-V4-75,Bàn phím cơ Razer BlackWidow V4 75% (Razer Yellow Switch),Bàn phím - Keyboard,Razer,1,3290000,3800000,3290000,3,"Dùng tạm ổn, nhưng vỏ hộp hơi móp méo khi vận chuyển."
ORI-003208,ORD-260508-2377,RAM-001,CORSAIR-DDR5-32GB-6000,RAM Corsair Dominator Titanium DDR5 32GB (2x16GB) 6000MHz,RAM - Bộ nhớ trong,Corsair,1,3990000,4500000,3990000,5,"Lắp đặt dễ dàng, chạy êm ái và mát mẻ. Shop hỗ trợ nhiệt tình."
ORI-003209,ORD-250807-2378,HDD-002,WD-RED-PLUS-8TB,"Ổ cứng HDD WD Red Plus 8TB 3.5"" SATA NAS",HDD - Ổ cứng cơ,Western Digital,1,4490000,5200000,4490000,5,"Rất đáng tiền, chạy mượt mà, chính hãng 100%."
ORI-003210,ORD-251218-2379,MB-002,MSI-MAG-Z790-TOMAHAWK,"Mainboard MSI MAG Z790 Tomahawk WiFi (LGA 1700, DDR5, ATX)",Mainboard - Bo mạch chủ,MSI,1,6990000,7800000,6990000,4,"Hiệu năng tốt trong tầm giá, dùng mượt mà không lỗi lầm gì."
ORI-003211,ORD-251218-2379,COOL-001,CORSAIR-H150I-ELITE-360MM,Tản nhiệt nước AIO Corsair iCUE H150i Elite LCD 360mm,Tản nhiệt - Cooling,Corsair,1,4490000,5000000,4490000,5,"Lắp đặt dễ dàng, chạy êm ái và mát mẻ. Shop hỗ trợ nhiệt tình."
ORI-003212,ORD-260328-2380,MB-003,GIGABYTE-X670E-AORUS-MASTER,"Mainboard GIGABYTE X670E AORUS Master (AM5, DDR5, ATX)",Mainboard - Bo mạch chủ,GIGABYTE,1,11490000,13000000,11490000,3,Chất lượng sản phẩm ok nhưng tổng đài hỗ trợ kỹ thuật phản hồi hơi chậm.
ORI-003213,ORD-250823-2381,SSD-003,KINGSTON-KC3000-1TB,SSD Kingston KC3000 1TB NVMe M.2 PCIe Gen4,SSD - Ổ cứng thể rắn,Kingston,1,1890000,2200000,1890000,5,"Lắp đặt dễ dàng, chạy êm ái và mát mẻ. Shop hỗ trợ nhiệt tình."
ORI-003214,ORD-251015-2382,GPU-003,GIGABYTE-RTX4070-SUPER-12G,VGA GIGABYTE GeForce RTX 4070 Super Gaming OC 12GB,VGA - Card màn hình,GIGABYTE,1,16490000,18500000,16490000,4,"Hiệu năng tốt trong tầm giá, dùng mượt mà không lỗi lầm gì."
ORI-003215,ORD-251227-2383,CPU-004,AMD-R9-7950X,"CPU AMD Ryzen 9 7950X (4.5GHz Turbo 5.7GHz, 16 nhân 32 luồng)",CPU - Bộ vi xử lý,AMD,1,13490000,15000000,13490000,5,"Hàng chuẩn GearVN, nguyên seal mới cứng, bảo hành đầy đủ. Vote 5 sao!"
ORI-003216,ORD-251227-2383,GPU-005,MSI-RTX4060-TI-8G-VENTUS,VGA MSI GeForce RTX 4060 Ti 8G Ventus 2X OC,VGA - Card màn hình,MSI,1,9490000,11000000,9490000,4,"Sản phẩm dùng tốt, đúng mô tả, tuy nhiên giao hàng hơi trễ 1 ngày."
ORI-003217,ORD-251212-2384,MB-004,ASUS-TUF-B760M-PLUS-WIFI,"Mainboard ASUS TUF Gaming B760M-Plus WiFi (LGA 1700, DDR5, mATX)",Mainboard - Bo mạch chủ,ASUS,1,3990000,4500000,3990000,5,"Thiết kế đẹp mắt, hiệu năng vượt trội so với tầm giá. Rất hài lòng!"
ORI-003218,ORD-251212-2384,PSU-001,CORSAIR-HX1000I-1000W,Nguồn Corsair HX1000i 1000W 80 Plus Platinum Full Modular,PSU - Nguồn máy tính,Corsair,1,4990000,5500000,4990000,5,"Rất đáng tiền, chạy mượt mà, chính hãng 100%."
ORI-003219,ORD-250824-2385,FAN-001,LIANLI-UNI-FAN-AL120-3PACK,"Fan Case Lian Li UNI FAN AL120 RGB (3-Pack, Daisy-chain)",Fan - Quạt tản nhiệt,Lian Li,1,1490000,1800000,1490000,5,"Hàng chuẩn GearVN, nguyên seal mới cứng, bảo hành đầy đủ. Vote 5 sao!"
ORI-003220,ORD-260218-2386,MB-001,ASUS-ROG-MAXIMUS-Z790,"Mainboard ASUS ROG Maximus Z790 Hero (LGA 1700, DDR5, ATX)",Mainboard - Bo mạch chủ,ASUS,1,15990000,18000000,15990000,1,"Sản phẩm bị lỗi hỏng ngay khi bóc hộp, không lên nguồn. Dịch vụ tệ."
ORI-003221,ORD-260218-2386,MB-003,GIGABYTE-X670E-AORUS-MASTER,"Mainboard GIGABYTE X670E AORUS Master (AM5, DDR5, ATX)",Mainboard - Bo mạch chủ,GIGABYTE,1,11490000,13000000,11490000,5,"Lắp đặt dễ dàng, chạy êm ái và mát mẻ. Shop hỗ trợ nhiệt tình."
ORI-003222,ORD-260427-2387,RAM-004,CORSAIR-DDR5-64GB-6400,RAM Corsair Vengeance DDR5 64GB (2x32GB) 6400MHz CL32,RAM - Bộ nhớ trong,Corsair,1,6490000,7500000,6490000,3,"Dùng tạm ổn, nhưng vỏ hộp hơi móp méo khi vận chuyển."
ORI-003223,ORD-251114-2388,HDD-001,SEAGATE-BARRACUDA-4TB,"Ổ cứng HDD Seagate Barracuda 4TB 3.5"" SATA 5400RPM",HDD - Ổ cứng cơ,Seagate,1,2190000,2500000,2190000,5,"Lắp đặt dễ dàng, chạy êm ái và mát mẻ. Shop hỗ trợ nhiệt tình."
ORI-003224,ORD-250927-2389,CPU-002,INTEL-I7-14700K,"CPU Intel Core i7-14700K (3.4GHz Turbo 5.6GHz, 20 nhân 28 luồng)",CPU - Bộ vi xử lý,Intel,1,8490000,9500000,8490000,5,"Sản phẩm cực kỳ chất lượng, đóng gói cẩn thận, giao hàng nhanh."
ORI-003225,ORD-251124-2390,FAN-002,NOCTUA-NF-A12X25-PWM,Fan Case Noctua NF-A12x25 PWM 120mm (Hiệu suất cao),Fan - Quạt tản nhiệt,Noctua,1,990000,1200000,990000,5,"Lắp đặt dễ dàng, chạy êm ái và mát mẻ. Shop hỗ trợ nhiệt tình."
ORI-003226,ORD-251129-2391,CPU-006,INTEL-I3-14100F,"CPU Intel Core i3-14100F (3.5GHz Turbo 4.7GHz, 4 nhân 8 luồng)",CPU - Bộ vi xử lý,Intel,1,2490000,2800000,2490000,5,"Rất đáng tiền, chạy mượt mà, chính hãng 100%."
ORI-003227,ORD-251129-2391,PSU-001,CORSAIR-HX1000I-1000W,Nguồn Corsair HX1000i 1000W 80 Plus Platinum Full Modular,PSU - Nguồn máy tính,Corsair,1,4990000,5500000,4990000,1,"Giao hàng quá chậm (mất 7 ngày), hàng móp méo hư hại nghiêm trọng."
ORI-003228,ORD-251104-2392,RAM-003,KINGSTON-FURY-DDR4-16GB-3200,RAM Kingston Fury Beast DDR4 16GB (2x8GB) 3200MHz,RAM - Bộ nhớ trong,Kingston,1,1290000,1500000,1290000,4,"Hiệu năng tốt trong tầm giá, dùng mượt mà không lỗi lầm gì."
ORI-003229,ORD-260101-2393,HEADSET-001,CORSAIR-VIRTUOSO-RGB-XT,Tai nghe gaming Corsair Virtuoso RGB Wireless XT,Tai nghe - Headset,Corsair,1,4290000,5000000,4290000,5,"Thiết kế đẹp mắt, hiệu năng vượt trội so với tầm giá. Rất hài lòng!"
ORI-003230,ORD-260321-2394,PSU-003,COOLERMASTER-V750-GOLD,Nguồn Cooler Master MWE Gold 750W 80 Plus Gold Full Modular,PSU - Nguồn máy tính,Cooler Master,1,2490000,2900000,2490000,4,"Sản phẩm dùng tốt, đúng mô tả, tuy nhiên giao hàng hơi trễ 1 ngày."
ORI-003231,ORD-260321-2394,PSU-002,SEASONIC-FOCUS-GX-850,Nguồn Seasonic Focus GX 850W 80 Plus Gold Full Modular,PSU - Nguồn máy tính,Seasonic,1,3290000,3800000,3290000,5,"Sản phẩm cực kỳ chất lượng, đóng gói cẩn thận, giao hàng nhanh."
ORI-003232,ORD-260102-2395,MONITOR-002,SAMSUNG-ODYSSEY-G7-32-4K,"Màn hình Samsung Odyssey G7 32"" 4K UHD 144Hz IPS",Màn hình - Monitor,Samsung,1,12990000,15000000,12990000,5,"Sản phẩm cực kỳ chất lượng, đóng gói cẩn thận, giao hàng nhanh."
ORI-003233,ORD-251226-2396,CASE-001,LIANLI-PC-O11D-EVO,"Vỏ Case Lian Li PC-O11 Dynamic Evo (Mid Tower, ATX)",Case - Vỏ máy tính,Lian Li,1,3490000,3900000,3490000,5,"Sản phẩm cực kỳ chất lượng, đóng gói cẩn thận, giao hàng nhanh."
ORI-003234,ORD-251122-2397,RAM-004,CORSAIR-DDR5-64GB-6400,RAM Corsair Vengeance DDR5 64GB (2x32GB) 6400MHz CL32,RAM - Bộ nhớ trong,Corsair,1,6490000,7500000,6490000,4,"Thiết kế đẹp, chạy mát, dịch vụ chăm sóc khách hàng khá tốt."
ORI-003235,ORD-260228-2398,COOL-003,DEEPCOOL-AK620-DIGITAL,"Tản nhiệt khí DeepCool AK620 Digital (Dual Tower, 2x120mm)",Tản nhiệt - Cooling,Deepcool,1,1490000,1800000,1490000,3,Chất lượng sản phẩm ok nhưng tổng đài hỗ trợ kỹ thuật phản hồi hơi chậm.
ORI-003236,ORD-251208-2399,MB-003,GIGABYTE-X670E-AORUS-MASTER,"Mainboard GIGABYTE X670E AORUS Master (AM5, DDR5, ATX)",Mainboard - Bo mạch chủ,GIGABYTE,1,11490000,13000000,11490000,5,"Thiết kế đẹp mắt, hiệu năng vượt trội so với tầm giá. Rất hài lòng!"
ORI-003237,ORD-251208-2399,SSD-002,WD-BLACK-SN850X-1TB,SSD WD Black SN850X 1TB NVMe M.2 PCIe Gen4,SSD - Ổ cứng thể rắn,Western Digital,1,2190000,2500000,2190000,1,"Sản phẩm bị lỗi hỏng ngay khi bóc hộp, không lên nguồn. Dịch vụ tệ."
ORI-003238,ORD-250908-2400,CPU-002,INTEL-I7-14700K,"CPU Intel Core i7-14700K (3.4GHz Turbo 5.6GHz, 20 nhân 28 luồng)",CPU - Bộ vi xử lý,Intel,1,8490000,9500000,8490000,4,"Sản phẩm tốt, nhân viên tư vấn nhiệt tình, sẽ tiếp tục ủng hộ."
ORI-003239,ORD-260608-2401,SSD-001,SAMSUNG-980-PRO-2TB,SSD Samsung 980 Pro 2TB NVMe M.2 PCIe Gen4,SSD - Ổ cứng thể rắn,Samsung,1,3490000,3900000,3490000,5,"Hàng chuẩn GearVN, nguyên seal mới cứng, bảo hành đầy đủ. Vote 5 sao!"
ORI-003240,ORD-260211-2402,HDD-002,WD-RED-PLUS-8TB,"Ổ cứng HDD WD Red Plus 8TB 3.5"" SATA NAS",HDD - Ổ cứng cơ,Western Digital,1,4490000,5200000,4490000,5,"Thiết kế đẹp mắt, hiệu năng vượt trội so với tầm giá. Rất hài lòng!"
ORI-003241,ORD-260211-2402,CHAIR-001,SECRETLAB-TITAN-EVO-2022,"Ghế gaming Secretlab Titan Evo 2022 (SoftWeave Plus, Medium)",Ghế gaming - Gaming Chair,Secretlab,1,12990000,14500000,12990000,5,"Rất đáng tiền, chạy mượt mà, chính hãng 100%."
ORI-003242,ORD-250710-2403,MOUSE-001,LOGITECH-G-PRO-X-SUPERLIGHT2,"Chuột gaming Logitech G Pro X Superlight 2 (Không dây, 32000 DPI)",Chuột - Mouse,Logitech,1,3390000,3800000,3390000,5,"Lắp đặt dễ dàng, chạy êm ái và mát mẻ. Shop hỗ trợ nhiệt tình."
ORI-003243,ORD-251201-2404,SSD-002,WD-BLACK-SN850X-1TB,SSD WD Black SN850X 1TB NVMe M.2 PCIe Gen4,SSD - Ổ cứng thể rắn,Western Digital,1,2190000,2500000,2190000,5,"Thiết kế đẹp mắt, hiệu năng vượt trội so với tầm giá. Rất hài lòng!"
ORI-003244,ORD-251201-2404,HDD-001,SEAGATE-BARRACUDA-4TB,"Ổ cứng HDD Seagate Barracuda 4TB 3.5"" SATA 5400RPM",HDD - Ổ cứng cơ,Seagate,1,2190000,2500000,2190000,5,"Sản phẩm cực kỳ chất lượng, đóng gói cẩn thận, giao hàng nhanh."
ORI-003245,ORD-260130-2405,SSD-002,WD-BLACK-SN850X-1TB,SSD WD Black SN850X 1TB NVMe M.2 PCIe Gen4,SSD - Ổ cứng thể rắn,Western Digital,1,2190000,2500000,2190000,5,"Lắp đặt dễ dàng, chạy êm ái và mát mẻ. Shop hỗ trợ nhiệt tình."
ORI-003246,ORD-260130-2405,SSD-004,CRUCIAL-P5-PLUS-500GB,SSD Crucial P5 Plus 500GB NVMe M.2 PCIe Gen4,SSD - Ổ cứng thể rắn,Crucial,1,990000,1200000,990000,5,"Lắp đặt dễ dàng, chạy êm ái và mát mẻ. Shop hỗ trợ nhiệt tình."
ORI-003247,ORD-260308-2406,MB-001,ASUS-ROG-MAXIMUS-Z790,"Mainboard ASUS ROG Maximus Z790 Hero (LGA 1700, DDR5, ATX)",Mainboard - Bo mạch chủ,ASUS,1,15990000,18000000,15990000,3,"Dùng tạm ổn, nhưng vỏ hộp hơi móp méo khi vận chuyển."
ORI-003248,ORD-250822-2407,CASE-002,JONSBO-D41-MESH,"Vỏ Case Jonsbo D41 Mesh Screen (Mid Tower, ATX, Màn hình LCD)",Case - Vỏ máy tính,Jonsbo,1,2290000,2600000,2290000,5,"Hàng chuẩn GearVN, nguyên seal mới cứng, bảo hành đầy đủ. Vote 5 sao!"
ORI-003249,ORD-250822-2407,GPU-005,MSI-RTX4060-TI-8G-VENTUS,VGA MSI GeForce RTX 4060 Ti 8G Ventus 2X OC,VGA - Card màn hình,MSI,1,9490000,11000000,9490000,5,"Lắp đặt dễ dàng, chạy êm ái và mát mẻ. Shop hỗ trợ nhiệt tình."
ORI-003250,ORD-260102-2408,COOL-001,CORSAIR-H150I-ELITE-360MM,Tản nhiệt nước AIO Corsair iCUE H150i Elite LCD 360mm,Tản nhiệt - Cooling,Corsair,1,4490000,5000000,4490000,5,"Rất đáng tiền, chạy mượt mà, chính hãng 100%."
ORI-003251,ORD-251219-2409,GPU-004,ASUS-RX7900XTX-24G,VGA ASUS TUF Gaming Radeon RX 7900 XTX OC 24GB,VGA - Card màn hình,ASUS,1,22990000,25000000,22990000,5,"Thiết kế đẹp mắt, hiệu năng vượt trội so với tầm giá. Rất hài lòng!"
ORI-003252,ORD-251219-2409,COOL-003,DEEPCOOL-AK620-DIGITAL,"Tản nhiệt khí DeepCool AK620 Digital (Dual Tower, 2x120mm)",Tản nhiệt - Cooling,Deepcool,1,1490000,1800000,1490000,5,"Thiết kế đẹp mắt, hiệu năng vượt trội so với tầm giá. Rất hài lòng!"
ORI-003253,ORD-250830-2410,MONITOR-002,SAMSUNG-ODYSSEY-G7-32-4K,"Màn hình Samsung Odyssey G7 32"" 4K UHD 144Hz IPS",Màn hình - Monitor,Samsung,1,12990000,15000000,12990000,5,"Thiết kế đẹp mắt, hiệu năng vượt trội so với tầm giá. Rất hài lòng!"
ORI-003254,ORD-250830-2410,COOL-003,DEEPCOOL-AK620-DIGITAL,"Tản nhiệt khí DeepCool AK620 Digital (Dual Tower, 2x120mm)",Tản nhiệt - Cooling,Deepcool,1,1490000,1800000,1490000,5,"Thiết kế đẹp mắt, hiệu năng vượt trội so với tầm giá. Rất hài lòng!"
ORI-003255,ORD-251128-2411,CPU-001,INTEL-I9-14900K,"CPU Intel Core i9-14900K (3.2GHz Turbo 6.0GHz, 24 nhân 32 luồng)",CPU - Bộ vi xử lý,Intel,1,12990000,14500000,12990000,5,"Lắp đặt dễ dàng, chạy êm ái và mát mẻ. Shop hỗ trợ nhiệt tình."
ORI-003256,ORD-260131-2412,MOUSE-001,LOGITECH-G-PRO-X-SUPERLIGHT2,"Chuột gaming Logitech G Pro X Superlight 2 (Không dây, 32000 DPI)",Chuột - Mouse,Logitech,1,3390000,3800000,3390000,2,"Hiệu năng không đúng như quảng cáo, hay bị sụt nguồn đột ngột."
ORI-003257,ORD-260607-2413,CHAIR-001,SECRETLAB-TITAN-EVO-2022,"Ghế gaming Secretlab Titan Evo 2022 (SoftWeave Plus, Medium)",Ghế gaming - Gaming Chair,Secretlab,1,12990000,14500000,12990000,5,"Thiết kế đẹp mắt, hiệu năng vượt trội so với tầm giá. Rất hài lòng!"
ORI-003258,ORD-250918-2414,PSU-003,COOLERMASTER-V750-GOLD,Nguồn Cooler Master MWE Gold 750W 80 Plus Gold Full Modular,PSU - Nguồn máy tính,Cooler Master,1,2490000,2900000,2490000,5,"Rất đáng tiền, chạy mượt mà, chính hãng 100%."
ORI-003259,ORD-260113-2415,GPU-002,MSI-RTX4080-SUPER-16G,VGA MSI GeForce RTX 4080 Super 16GB Gaming X Slim,VGA - Card màn hình,MSI,1,26990000,30000000,26990000,4,"Hiệu năng tốt trong tầm giá, dùng mượt mà không lỗi lầm gì."
ORI-003260,ORD-260303-2416,HDD-002,WD-RED-PLUS-8TB,"Ổ cứng HDD WD Red Plus 8TB 3.5"" SATA NAS",HDD - Ổ cứng cơ,Western Digital,1,4490000,5200000,4490000,5,"Sản phẩm cực kỳ chất lượng, đóng gói cẩn thận, giao hàng nhanh."
ORI-003261,ORD-251114-2417,COOL-003,DEEPCOOL-AK620-DIGITAL,"Tản nhiệt khí DeepCool AK620 Digital (Dual Tower, 2x120mm)",Tản nhiệt - Cooling,Deepcool,1,1490000,1800000,1490000,5,"Sản phẩm cực kỳ chất lượng, đóng gói cẩn thận, giao hàng nhanh."
ORI-003262,ORD-251114-2417,MONITOR-002,SAMSUNG-ODYSSEY-G7-32-4K,"Màn hình Samsung Odyssey G7 32"" 4K UHD 144Hz IPS",Màn hình - Monitor,Samsung,1,12990000,15000000,12990000,5,"Rất đáng tiền, chạy mượt mà, chính hãng 100%."
ORI-003263,ORD-250801-2418,KB-002,RAZER-BLACKWIDOW-V4-75,Bàn phím cơ Razer BlackWidow V4 75% (Razer Yellow Switch),Bàn phím - Keyboard,Razer,1,3290000,3800000,3290000,5,"Thiết kế đẹp mắt, hiệu năng vượt trội so với tầm giá. Rất hài lòng!"
ORI-003264,ORD-251231-2419,GPU-005,MSI-RTX4060-TI-8G-VENTUS,VGA MSI GeForce RTX 4060 Ti 8G Ventus 2X OC,VGA - Card màn hình,MSI,1,9490000,11000000,9490000,5,"Lắp đặt dễ dàng, chạy êm ái và mát mẻ. Shop hỗ trợ nhiệt tình."
ORI-003265,ORD-260211-2420,CPU-005,AMD-R7-7700X,"CPU AMD Ryzen 7 7700X (4.5GHz Turbo 5.4GHz, 8 nhân 16 luồng)",CPU - Bộ vi xử lý,AMD,1,6890000,7500000,6890000,5,"Hàng chuẩn GearVN, nguyên seal mới cứng, bảo hành đầy đủ. Vote 5 sao!"
ORI-003266,ORD-251101-2421,MB-003,GIGABYTE-X670E-AORUS-MASTER,"Mainboard GIGABYTE X670E AORUS Master (AM5, DDR5, ATX)",Mainboard - Bo mạch chủ,GIGABYTE,1,11490000,13000000,11490000,5,"Rất đáng tiền, chạy mượt mà, chính hãng 100%."
ORI-003267,ORD-260119-2422,COOL-002,THERMALRIGHT-PHANTOM-SPIRIT-120,Tản nhiệt khí Thermalright Phantom Spirit 120 SE ARGB,Tản nhiệt - Cooling,Thermalright,1,990000,1200000,990000,5,"Thiết kế đẹp mắt, hiệu năng vượt trội so với tầm giá. Rất hài lòng!"
ORI-003268,ORD-260119-2422,SSD-001,SAMSUNG-980-PRO-2TB,SSD Samsung 980 Pro 2TB NVMe M.2 PCIe Gen4,SSD - Ổ cứng thể rắn,Samsung,1,3490000,3900000,3490000,5,"Lắp đặt dễ dàng, chạy êm ái và mát mẻ. Shop hỗ trợ nhiệt tình."
ORI-003269,ORD-250818-2423,HDD-001,SEAGATE-BARRACUDA-4TB,"Ổ cứng HDD Seagate Barracuda 4TB 3.5"" SATA 5400RPM",HDD - Ổ cứng cơ,Seagate,1,2190000,2500000,2190000,5,"Rất đáng tiền, chạy mượt mà, chính hãng 100%."
ORI-003270,ORD-250910-2424,CASE-002,JONSBO-D41-MESH,"Vỏ Case Jonsbo D41 Mesh Screen (Mid Tower, ATX, Màn hình LCD)",Case - Vỏ máy tính,Jonsbo,1,2290000,2600000,2290000,5,"Rất đáng tiền, chạy mượt mà, chính hãng 100%."
ORI-003271,ORD-251117-2425,FAN-001,LIANLI-UNI-FAN-AL120-3PACK,"Fan Case Lian Li UNI FAN AL120 RGB (3-Pack, Daisy-chain)",Fan - Quạt tản nhiệt,Lian Li,1,1490000,1800000,1490000,4,"Chất lượng ổn áp, chạy ngon lành, đóng gói kỹ càng."
ORI-003272,ORD-251208-2426,PSU-001,CORSAIR-HX1000I-1000W,Nguồn Corsair HX1000i 1000W 80 Plus Platinum Full Modular,PSU - Nguồn máy tính,Corsair,1,4990000,5500000,4990000,4,"Thiết kế đẹp, chạy mát, dịch vụ chăm sóc khách hàng khá tốt."
ORI-003273,ORD-250801-2427,CPU-004,AMD-R9-7950X,"CPU AMD Ryzen 9 7950X (4.5GHz Turbo 5.7GHz, 16 nhân 32 luồng)",CPU - Bộ vi xử lý,AMD,1,13490000,15000000,13490000,5,"Sản phẩm cực kỳ chất lượng, đóng gói cẩn thận, giao hàng nhanh."
ORI-003274,ORD-251001-2428,CPU-003,INTEL-I5-14600K,"CPU Intel Core i5-14600K (3.5GHz Turbo 5.3GHz, 14 nhân 20 luồng)",CPU - Bộ vi xử lý,Intel,1,5490000,6200000,5490000,1,"Sản phẩm bị lỗi hỏng ngay khi bóc hộp, không lên nguồn. Dịch vụ tệ."
ORI-003275,ORD-251203-2429,CPU-001,INTEL-I9-14900K,"CPU Intel Core i9-14900K (3.2GHz Turbo 6.0GHz, 24 nhân 32 luồng)",CPU - Bộ vi xử lý,Intel,1,12990000,14500000,12990000,5,"Rất đáng tiền, chạy mượt mà, chính hãng 100%."
ORI-003276,ORD-260130-2430,GPU-002,MSI-RTX4080-SUPER-16G,VGA MSI GeForce RTX 4080 Super 16GB Gaming X Slim,VGA - Card màn hình,MSI,1,26990000,30000000,26990000,5,"Hàng chuẩn GearVN, nguyên seal mới cứng, bảo hành đầy đủ. Vote 5 sao!"
ORI-003277,ORD-250805-2431,PSU-001,CORSAIR-HX1000I-1000W,Nguồn Corsair HX1000i 1000W 80 Plus Platinum Full Modular,PSU - Nguồn máy tính,Corsair,1,4990000,5500000,4990000,2,"Hiệu năng không đúng như quảng cáo, hay bị sụt nguồn đột ngột."
ORI-003278,ORD-250805-2431,CPU-005,AMD-R7-7700X,"CPU AMD Ryzen 7 7700X (4.5GHz Turbo 5.4GHz, 8 nhân 16 luồng)",CPU - Bộ vi xử lý,AMD,1,6890000,7500000,6890000,5,"Rất đáng tiền, chạy mượt mà, chính hãng 100%."
ORI-003279,ORD-251128-2432,KB-001,CORSAIR-K100-RGB-OPX,Bàn phím cơ Corsair K100 RGB Optical-Mechanical (OPX Switch),Bàn phím - Keyboard,Corsair,1,5490000,6000000,5490000,1,"Hàng cũ đóng lại seal, chạy lỗi liên tục, bảo hành rất phiền phức. Không nên mua."
ORI-003280,ORD-250804-2433,SSD-004,CRUCIAL-P5-PLUS-500GB,SSD Crucial P5 Plus 500GB NVMe M.2 PCIe Gen4,SSD - Ổ cứng thể rắn,Crucial,1,990000,1200000,990000,4,"Hiệu năng tốt trong tầm giá, dùng mượt mà không lỗi lầm gì."
ORI-003281,ORD-260421-2434,COOL-001,CORSAIR-H150I-ELITE-360MM,Tản nhiệt nước AIO Corsair iCUE H150i Elite LCD 360mm,Tản nhiệt - Cooling,Corsair,1,4490000,5000000,4490000,3,"Dùng tạm ổn, nhưng vỏ hộp hơi móp méo khi vận chuyển."
ORI-003282,ORD-251009-2435,COOL-001,CORSAIR-H150I-ELITE-360MM,Tản nhiệt nước AIO Corsair iCUE H150i Elite LCD 360mm,Tản nhiệt - Cooling,Corsair,1,4490000,5000000,4490000,,
ORI-003283,ORD-260304-2436,MOUSE-001,LOGITECH-G-PRO-X-SUPERLIGHT2,"Chuột gaming Logitech G Pro X Superlight 2 (Không dây, 32000 DPI)",Chuột - Mouse,Logitech,1,3390000,3800000,3390000,5,"Thiết kế đẹp mắt, hiệu năng vượt trội so với tầm giá. Rất hài lòng!"
ORI-003284,ORD-250902-2437,MONITOR-002,SAMSUNG-ODYSSEY-G7-32-4K,"Màn hình Samsung Odyssey G7 32"" 4K UHD 144Hz IPS",Màn hình - Monitor,Samsung,1,12990000,15000000,12990000,1,"Sản phẩm bị lỗi hỏng ngay khi bóc hộp, không lên nguồn. Dịch vụ tệ."
ORI-003285,ORD-251231-2438,SSD-002,WD-BLACK-SN850X-1TB,SSD WD Black SN850X 1TB NVMe M.2 PCIe Gen4,SSD - Ổ cứng thể rắn,Western Digital,1,2190000,2500000,2190000,5,"Hàng chuẩn GearVN, nguyên seal mới cứng, bảo hành đầy đủ. Vote 5 sao!"
ORI-003286,ORD-260407-2439,FAN-001,LIANLI-UNI-FAN-AL120-3PACK,"Fan Case Lian Li UNI FAN AL120 RGB (3-Pack, Daisy-chain)",Fan - Quạt tản nhiệt,Lian Li,1,1490000,1800000,1490000,5,"Lắp đặt dễ dàng, chạy êm ái và mát mẻ. Shop hỗ trợ nhiệt tình."
ORI-003287,ORD-260402-2440,FAN-002,NOCTUA-NF-A12X25-PWM,Fan Case Noctua NF-A12x25 PWM 120mm (Hiệu suất cao),Fan - Quạt tản nhiệt,Noctua,1,990000,1200000,990000,3,"Dùng tạm ổn, nhưng vỏ hộp hơi móp méo khi vận chuyển."
ORI-003288,ORD-260315-2441,SSD-003,KINGSTON-KC3000-1TB,SSD Kingston KC3000 1TB NVMe M.2 PCIe Gen4,SSD - Ổ cứng thể rắn,Kingston,1,1890000,2200000,1890000,4,"Hiệu năng tốt trong tầm giá, dùng mượt mà không lỗi lầm gì."
ORI-003289,ORD-260618-2442,COOL-003,DEEPCOOL-AK620-DIGITAL,"Tản nhiệt khí DeepCool AK620 Digital (Dual Tower, 2x120mm)",Tản nhiệt - Cooling,Deepcool,1,1490000,1800000,1490000,5,"Sản phẩm cực kỳ chất lượng, đóng gói cẩn thận, giao hàng nhanh."
ORI-003290,ORD-260618-2442,MB-002,MSI-MAG-Z790-TOMAHAWK,"Mainboard MSI MAG Z790 Tomahawk WiFi (LGA 1700, DDR5, ATX)",Mainboard - Bo mạch chủ,MSI,1,6990000,7800000,6990000,5,"Hàng chuẩn GearVN, nguyên seal mới cứng, bảo hành đầy đủ. Vote 5 sao!"
ORI-003291,ORD-250707-2443,RAM-002,GSKILL-DDR5-32GB-6000,RAM G.Skill Trident Z5 RGB DDR5 32GB (2x16GB) 6000MHz CL30,RAM - Bộ nhớ trong,G.Skill,1,3690000,4200000,3690000,3,Chất lượng sản phẩm ok nhưng tổng đài hỗ trợ kỹ thuật phản hồi hơi chậm.
ORI-003292,ORD-250716-2444,KB-002,RAZER-BLACKWIDOW-V4-75,Bàn phím cơ Razer BlackWidow V4 75% (Razer Yellow Switch),Bàn phím - Keyboard,Razer,1,3290000,3800000,3290000,5,"Sản phẩm cực kỳ chất lượng, đóng gói cẩn thận, giao hàng nhanh."
ORI-003293,ORD-250716-2444,MB-003,GIGABYTE-X670E-AORUS-MASTER,"Mainboard GIGABYTE X670E AORUS Master (AM5, DDR5, ATX)",Mainboard - Bo mạch chủ,GIGABYTE,1,11490000,13000000,11490000,5,"Thiết kế đẹp mắt, hiệu năng vượt trội so với tầm giá. Rất hài lòng!"
ORI-003294,ORD-251121-2445,MB-004,ASUS-TUF-B760M-PLUS-WIFI,"Mainboard ASUS TUF Gaming B760M-Plus WiFi (LGA 1700, DDR5, mATX)",Mainboard - Bo mạch chủ,ASUS,1,3990000,4500000,3990000,5,"Rất đáng tiền, chạy mượt mà, chính hãng 100%."
ORI-003295,ORD-250628-2446,PSU-003,COOLERMASTER-V750-GOLD,Nguồn Cooler Master MWE Gold 750W 80 Plus Gold Full Modular,PSU - Nguồn máy tính,Cooler Master,1,2490000,2900000,2490000,,
ORI-003296,ORD-260313-2447,MONITOR-002,SAMSUNG-ODYSSEY-G7-32-4K,"Màn hình Samsung Odyssey G7 32"" 4K UHD 144Hz IPS",Màn hình - Monitor,Samsung,1,12990000,15000000,12990000,5,"Thiết kế đẹp mắt, hiệu năng vượt trội so với tầm giá. Rất hài lòng!"
ORI-003297,ORD-260313-2447,RAM-003,KINGSTON-FURY-DDR4-16GB-3200,RAM Kingston Fury Beast DDR4 16GB (2x8GB) 3200MHz,RAM - Bộ nhớ trong,Kingston,1,1290000,1500000,1290000,1,"Giao hàng quá chậm (mất 7 ngày), hàng móp méo hư hại nghiêm trọng."
ORI-003298,ORD-250831-2448,RAM-003,KINGSTON-FURY-DDR4-16GB-3200,RAM Kingston Fury Beast DDR4 16GB (2x8GB) 3200MHz,RAM - Bộ nhớ trong,Kingston,1,1290000,1500000,1290000,5,"Lắp đặt dễ dàng, chạy êm ái và mát mẻ. Shop hỗ trợ nhiệt tình."
ORI-003299,ORD-260320-2449,CPU-004,AMD-R9-7950X,"CPU AMD Ryzen 9 7950X (4.5GHz Turbo 5.7GHz, 16 nhân 32 luồng)",CPU - Bộ vi xử lý,AMD,1,13490000,15000000,13490000,3,"Dùng tạm ổn, nhưng vỏ hộp hơi móp méo khi vận chuyển."
ORI-003300,ORD-251228-2450,RAM-003,KINGSTON-FURY-DDR4-16GB-3200,RAM Kingston Fury Beast DDR4 16GB (2x8GB) 3200MHz,RAM - Bộ nhớ trong,Kingston,1,1290000,1500000,1290000,5,"Rất đáng tiền, chạy mượt mà, chính hãng 100%."
ORI-003301,ORD-250910-2451,RAM-003,KINGSTON-FURY-DDR4-16GB-3200,RAM Kingston Fury Beast DDR4 16GB (2x8GB) 3200MHz,RAM - Bộ nhớ trong,Kingston,1,1290000,1500000,1290000,5,"Lắp đặt dễ dàng, chạy êm ái và mát mẻ. Shop hỗ trợ nhiệt tình."
ORI-003302,ORD-251205-2452,CPU-003,INTEL-I5-14600K,"CPU Intel Core i5-14600K (3.5GHz Turbo 5.3GHz, 14 nhân 20 luồng)",CPU - Bộ vi xử lý,Intel,1,5490000,6200000,5490000,5,"Thiết kế đẹp mắt, hiệu năng vượt trội so với tầm giá. Rất hài lòng!"
ORI-003303,ORD-251207-2453,RAM-001,CORSAIR-DDR5-32GB-6000,RAM Corsair Dominator Titanium DDR5 32GB (2x16GB) 6000MHz,RAM - Bộ nhớ trong,Corsair,1,3990000,4500000,3990000,5,"Lắp đặt dễ dàng, chạy êm ái và mát mẻ. Shop hỗ trợ nhiệt tình."
ORI-003304,ORD-251207-2453,SSD-003,KINGSTON-KC3000-1TB,SSD Kingston KC3000 1TB NVMe M.2 PCIe Gen4,SSD - Ổ cứng thể rắn,Kingston,1,1890000,2200000,1890000,5,"Thiết kế đẹp mắt, hiệu năng vượt trội so với tầm giá. Rất hài lòng!"
ORI-003305,ORD-260508-2454,CPU-002,INTEL-I7-14700K,"CPU Intel Core i7-14700K (3.4GHz Turbo 5.6GHz, 20 nhân 28 luồng)",CPU - Bộ vi xử lý,Intel,1,8490000,9500000,8490000,,
ORI-003306,ORD-251020-2455,MOUSE-002,RAZER-DEATHADDER-V3-HTE,Chuột gaming Razer DeathAdder V3 HyperSpeed (Không dây),Chuột - Mouse,Razer,1,1890000,2200000,1890000,5,"Lắp đặt dễ dàng, chạy êm ái và mát mẻ. Shop hỗ trợ nhiệt tình."
ORI-003307,ORD-250821-2456,CPU-001,INTEL-I9-14900K,"CPU Intel Core i9-14900K (3.2GHz Turbo 6.0GHz, 24 nhân 32 luồng)",CPU - Bộ vi xử lý,Intel,1,12990000,14500000,12990000,4,"Hiệu năng tốt trong tầm giá, dùng mượt mà không lỗi lầm gì."
ORI-003308,ORD-250821-2456,MOUSE-001,LOGITECH-G-PRO-X-SUPERLIGHT2,"Chuột gaming Logitech G Pro X Superlight 2 (Không dây, 32000 DPI)",Chuột - Mouse,Logitech,1,3390000,3800000,3390000,5,"Hàng chuẩn GearVN, nguyên seal mới cứng, bảo hành đầy đủ. Vote 5 sao!"
ORI-003309,ORD-251003-2457,PSU-001,CORSAIR-HX1000I-1000W,Nguồn Corsair HX1000i 1000W 80 Plus Platinum Full Modular,PSU - Nguồn máy tính,Corsair,1,4990000,5500000,4990000,5,"Rất đáng tiền, chạy mượt mà, chính hãng 100%."
ORI-003310,ORD-251003-2457,HDD-002,WD-RED-PLUS-8TB,"Ổ cứng HDD WD Red Plus 8TB 3.5"" SATA NAS",HDD - Ổ cứng cơ,Western Digital,1,4490000,5200000,4490000,3,Chất lượng sản phẩm ok nhưng tổng đài hỗ trợ kỹ thuật phản hồi hơi chậm.
ORI-003311,ORD-260408-2458,SSD-004,CRUCIAL-P5-PLUS-500GB,SSD Crucial P5 Plus 500GB NVMe M.2 PCIe Gen4,SSD - Ổ cứng thể rắn,Crucial,1,990000,1200000,990000,5,"Lắp đặt dễ dàng, chạy êm ái và mát mẻ. Shop hỗ trợ nhiệt tình."
ORI-003312,ORD-251124-2459,PSU-002,SEASONIC-FOCUS-GX-850,Nguồn Seasonic Focus GX 850W 80 Plus Gold Full Modular,PSU - Nguồn máy tính,Seasonic,1,3290000,3800000,3290000,4,"Sản phẩm tốt, nhân viên tư vấn nhiệt tình, sẽ tiếp tục ủng hộ."
ORI-003313,ORD-251124-2459,KB-001,CORSAIR-K100-RGB-OPX,Bàn phím cơ Corsair K100 RGB Optical-Mechanical (OPX Switch),Bàn phím - Keyboard,Corsair,1,5490000,6000000,5490000,5,"Sản phẩm cực kỳ chất lượng, đóng gói cẩn thận, giao hàng nhanh."
ORI-003314,ORD-260424-2460,CPU-006,INTEL-I3-14100F,"CPU Intel Core i3-14100F (3.5GHz Turbo 4.7GHz, 4 nhân 8 luồng)",CPU - Bộ vi xử lý,Intel,1,2490000,2800000,2490000,5,"Lắp đặt dễ dàng, chạy êm ái và mát mẻ. Shop hỗ trợ nhiệt tình."
ORI-003315,ORD-260424-2460,CPU-004,AMD-R9-7950X,"CPU AMD Ryzen 9 7950X (4.5GHz Turbo 5.7GHz, 16 nhân 32 luồng)",CPU - Bộ vi xử lý,AMD,1,13490000,15000000,13490000,5,"Rất đáng tiền, chạy mượt mà, chính hãng 100%."
ORI-003316,ORD-260116-2461,CPU-006,INTEL-I3-14100F,"CPU Intel Core i3-14100F (3.5GHz Turbo 4.7GHz, 4 nhân 8 luồng)",CPU - Bộ vi xử lý,Intel,1,2490000,2800000,2490000,5,"Sản phẩm cực kỳ chất lượng, đóng gói cẩn thận, giao hàng nhanh."
ORI-003317,ORD-250711-2462,HDD-002,WD-RED-PLUS-8TB,"Ổ cứng HDD WD Red Plus 8TB 3.5"" SATA NAS",HDD - Ổ cứng cơ,Western Digital,1,4490000,5200000,4490000,5,"Thiết kế đẹp mắt, hiệu năng vượt trội so với tầm giá. Rất hài lòng!"
ORI-003318,ORD-250711-2462,FAN-002,NOCTUA-NF-A12X25-PWM,Fan Case Noctua NF-A12x25 PWM 120mm (Hiệu suất cao),Fan - Quạt tản nhiệt,Noctua,1,990000,1200000,990000,4,"Sản phẩm tốt, nhân viên tư vấn nhiệt tình, sẽ tiếp tục ủng hộ."
ORI-003319,ORD-260324-2463,MONITOR-001,LG-27GP850P-27-QHD-165HZ,"Màn hình LG UltraGear 27GP850P-B 27"" QHD IPS 165Hz 1ms",Màn hình - Monitor,LG,1,8990000,10500000,8990000,5,"Hàng chuẩn GearVN, nguyên seal mới cứng, bảo hành đầy đủ. Vote 5 sao!"
ORI-003320,ORD-250923-2464,MOUSE-001,LOGITECH-G-PRO-X-SUPERLIGHT2,"Chuột gaming Logitech G Pro X Superlight 2 (Không dây, 32000 DPI)",Chuột - Mouse,Logitech,1,3390000,3800000,3390000,5,"Rất đáng tiền, chạy mượt mà, chính hãng 100%."
ORI-003321,ORD-250923-2464,MOUSE-002,RAZER-DEATHADDER-V3-HTE,Chuột gaming Razer DeathAdder V3 HyperSpeed (Không dây),Chuột - Mouse,Razer,1,1890000,2200000,1890000,5,"Rất đáng tiền, chạy mượt mà, chính hãng 100%."
ORI-003322,ORD-250926-2465,GPU-003,GIGABYTE-RTX4070-SUPER-12G,VGA GIGABYTE GeForce RTX 4070 Super Gaming OC 12GB,VGA - Card màn hình,GIGABYTE,1,16490000,18500000,16490000,5,"Lắp đặt dễ dàng, chạy êm ái và mát mẻ. Shop hỗ trợ nhiệt tình."
ORI-003323,ORD-250926-2465,CASE-002,JONSBO-D41-MESH,"Vỏ Case Jonsbo D41 Mesh Screen (Mid Tower, ATX, Màn hình LCD)",Case - Vỏ máy tính,Jonsbo,1,2290000,2600000,2290000,5,"Sản phẩm cực kỳ chất lượng, đóng gói cẩn thận, giao hàng nhanh."
ORI-003324,ORD-251105-2466,CPU-002,INTEL-I7-14700K,"CPU Intel Core i7-14700K (3.4GHz Turbo 5.6GHz, 20 nhân 28 luồng)",CPU - Bộ vi xử lý,Intel,1,8490000,9500000,8490000,,
ORI-003325,ORD-260205-2467,PSU-003,COOLERMASTER-V750-GOLD,Nguồn Cooler Master MWE Gold 750W 80 Plus Gold Full Modular,PSU - Nguồn máy tính,Cooler Master,1,2490000,2900000,2490000,5,"Thiết kế đẹp mắt, hiệu năng vượt trội so với tầm giá. Rất hài lòng!"
ORI-003326,ORD-260205-2467,GPU-001,ASUS-ROG-RTX4090-24G,VGA ASUS ROG Strix GeForce RTX 4090 24GB GDDR6X OC,VGA - Card màn hình,ASUS,1,52990000,58000000,52990000,5,"Rất đáng tiền, chạy mượt mà, chính hãng 100%."
ORI-003327,ORD-260123-2468,PSU-002,SEASONIC-FOCUS-GX-850,Nguồn Seasonic Focus GX 850W 80 Plus Gold Full Modular,PSU - Nguồn máy tính,Seasonic,1,3290000,3800000,3290000,5,"Rất đáng tiền, chạy mượt mà, chính hãng 100%."
ORI-003328,ORD-260402-2469,PSU-001,CORSAIR-HX1000I-1000W,Nguồn Corsair HX1000i 1000W 80 Plus Platinum Full Modular,PSU - Nguồn máy tính,Corsair,1,4990000,5500000,4990000,5,"Sản phẩm cực kỳ chất lượng, đóng gói cẩn thận, giao hàng nhanh."
ORI-003329,ORD-260402-2469,MB-004,ASUS-TUF-B760M-PLUS-WIFI,"Mainboard ASUS TUF Gaming B760M-Plus WiFi (LGA 1700, DDR5, mATX)",Mainboard - Bo mạch chủ,ASUS,1,3990000,4500000,3990000,4,"Sản phẩm tốt, nhân viên tư vấn nhiệt tình, sẽ tiếp tục ủng hộ."
ORI-003330,ORD-251117-2470,CPU-003,INTEL-I5-14600K,"CPU Intel Core i5-14600K (3.5GHz Turbo 5.3GHz, 14 nhân 20 luồng)",CPU - Bộ vi xử lý,Intel,1,5490000,6200000,5490000,4,"Sản phẩm tốt, nhân viên tư vấn nhiệt tình, sẽ tiếp tục ủng hộ."
ORI-003331,ORD-251117-2470,CPU-004,AMD-R9-7950X,"CPU AMD Ryzen 9 7950X (4.5GHz Turbo 5.7GHz, 16 nhân 32 luồng)",CPU - Bộ vi xử lý,AMD,1,13490000,15000000,13490000,5,"Rất đáng tiền, chạy mượt mà, chính hãng 100%."
ORI-003332,ORD-251210-2471,PSU-003,COOLERMASTER-V750-GOLD,Nguồn Cooler Master MWE Gold 750W 80 Plus Gold Full Modular,PSU - Nguồn máy tính,Cooler Master,1,2490000,2900000,2490000,5,"Rất đáng tiền, chạy mượt mà, chính hãng 100%."
ORI-003333,ORD-251128-2472,CPU-003,INTEL-I5-14600K,"CPU Intel Core i5-14600K (3.5GHz Turbo 5.3GHz, 14 nhân 20 luồng)",CPU - Bộ vi xử lý,Intel,1,5490000,6200000,5490000,4,"Thiết kế đẹp, chạy mát, dịch vụ chăm sóc khách hàng khá tốt."
ORI-003334,ORD-251121-2473,CASE-001,LIANLI-PC-O11D-EVO,"Vỏ Case Lian Li PC-O11 Dynamic Evo (Mid Tower, ATX)",Case - Vỏ máy tính,Lian Li,1,3490000,3900000,3490000,5,"Hàng chuẩn GearVN, nguyên seal mới cứng, bảo hành đầy đủ. Vote 5 sao!"
ORI-003335,ORD-251220-2474,GPU-001,ASUS-ROG-RTX4090-24G,VGA ASUS ROG Strix GeForce RTX 4090 24GB GDDR6X OC,VGA - Card màn hình,ASUS,1,52990000,58000000,52990000,5,"Lắp đặt dễ dàng, chạy êm ái và mát mẻ. Shop hỗ trợ nhiệt tình."
ORI-003336,ORD-251220-2474,GPU-001,ASUS-ROG-RTX4090-24G,VGA ASUS ROG Strix GeForce RTX 4090 24GB GDDR6X OC,VGA - Card màn hình,ASUS,1,52990000,58000000,52990000,5,"Rất đáng tiền, chạy mượt mà, chính hãng 100%."
ORI-003337,ORD-250905-2475,FAN-001,LIANLI-UNI-FAN-AL120-3PACK,"Fan Case Lian Li UNI FAN AL120 RGB (3-Pack, Daisy-chain)",Fan - Quạt tản nhiệt,Lian Li,1,1490000,1800000,1490000,5,"Sản phẩm cực kỳ chất lượng, đóng gói cẩn thận, giao hàng nhanh."
ORI-003338,ORD-250905-2475,MB-004,ASUS-TUF-B760M-PLUS-WIFI,"Mainboard ASUS TUF Gaming B760M-Plus WiFi (LGA 1700, DDR5, mATX)",Mainboard - Bo mạch chủ,ASUS,1,3990000,4500000,3990000,5,"Lắp đặt dễ dàng, chạy êm ái và mát mẻ. Shop hỗ trợ nhiệt tình."
ORI-003339,ORD-251101-2476,MB-002,MSI-MAG-Z790-TOMAHAWK,"Mainboard MSI MAG Z790 Tomahawk WiFi (LGA 1700, DDR5, ATX)",Mainboard - Bo mạch chủ,MSI,1,6990000,7800000,6990000,5,"Rất đáng tiền, chạy mượt mà, chính hãng 100%."
ORI-003340,ORD-260226-2477,CPU-003,INTEL-I5-14600K,"CPU Intel Core i5-14600K (3.5GHz Turbo 5.3GHz, 14 nhân 20 luồng)",CPU - Bộ vi xử lý,Intel,1,5490000,6200000,5490000,5,"Thiết kế đẹp mắt, hiệu năng vượt trội so với tầm giá. Rất hài lòng!"
ORI-003341,ORD-250911-2478,MB-003,GIGABYTE-X670E-AORUS-MASTER,"Mainboard GIGABYTE X670E AORUS Master (AM5, DDR5, ATX)",Mainboard - Bo mạch chủ,GIGABYTE,1,11490000,13000000,11490000,5,"Hàng chuẩn GearVN, nguyên seal mới cứng, bảo hành đầy đủ. Vote 5 sao!"
ORI-003342,ORD-250911-2478,RAM-003,KINGSTON-FURY-DDR4-16GB-3200,RAM Kingston Fury Beast DDR4 16GB (2x8GB) 3200MHz,RAM - Bộ nhớ trong,Kingston,1,1290000,1500000,1290000,5,"Hàng chuẩn GearVN, nguyên seal mới cứng, bảo hành đầy đủ. Vote 5 sao!"
ORI-003343,ORD-251022-2479,MONITOR-001,LG-27GP850P-27-QHD-165HZ,"Màn hình LG UltraGear 27GP850P-B 27"" QHD IPS 165Hz 1ms",Màn hình - Monitor,LG,1,8990000,10500000,8990000,5,"Sản phẩm cực kỳ chất lượng, đóng gói cẩn thận, giao hàng nhanh."
ORI-003344,ORD-260205-2480,HDD-002,WD-RED-PLUS-8TB,"Ổ cứng HDD WD Red Plus 8TB 3.5"" SATA NAS",HDD - Ổ cứng cơ,Western Digital,1,4490000,5200000,4490000,5,"Rất đáng tiền, chạy mượt mà, chính hãng 100%."
ORI-003345,ORD-251120-2481,MONITOR-002,SAMSUNG-ODYSSEY-G7-32-4K,"Màn hình Samsung Odyssey G7 32"" 4K UHD 144Hz IPS",Màn hình - Monitor,Samsung,1,12990000,15000000,12990000,4,"Thiết kế đẹp, chạy mát, dịch vụ chăm sóc khách hàng khá tốt."
ORI-003346,ORD-260506-2482,MONITOR-002,SAMSUNG-ODYSSEY-G7-32-4K,"Màn hình Samsung Odyssey G7 32"" 4K UHD 144Hz IPS",Màn hình - Monitor,Samsung,1,12990000,15000000,12990000,4,"Sản phẩm dùng tốt, đúng mô tả, tuy nhiên giao hàng hơi trễ 1 ngày."
ORI-003347,ORD-260506-2482,SSD-001,SAMSUNG-980-PRO-2TB,SSD Samsung 980 Pro 2TB NVMe M.2 PCIe Gen4,SSD - Ổ cứng thể rắn,Samsung,1,3490000,3900000,3490000,4,"Sản phẩm tốt, nhân viên tư vấn nhiệt tình, sẽ tiếp tục ủng hộ."
ORI-003348,ORD-260422-2483,MONITOR-002,SAMSUNG-ODYSSEY-G7-32-4K,"Màn hình Samsung Odyssey G7 32"" 4K UHD 144Hz IPS",Màn hình - Monitor,Samsung,1,12990000,15000000,12990000,3,"Sản phẩm bình thường, không quá nổi bật, dịch vụ giao hàng ở mức trung bình."
ORI-003349,ORD-260208-2484,MB-001,ASUS-ROG-MAXIMUS-Z790,"Mainboard ASUS ROG Maximus Z790 Hero (LGA 1700, DDR5, ATX)",Mainboard - Bo mạch chủ,ASUS,1,15990000,18000000,15990000,5,"Thiết kế đẹp mắt, hiệu năng vượt trội so với tầm giá. Rất hài lòng!"
ORI-003350,ORD-260219-2485,COOL-003,DEEPCOOL-AK620-DIGITAL,"Tản nhiệt khí DeepCool AK620 Digital (Dual Tower, 2x120mm)",Tản nhiệt - Cooling,Deepcool,1,1490000,1800000,1490000,5,"Sản phẩm cực kỳ chất lượng, đóng gói cẩn thận, giao hàng nhanh."
ORI-003351,ORD-260219-2485,PSU-001,CORSAIR-HX1000I-1000W,Nguồn Corsair HX1000i 1000W 80 Plus Platinum Full Modular,PSU - Nguồn máy tính,Corsair,1,4990000,5500000,4990000,5,"Hàng chuẩn GearVN, nguyên seal mới cứng, bảo hành đầy đủ. Vote 5 sao!"
ORI-003352,ORD-251202-2486,CPU-002,INTEL-I7-14700K,"CPU Intel Core i7-14700K (3.4GHz Turbo 5.6GHz, 20 nhân 28 luồng)",CPU - Bộ vi xử lý,Intel,1,8490000,9500000,8490000,5,"Rất đáng tiền, chạy mượt mà, chính hãng 100%."
ORI-003353,ORD-251202-2486,HDD-001,SEAGATE-BARRACUDA-4TB,"Ổ cứng HDD Seagate Barracuda 4TB 3.5"" SATA 5400RPM",HDD - Ổ cứng cơ,Seagate,1,2190000,2500000,2190000,5,"Thiết kế đẹp mắt, hiệu năng vượt trội so với tầm giá. Rất hài lòng!"
ORI-003354,ORD-250808-2487,CPU-001,INTEL-I9-14900K,"CPU Intel Core i9-14900K (3.2GHz Turbo 6.0GHz, 24 nhân 32 luồng)",CPU - Bộ vi xử lý,Intel,1,12990000,14500000,12990000,5,"Sản phẩm cực kỳ chất lượng, đóng gói cẩn thận, giao hàng nhanh."
ORI-003355,ORD-250808-2487,RAM-004,CORSAIR-DDR5-64GB-6400,RAM Corsair Vengeance DDR5 64GB (2x32GB) 6400MHz CL32,RAM - Bộ nhớ trong,Corsair,1,6490000,7500000,6490000,5,"Lắp đặt dễ dàng, chạy êm ái và mát mẻ. Shop hỗ trợ nhiệt tình."
ORI-003356,ORD-251101-2488,RAM-002,GSKILL-DDR5-32GB-6000,RAM G.Skill Trident Z5 RGB DDR5 32GB (2x16GB) 6000MHz CL30,RAM - Bộ nhớ trong,G.Skill,1,3690000,4200000,3690000,5,"Lắp đặt dễ dàng, chạy êm ái và mát mẻ. Shop hỗ trợ nhiệt tình."
ORI-003357,ORD-251118-2489,MONITOR-002,SAMSUNG-ODYSSEY-G7-32-4K,"Màn hình Samsung Odyssey G7 32"" 4K UHD 144Hz IPS",Màn hình - Monitor,Samsung,1,12990000,15000000,12990000,5,"Lắp đặt dễ dàng, chạy êm ái và mát mẻ. Shop hỗ trợ nhiệt tình."
ORI-003358,ORD-250929-2490,PSU-003,COOLERMASTER-V750-GOLD,Nguồn Cooler Master MWE Gold 750W 80 Plus Gold Full Modular,PSU - Nguồn máy tính,Cooler Master,1,2490000,2900000,2490000,4,"Sản phẩm dùng tốt, đúng mô tả, tuy nhiên giao hàng hơi trễ 1 ngày."
ORI-003359,ORD-250919-2491,MONITOR-002,SAMSUNG-ODYSSEY-G7-32-4K,"Màn hình Samsung Odyssey G7 32"" 4K UHD 144Hz IPS",Màn hình - Monitor,Samsung,1,12990000,15000000,12990000,5,"Hàng chuẩn GearVN, nguyên seal mới cứng, bảo hành đầy đủ. Vote 5 sao!"
ORI-003360,ORD-250919-2491,GPU-001,ASUS-ROG-RTX4090-24G,VGA ASUS ROG Strix GeForce RTX 4090 24GB GDDR6X OC,VGA - Card màn hình,ASUS,1,52990000,58000000,52990000,5,"Lắp đặt dễ dàng, chạy êm ái và mát mẻ. Shop hỗ trợ nhiệt tình."
ORI-003361,ORD-260220-2492,RAM-002,GSKILL-DDR5-32GB-6000,RAM G.Skill Trident Z5 RGB DDR5 32GB (2x16GB) 6000MHz CL30,RAM - Bộ nhớ trong,G.Skill,1,3690000,4200000,3690000,5,"Sản phẩm cực kỳ chất lượng, đóng gói cẩn thận, giao hàng nhanh."
ORI-003362,ORD-251105-2493,KB-002,RAZER-BLACKWIDOW-V4-75,Bàn phím cơ Razer BlackWidow V4 75% (Razer Yellow Switch),Bàn phím - Keyboard,Razer,1,3290000,3800000,3290000,5,"Lắp đặt dễ dàng, chạy êm ái và mát mẻ. Shop hỗ trợ nhiệt tình."
ORI-003363,ORD-251227-2494,PSU-002,SEASONIC-FOCUS-GX-850,Nguồn Seasonic Focus GX 850W 80 Plus Gold Full Modular,PSU - Nguồn máy tính,Seasonic,1,3290000,3800000,3290000,3,"Sản phẩm bình thường, không quá nổi bật, dịch vụ giao hàng ở mức trung bình."
ORI-003364,ORD-251127-2495,KB-002,RAZER-BLACKWIDOW-V4-75,Bàn phím cơ Razer BlackWidow V4 75% (Razer Yellow Switch),Bàn phím - Keyboard,Razer,1,3290000,3800000,3290000,5,"Lắp đặt dễ dàng, chạy êm ái và mát mẻ. Shop hỗ trợ nhiệt tình."
ORI-003365,ORD-251217-2496,GPU-005,MSI-RTX4060-TI-8G-VENTUS,VGA MSI GeForce RTX 4060 Ti 8G Ventus 2X OC,VGA - Card màn hình,MSI,1,9490000,11000000,9490000,,
ORI-003366,ORD-251217-2496,MONITOR-001,LG-27GP850P-27-QHD-165HZ,"Màn hình LG UltraGear 27GP850P-B 27"" QHD IPS 165Hz 1ms",Màn hình - Monitor,LG,1,8990000,10500000,8990000,,
ORI-003367,ORD-260410-2497,MB-002,MSI-MAG-Z790-TOMAHAWK,"Mainboard MSI MAG Z790 Tomahawk WiFi (LGA 1700, DDR5, ATX)",Mainboard - Bo mạch chủ,MSI,1,6990000,7800000,6990000,5,"Rất đáng tiền, chạy mượt mà, chính hãng 100%."
ORI-003368,ORD-250813-2498,MOUSE-002,RAZER-DEATHADDER-V3-HTE,Chuột gaming Razer DeathAdder V3 HyperSpeed (Không dây),Chuột - Mouse,Razer,1,1890000,2200000,1890000,5,"Rất đáng tiền, chạy mượt mà, chính hãng 100%."
ORI-003369,ORD-250813-2498,HDD-001,SEAGATE-BARRACUDA-4TB,"Ổ cứng HDD Seagate Barracuda 4TB 3.5"" SATA 5400RPM",HDD - Ổ cứng cơ,Seagate,1,2190000,2500000,2190000,5,"Rất đáng tiền, chạy mượt mà, chính hãng 100%."
ORI-003370,ORD-250724-2499,COOL-003,DEEPCOOL-AK620-DIGITAL,"Tản nhiệt khí DeepCool AK620 Digital (Dual Tower, 2x120mm)",Tản nhiệt - Cooling,Deepcool,1,1490000,1800000,1490000,5,"Sản phẩm cực kỳ chất lượng, đóng gói cẩn thận, giao hàng nhanh."
ORI-003371,ORD-260103-2500,CHAIR-001,SECRETLAB-TITAN-EVO-2022,"Ghế gaming Secretlab Titan Evo 2022 (SoftWeave Plus, Medium)",Ghế gaming - Gaming Chair,Secretlab,1,12990000,14500000,12990000,5,"Thiết kế đẹp mắt, hiệu năng vượt trội so với tầm giá. Rất hài lòng!"
ORI-003372,ORD-260105-2501,PSU-001,CORSAIR-HX1000I-1000W,Nguồn Corsair HX1000i 1000W 80 Plus Platinum Full Modular,PSU - Nguồn máy tính,Corsair,1,4990000,5500000,4990000,,
ORI-003373,ORD-251207-2502,PSU-003,COOLERMASTER-V750-GOLD,Nguồn Cooler Master MWE Gold 750W 80 Plus Gold Full Modular,PSU - Nguồn máy tính,Cooler Master,1,2490000,2900000,2490000,5,"Rất đáng tiền, chạy mượt mà, chính hãng 100%."
ORI-003374,ORD-251207-2502,MB-001,ASUS-ROG-MAXIMUS-Z790,"Mainboard ASUS ROG Maximus Z790 Hero (LGA 1700, DDR5, ATX)",Mainboard - Bo mạch chủ,ASUS,1,15990000,18000000,15990000,5,"Sản phẩm cực kỳ chất lượng, đóng gói cẩn thận, giao hàng nhanh."
ORI-003375,ORD-251121-2503,MONITOR-002,SAMSUNG-ODYSSEY-G7-32-4K,"Màn hình Samsung Odyssey G7 32"" 4K UHD 144Hz IPS",Màn hình - Monitor,Samsung,1,12990000,15000000,12990000,5,"Rất đáng tiền, chạy mượt mà, chính hãng 100%."
ORI-003376,ORD-251121-2503,HEADSET-001,CORSAIR-VIRTUOSO-RGB-XT,Tai nghe gaming Corsair Virtuoso RGB Wireless XT,Tai nghe - Headset,Corsair,1,4290000,5000000,4290000,3,"Hiệu năng đủ dùng cho tác vụ cơ bản, nhiệt độ hơi ấm khi tải nặng."
ORI-003377,ORD-251027-2504,COOL-003,DEEPCOOL-AK620-DIGITAL,"Tản nhiệt khí DeepCool AK620 Digital (Dual Tower, 2x120mm)",Tản nhiệt - Cooling,Deepcool,1,1490000,1800000,1490000,5,"Rất đáng tiền, chạy mượt mà, chính hãng 100%."
ORI-003378,ORD-260116-2505,FAN-002,NOCTUA-NF-A12X25-PWM,Fan Case Noctua NF-A12x25 PWM 120mm (Hiệu suất cao),Fan - Quạt tản nhiệt,Noctua,1,990000,1200000,990000,5,"Lắp đặt dễ dàng, chạy êm ái và mát mẻ. Shop hỗ trợ nhiệt tình."
ORI-003379,ORD-260116-2505,KB-002,RAZER-BLACKWIDOW-V4-75,Bàn phím cơ Razer BlackWidow V4 75% (Razer Yellow Switch),Bàn phím - Keyboard,Razer,1,3290000,3800000,3290000,4,"Thiết kế đẹp, chạy mát, dịch vụ chăm sóc khách hàng khá tốt."
ORI-003380,ORD-260216-2506,SSD-001,SAMSUNG-980-PRO-2TB,SSD Samsung 980 Pro 2TB NVMe M.2 PCIe Gen4,SSD - Ổ cứng thể rắn,Samsung,1,3490000,3900000,3490000,5,"Thiết kế đẹp mắt, hiệu năng vượt trội so với tầm giá. Rất hài lòng!"
ORI-003381,ORD-260217-2507,PSU-002,SEASONIC-FOCUS-GX-850,Nguồn Seasonic Focus GX 850W 80 Plus Gold Full Modular,PSU - Nguồn máy tính,Seasonic,1,3290000,3800000,3290000,5,"Rất đáng tiền, chạy mượt mà, chính hãng 100%."
ORI-003382,ORD-260524-2508,RAM-004,CORSAIR-DDR5-64GB-6400,RAM Corsair Vengeance DDR5 64GB (2x32GB) 6400MHz CL32,RAM - Bộ nhớ trong,Corsair,1,6490000,7500000,6490000,5,"Hàng chuẩn GearVN, nguyên seal mới cứng, bảo hành đầy đủ. Vote 5 sao!"
ORI-003383,ORD-260524-2508,MB-002,MSI-MAG-Z790-TOMAHAWK,"Mainboard MSI MAG Z790 Tomahawk WiFi (LGA 1700, DDR5, ATX)",Mainboard - Bo mạch chủ,MSI,1,6990000,7800000,6990000,5,"Thiết kế đẹp mắt, hiệu năng vượt trội so với tầm giá. Rất hài lòng!"
ORI-003384,ORD-260207-2509,COOL-002,THERMALRIGHT-PHANTOM-SPIRIT-120,Tản nhiệt khí Thermalright Phantom Spirit 120 SE ARGB,Tản nhiệt - Cooling,Thermalright,1,990000,1200000,990000,5,"Sản phẩm cực kỳ chất lượng, đóng gói cẩn thận, giao hàng nhanh."
ORI-003385,ORD-260423-2510,CPU-004,AMD-R9-7950X,"CPU AMD Ryzen 9 7950X (4.5GHz Turbo 5.7GHz, 16 nhân 32 luồng)",CPU - Bộ vi xử lý,AMD,1,13490000,15000000,13490000,5,"Lắp đặt dễ dàng, chạy êm ái và mát mẻ. Shop hỗ trợ nhiệt tình."
ORI-003386,ORD-250822-2511,COOL-003,DEEPCOOL-AK620-DIGITAL,"Tản nhiệt khí DeepCool AK620 Digital (Dual Tower, 2x120mm)",Tản nhiệt - Cooling,Deepcool,1,1490000,1800000,1490000,5,"Thiết kế đẹp mắt, hiệu năng vượt trội so với tầm giá. Rất hài lòng!"
ORI-003387,ORD-250822-2511,CPU-004,AMD-R9-7950X,"CPU AMD Ryzen 9 7950X (4.5GHz Turbo 5.7GHz, 16 nhân 32 luồng)",CPU - Bộ vi xử lý,AMD,1,13490000,15000000,13490000,5,"Hàng chuẩn GearVN, nguyên seal mới cứng, bảo hành đầy đủ. Vote 5 sao!"
ORI-003388,ORD-260314-2512,FAN-001,LIANLI-UNI-FAN-AL120-3PACK,"Fan Case Lian Li UNI FAN AL120 RGB (3-Pack, Daisy-chain)",Fan - Quạt tản nhiệt,Lian Li,1,1490000,1800000,1490000,5,"Thiết kế đẹp mắt, hiệu năng vượt trội so với tầm giá. Rất hài lòng!"
ORI-003389,ORD-250827-2513,FAN-001,LIANLI-UNI-FAN-AL120-3PACK,"Fan Case Lian Li UNI FAN AL120 RGB (3-Pack, Daisy-chain)",Fan - Quạt tản nhiệt,Lian Li,1,1490000,1800000,1490000,4,"Thiết kế đẹp, chạy mát, dịch vụ chăm sóc khách hàng khá tốt."
ORI-003390,ORD-260501-2514,PSU-003,COOLERMASTER-V750-GOLD,Nguồn Cooler Master MWE Gold 750W 80 Plus Gold Full Modular,PSU - Nguồn máy tính,Cooler Master,1,2490000,2900000,2490000,3,"Dùng tạm ổn, nhưng vỏ hộp hơi móp méo khi vận chuyển."
ORI-003391,ORD-250808-2515,KB-001,CORSAIR-K100-RGB-OPX,Bàn phím cơ Corsair K100 RGB Optical-Mechanical (OPX Switch),Bàn phím - Keyboard,Corsair,1,5490000,6000000,5490000,5,"Thiết kế đẹp mắt, hiệu năng vượt trội so với tầm giá. Rất hài lòng!"
ORI-003392,ORD-250808-2515,SSD-001,SAMSUNG-980-PRO-2TB,SSD Samsung 980 Pro 2TB NVMe M.2 PCIe Gen4,SSD - Ổ cứng thể rắn,Samsung,1,3490000,3900000,3490000,5,"Thiết kế đẹp mắt, hiệu năng vượt trội so với tầm giá. Rất hài lòng!"
ORI-003393,ORD-251103-2516,GPU-004,ASUS-RX7900XTX-24G,VGA ASUS TUF Gaming Radeon RX 7900 XTX OC 24GB,VGA - Card màn hình,ASUS,1,22990000,25000000,22990000,5,"Thiết kế đẹp mắt, hiệu năng vượt trội so với tầm giá. Rất hài lòng!"
ORI-003394,ORD-251103-2516,MB-001,ASUS-ROG-MAXIMUS-Z790,"Mainboard ASUS ROG Maximus Z790 Hero (LGA 1700, DDR5, ATX)",Mainboard - Bo mạch chủ,ASUS,1,15990000,18000000,15990000,4,"Sản phẩm dùng tốt, đúng mô tả, tuy nhiên giao hàng hơi trễ 1 ngày."
ORI-003395,ORD-251126-2517,COOL-002,THERMALRIGHT-PHANTOM-SPIRIT-120,Tản nhiệt khí Thermalright Phantom Spirit 120 SE ARGB,Tản nhiệt - Cooling,Thermalright,1,990000,1200000,990000,5,"Lắp đặt dễ dàng, chạy êm ái và mát mẻ. Shop hỗ trợ nhiệt tình."
ORI-003396,ORD-251126-2517,HDD-002,WD-RED-PLUS-8TB,"Ổ cứng HDD WD Red Plus 8TB 3.5"" SATA NAS",HDD - Ổ cứng cơ,Western Digital,1,4490000,5200000,4490000,1,"Sản phẩm bị lỗi hỏng ngay khi bóc hộp, không lên nguồn. Dịch vụ tệ."
ORI-003397,ORD-251213-2518,CPU-004,AMD-R9-7950X,"CPU AMD Ryzen 9 7950X (4.5GHz Turbo 5.7GHz, 16 nhân 32 luồng)",CPU - Bộ vi xử lý,AMD,1,13490000,15000000,13490000,,
ORI-003398,ORD-250812-2519,SSD-004,CRUCIAL-P5-PLUS-500GB,SSD Crucial P5 Plus 500GB NVMe M.2 PCIe Gen4,SSD - Ổ cứng thể rắn,Crucial,1,990000,1200000,990000,5,"Rất đáng tiền, chạy mượt mà, chính hãng 100%."
ORI-003399,ORD-251123-2520,HDD-002,WD-RED-PLUS-8TB,"Ổ cứng HDD WD Red Plus 8TB 3.5"" SATA NAS",HDD - Ổ cứng cơ,Western Digital,1,4490000,5200000,4490000,5,"Thiết kế đẹp mắt, hiệu năng vượt trội so với tầm giá. Rất hài lòng!"
ORI-003400,ORD-250626-2521,CPU-005,AMD-R7-7700X,"CPU AMD Ryzen 7 7700X (4.5GHz Turbo 5.4GHz, 8 nhân 16 luồng)",CPU - Bộ vi xử lý,AMD,1,6890000,7500000,6890000,5,"Hàng chuẩn GearVN, nguyên seal mới cứng, bảo hành đầy đủ. Vote 5 sao!"
ORI-003401,ORD-250622-2522,RAM-004,CORSAIR-DDR5-64GB-6400,RAM Corsair Vengeance DDR5 64GB (2x32GB) 6400MHz CL32,RAM - Bộ nhớ trong,Corsair,1,6490000,7500000,6490000,4,"Thiết kế đẹp, chạy mát, dịch vụ chăm sóc khách hàng khá tốt."
ORI-003402,ORD-250914-2523,SSD-001,SAMSUNG-980-PRO-2TB,SSD Samsung 980 Pro 2TB NVMe M.2 PCIe Gen4,SSD - Ổ cứng thể rắn,Samsung,1,3490000,3900000,3490000,3,"Sản phẩm bình thường, không quá nổi bật, dịch vụ giao hàng ở mức trung bình."
ORI-003403,ORD-250914-2523,PSU-003,COOLERMASTER-V750-GOLD,Nguồn Cooler Master MWE Gold 750W 80 Plus Gold Full Modular,PSU - Nguồn máy tính,Cooler Master,1,2490000,2900000,2490000,4,"Sản phẩm tốt, nhân viên tư vấn nhiệt tình, sẽ tiếp tục ủng hộ."
ORI-003404,ORD-260120-2524,COOL-003,DEEPCOOL-AK620-DIGITAL,"Tản nhiệt khí DeepCool AK620 Digital (Dual Tower, 2x120mm)",Tản nhiệt - Cooling,Deepcool,1,1490000,1800000,1490000,5,"Hàng chuẩn GearVN, nguyên seal mới cứng, bảo hành đầy đủ. Vote 5 sao!"
ORI-003405,ORD-260120-2524,SSD-002,WD-BLACK-SN850X-1TB,SSD WD Black SN850X 1TB NVMe M.2 PCIe Gen4,SSD - Ổ cứng thể rắn,Western Digital,1,2190000,2500000,2190000,5,"Thiết kế đẹp mắt, hiệu năng vượt trội so với tầm giá. Rất hài lòng!"
ORI-003406,ORD-260307-2525,CPU-003,INTEL-I5-14600K,"CPU Intel Core i5-14600K (3.5GHz Turbo 5.3GHz, 14 nhân 20 luồng)",CPU - Bộ vi xử lý,Intel,1,5490000,6200000,5490000,4,"Sản phẩm dùng tốt, đúng mô tả, tuy nhiên giao hàng hơi trễ 1 ngày."
ORI-003407,ORD-250920-2526,GPU-002,MSI-RTX4080-SUPER-16G,VGA MSI GeForce RTX 4080 Super 16GB Gaming X Slim,VGA - Card màn hình,MSI,1,26990000,30000000,26990000,1,"Giao hàng quá chậm (mất 7 ngày), hàng móp méo hư hại nghiêm trọng."
ORI-003408,ORD-260519-2527,MB-004,ASUS-TUF-B760M-PLUS-WIFI,"Mainboard ASUS TUF Gaming B760M-Plus WiFi (LGA 1700, DDR5, mATX)",Mainboard - Bo mạch chủ,ASUS,1,3990000,4500000,3990000,3,"Sản phẩm bình thường, không quá nổi bật, dịch vụ giao hàng ở mức trung bình."
ORI-003409,ORD-251218-2528,SSD-004,CRUCIAL-P5-PLUS-500GB,SSD Crucial P5 Plus 500GB NVMe M.2 PCIe Gen4,SSD - Ổ cứng thể rắn,Crucial,1,990000,1200000,990000,5,"Hàng chuẩn GearVN, nguyên seal mới cứng, bảo hành đầy đủ. Vote 5 sao!"
ORI-003410,ORD-251218-2528,GPU-002,MSI-RTX4080-SUPER-16G,VGA MSI GeForce RTX 4080 Super 16GB Gaming X Slim,VGA - Card màn hình,MSI,1,26990000,30000000,26990000,4,"Chất lượng ổn áp, chạy ngon lành, đóng gói kỹ càng."
ORI-003411,ORD-260221-2529,CPU-005,AMD-R7-7700X,"CPU AMD Ryzen 7 7700X (4.5GHz Turbo 5.4GHz, 8 nhân 16 luồng)",CPU - Bộ vi xử lý,AMD,1,6890000,7500000,6890000,5,"Sản phẩm cực kỳ chất lượng, đóng gói cẩn thận, giao hàng nhanh."
ORI-003412,ORD-260221-2529,HDD-001,SEAGATE-BARRACUDA-4TB,"Ổ cứng HDD Seagate Barracuda 4TB 3.5"" SATA 5400RPM",HDD - Ổ cứng cơ,Seagate,1,2190000,2500000,2190000,5,"Hàng chuẩn GearVN, nguyên seal mới cứng, bảo hành đầy đủ. Vote 5 sao!"
ORI-003413,ORD-251215-2530,CASE-002,JONSBO-D41-MESH,"Vỏ Case Jonsbo D41 Mesh Screen (Mid Tower, ATX, Màn hình LCD)",Case - Vỏ máy tính,Jonsbo,1,2290000,2600000,2290000,5,"Rất đáng tiền, chạy mượt mà, chính hãng 100%."
ORI-003414,ORD-250926-2531,PSU-001,CORSAIR-HX1000I-1000W,Nguồn Corsair HX1000i 1000W 80 Plus Platinum Full Modular,PSU - Nguồn máy tính,Corsair,1,4990000,5500000,4990000,5,"Rất đáng tiền, chạy mượt mà, chính hãng 100%."
ORI-003415,ORD-250926-2531,HEADSET-001,CORSAIR-VIRTUOSO-RGB-XT,Tai nghe gaming Corsair Virtuoso RGB Wireless XT,Tai nghe - Headset,Corsair,1,4290000,5000000,4290000,5,"Hàng chuẩn GearVN, nguyên seal mới cứng, bảo hành đầy đủ. Vote 5 sao!"
ORI-003416,ORD-250912-2532,MB-003,GIGABYTE-X670E-AORUS-MASTER,"Mainboard GIGABYTE X670E AORUS Master (AM5, DDR5, ATX)",Mainboard - Bo mạch chủ,GIGABYTE,1,11490000,13000000,11490000,5,"Thiết kế đẹp mắt, hiệu năng vượt trội so với tầm giá. Rất hài lòng!"
ORI-003417,ORD-250912-2532,PSU-003,COOLERMASTER-V750-GOLD,Nguồn Cooler Master MWE Gold 750W 80 Plus Gold Full Modular,PSU - Nguồn máy tính,Cooler Master,1,2490000,2900000,2490000,5,"Rất đáng tiền, chạy mượt mà, chính hãng 100%."
ORI-003418,ORD-251103-2533,MOUSE-002,RAZER-DEATHADDER-V3-HTE,Chuột gaming Razer DeathAdder V3 HyperSpeed (Không dây),Chuột - Mouse,Razer,1,1890000,2200000,1890000,5,"Lắp đặt dễ dàng, chạy êm ái và mát mẻ. Shop hỗ trợ nhiệt tình."
ORI-003419,ORD-250808-2534,GPU-005,MSI-RTX4060-TI-8G-VENTUS,VGA MSI GeForce RTX 4060 Ti 8G Ventus 2X OC,VGA - Card màn hình,MSI,1,9490000,11000000,9490000,5,"Thiết kế đẹp mắt, hiệu năng vượt trội so với tầm giá. Rất hài lòng!"
ORI-003420,ORD-260524-2535,RAM-002,GSKILL-DDR5-32GB-6000,RAM G.Skill Trident Z5 RGB DDR5 32GB (2x16GB) 6000MHz CL30,RAM - Bộ nhớ trong,G.Skill,1,3690000,4200000,3690000,5,"Rất đáng tiền, chạy mượt mà, chính hãng 100%."
ORI-003421,ORD-260524-2535,GPU-005,MSI-RTX4060-TI-8G-VENTUS,VGA MSI GeForce RTX 4060 Ti 8G Ventus 2X OC,VGA - Card màn hình,MSI,1,9490000,11000000,9490000,5,"Sản phẩm cực kỳ chất lượng, đóng gói cẩn thận, giao hàng nhanh."
ORI-003422,ORD-250813-2536,CPU-002,INTEL-I7-14700K,"CPU Intel Core i7-14700K (3.4GHz Turbo 5.6GHz, 20 nhân 28 luồng)",CPU - Bộ vi xử lý,Intel,1,8490000,9500000,8490000,5,"Rất đáng tiền, chạy mượt mà, chính hãng 100%."
ORI-003423,ORD-250813-2536,GPU-001,ASUS-ROG-RTX4090-24G,VGA ASUS ROG Strix GeForce RTX 4090 24GB GDDR6X OC,VGA - Card màn hình,ASUS,1,52990000,58000000,52990000,5,"Rất đáng tiền, chạy mượt mà, chính hãng 100%."
ORI-003424,ORD-260124-2537,MB-004,ASUS-TUF-B760M-PLUS-WIFI,"Mainboard ASUS TUF Gaming B760M-Plus WiFi (LGA 1700, DDR5, mATX)",Mainboard - Bo mạch chủ,ASUS,1,3990000,4500000,3990000,5,"Hàng chuẩn GearVN, nguyên seal mới cứng, bảo hành đầy đủ. Vote 5 sao!"
ORI-003425,ORD-260124-2537,COOL-001,CORSAIR-H150I-ELITE-360MM,Tản nhiệt nước AIO Corsair iCUE H150i Elite LCD 360mm,Tản nhiệt - Cooling,Corsair,1,4490000,5000000,4490000,2,"Giao sai phiên bản màu sắc, đang chờ shop đổi trả."
ORI-003426,ORD-260104-2538,CPU-005,AMD-R7-7700X,"CPU AMD Ryzen 7 7700X (4.5GHz Turbo 5.4GHz, 8 nhân 16 luồng)",CPU - Bộ vi xử lý,AMD,1,6890000,7500000,6890000,4,"Sản phẩm tốt, nhân viên tư vấn nhiệt tình, sẽ tiếp tục ủng hộ."
ORI-003427,ORD-260322-2539,KB-002,RAZER-BLACKWIDOW-V4-75,Bàn phím cơ Razer BlackWidow V4 75% (Razer Yellow Switch),Bàn phím - Keyboard,Razer,1,3290000,3800000,3290000,3,"Hiệu năng đủ dùng cho tác vụ cơ bản, nhiệt độ hơi ấm khi tải nặng."
ORI-003428,ORD-260617-2540,MONITOR-002,SAMSUNG-ODYSSEY-G7-32-4K,"Màn hình Samsung Odyssey G7 32"" 4K UHD 144Hz IPS",Màn hình - Monitor,Samsung,1,12990000,15000000,12990000,,
ORI-003429,ORD-260127-2541,RAM-004,CORSAIR-DDR5-64GB-6400,RAM Corsair Vengeance DDR5 64GB (2x32GB) 6400MHz CL32,RAM - Bộ nhớ trong,Corsair,1,6490000,7500000,6490000,5,"Rất đáng tiền, chạy mượt mà, chính hãng 100%."
ORI-003430,ORD-260205-2542,HEADSET-001,CORSAIR-VIRTUOSO-RGB-XT,Tai nghe gaming Corsair Virtuoso RGB Wireless XT,Tai nghe - Headset,Corsair,1,4290000,5000000,4290000,2,"Hiệu năng không đúng như quảng cáo, hay bị sụt nguồn đột ngột."
ORI-003431,ORD-260205-2542,CPU-004,AMD-R9-7950X,"CPU AMD Ryzen 9 7950X (4.5GHz Turbo 5.7GHz, 16 nhân 32 luồng)",CPU - Bộ vi xử lý,AMD,1,13490000,15000000,13490000,5,"Rất đáng tiền, chạy mượt mà, chính hãng 100%."
ORI-003432,ORD-251211-2543,CPU-001,INTEL-I9-14900K,"CPU Intel Core i9-14900K (3.2GHz Turbo 6.0GHz, 24 nhân 32 luồng)",CPU - Bộ vi xử lý,Intel,1,12990000,14500000,12990000,5,"Thiết kế đẹp mắt, hiệu năng vượt trội so với tầm giá. Rất hài lòng!"
ORI-003433,ORD-260424-2544,CPU-006,INTEL-I3-14100F,"CPU Intel Core i3-14100F (3.5GHz Turbo 4.7GHz, 4 nhân 8 luồng)",CPU - Bộ vi xử lý,Intel,1,2490000,2800000,2490000,5,"Sản phẩm cực kỳ chất lượng, đóng gói cẩn thận, giao hàng nhanh."
ORI-003434,ORD-260424-2544,PSU-001,CORSAIR-HX1000I-1000W,Nguồn Corsair HX1000i 1000W 80 Plus Platinum Full Modular,PSU - Nguồn máy tính,Corsair,1,4990000,5500000,4990000,3,"Hiệu năng đủ dùng cho tác vụ cơ bản, nhiệt độ hơi ấm khi tải nặng."
ORI-003435,ORD-251025-2545,MB-002,MSI-MAG-Z790-TOMAHAWK,"Mainboard MSI MAG Z790 Tomahawk WiFi (LGA 1700, DDR5, ATX)",Mainboard - Bo mạch chủ,MSI,1,6990000,7800000,6990000,5,"Hàng chuẩn GearVN, nguyên seal mới cứng, bảo hành đầy đủ. Vote 5 sao!"
ORI-003436,ORD-251025-2545,RAM-001,CORSAIR-DDR5-32GB-6000,RAM Corsair Dominator Titanium DDR5 32GB (2x16GB) 6000MHz,RAM - Bộ nhớ trong,Corsair,1,3990000,4500000,3990000,5,"Rất đáng tiền, chạy mượt mà, chính hãng 100%."
ORI-003437,ORD-260120-2546,KB-002,RAZER-BLACKWIDOW-V4-75,Bàn phím cơ Razer BlackWidow V4 75% (Razer Yellow Switch),Bàn phím - Keyboard,Razer,1,3290000,3800000,3290000,5,"Lắp đặt dễ dàng, chạy êm ái và mát mẻ. Shop hỗ trợ nhiệt tình."
ORI-003438,ORD-250707-2547,CHAIR-001,SECRETLAB-TITAN-EVO-2022,"Ghế gaming Secretlab Titan Evo 2022 (SoftWeave Plus, Medium)",Ghế gaming - Gaming Chair,Secretlab,1,12990000,14500000,12990000,5,"Thiết kế đẹp mắt, hiệu năng vượt trội so với tầm giá. Rất hài lòng!"
ORI-003439,ORD-250813-2548,MB-002,MSI-MAG-Z790-TOMAHAWK,"Mainboard MSI MAG Z790 Tomahawk WiFi (LGA 1700, DDR5, ATX)",Mainboard - Bo mạch chủ,MSI,1,6990000,7800000,6990000,5,"Lắp đặt dễ dàng, chạy êm ái và mát mẻ. Shop hỗ trợ nhiệt tình."
ORI-003440,ORD-260202-2549,SSD-002,WD-BLACK-SN850X-1TB,SSD WD Black SN850X 1TB NVMe M.2 PCIe Gen4,SSD - Ổ cứng thể rắn,Western Digital,1,2190000,2500000,2190000,5,"Thiết kế đẹp mắt, hiệu năng vượt trội so với tầm giá. Rất hài lòng!"
ORI-003441,ORD-260120-2550,CASE-001,LIANLI-PC-O11D-EVO,"Vỏ Case Lian Li PC-O11 Dynamic Evo (Mid Tower, ATX)",Case - Vỏ máy tính,Lian Li,1,3490000,3900000,3490000,5,"Thiết kế đẹp mắt, hiệu năng vượt trội so với tầm giá. Rất hài lòng!"
ORI-003442,ORD-260419-2551,COOL-002,THERMALRIGHT-PHANTOM-SPIRIT-120,Tản nhiệt khí Thermalright Phantom Spirit 120 SE ARGB,Tản nhiệt - Cooling,Thermalright,1,990000,1200000,990000,5,"Sản phẩm cực kỳ chất lượng, đóng gói cẩn thận, giao hàng nhanh."
ORI-003443,ORD-260129-2552,HEADSET-001,CORSAIR-VIRTUOSO-RGB-XT,Tai nghe gaming Corsair Virtuoso RGB Wireless XT,Tai nghe - Headset,Corsair,1,4290000,5000000,4290000,4,"Sản phẩm tốt, nhân viên tư vấn nhiệt tình, sẽ tiếp tục ủng hộ."
ORI-003444,ORD-260129-2552,SSD-002,WD-BLACK-SN850X-1TB,SSD WD Black SN850X 1TB NVMe M.2 PCIe Gen4,SSD - Ổ cứng thể rắn,Western Digital,1,2190000,2500000,2190000,2,"Hiệu năng không đúng như quảng cáo, hay bị sụt nguồn đột ngột."
ORI-003445,ORD-250825-2553,MB-003,GIGABYTE-X670E-AORUS-MASTER,"Mainboard GIGABYTE X670E AORUS Master (AM5, DDR5, ATX)",Mainboard - Bo mạch chủ,GIGABYTE,1,11490000,13000000,11490000,4,"Chất lượng ổn áp, chạy ngon lành, đóng gói kỹ càng."
ORI-003446,ORD-251114-2554,COOL-003,DEEPCOOL-AK620-DIGITAL,"Tản nhiệt khí DeepCool AK620 Digital (Dual Tower, 2x120mm)",Tản nhiệt - Cooling,Deepcool,1,1490000,1800000,1490000,4,"Sản phẩm tốt, nhân viên tư vấn nhiệt tình, sẽ tiếp tục ủng hộ."
ORI-003447,ORD-251230-2555,CHAIR-001,SECRETLAB-TITAN-EVO-2022,"Ghế gaming Secretlab Titan Evo 2022 (SoftWeave Plus, Medium)",Ghế gaming - Gaming Chair,Secretlab,1,12990000,14500000,12990000,5,"Hàng chuẩn GearVN, nguyên seal mới cứng, bảo hành đầy đủ. Vote 5 sao!"
ORI-003448,ORD-260202-2556,FAN-002,NOCTUA-NF-A12X25-PWM,Fan Case Noctua NF-A12x25 PWM 120mm (Hiệu suất cao),Fan - Quạt tản nhiệt,Noctua,1,990000,1200000,990000,4,"Sản phẩm dùng tốt, đúng mô tả, tuy nhiên giao hàng hơi trễ 1 ngày."
ORI-003449,ORD-260221-2557,GPU-003,GIGABYTE-RTX4070-SUPER-12G,VGA GIGABYTE GeForce RTX 4070 Super Gaming OC 12GB,VGA - Card màn hình,GIGABYTE,1,16490000,18500000,16490000,3,"Dùng tạm ổn, nhưng vỏ hộp hơi móp méo khi vận chuyển."
ORI-003450,ORD-260430-2558,FAN-001,LIANLI-UNI-FAN-AL120-3PACK,"Fan Case Lian Li UNI FAN AL120 RGB (3-Pack, Daisy-chain)",Fan - Quạt tản nhiệt,Lian Li,1,1490000,1800000,1490000,5,"Rất đáng tiền, chạy mượt mà, chính hãng 100%."
ORI-003451,ORD-260408-2559,SSD-001,SAMSUNG-980-PRO-2TB,SSD Samsung 980 Pro 2TB NVMe M.2 PCIe Gen4,SSD - Ổ cứng thể rắn,Samsung,1,3490000,3900000,3490000,5,"Lắp đặt dễ dàng, chạy êm ái và mát mẻ. Shop hỗ trợ nhiệt tình."
ORI-003452,ORD-260408-2559,CASE-001,LIANLI-PC-O11D-EVO,"Vỏ Case Lian Li PC-O11 Dynamic Evo (Mid Tower, ATX)",Case - Vỏ máy tính,Lian Li,1,3490000,3900000,3490000,5,"Sản phẩm cực kỳ chất lượng, đóng gói cẩn thận, giao hàng nhanh."
ORI-003453,ORD-250805-2560,PSU-001,CORSAIR-HX1000I-1000W,Nguồn Corsair HX1000i 1000W 80 Plus Platinum Full Modular,PSU - Nguồn máy tính,Corsair,1,4990000,5500000,4990000,5,"Rất đáng tiền, chạy mượt mà, chính hãng 100%."
ORI-003454,ORD-250803-2561,SSD-002,WD-BLACK-SN850X-1TB,SSD WD Black SN850X 1TB NVMe M.2 PCIe Gen4,SSD - Ổ cứng thể rắn,Western Digital,1,2190000,2500000,2190000,5,"Rất đáng tiền, chạy mượt mà, chính hãng 100%."
ORI-003455,ORD-250803-2561,CPU-003,INTEL-I5-14600K,"CPU Intel Core i5-14600K (3.5GHz Turbo 5.3GHz, 14 nhân 20 luồng)",CPU - Bộ vi xử lý,Intel,1,5490000,6200000,5490000,5,"Sản phẩm cực kỳ chất lượng, đóng gói cẩn thận, giao hàng nhanh."
ORI-003456,ORD-260225-2562,FAN-001,LIANLI-UNI-FAN-AL120-3PACK,"Fan Case Lian Li UNI FAN AL120 RGB (3-Pack, Daisy-chain)",Fan - Quạt tản nhiệt,Lian Li,1,1490000,1800000,1490000,2,"Giao sai phiên bản màu sắc, đang chờ shop đổi trả."
ORI-003457,ORD-260225-2562,RAM-003,KINGSTON-FURY-DDR4-16GB-3200,RAM Kingston Fury Beast DDR4 16GB (2x8GB) 3200MHz,RAM - Bộ nhớ trong,Kingston,1,1290000,1500000,1290000,5,"Lắp đặt dễ dàng, chạy êm ái và mát mẻ. Shop hỗ trợ nhiệt tình."
ORI-003458,ORD-251213-2563,CPU-001,INTEL-I9-14900K,"CPU Intel Core i9-14900K (3.2GHz Turbo 6.0GHz, 24 nhân 32 luồng)",CPU - Bộ vi xử lý,Intel,1,12990000,14500000,12990000,4,"Thiết kế đẹp, chạy mát, dịch vụ chăm sóc khách hàng khá tốt."
ORI-003459,ORD-250718-2564,GPU-003,GIGABYTE-RTX4070-SUPER-12G,VGA GIGABYTE GeForce RTX 4070 Super Gaming OC 12GB,VGA - Card màn hình,GIGABYTE,1,16490000,18500000,16490000,5,"Sản phẩm cực kỳ chất lượng, đóng gói cẩn thận, giao hàng nhanh."
ORI-003460,ORD-250718-2564,MONITOR-001,LG-27GP850P-27-QHD-165HZ,"Màn hình LG UltraGear 27GP850P-B 27"" QHD IPS 165Hz 1ms",Màn hình - Monitor,LG,1,8990000,10500000,8990000,5,"Thiết kế đẹp mắt, hiệu năng vượt trội so với tầm giá. Rất hài lòng!"
ORI-003461,ORD-250813-2565,CPU-006,INTEL-I3-14100F,"CPU Intel Core i3-14100F (3.5GHz Turbo 4.7GHz, 4 nhân 8 luồng)",CPU - Bộ vi xử lý,Intel,1,2490000,2800000,2490000,3,"Hiệu năng đủ dùng cho tác vụ cơ bản, nhiệt độ hơi ấm khi tải nặng."
ORI-003462,ORD-260131-2566,COOL-001,CORSAIR-H150I-ELITE-360MM,Tản nhiệt nước AIO Corsair iCUE H150i Elite LCD 360mm,Tản nhiệt - Cooling,Corsair,1,4490000,5000000,4490000,4,"Thiết kế đẹp, chạy mát, dịch vụ chăm sóc khách hàng khá tốt."
ORI-003463,ORD-250707-2567,CPU-001,INTEL-I9-14900K,"CPU Intel Core i9-14900K (3.2GHz Turbo 6.0GHz, 24 nhân 32 luồng)",CPU - Bộ vi xử lý,Intel,1,12990000,14500000,12990000,5,"Lắp đặt dễ dàng, chạy êm ái và mát mẻ. Shop hỗ trợ nhiệt tình."
ORI-003464,ORD-251216-2568,CASE-001,LIANLI-PC-O11D-EVO,"Vỏ Case Lian Li PC-O11 Dynamic Evo (Mid Tower, ATX)",Case - Vỏ máy tính,Lian Li,1,3490000,3900000,3490000,5,"Sản phẩm cực kỳ chất lượng, đóng gói cẩn thận, giao hàng nhanh."
ORI-003465,ORD-250906-2569,CHAIR-001,SECRETLAB-TITAN-EVO-2022,"Ghế gaming Secretlab Titan Evo 2022 (SoftWeave Plus, Medium)",Ghế gaming - Gaming Chair,Secretlab,1,12990000,14500000,12990000,4,"Sản phẩm tốt, nhân viên tư vấn nhiệt tình, sẽ tiếp tục ủng hộ."
ORI-003466,ORD-251007-2570,RAM-001,CORSAIR-DDR5-32GB-6000,RAM Corsair Dominator Titanium DDR5 32GB (2x16GB) 6000MHz,RAM - Bộ nhớ trong,Corsair,1,3990000,4500000,3990000,5,"Sản phẩm cực kỳ chất lượng, đóng gói cẩn thận, giao hàng nhanh."
ORI-003467,ORD-250923-2571,RAM-001,CORSAIR-DDR5-32GB-6000,RAM Corsair Dominator Titanium DDR5 32GB (2x16GB) 6000MHz,RAM - Bộ nhớ trong,Corsair,1,3990000,4500000,3990000,5,"Sản phẩm cực kỳ chất lượng, đóng gói cẩn thận, giao hàng nhanh."
ORI-003468,ORD-250923-2571,GPU-001,ASUS-ROG-RTX4090-24G,VGA ASUS ROG Strix GeForce RTX 4090 24GB GDDR6X OC,VGA - Card màn hình,ASUS,1,52990000,58000000,52990000,5,"Thiết kế đẹp mắt, hiệu năng vượt trội so với tầm giá. Rất hài lòng!"
ORI-003469,ORD-251018-2572,SSD-001,SAMSUNG-980-PRO-2TB,SSD Samsung 980 Pro 2TB NVMe M.2 PCIe Gen4,SSD - Ổ cứng thể rắn,Samsung,1,3490000,3900000,3490000,5,"Thiết kế đẹp mắt, hiệu năng vượt trội so với tầm giá. Rất hài lòng!"
ORI-003470,ORD-251018-2572,GPU-005,MSI-RTX4060-TI-8G-VENTUS,VGA MSI GeForce RTX 4060 Ti 8G Ventus 2X OC,VGA - Card màn hình,MSI,1,9490000,11000000,9490000,5,"Sản phẩm cực kỳ chất lượng, đóng gói cẩn thận, giao hàng nhanh."
ORI-003471,ORD-251227-2573,KB-001,CORSAIR-K100-RGB-OPX,Bàn phím cơ Corsair K100 RGB Optical-Mechanical (OPX Switch),Bàn phím - Keyboard,Corsair,1,5490000,6000000,5490000,4,"Thiết kế đẹp, chạy mát, dịch vụ chăm sóc khách hàng khá tốt."
ORI-003472,ORD-250907-2574,COOL-003,DEEPCOOL-AK620-DIGITAL,"Tản nhiệt khí DeepCool AK620 Digital (Dual Tower, 2x120mm)",Tản nhiệt - Cooling,Deepcool,1,1490000,1800000,1490000,5,"Hàng chuẩn GearVN, nguyên seal mới cứng, bảo hành đầy đủ. Vote 5 sao!"
ORI-003473,ORD-260124-2575,COOL-003,DEEPCOOL-AK620-DIGITAL,"Tản nhiệt khí DeepCool AK620 Digital (Dual Tower, 2x120mm)",Tản nhiệt - Cooling,Deepcool,1,1490000,1800000,1490000,5,"Thiết kế đẹp mắt, hiệu năng vượt trội so với tầm giá. Rất hài lòng!"
ORI-003474,ORD-260124-2575,CPU-006,INTEL-I3-14100F,"CPU Intel Core i3-14100F (3.5GHz Turbo 4.7GHz, 4 nhân 8 luồng)",CPU - Bộ vi xử lý,Intel,1,2490000,2800000,2490000,5,"Lắp đặt dễ dàng, chạy êm ái và mát mẻ. Shop hỗ trợ nhiệt tình."
ORI-003475,ORD-251104-2576,GPU-003,GIGABYTE-RTX4070-SUPER-12G,VGA GIGABYTE GeForce RTX 4070 Super Gaming OC 12GB,VGA - Card màn hình,GIGABYTE,1,16490000,18500000,16490000,5,"Lắp đặt dễ dàng, chạy êm ái và mát mẻ. Shop hỗ trợ nhiệt tình."
ORI-003476,ORD-260423-2577,COOL-003,DEEPCOOL-AK620-DIGITAL,"Tản nhiệt khí DeepCool AK620 Digital (Dual Tower, 2x120mm)",Tản nhiệt - Cooling,Deepcool,1,1490000,1800000,1490000,5,"Hàng chuẩn GearVN, nguyên seal mới cứng, bảo hành đầy đủ. Vote 5 sao!"
ORI-003477,ORD-260423-2577,FAN-002,NOCTUA-NF-A12X25-PWM,Fan Case Noctua NF-A12x25 PWM 120mm (Hiệu suất cao),Fan - Quạt tản nhiệt,Noctua,1,990000,1200000,990000,4,"Hiệu năng tốt trong tầm giá, dùng mượt mà không lỗi lầm gì."
ORI-003478,ORD-260411-2578,CPU-006,INTEL-I3-14100F,"CPU Intel Core i3-14100F (3.5GHz Turbo 4.7GHz, 4 nhân 8 luồng)",CPU - Bộ vi xử lý,Intel,1,2490000,2800000,2490000,4,"Sản phẩm tốt, nhân viên tư vấn nhiệt tình, sẽ tiếp tục ủng hộ."
ORI-003479,ORD-250717-2579,GPU-001,ASUS-ROG-RTX4090-24G,VGA ASUS ROG Strix GeForce RTX 4090 24GB GDDR6X OC,VGA - Card màn hình,ASUS,1,52990000,58000000,52990000,,
ORI-003480,ORD-250916-2580,MB-002,MSI-MAG-Z790-TOMAHAWK,"Mainboard MSI MAG Z790 Tomahawk WiFi (LGA 1700, DDR5, ATX)",Mainboard - Bo mạch chủ,MSI,1,6990000,7800000,6990000,5,"Thiết kế đẹp mắt, hiệu năng vượt trội so với tầm giá. Rất hài lòng!"
ORI-003481,ORD-260520-2581,HDD-001,SEAGATE-BARRACUDA-4TB,"Ổ cứng HDD Seagate Barracuda 4TB 3.5"" SATA 5400RPM",HDD - Ổ cứng cơ,Seagate,1,2190000,2500000,2190000,4,"Sản phẩm tốt, nhân viên tư vấn nhiệt tình, sẽ tiếp tục ủng hộ."
ORI-003482,ORD-260217-2582,SSD-003,KINGSTON-KC3000-1TB,SSD Kingston KC3000 1TB NVMe M.2 PCIe Gen4,SSD - Ổ cứng thể rắn,Kingston,1,1890000,2200000,1890000,,
ORI-003483,ORD-260217-2582,MOUSE-001,LOGITECH-G-PRO-X-SUPERLIGHT2,"Chuột gaming Logitech G Pro X Superlight 2 (Không dây, 32000 DPI)",Chuột - Mouse,Logitech,1,3390000,3800000,3390000,,
ORI-003484,ORD-251214-2583,GPU-001,ASUS-ROG-RTX4090-24G,VGA ASUS ROG Strix GeForce RTX 4090 24GB GDDR6X OC,VGA - Card màn hình,ASUS,1,52990000,58000000,52990000,5,"Lắp đặt dễ dàng, chạy êm ái và mát mẻ. Shop hỗ trợ nhiệt tình."
ORI-003485,ORD-251214-2583,MB-002,MSI-MAG-Z790-TOMAHAWK,"Mainboard MSI MAG Z790 Tomahawk WiFi (LGA 1700, DDR5, ATX)",Mainboard - Bo mạch chủ,MSI,1,6990000,7800000,6990000,2,"Hiệu năng không đúng như quảng cáo, hay bị sụt nguồn đột ngột."
ORI-003486,ORD-260423-2584,GPU-003,GIGABYTE-RTX4070-SUPER-12G,VGA GIGABYTE GeForce RTX 4070 Super Gaming OC 12GB,VGA - Card màn hình,GIGABYTE,1,16490000,18500000,16490000,5,"Lắp đặt dễ dàng, chạy êm ái và mát mẻ. Shop hỗ trợ nhiệt tình."
ORI-003487,ORD-260423-2584,MB-001,ASUS-ROG-MAXIMUS-Z790,"Mainboard ASUS ROG Maximus Z790 Hero (LGA 1700, DDR5, ATX)",Mainboard - Bo mạch chủ,ASUS,1,15990000,18000000,15990000,5,"Hàng chuẩn GearVN, nguyên seal mới cứng, bảo hành đầy đủ. Vote 5 sao!"
ORI-003488,ORD-260104-2585,SSD-003,KINGSTON-KC3000-1TB,SSD Kingston KC3000 1TB NVMe M.2 PCIe Gen4,SSD - Ổ cứng thể rắn,Kingston,1,1890000,2200000,1890000,5,"Thiết kế đẹp mắt, hiệu năng vượt trội so với tầm giá. Rất hài lòng!"
ORI-003489,ORD-260523-2586,RAM-003,KINGSTON-FURY-DDR4-16GB-3200,RAM Kingston Fury Beast DDR4 16GB (2x8GB) 3200MHz,RAM - Bộ nhớ trong,Kingston,1,1290000,1500000,1290000,5,"Lắp đặt dễ dàng, chạy êm ái và mát mẻ. Shop hỗ trợ nhiệt tình."
ORI-003490,ORD-260416-2587,PSU-002,SEASONIC-FOCUS-GX-850,Nguồn Seasonic Focus GX 850W 80 Plus Gold Full Modular,PSU - Nguồn máy tính,Seasonic,1,3290000,3800000,3290000,5,"Rất đáng tiền, chạy mượt mà, chính hãng 100%."
ORI-003491,ORD-260416-2587,SSD-004,CRUCIAL-P5-PLUS-500GB,SSD Crucial P5 Plus 500GB NVMe M.2 PCIe Gen4,SSD - Ổ cứng thể rắn,Crucial,1,990000,1200000,990000,5,"Thiết kế đẹp mắt, hiệu năng vượt trội so với tầm giá. Rất hài lòng!"
ORI-003492,ORD-251113-2588,CPU-004,AMD-R9-7950X,"CPU AMD Ryzen 9 7950X (4.5GHz Turbo 5.7GHz, 16 nhân 32 luồng)",CPU - Bộ vi xử lý,AMD,1,13490000,15000000,13490000,5,"Thiết kế đẹp mắt, hiệu năng vượt trội so với tầm giá. Rất hài lòng!"
ORI-003493,ORD-260226-2589,SSD-001,SAMSUNG-980-PRO-2TB,SSD Samsung 980 Pro 2TB NVMe M.2 PCIe Gen4,SSD - Ổ cứng thể rắn,Samsung,1,3490000,3900000,3490000,4,"Thiết kế đẹp, chạy mát, dịch vụ chăm sóc khách hàng khá tốt."
ORI-003494,ORD-260318-2590,PSU-003,COOLERMASTER-V750-GOLD,Nguồn Cooler Master MWE Gold 750W 80 Plus Gold Full Modular,PSU - Nguồn máy tính,Cooler Master,1,2490000,2900000,2490000,5,"Hàng chuẩn GearVN, nguyên seal mới cứng, bảo hành đầy đủ. Vote 5 sao!"
ORI-003495,ORD-251228-2591,GPU-004,ASUS-RX7900XTX-24G,VGA ASUS TUF Gaming Radeon RX 7900 XTX OC 24GB,VGA - Card màn hình,ASUS,1,22990000,25000000,22990000,5,"Hàng chuẩn GearVN, nguyên seal mới cứng, bảo hành đầy đủ. Vote 5 sao!"
ORI-003496,ORD-260412-2592,PSU-002,SEASONIC-FOCUS-GX-850,Nguồn Seasonic Focus GX 850W 80 Plus Gold Full Modular,PSU - Nguồn máy tính,Seasonic,1,3290000,3800000,3290000,5,"Lắp đặt dễ dàng, chạy êm ái và mát mẻ. Shop hỗ trợ nhiệt tình."
ORI-003497,ORD-260108-2593,MONITOR-002,SAMSUNG-ODYSSEY-G7-32-4K,"Màn hình Samsung Odyssey G7 32"" 4K UHD 144Hz IPS",Màn hình - Monitor,Samsung,1,12990000,15000000,12990000,,
ORI-003498,ORD-260425-2594,RAM-003,KINGSTON-FURY-DDR4-16GB-3200,RAM Kingston Fury Beast DDR4 16GB (2x8GB) 3200MHz,RAM - Bộ nhớ trong,Kingston,1,1290000,1500000,1290000,5,"Lắp đặt dễ dàng, chạy êm ái và mát mẻ. Shop hỗ trợ nhiệt tình."
ORI-003499,ORD-260425-2594,PSU-001,CORSAIR-HX1000I-1000W,Nguồn Corsair HX1000i 1000W 80 Plus Platinum Full Modular,PSU - Nguồn máy tính,Corsair,1,4990000,5500000,4990000,3,"Dùng tạm ổn, nhưng vỏ hộp hơi móp méo khi vận chuyển."
ORI-003500,ORD-251213-2595,CHAIR-001,SECRETLAB-TITAN-EVO-2022,"Ghế gaming Secretlab Titan Evo 2022 (SoftWeave Plus, Medium)",Ghế gaming - Gaming Chair,Secretlab,1,12990000,14500000,12990000,4,"Hiệu năng tốt trong tầm giá, dùng mượt mà không lỗi lầm gì."
ORI-003501,ORD-251213-2595,HDD-002,WD-RED-PLUS-8TB,"Ổ cứng HDD WD Red Plus 8TB 3.5"" SATA NAS",HDD - Ổ cứng cơ,Western Digital,1,4490000,5200000,4490000,5,"Sản phẩm cực kỳ chất lượng, đóng gói cẩn thận, giao hàng nhanh."
ORI-003502,ORD-260123-2596,RAM-003,KINGSTON-FURY-DDR4-16GB-3200,RAM Kingston Fury Beast DDR4 16GB (2x8GB) 3200MHz,RAM - Bộ nhớ trong,Kingston,1,1290000,1500000,1290000,5,"Lắp đặt dễ dàng, chạy êm ái và mát mẻ. Shop hỗ trợ nhiệt tình."
ORI-003503,ORD-251203-2597,FAN-002,NOCTUA-NF-A12X25-PWM,Fan Case Noctua NF-A12x25 PWM 120mm (Hiệu suất cao),Fan - Quạt tản nhiệt,Noctua,1,990000,1200000,990000,4,"Sản phẩm dùng tốt, đúng mô tả, tuy nhiên giao hàng hơi trễ 1 ngày."
ORI-003504,ORD-251014-2598,CPU-006,INTEL-I3-14100F,"CPU Intel Core i3-14100F (3.5GHz Turbo 4.7GHz, 4 nhân 8 luồng)",CPU - Bộ vi xử lý,Intel,1,2490000,2800000,2490000,5,"Lắp đặt dễ dàng, chạy êm ái và mát mẻ. Shop hỗ trợ nhiệt tình."
ORI-003505,ORD-250831-2599,CPU-004,AMD-R9-7950X,"CPU AMD Ryzen 9 7950X (4.5GHz Turbo 5.7GHz, 16 nhân 32 luồng)",CPU - Bộ vi xử lý,AMD,1,13490000,15000000,13490000,5,"Hàng chuẩn GearVN, nguyên seal mới cứng, bảo hành đầy đủ. Vote 5 sao!"
ORI-003506,ORD-251026-2600,MONITOR-002,SAMSUNG-ODYSSEY-G7-32-4K,"Màn hình Samsung Odyssey G7 32"" 4K UHD 144Hz IPS",Màn hình - Monitor,Samsung,1,12990000,15000000,12990000,5,"Thiết kế đẹp mắt, hiệu năng vượt trội so với tầm giá. Rất hài lòng!"
ORI-003507,ORD-260215-2601,CPU-001,INTEL-I9-14900K,"CPU Intel Core i9-14900K (3.2GHz Turbo 6.0GHz, 24 nhân 32 luồng)",CPU - Bộ vi xử lý,Intel,1,12990000,14500000,12990000,5,"Rất đáng tiền, chạy mượt mà, chính hãng 100%."
ORI-003508,ORD-250809-2602,CPU-005,AMD-R7-7700X,"CPU AMD Ryzen 7 7700X (4.5GHz Turbo 5.4GHz, 8 nhân 16 luồng)",CPU - Bộ vi xử lý,AMD,1,6890000,7500000,6890000,5,"Sản phẩm cực kỳ chất lượng, đóng gói cẩn thận, giao hàng nhanh."
ORI-003509,ORD-250809-2602,HEADSET-001,CORSAIR-VIRTUOSO-RGB-XT,Tai nghe gaming Corsair Virtuoso RGB Wireless XT,Tai nghe - Headset,Corsair,1,4290000,5000000,4290000,4,"Hiệu năng tốt trong tầm giá, dùng mượt mà không lỗi lầm gì."
ORI-003510,ORD-250808-2603,PSU-001,CORSAIR-HX1000I-1000W,Nguồn Corsair HX1000i 1000W 80 Plus Platinum Full Modular,PSU - Nguồn máy tính,Corsair,1,4990000,5500000,4990000,5,"Rất đáng tiền, chạy mượt mà, chính hãng 100%."
ORI-003511,ORD-260208-2604,PSU-003,COOLERMASTER-V750-GOLD,Nguồn Cooler Master MWE Gold 750W 80 Plus Gold Full Modular,PSU - Nguồn máy tính,Cooler Master,1,2490000,2900000,2490000,5,"Rất đáng tiền, chạy mượt mà, chính hãng 100%."
ORI-003512,ORD-260103-2605,CPU-003,INTEL-I5-14600K,"CPU Intel Core i5-14600K (3.5GHz Turbo 5.3GHz, 14 nhân 20 luồng)",CPU - Bộ vi xử lý,Intel,1,5490000,6200000,5490000,,
ORI-003513,ORD-250927-2606,PSU-003,COOLERMASTER-V750-GOLD,Nguồn Cooler Master MWE Gold 750W 80 Plus Gold Full Modular,PSU - Nguồn máy tính,Cooler Master,1,2490000,2900000,2490000,5,"Rất đáng tiền, chạy mượt mà, chính hãng 100%."
ORI-003514,ORD-251117-2607,MOUSE-002,RAZER-DEATHADDER-V3-HTE,Chuột gaming Razer DeathAdder V3 HyperSpeed (Không dây),Chuột - Mouse,Razer,1,1890000,2200000,1890000,5,"Rất đáng tiền, chạy mượt mà, chính hãng 100%."
ORI-003515,ORD-251117-2607,PSU-003,COOLERMASTER-V750-GOLD,Nguồn Cooler Master MWE Gold 750W 80 Plus Gold Full Modular,PSU - Nguồn máy tính,Cooler Master,1,2490000,2900000,2490000,5,"Sản phẩm cực kỳ chất lượng, đóng gói cẩn thận, giao hàng nhanh."
ORI-003516,ORD-250728-2608,MOUSE-002,RAZER-DEATHADDER-V3-HTE,Chuột gaming Razer DeathAdder V3 HyperSpeed (Không dây),Chuột - Mouse,Razer,1,1890000,2200000,1890000,5,"Sản phẩm cực kỳ chất lượng, đóng gói cẩn thận, giao hàng nhanh."
ORI-003517,ORD-260117-2609,MONITOR-002,SAMSUNG-ODYSSEY-G7-32-4K,"Màn hình Samsung Odyssey G7 32"" 4K UHD 144Hz IPS",Màn hình - Monitor,Samsung,1,12990000,15000000,12990000,5,"Rất đáng tiền, chạy mượt mà, chính hãng 100%."
ORI-003518,ORD-251109-2610,PSU-003,COOLERMASTER-V750-GOLD,Nguồn Cooler Master MWE Gold 750W 80 Plus Gold Full Modular,PSU - Nguồn máy tính,Cooler Master,1,2490000,2900000,2490000,5,"Thiết kế đẹp mắt, hiệu năng vượt trội so với tầm giá. Rất hài lòng!"
ORI-003519,ORD-251109-2610,CPU-003,INTEL-I5-14600K,"CPU Intel Core i5-14600K (3.5GHz Turbo 5.3GHz, 14 nhân 20 luồng)",CPU - Bộ vi xử lý,Intel,1,5490000,6200000,5490000,1,"Hàng cũ đóng lại seal, chạy lỗi liên tục, bảo hành rất phiền phức. Không nên mua."
ORI-003520,ORD-251225-2611,MOUSE-001,LOGITECH-G-PRO-X-SUPERLIGHT2,"Chuột gaming Logitech G Pro X Superlight 2 (Không dây, 32000 DPI)",Chuột - Mouse,Logitech,1,3390000,3800000,3390000,5,"Rất đáng tiền, chạy mượt mà, chính hãng 100%."
ORI-003521,ORD-251208-2612,RAM-001,CORSAIR-DDR5-32GB-6000,RAM Corsair Dominator Titanium DDR5 32GB (2x16GB) 6000MHz,RAM - Bộ nhớ trong,Corsair,1,3990000,4500000,3990000,5,"Thiết kế đẹp mắt, hiệu năng vượt trội so với tầm giá. Rất hài lòng!"
ORI-003522,ORD-260520-2613,MB-002,MSI-MAG-Z790-TOMAHAWK,"Mainboard MSI MAG Z790 Tomahawk WiFi (LGA 1700, DDR5, ATX)",Mainboard - Bo mạch chủ,MSI,1,6990000,7800000,6990000,5,"Hàng chuẩn GearVN, nguyên seal mới cứng, bảo hành đầy đủ. Vote 5 sao!"
ORI-003523,ORD-260520-2613,PSU-002,SEASONIC-FOCUS-GX-850,Nguồn Seasonic Focus GX 850W 80 Plus Gold Full Modular,PSU - Nguồn máy tính,Seasonic,1,3290000,3800000,3290000,5,"Rất đáng tiền, chạy mượt mà, chính hãng 100%."
ORI-003524,ORD-260212-2614,MONITOR-001,LG-27GP850P-27-QHD-165HZ,"Màn hình LG UltraGear 27GP850P-B 27"" QHD IPS 165Hz 1ms",Màn hình - Monitor,LG,1,8990000,10500000,8990000,4,"Thiết kế đẹp, chạy mát, dịch vụ chăm sóc khách hàng khá tốt."
ORI-003525,ORD-260212-2614,KB-001,CORSAIR-K100-RGB-OPX,Bàn phím cơ Corsair K100 RGB Optical-Mechanical (OPX Switch),Bàn phím - Keyboard,Corsair,1,5490000,6000000,5490000,4,"Thiết kế đẹp, chạy mát, dịch vụ chăm sóc khách hàng khá tốt."
ORI-003526,ORD-260226-2615,PSU-003,COOLERMASTER-V750-GOLD,Nguồn Cooler Master MWE Gold 750W 80 Plus Gold Full Modular,PSU - Nguồn máy tính,Cooler Master,1,2490000,2900000,2490000,5,"Sản phẩm cực kỳ chất lượng, đóng gói cẩn thận, giao hàng nhanh."
ORI-003527,ORD-260226-2615,MOUSE-002,RAZER-DEATHADDER-V3-HTE,Chuột gaming Razer DeathAdder V3 HyperSpeed (Không dây),Chuột - Mouse,Razer,1,1890000,2200000,1890000,5,"Thiết kế đẹp mắt, hiệu năng vượt trội so với tầm giá. Rất hài lòng!"
ORI-003528,ORD-260505-2616,MONITOR-001,LG-27GP850P-27-QHD-165HZ,"Màn hình LG UltraGear 27GP850P-B 27"" QHD IPS 165Hz 1ms",Màn hình - Monitor,LG,1,8990000,10500000,8990000,5,"Sản phẩm cực kỳ chất lượng, đóng gói cẩn thận, giao hàng nhanh."
ORI-003529,ORD-251218-2617,MB-004,ASUS-TUF-B760M-PLUS-WIFI,"Mainboard ASUS TUF Gaming B760M-Plus WiFi (LGA 1700, DDR5, mATX)",Mainboard - Bo mạch chủ,ASUS,1,3990000,4500000,3990000,3,"Sản phẩm bình thường, không quá nổi bật, dịch vụ giao hàng ở mức trung bình."
ORI-003530,ORD-251218-2617,CPU-005,AMD-R7-7700X,"CPU AMD Ryzen 7 7700X (4.5GHz Turbo 5.4GHz, 8 nhân 16 luồng)",CPU - Bộ vi xử lý,AMD,1,6890000,7500000,6890000,5,"Thiết kế đẹp mắt, hiệu năng vượt trội so với tầm giá. Rất hài lòng!"
ORI-003531,ORD-250814-2618,PSU-001,CORSAIR-HX1000I-1000W,Nguồn Corsair HX1000i 1000W 80 Plus Platinum Full Modular,PSU - Nguồn máy tính,Corsair,1,4990000,5500000,4990000,4,"Hiệu năng tốt trong tầm giá, dùng mượt mà không lỗi lầm gì."
ORI-003532,ORD-251128-2619,CPU-001,INTEL-I9-14900K,"CPU Intel Core i9-14900K (3.2GHz Turbo 6.0GHz, 24 nhân 32 luồng)",CPU - Bộ vi xử lý,Intel,1,12990000,14500000,12990000,4,"Hiệu năng tốt trong tầm giá, dùng mượt mà không lỗi lầm gì."
ORI-003533,ORD-260224-2620,CPU-004,AMD-R9-7950X,"CPU AMD Ryzen 9 7950X (4.5GHz Turbo 5.7GHz, 16 nhân 32 luồng)",CPU - Bộ vi xử lý,AMD,1,13490000,15000000,13490000,5,"Rất đáng tiền, chạy mượt mà, chính hãng 100%."
ORI-003534,ORD-260224-2620,MOUSE-002,RAZER-DEATHADDER-V3-HTE,Chuột gaming Razer DeathAdder V3 HyperSpeed (Không dây),Chuột - Mouse,Razer,1,1890000,2200000,1890000,5,"Thiết kế đẹp mắt, hiệu năng vượt trội so với tầm giá. Rất hài lòng!"
ORI-003535,ORD-250820-2621,MONITOR-001,LG-27GP850P-27-QHD-165HZ,"Màn hình LG UltraGear 27GP850P-B 27"" QHD IPS 165Hz 1ms",Màn hình - Monitor,LG,1,8990000,10500000,8990000,5,"Thiết kế đẹp mắt, hiệu năng vượt trội so với tầm giá. Rất hài lòng!"
ORI-003536,ORD-250820-2621,MB-003,GIGABYTE-X670E-AORUS-MASTER,"Mainboard GIGABYTE X670E AORUS Master (AM5, DDR5, ATX)",Mainboard - Bo mạch chủ,GIGABYTE,1,11490000,13000000,11490000,4,"Chất lượng ổn áp, chạy ngon lành, đóng gói kỹ càng."
ORI-003537,ORD-250916-2622,HEADSET-001,CORSAIR-VIRTUOSO-RGB-XT,Tai nghe gaming Corsair Virtuoso RGB Wireless XT,Tai nghe - Headset,Corsair,1,4290000,5000000,4290000,5,"Hàng chuẩn GearVN, nguyên seal mới cứng, bảo hành đầy đủ. Vote 5 sao!"
ORI-003538,ORD-250822-2623,GPU-005,MSI-RTX4060-TI-8G-VENTUS,VGA MSI GeForce RTX 4060 Ti 8G Ventus 2X OC,VGA - Card màn hình,MSI,1,9490000,11000000,9490000,5,"Thiết kế đẹp mắt, hiệu năng vượt trội so với tầm giá. Rất hài lòng!"
ORI-003539,ORD-250822-2623,MOUSE-002,RAZER-DEATHADDER-V3-HTE,Chuột gaming Razer DeathAdder V3 HyperSpeed (Không dây),Chuột - Mouse,Razer,1,1890000,2200000,1890000,5,"Thiết kế đẹp mắt, hiệu năng vượt trội so với tầm giá. Rất hài lòng!"
ORI-003540,ORD-260418-2624,MB-003,GIGABYTE-X670E-AORUS-MASTER,"Mainboard GIGABYTE X670E AORUS Master (AM5, DDR5, ATX)",Mainboard - Bo mạch chủ,GIGABYTE,1,11490000,13000000,11490000,5,"Hàng chuẩn GearVN, nguyên seal mới cứng, bảo hành đầy đủ. Vote 5 sao!"
ORI-003541,ORD-250722-2625,RAM-001,CORSAIR-DDR5-32GB-6000,RAM Corsair Dominator Titanium DDR5 32GB (2x16GB) 6000MHz,RAM - Bộ nhớ trong,Corsair,1,3990000,4500000,3990000,,
ORI-003542,ORD-251228-2626,COOL-003,DEEPCOOL-AK620-DIGITAL,"Tản nhiệt khí DeepCool AK620 Digital (Dual Tower, 2x120mm)",Tản nhiệt - Cooling,Deepcool,1,1490000,1800000,1490000,4,"Chất lượng ổn áp, chạy ngon lành, đóng gói kỹ càng."
ORI-003543,ORD-251228-2626,PSU-003,COOLERMASTER-V750-GOLD,Nguồn Cooler Master MWE Gold 750W 80 Plus Gold Full Modular,PSU - Nguồn máy tính,Cooler Master,1,2490000,2900000,2490000,4,"Thiết kế đẹp, chạy mát, dịch vụ chăm sóc khách hàng khá tốt."
ORI-003544,ORD-250630-2627,GPU-001,ASUS-ROG-RTX4090-24G,VGA ASUS ROG Strix GeForce RTX 4090 24GB GDDR6X OC,VGA - Card màn hình,ASUS,1,52990000,58000000,52990000,4,"Sản phẩm dùng tốt, đúng mô tả, tuy nhiên giao hàng hơi trễ 1 ngày."
ORI-003545,ORD-260421-2628,CHAIR-001,SECRETLAB-TITAN-EVO-2022,"Ghế gaming Secretlab Titan Evo 2022 (SoftWeave Plus, Medium)",Ghế gaming - Gaming Chair,Secretlab,1,12990000,14500000,12990000,5,"Lắp đặt dễ dàng, chạy êm ái và mát mẻ. Shop hỗ trợ nhiệt tình."
ORI-003546,ORD-260112-2629,CPU-005,AMD-R7-7700X,"CPU AMD Ryzen 7 7700X (4.5GHz Turbo 5.4GHz, 8 nhân 16 luồng)",CPU - Bộ vi xử lý,AMD,1,6890000,7500000,6890000,5,"Hàng chuẩn GearVN, nguyên seal mới cứng, bảo hành đầy đủ. Vote 5 sao!"
ORI-003547,ORD-260128-2630,GPU-003,GIGABYTE-RTX4070-SUPER-12G,VGA GIGABYTE GeForce RTX 4070 Super Gaming OC 12GB,VGA - Card màn hình,GIGABYTE,1,16490000,18500000,16490000,5,"Rất đáng tiền, chạy mượt mà, chính hãng 100%."
ORI-003548,ORD-251116-2631,COOL-003,DEEPCOOL-AK620-DIGITAL,"Tản nhiệt khí DeepCool AK620 Digital (Dual Tower, 2x120mm)",Tản nhiệt - Cooling,Deepcool,1,1490000,1800000,1490000,5,"Rất đáng tiền, chạy mượt mà, chính hãng 100%."
ORI-003549,ORD-251220-2632,SSD-004,CRUCIAL-P5-PLUS-500GB,SSD Crucial P5 Plus 500GB NVMe M.2 PCIe Gen4,SSD - Ổ cứng thể rắn,Crucial,1,990000,1200000,990000,,
ORI-003550,ORD-251220-2632,RAM-001,CORSAIR-DDR5-32GB-6000,RAM Corsair Dominator Titanium DDR5 32GB (2x16GB) 6000MHz,RAM - Bộ nhớ trong,Corsair,1,3990000,4500000,3990000,,
ORI-003551,ORD-260121-2633,MB-001,ASUS-ROG-MAXIMUS-Z790,"Mainboard ASUS ROG Maximus Z790 Hero (LGA 1700, DDR5, ATX)",Mainboard - Bo mạch chủ,ASUS,1,15990000,18000000,15990000,5,"Rất đáng tiền, chạy mượt mà, chính hãng 100%."
ORI-003552,ORD-260121-2633,MB-001,ASUS-ROG-MAXIMUS-Z790,"Mainboard ASUS ROG Maximus Z790 Hero (LGA 1700, DDR5, ATX)",Mainboard - Bo mạch chủ,ASUS,1,15990000,18000000,15990000,5,"Sản phẩm cực kỳ chất lượng, đóng gói cẩn thận, giao hàng nhanh."
ORI-003553,ORD-251122-2634,CASE-001,LIANLI-PC-O11D-EVO,"Vỏ Case Lian Li PC-O11 Dynamic Evo (Mid Tower, ATX)",Case - Vỏ máy tính,Lian Li,1,3490000,3900000,3490000,5,"Sản phẩm cực kỳ chất lượng, đóng gói cẩn thận, giao hàng nhanh."
ORI-003554,ORD-251122-2634,RAM-003,KINGSTON-FURY-DDR4-16GB-3200,RAM Kingston Fury Beast DDR4 16GB (2x8GB) 3200MHz,RAM - Bộ nhớ trong,Kingston,1,1290000,1500000,1290000,4,"Chất lượng ổn áp, chạy ngon lành, đóng gói kỹ càng."
ORI-003555,ORD-250806-2635,PSU-001,CORSAIR-HX1000I-1000W,Nguồn Corsair HX1000i 1000W 80 Plus Platinum Full Modular,PSU - Nguồn máy tính,Corsair,1,4990000,5500000,4990000,5,"Thiết kế đẹp mắt, hiệu năng vượt trội so với tầm giá. Rất hài lòng!"
ORI-003556,ORD-250806-2635,CASE-001,LIANLI-PC-O11D-EVO,"Vỏ Case Lian Li PC-O11 Dynamic Evo (Mid Tower, ATX)",Case - Vỏ máy tính,Lian Li,1,3490000,3900000,3490000,4,"Hiệu năng tốt trong tầm giá, dùng mượt mà không lỗi lầm gì."
ORI-003557,ORD-260122-2636,COOL-001,CORSAIR-H150I-ELITE-360MM,Tản nhiệt nước AIO Corsair iCUE H150i Elite LCD 360mm,Tản nhiệt - Cooling,Corsair,1,4490000,5000000,4490000,4,"Thiết kế đẹp, chạy mát, dịch vụ chăm sóc khách hàng khá tốt."
ORI-003558,ORD-260215-2637,FAN-001,LIANLI-UNI-FAN-AL120-3PACK,"Fan Case Lian Li UNI FAN AL120 RGB (3-Pack, Daisy-chain)",Fan - Quạt tản nhiệt,Lian Li,1,1490000,1800000,1490000,4,"Thiết kế đẹp, chạy mát, dịch vụ chăm sóc khách hàng khá tốt."
ORI-003559,ORD-251206-2638,CPU-002,INTEL-I7-14700K,"CPU Intel Core i7-14700K (3.4GHz Turbo 5.6GHz, 20 nhân 28 luồng)",CPU - Bộ vi xử lý,Intel,1,8490000,9500000,8490000,5,"Hàng chuẩn GearVN, nguyên seal mới cứng, bảo hành đầy đủ. Vote 5 sao!"
ORI-003560,ORD-251211-2639,HDD-002,WD-RED-PLUS-8TB,"Ổ cứng HDD WD Red Plus 8TB 3.5"" SATA NAS",HDD - Ổ cứng cơ,Western Digital,1,4490000,5200000,4490000,5,"Thiết kế đẹp mắt, hiệu năng vượt trội so với tầm giá. Rất hài lòng!"
ORI-003561,ORD-250901-2640,MONITOR-001,LG-27GP850P-27-QHD-165HZ,"Màn hình LG UltraGear 27GP850P-B 27"" QHD IPS 165Hz 1ms",Màn hình - Monitor,LG,1,8990000,10500000,8990000,5,"Lắp đặt dễ dàng, chạy êm ái và mát mẻ. Shop hỗ trợ nhiệt tình."
ORI-003562,ORD-250901-2640,CPU-004,AMD-R9-7950X,"CPU AMD Ryzen 9 7950X (4.5GHz Turbo 5.7GHz, 16 nhân 32 luồng)",CPU - Bộ vi xử lý,AMD,1,13490000,15000000,13490000,5,"Hàng chuẩn GearVN, nguyên seal mới cứng, bảo hành đầy đủ. Vote 5 sao!"
ORI-003563,ORD-250910-2641,HDD-001,SEAGATE-BARRACUDA-4TB,"Ổ cứng HDD Seagate Barracuda 4TB 3.5"" SATA 5400RPM",HDD - Ổ cứng cơ,Seagate,1,2190000,2500000,2190000,2,"Giao sai phiên bản màu sắc, đang chờ shop đổi trả."
ORI-003564,ORD-250814-2642,MOUSE-002,RAZER-DEATHADDER-V3-HTE,Chuột gaming Razer DeathAdder V3 HyperSpeed (Không dây),Chuột - Mouse,Razer,1,1890000,2200000,1890000,2,"Hiệu năng không đúng như quảng cáo, hay bị sụt nguồn đột ngột."
ORI-003565,ORD-251106-2643,GPU-005,MSI-RTX4060-TI-8G-VENTUS,VGA MSI GeForce RTX 4060 Ti 8G Ventus 2X OC,VGA - Card màn hình,MSI,1,9490000,11000000,9490000,5,"Lắp đặt dễ dàng, chạy êm ái và mát mẻ. Shop hỗ trợ nhiệt tình."
ORI-003566,ORD-251108-2644,GPU-003,GIGABYTE-RTX4070-SUPER-12G,VGA GIGABYTE GeForce RTX 4070 Super Gaming OC 12GB,VGA - Card màn hình,GIGABYTE,1,16490000,18500000,16490000,5,"Thiết kế đẹp mắt, hiệu năng vượt trội so với tầm giá. Rất hài lòng!"
ORI-003567,ORD-251108-2644,MB-001,ASUS-ROG-MAXIMUS-Z790,"Mainboard ASUS ROG Maximus Z790 Hero (LGA 1700, DDR5, ATX)",Mainboard - Bo mạch chủ,ASUS,1,15990000,18000000,15990000,5,"Lắp đặt dễ dàng, chạy êm ái và mát mẻ. Shop hỗ trợ nhiệt tình."
ORI-003568,ORD-251113-2645,KB-002,RAZER-BLACKWIDOW-V4-75,Bàn phím cơ Razer BlackWidow V4 75% (Razer Yellow Switch),Bàn phím - Keyboard,Razer,1,3290000,3800000,3290000,4,"Hiệu năng tốt trong tầm giá, dùng mượt mà không lỗi lầm gì."
ORI-003569,ORD-251229-2646,MB-002,MSI-MAG-Z790-TOMAHAWK,"Mainboard MSI MAG Z790 Tomahawk WiFi (LGA 1700, DDR5, ATX)",Mainboard - Bo mạch chủ,MSI,1,6990000,7800000,6990000,4,"Chất lượng ổn áp, chạy ngon lành, đóng gói kỹ càng."
ORI-003570,ORD-251229-2646,CASE-002,JONSBO-D41-MESH,"Vỏ Case Jonsbo D41 Mesh Screen (Mid Tower, ATX, Màn hình LCD)",Case - Vỏ máy tính,Jonsbo,1,2290000,2600000,2290000,5,"Rất đáng tiền, chạy mượt mà, chính hãng 100%."
ORI-003571,ORD-251231-2647,CPU-006,INTEL-I3-14100F,"CPU Intel Core i3-14100F (3.5GHz Turbo 4.7GHz, 4 nhân 8 luồng)",CPU - Bộ vi xử lý,Intel,1,2490000,2800000,2490000,5,"Thiết kế đẹp mắt, hiệu năng vượt trội so với tầm giá. Rất hài lòng!"
ORI-003572,ORD-250626-2648,HDD-002,WD-RED-PLUS-8TB,"Ổ cứng HDD WD Red Plus 8TB 3.5"" SATA NAS",HDD - Ổ cứng cơ,Western Digital,1,4490000,5200000,4490000,3,Chất lượng sản phẩm ok nhưng tổng đài hỗ trợ kỹ thuật phản hồi hơi chậm.
ORI-003573,ORD-250626-2648,GPU-003,GIGABYTE-RTX4070-SUPER-12G,VGA GIGABYTE GeForce RTX 4070 Super Gaming OC 12GB,VGA - Card màn hình,GIGABYTE,1,16490000,18500000,16490000,2,"Hiệu năng không đúng như quảng cáo, hay bị sụt nguồn đột ngột."
ORI-003574,ORD-251222-2649,COOL-003,DEEPCOOL-AK620-DIGITAL,"Tản nhiệt khí DeepCool AK620 Digital (Dual Tower, 2x120mm)",Tản nhiệt - Cooling,Deepcool,1,1490000,1800000,1490000,5,"Lắp đặt dễ dàng, chạy êm ái và mát mẻ. Shop hỗ trợ nhiệt tình."
ORI-003575,ORD-251222-2649,MONITOR-001,LG-27GP850P-27-QHD-165HZ,"Màn hình LG UltraGear 27GP850P-B 27"" QHD IPS 165Hz 1ms",Màn hình - Monitor,LG,1,8990000,10500000,8990000,5,"Rất đáng tiền, chạy mượt mà, chính hãng 100%."
ORI-003576,ORD-260120-2650,CASE-002,JONSBO-D41-MESH,"Vỏ Case Jonsbo D41 Mesh Screen (Mid Tower, ATX, Màn hình LCD)",Case - Vỏ máy tính,Jonsbo,1,2290000,2600000,2290000,5,"Thiết kế đẹp mắt, hiệu năng vượt trội so với tầm giá. Rất hài lòng!"
ORI-003577,ORD-260120-2650,SSD-001,SAMSUNG-980-PRO-2TB,SSD Samsung 980 Pro 2TB NVMe M.2 PCIe Gen4,SSD - Ổ cứng thể rắn,Samsung,1,3490000,3900000,3490000,4,"Chất lượng ổn áp, chạy ngon lành, đóng gói kỹ càng."
ORI-003578,ORD-251116-2651,KB-001,CORSAIR-K100-RGB-OPX,Bàn phím cơ Corsair K100 RGB Optical-Mechanical (OPX Switch),Bàn phím - Keyboard,Corsair,1,5490000,6000000,5490000,5,"Lắp đặt dễ dàng, chạy êm ái và mát mẻ. Shop hỗ trợ nhiệt tình."
ORI-003579,ORD-260208-2652,CHAIR-001,SECRETLAB-TITAN-EVO-2022,"Ghế gaming Secretlab Titan Evo 2022 (SoftWeave Plus, Medium)",Ghế gaming - Gaming Chair,Secretlab,1,12990000,14500000,12990000,1,"Sản phẩm bị lỗi hỏng ngay khi bóc hộp, không lên nguồn. Dịch vụ tệ."
ORI-003580,ORD-260613-2653,CASE-002,JONSBO-D41-MESH,"Vỏ Case Jonsbo D41 Mesh Screen (Mid Tower, ATX, Màn hình LCD)",Case - Vỏ máy tính,Jonsbo,1,2290000,2600000,2290000,5,"Rất đáng tiền, chạy mượt mà, chính hãng 100%."
ORI-003581,ORD-260523-2654,COOL-002,THERMALRIGHT-PHANTOM-SPIRIT-120,Tản nhiệt khí Thermalright Phantom Spirit 120 SE ARGB,Tản nhiệt - Cooling,Thermalright,1,990000,1200000,990000,5,"Hàng chuẩn GearVN, nguyên seal mới cứng, bảo hành đầy đủ. Vote 5 sao!"
ORI-003582,ORD-250923-2655,HDD-002,WD-RED-PLUS-8TB,"Ổ cứng HDD WD Red Plus 8TB 3.5"" SATA NAS",HDD - Ổ cứng cơ,Western Digital,1,4490000,5200000,4490000,5,"Hàng chuẩn GearVN, nguyên seal mới cứng, bảo hành đầy đủ. Vote 5 sao!"
ORI-003583,ORD-251118-2656,GPU-004,ASUS-RX7900XTX-24G,VGA ASUS TUF Gaming Radeon RX 7900 XTX OC 24GB,VGA - Card màn hình,ASUS,1,22990000,25000000,22990000,4,"Chất lượng ổn áp, chạy ngon lành, đóng gói kỹ càng."
ORI-003584,ORD-251128-2657,FAN-002,NOCTUA-NF-A12X25-PWM,Fan Case Noctua NF-A12x25 PWM 120mm (Hiệu suất cao),Fan - Quạt tản nhiệt,Noctua,1,990000,1200000,990000,5,"Rất đáng tiền, chạy mượt mà, chính hãng 100%."
ORI-003585,ORD-260206-2658,COOL-002,THERMALRIGHT-PHANTOM-SPIRIT-120,Tản nhiệt khí Thermalright Phantom Spirit 120 SE ARGB,Tản nhiệt - Cooling,Thermalright,1,990000,1200000,990000,4,"Thiết kế đẹp, chạy mát, dịch vụ chăm sóc khách hàng khá tốt."
ORI-003586,ORD-251210-2659,CPU-005,AMD-R7-7700X,"CPU AMD Ryzen 7 7700X (4.5GHz Turbo 5.4GHz, 8 nhân 16 luồng)",CPU - Bộ vi xử lý,AMD,1,6890000,7500000,6890000,,
ORI-003587,ORD-250821-2660,HEADSET-001,CORSAIR-VIRTUOSO-RGB-XT,Tai nghe gaming Corsair Virtuoso RGB Wireless XT,Tai nghe - Headset,Corsair,1,4290000,5000000,4290000,5,"Sản phẩm cực kỳ chất lượng, đóng gói cẩn thận, giao hàng nhanh."
ORI-003588,ORD-260311-2661,SSD-003,KINGSTON-KC3000-1TB,SSD Kingston KC3000 1TB NVMe M.2 PCIe Gen4,SSD - Ổ cứng thể rắn,Kingston,1,1890000,2200000,1890000,,
ORI-003589,ORD-260311-2661,GPU-004,ASUS-RX7900XTX-24G,VGA ASUS TUF Gaming Radeon RX 7900 XTX OC 24GB,VGA - Card màn hình,ASUS,1,22990000,25000000,22990000,,
ORI-003590,ORD-250930-2662,MB-004,ASUS-TUF-B760M-PLUS-WIFI,"Mainboard ASUS TUF Gaming B760M-Plus WiFi (LGA 1700, DDR5, mATX)",Mainboard - Bo mạch chủ,ASUS,1,3990000,4500000,3990000,4,"Sản phẩm dùng tốt, đúng mô tả, tuy nhiên giao hàng hơi trễ 1 ngày."
ORI-003591,ORD-250926-2663,CPU-002,INTEL-I7-14700K,"CPU Intel Core i7-14700K (3.4GHz Turbo 5.6GHz, 20 nhân 28 luồng)",CPU - Bộ vi xử lý,Intel,1,8490000,9500000,8490000,4,"Chất lượng ổn áp, chạy ngon lành, đóng gói kỹ càng."
ORI-003592,ORD-250926-2663,GPU-001,ASUS-ROG-RTX4090-24G,VGA ASUS ROG Strix GeForce RTX 4090 24GB GDDR6X OC,VGA - Card màn hình,ASUS,1,52990000,58000000,52990000,3,Chất lượng sản phẩm ok nhưng tổng đài hỗ trợ kỹ thuật phản hồi hơi chậm.
ORI-003593,ORD-260212-2664,CPU-005,AMD-R7-7700X,"CPU AMD Ryzen 7 7700X (4.5GHz Turbo 5.4GHz, 8 nhân 16 luồng)",CPU - Bộ vi xử lý,AMD,1,6890000,7500000,6890000,4,"Hiệu năng tốt trong tầm giá, dùng mượt mà không lỗi lầm gì."
ORI-003594,ORD-260212-2664,PSU-001,CORSAIR-HX1000I-1000W,Nguồn Corsair HX1000i 1000W 80 Plus Platinum Full Modular,PSU - Nguồn máy tính,Corsair,1,4990000,5500000,4990000,4,"Hiệu năng tốt trong tầm giá, dùng mượt mà không lỗi lầm gì."
ORI-003595,ORD-260120-2665,CPU-003,INTEL-I5-14600K,"CPU Intel Core i5-14600K (3.5GHz Turbo 5.3GHz, 14 nhân 20 luồng)",CPU - Bộ vi xử lý,Intel,1,5490000,6200000,5490000,5,"Sản phẩm cực kỳ chất lượng, đóng gói cẩn thận, giao hàng nhanh."
ORI-003596,ORD-260120-2665,MB-002,MSI-MAG-Z790-TOMAHAWK,"Mainboard MSI MAG Z790 Tomahawk WiFi (LGA 1700, DDR5, ATX)",Mainboard - Bo mạch chủ,MSI,1,6990000,7800000,6990000,3,"Hiệu năng đủ dùng cho tác vụ cơ bản, nhiệt độ hơi ấm khi tải nặng."
ORI-003597,ORD-251116-2666,SSD-003,KINGSTON-KC3000-1TB,SSD Kingston KC3000 1TB NVMe M.2 PCIe Gen4,SSD - Ổ cứng thể rắn,Kingston,1,1890000,2200000,1890000,5,"Rất đáng tiền, chạy mượt mà, chính hãng 100%."
ORI-003598,ORD-251116-2666,CPU-006,INTEL-I3-14100F,"CPU Intel Core i3-14100F (3.5GHz Turbo 4.7GHz, 4 nhân 8 luồng)",CPU - Bộ vi xử lý,Intel,1,2490000,2800000,2490000,5,"Thiết kế đẹp mắt, hiệu năng vượt trội so với tầm giá. Rất hài lòng!"
ORI-003599,ORD-251015-2667,KB-002,RAZER-BLACKWIDOW-V4-75,Bàn phím cơ Razer BlackWidow V4 75% (Razer Yellow Switch),Bàn phím - Keyboard,Razer,1,3290000,3800000,3290000,5,"Lắp đặt dễ dàng, chạy êm ái và mát mẻ. Shop hỗ trợ nhiệt tình."
ORI-003600,ORD-251025-2668,SSD-004,CRUCIAL-P5-PLUS-500GB,SSD Crucial P5 Plus 500GB NVMe M.2 PCIe Gen4,SSD - Ổ cứng thể rắn,Crucial,1,990000,1200000,990000,5,"Lắp đặt dễ dàng, chạy êm ái và mát mẻ. Shop hỗ trợ nhiệt tình."
ORI-003601,ORD-260614-2669,SSD-003,KINGSTON-KC3000-1TB,SSD Kingston KC3000 1TB NVMe M.2 PCIe Gen4,SSD - Ổ cứng thể rắn,Kingston,1,1890000,2200000,1890000,5,"Sản phẩm cực kỳ chất lượng, đóng gói cẩn thận, giao hàng nhanh."
ORI-003602,ORD-250813-2670,KB-002,RAZER-BLACKWIDOW-V4-75,Bàn phím cơ Razer BlackWidow V4 75% (Razer Yellow Switch),Bàn phím - Keyboard,Razer,1,3290000,3800000,3290000,5,"Hàng chuẩn GearVN, nguyên seal mới cứng, bảo hành đầy đủ. Vote 5 sao!"
ORI-003603,ORD-250915-2671,SSD-003,KINGSTON-KC3000-1TB,SSD Kingston KC3000 1TB NVMe M.2 PCIe Gen4,SSD - Ổ cứng thể rắn,Kingston,1,1890000,2200000,1890000,5,"Rất đáng tiền, chạy mượt mà, chính hãng 100%."
ORI-003604,ORD-251125-2672,HDD-002,WD-RED-PLUS-8TB,"Ổ cứng HDD WD Red Plus 8TB 3.5"" SATA NAS",HDD - Ổ cứng cơ,Western Digital,1,4490000,5200000,4490000,5,"Lắp đặt dễ dàng, chạy êm ái và mát mẻ. Shop hỗ trợ nhiệt tình."
ORI-003605,ORD-260104-2673,GPU-003,GIGABYTE-RTX4070-SUPER-12G,VGA GIGABYTE GeForce RTX 4070 Super Gaming OC 12GB,VGA - Card màn hình,GIGABYTE,1,16490000,18500000,16490000,5,"Lắp đặt dễ dàng, chạy êm ái và mát mẻ. Shop hỗ trợ nhiệt tình."
ORI-003606,ORD-260610-2674,SSD-001,SAMSUNG-980-PRO-2TB,SSD Samsung 980 Pro 2TB NVMe M.2 PCIe Gen4,SSD - Ổ cứng thể rắn,Samsung,1,3490000,3900000,3490000,5,"Lắp đặt dễ dàng, chạy êm ái và mát mẻ. Shop hỗ trợ nhiệt tình."
ORI-003607,ORD-260610-2674,COOL-002,THERMALRIGHT-PHANTOM-SPIRIT-120,Tản nhiệt khí Thermalright Phantom Spirit 120 SE ARGB,Tản nhiệt - Cooling,Thermalright,1,990000,1200000,990000,5,"Thiết kế đẹp mắt, hiệu năng vượt trội so với tầm giá. Rất hài lòng!"
ORI-003608,ORD-250901-2675,COOL-003,DEEPCOOL-AK620-DIGITAL,"Tản nhiệt khí DeepCool AK620 Digital (Dual Tower, 2x120mm)",Tản nhiệt - Cooling,Deepcool,1,1490000,1800000,1490000,5,"Sản phẩm cực kỳ chất lượng, đóng gói cẩn thận, giao hàng nhanh."
ORI-003609,ORD-250901-2675,SSD-002,WD-BLACK-SN850X-1TB,SSD WD Black SN850X 1TB NVMe M.2 PCIe Gen4,SSD - Ổ cứng thể rắn,Western Digital,1,2190000,2500000,2190000,5,"Rất đáng tiền, chạy mượt mà, chính hãng 100%."
ORI-003610,ORD-260109-2676,MB-003,GIGABYTE-X670E-AORUS-MASTER,"Mainboard GIGABYTE X670E AORUS Master (AM5, DDR5, ATX)",Mainboard - Bo mạch chủ,GIGABYTE,1,11490000,13000000,11490000,5,"Rất đáng tiền, chạy mượt mà, chính hãng 100%."
ORI-003611,ORD-250810-2677,MOUSE-001,LOGITECH-G-PRO-X-SUPERLIGHT2,"Chuột gaming Logitech G Pro X Superlight 2 (Không dây, 32000 DPI)",Chuột - Mouse,Logitech,1,3390000,3800000,3390000,5,"Hàng chuẩn GearVN, nguyên seal mới cứng, bảo hành đầy đủ. Vote 5 sao!"
ORI-003612,ORD-250810-2677,KB-002,RAZER-BLACKWIDOW-V4-75,Bàn phím cơ Razer BlackWidow V4 75% (Razer Yellow Switch),Bàn phím - Keyboard,Razer,1,3290000,3800000,3290000,5,"Lắp đặt dễ dàng, chạy êm ái và mát mẻ. Shop hỗ trợ nhiệt tình."
ORI-003613,ORD-251109-2678,RAM-002,GSKILL-DDR5-32GB-6000,RAM G.Skill Trident Z5 RGB DDR5 32GB (2x16GB) 6000MHz CL30,RAM - Bộ nhớ trong,G.Skill,1,3690000,4200000,3690000,2,"Sản phẩm có dấu hiệu trầy xước nhẹ, giao hàng chậm, đóng gói sơ sài."
ORI-003614,ORD-251109-2678,SSD-001,SAMSUNG-980-PRO-2TB,SSD Samsung 980 Pro 2TB NVMe M.2 PCIe Gen4,SSD - Ổ cứng thể rắn,Samsung,1,3490000,3900000,3490000,4,"Thiết kế đẹp, chạy mát, dịch vụ chăm sóc khách hàng khá tốt."
ORI-003615,ORD-250925-2679,CPU-002,INTEL-I7-14700K,"CPU Intel Core i7-14700K (3.4GHz Turbo 5.6GHz, 20 nhân 28 luồng)",CPU - Bộ vi xử lý,Intel,1,8490000,9500000,8490000,4,"Sản phẩm dùng tốt, đúng mô tả, tuy nhiên giao hàng hơi trễ 1 ngày."
ORI-003616,ORD-251129-2680,GPU-001,ASUS-ROG-RTX4090-24G,VGA ASUS ROG Strix GeForce RTX 4090 24GB GDDR6X OC,VGA - Card màn hình,ASUS,1,52990000,58000000,52990000,4,"Hiệu năng tốt trong tầm giá, dùng mượt mà không lỗi lầm gì."
ORI-003617,ORD-251105-2681,CPU-005,AMD-R7-7700X,"CPU AMD Ryzen 7 7700X (4.5GHz Turbo 5.4GHz, 8 nhân 16 luồng)",CPU - Bộ vi xử lý,AMD,1,6890000,7500000,6890000,3,"Sản phẩm bình thường, không quá nổi bật, dịch vụ giao hàng ở mức trung bình."
ORI-003618,ORD-251105-2681,GPU-005,MSI-RTX4060-TI-8G-VENTUS,VGA MSI GeForce RTX 4060 Ti 8G Ventus 2X OC,VGA - Card màn hình,MSI,1,9490000,11000000,9490000,5,"Thiết kế đẹp mắt, hiệu năng vượt trội so với tầm giá. Rất hài lòng!"
ORI-003619,ORD-260409-2682,CHAIR-001,SECRETLAB-TITAN-EVO-2022,"Ghế gaming Secretlab Titan Evo 2022 (SoftWeave Plus, Medium)",Ghế gaming - Gaming Chair,Secretlab,1,12990000,14500000,12990000,4,"Sản phẩm dùng tốt, đúng mô tả, tuy nhiên giao hàng hơi trễ 1 ngày."
ORI-003620,ORD-260409-2682,HDD-001,SEAGATE-BARRACUDA-4TB,"Ổ cứng HDD Seagate Barracuda 4TB 3.5"" SATA 5400RPM",HDD - Ổ cứng cơ,Seagate,1,2190000,2500000,2190000,5,"Lắp đặt dễ dàng, chạy êm ái và mát mẻ. Shop hỗ trợ nhiệt tình."
ORI-003621,ORD-251130-2683,HDD-001,SEAGATE-BARRACUDA-4TB,"Ổ cứng HDD Seagate Barracuda 4TB 3.5"" SATA 5400RPM",HDD - Ổ cứng cơ,Seagate,1,2190000,2500000,2190000,4,"Sản phẩm tốt, nhân viên tư vấn nhiệt tình, sẽ tiếp tục ủng hộ."
ORI-003622,ORD-260602-2684,FAN-001,LIANLI-UNI-FAN-AL120-3PACK,"Fan Case Lian Li UNI FAN AL120 RGB (3-Pack, Daisy-chain)",Fan - Quạt tản nhiệt,Lian Li,1,1490000,1800000,1490000,5,"Hàng chuẩn GearVN, nguyên seal mới cứng, bảo hành đầy đủ. Vote 5 sao!"
ORI-003623,ORD-250901-2685,CPU-002,INTEL-I7-14700K,"CPU Intel Core i7-14700K (3.4GHz Turbo 5.6GHz, 20 nhân 28 luồng)",CPU - Bộ vi xử lý,Intel,1,8490000,9500000,8490000,4,"Chất lượng ổn áp, chạy ngon lành, đóng gói kỹ càng."
ORI-003624,ORD-250813-2686,SSD-001,SAMSUNG-980-PRO-2TB,SSD Samsung 980 Pro 2TB NVMe M.2 PCIe Gen4,SSD - Ổ cứng thể rắn,Samsung,1,3490000,3900000,3490000,,
ORI-003625,ORD-250830-2687,KB-002,RAZER-BLACKWIDOW-V4-75,Bàn phím cơ Razer BlackWidow V4 75% (Razer Yellow Switch),Bàn phím - Keyboard,Razer,1,3290000,3800000,3290000,3,"Dùng tạm ổn, nhưng vỏ hộp hơi móp méo khi vận chuyển."
ORI-003626,ORD-250830-2687,PSU-002,SEASONIC-FOCUS-GX-850,Nguồn Seasonic Focus GX 850W 80 Plus Gold Full Modular,PSU - Nguồn máy tính,Seasonic,1,3290000,3800000,3290000,5,"Sản phẩm cực kỳ chất lượng, đóng gói cẩn thận, giao hàng nhanh."
ORI-003627,ORD-250810-2688,CPU-003,INTEL-I5-14600K,"CPU Intel Core i5-14600K (3.5GHz Turbo 5.3GHz, 14 nhân 20 luồng)",CPU - Bộ vi xử lý,Intel,1,5490000,6200000,5490000,5,"Sản phẩm cực kỳ chất lượng, đóng gói cẩn thận, giao hàng nhanh."
ORI-003628,ORD-251109-2689,HDD-002,WD-RED-PLUS-8TB,"Ổ cứng HDD WD Red Plus 8TB 3.5"" SATA NAS",HDD - Ổ cứng cơ,Western Digital,1,4490000,5200000,4490000,5,"Thiết kế đẹp mắt, hiệu năng vượt trội so với tầm giá. Rất hài lòng!"
ORI-003629,ORD-251224-2690,SSD-002,WD-BLACK-SN850X-1TB,SSD WD Black SN850X 1TB NVMe M.2 PCIe Gen4,SSD - Ổ cứng thể rắn,Western Digital,1,2190000,2500000,2190000,5,"Sản phẩm cực kỳ chất lượng, đóng gói cẩn thận, giao hàng nhanh."
ORI-003630,ORD-260112-2691,COOL-002,THERMALRIGHT-PHANTOM-SPIRIT-120,Tản nhiệt khí Thermalright Phantom Spirit 120 SE ARGB,Tản nhiệt - Cooling,Thermalright,1,990000,1200000,990000,5,"Sản phẩm cực kỳ chất lượng, đóng gói cẩn thận, giao hàng nhanh."
ORI-003631,ORD-251109-2692,COOL-003,DEEPCOOL-AK620-DIGITAL,"Tản nhiệt khí DeepCool AK620 Digital (Dual Tower, 2x120mm)",Tản nhiệt - Cooling,Deepcool,1,1490000,1800000,1490000,3,"Dùng tạm ổn, nhưng vỏ hộp hơi móp méo khi vận chuyển."
ORI-003632,ORD-251109-2692,KB-002,RAZER-BLACKWIDOW-V4-75,Bàn phím cơ Razer BlackWidow V4 75% (Razer Yellow Switch),Bàn phím - Keyboard,Razer,1,3290000,3800000,3290000,4,"Sản phẩm tốt, nhân viên tư vấn nhiệt tình, sẽ tiếp tục ủng hộ."
ORI-003633,ORD-251014-2693,MOUSE-002,RAZER-DEATHADDER-V3-HTE,Chuột gaming Razer DeathAdder V3 HyperSpeed (Không dây),Chuột - Mouse,Razer,1,1890000,2200000,1890000,,
ORI-003634,ORD-251014-2693,GPU-002,MSI-RTX4080-SUPER-16G,VGA MSI GeForce RTX 4080 Super 16GB Gaming X Slim,VGA - Card màn hình,MSI,1,26990000,30000000,26990000,,
ORI-003635,ORD-250921-2694,RAM-001,CORSAIR-DDR5-32GB-6000,RAM Corsair Dominator Titanium DDR5 32GB (2x16GB) 6000MHz,RAM - Bộ nhớ trong,Corsair,1,3990000,4500000,3990000,5,"Sản phẩm cực kỳ chất lượng, đóng gói cẩn thận, giao hàng nhanh."
ORI-003636,ORD-260407-2695,GPU-002,MSI-RTX4080-SUPER-16G,VGA MSI GeForce RTX 4080 Super 16GB Gaming X Slim,VGA - Card màn hình,MSI,1,26990000,30000000,26990000,4,"Sản phẩm tốt, nhân viên tư vấn nhiệt tình, sẽ tiếp tục ủng hộ."
ORI-003637,ORD-250922-2696,SSD-003,KINGSTON-KC3000-1TB,SSD Kingston KC3000 1TB NVMe M.2 PCIe Gen4,SSD - Ổ cứng thể rắn,Kingston,1,1890000,2200000,1890000,5,"Hàng chuẩn GearVN, nguyên seal mới cứng, bảo hành đầy đủ. Vote 5 sao!"
ORI-003638,ORD-251211-2697,MONITOR-002,SAMSUNG-ODYSSEY-G7-32-4K,"Màn hình Samsung Odyssey G7 32"" 4K UHD 144Hz IPS",Màn hình - Monitor,Samsung,1,12990000,15000000,12990000,5,"Thiết kế đẹp mắt, hiệu năng vượt trội so với tầm giá. Rất hài lòng!"
ORI-003639,ORD-251211-2697,MONITOR-001,LG-27GP850P-27-QHD-165HZ,"Màn hình LG UltraGear 27GP850P-B 27"" QHD IPS 165Hz 1ms",Màn hình - Monitor,LG,1,8990000,10500000,8990000,5,"Lắp đặt dễ dàng, chạy êm ái và mát mẻ. Shop hỗ trợ nhiệt tình."
ORI-003640,ORD-260425-2698,GPU-004,ASUS-RX7900XTX-24G,VGA ASUS TUF Gaming Radeon RX 7900 XTX OC 24GB,VGA - Card màn hình,ASUS,1,22990000,25000000,22990000,4,"Thiết kế đẹp, chạy mát, dịch vụ chăm sóc khách hàng khá tốt."
ORI-003641,ORD-251223-2699,MOUSE-002,RAZER-DEATHADDER-V3-HTE,Chuột gaming Razer DeathAdder V3 HyperSpeed (Không dây),Chuột - Mouse,Razer,1,1890000,2200000,1890000,5,"Rất đáng tiền, chạy mượt mà, chính hãng 100%."
ORI-003642,ORD-260113-2700,CPU-003,INTEL-I5-14600K,"CPU Intel Core i5-14600K (3.5GHz Turbo 5.3GHz, 14 nhân 20 luồng)",CPU - Bộ vi xử lý,Intel,1,5490000,6200000,5490000,4,"Hiệu năng tốt trong tầm giá, dùng mượt mà không lỗi lầm gì."
ORI-003643,ORD-260606-2701,GPU-001,ASUS-ROG-RTX4090-24G,VGA ASUS ROG Strix GeForce RTX 4090 24GB GDDR6X OC,VGA - Card màn hình,ASUS,1,52990000,58000000,52990000,4,"Sản phẩm tốt, nhân viên tư vấn nhiệt tình, sẽ tiếp tục ủng hộ."
ORI-003644,ORD-251118-2702,PSU-003,COOLERMASTER-V750-GOLD,Nguồn Cooler Master MWE Gold 750W 80 Plus Gold Full Modular,PSU - Nguồn máy tính,Cooler Master,1,2490000,2900000,2490000,5,"Thiết kế đẹp mắt, hiệu năng vượt trội so với tầm giá. Rất hài lòng!"
ORI-003645,ORD-251118-2702,CHAIR-001,SECRETLAB-TITAN-EVO-2022,"Ghế gaming Secretlab Titan Evo 2022 (SoftWeave Plus, Medium)",Ghế gaming - Gaming Chair,Secretlab,1,12990000,14500000,12990000,5,"Rất đáng tiền, chạy mượt mà, chính hãng 100%."
ORI-003646,ORD-260613-2703,FAN-001,LIANLI-UNI-FAN-AL120-3PACK,"Fan Case Lian Li UNI FAN AL120 RGB (3-Pack, Daisy-chain)",Fan - Quạt tản nhiệt,Lian Li,1,1490000,1800000,1490000,2,"Giao sai phiên bản màu sắc, đang chờ shop đổi trả."
ORI-003647,ORD-251120-2704,CPU-003,INTEL-I5-14600K,"CPU Intel Core i5-14600K (3.5GHz Turbo 5.3GHz, 14 nhân 20 luồng)",CPU - Bộ vi xử lý,Intel,1,5490000,6200000,5490000,5,"Thiết kế đẹp mắt, hiệu năng vượt trội so với tầm giá. Rất hài lòng!"
ORI-003648,ORD-251211-2705,GPU-004,ASUS-RX7900XTX-24G,VGA ASUS TUF Gaming Radeon RX 7900 XTX OC 24GB,VGA - Card màn hình,ASUS,1,22990000,25000000,22990000,,
ORI-003649,ORD-251211-2705,HEADSET-001,CORSAIR-VIRTUOSO-RGB-XT,Tai nghe gaming Corsair Virtuoso RGB Wireless XT,Tai nghe - Headset,Corsair,1,4290000,5000000,4290000,,
ORI-003650,ORD-250906-2706,SSD-003,KINGSTON-KC3000-1TB,SSD Kingston KC3000 1TB NVMe M.2 PCIe Gen4,SSD - Ổ cứng thể rắn,Kingston,1,1890000,2200000,1890000,4,"Sản phẩm dùng tốt, đúng mô tả, tuy nhiên giao hàng hơi trễ 1 ngày."
ORI-003651,ORD-260201-2707,MB-003,GIGABYTE-X670E-AORUS-MASTER,"Mainboard GIGABYTE X670E AORUS Master (AM5, DDR5, ATX)",Mainboard - Bo mạch chủ,GIGABYTE,1,11490000,13000000,11490000,3,Chất lượng sản phẩm ok nhưng tổng đài hỗ trợ kỹ thuật phản hồi hơi chậm.
ORI-003652,ORD-250918-2708,PSU-003,COOLERMASTER-V750-GOLD,Nguồn Cooler Master MWE Gold 750W 80 Plus Gold Full Modular,PSU - Nguồn máy tính,Cooler Master,1,2490000,2900000,2490000,5,"Thiết kế đẹp mắt, hiệu năng vượt trội so với tầm giá. Rất hài lòng!"
ORI-003653,ORD-250817-2709,GPU-004,ASUS-RX7900XTX-24G,VGA ASUS TUF Gaming Radeon RX 7900 XTX OC 24GB,VGA - Card màn hình,ASUS,1,22990000,25000000,22990000,5,"Thiết kế đẹp mắt, hiệu năng vượt trội so với tầm giá. Rất hài lòng!"
ORI-003654,ORD-260112-2710,MONITOR-001,LG-27GP850P-27-QHD-165HZ,"Màn hình LG UltraGear 27GP850P-B 27"" QHD IPS 165Hz 1ms",Màn hình - Monitor,LG,1,8990000,10500000,8990000,5,"Rất đáng tiền, chạy mượt mà, chính hãng 100%."
ORI-003655,ORD-260112-2710,RAM-003,KINGSTON-FURY-DDR4-16GB-3200,RAM Kingston Fury Beast DDR4 16GB (2x8GB) 3200MHz,RAM - Bộ nhớ trong,Kingston,1,1290000,1500000,1290000,5,"Thiết kế đẹp mắt, hiệu năng vượt trội so với tầm giá. Rất hài lòng!"
ORI-003656,ORD-250801-2711,MOUSE-001,LOGITECH-G-PRO-X-SUPERLIGHT2,"Chuột gaming Logitech G Pro X Superlight 2 (Không dây, 32000 DPI)",Chuột - Mouse,Logitech,1,3390000,3800000,3390000,5,"Lắp đặt dễ dàng, chạy êm ái và mát mẻ. Shop hỗ trợ nhiệt tình."
ORI-003657,ORD-250828-2712,RAM-004,CORSAIR-DDR5-64GB-6400,RAM Corsair Vengeance DDR5 64GB (2x32GB) 6400MHz CL32,RAM - Bộ nhớ trong,Corsair,1,6490000,7500000,6490000,3,"Hiệu năng đủ dùng cho tác vụ cơ bản, nhiệt độ hơi ấm khi tải nặng."
ORI-003658,ORD-250828-2712,MB-003,GIGABYTE-X670E-AORUS-MASTER,"Mainboard GIGABYTE X670E AORUS Master (AM5, DDR5, ATX)",Mainboard - Bo mạch chủ,GIGABYTE,1,11490000,13000000,11490000,5,"Thiết kế đẹp mắt, hiệu năng vượt trội so với tầm giá. Rất hài lòng!"
ORI-003659,ORD-260131-2713,HDD-002,WD-RED-PLUS-8TB,"Ổ cứng HDD WD Red Plus 8TB 3.5"" SATA NAS",HDD - Ổ cứng cơ,Western Digital,1,4490000,5200000,4490000,4,"Chất lượng ổn áp, chạy ngon lành, đóng gói kỹ càng."
ORI-003660,ORD-251018-2714,CASE-002,JONSBO-D41-MESH,"Vỏ Case Jonsbo D41 Mesh Screen (Mid Tower, ATX, Màn hình LCD)",Case - Vỏ máy tính,Jonsbo,1,2290000,2600000,2290000,3,"Hiệu năng đủ dùng cho tác vụ cơ bản, nhiệt độ hơi ấm khi tải nặng."
ORI-003661,ORD-260404-2715,CASE-002,JONSBO-D41-MESH,"Vỏ Case Jonsbo D41 Mesh Screen (Mid Tower, ATX, Màn hình LCD)",Case - Vỏ máy tính,Jonsbo,1,2290000,2600000,2290000,3,Chất lượng sản phẩm ok nhưng tổng đài hỗ trợ kỹ thuật phản hồi hơi chậm.
ORI-003662,ORD-260404-2715,CASE-001,LIANLI-PC-O11D-EVO,"Vỏ Case Lian Li PC-O11 Dynamic Evo (Mid Tower, ATX)",Case - Vỏ máy tính,Lian Li,1,3490000,3900000,3490000,5,"Hàng chuẩn GearVN, nguyên seal mới cứng, bảo hành đầy đủ. Vote 5 sao!"
ORI-003663,ORD-260616-2716,SSD-004,CRUCIAL-P5-PLUS-500GB,SSD Crucial P5 Plus 500GB NVMe M.2 PCIe Gen4,SSD - Ổ cứng thể rắn,Crucial,1,990000,1200000,990000,,
ORI-003664,ORD-260104-2717,MB-002,MSI-MAG-Z790-TOMAHAWK,"Mainboard MSI MAG Z790 Tomahawk WiFi (LGA 1700, DDR5, ATX)",Mainboard - Bo mạch chủ,MSI,1,6990000,7800000,6990000,5,"Thiết kế đẹp mắt, hiệu năng vượt trội so với tầm giá. Rất hài lòng!"
ORI-003665,ORD-251222-2718,SSD-003,KINGSTON-KC3000-1TB,SSD Kingston KC3000 1TB NVMe M.2 PCIe Gen4,SSD - Ổ cứng thể rắn,Kingston,1,1890000,2200000,1890000,5,"Sản phẩm cực kỳ chất lượng, đóng gói cẩn thận, giao hàng nhanh."
ORI-003666,ORD-250807-2719,PSU-002,SEASONIC-FOCUS-GX-850,Nguồn Seasonic Focus GX 850W 80 Plus Gold Full Modular,PSU - Nguồn máy tính,Seasonic,1,3290000,3800000,3290000,5,"Thiết kế đẹp mắt, hiệu năng vượt trội so với tầm giá. Rất hài lòng!"
ORI-003667,ORD-250920-2720,MOUSE-002,RAZER-DEATHADDER-V3-HTE,Chuột gaming Razer DeathAdder V3 HyperSpeed (Không dây),Chuột - Mouse,Razer,1,1890000,2200000,1890000,5,"Hàng chuẩn GearVN, nguyên seal mới cứng, bảo hành đầy đủ. Vote 5 sao!"
ORI-003668,ORD-260515-2721,RAM-003,KINGSTON-FURY-DDR4-16GB-3200,RAM Kingston Fury Beast DDR4 16GB (2x8GB) 3200MHz,RAM - Bộ nhớ trong,Kingston,1,1290000,1500000,1290000,,
ORI-003669,ORD-260111-2722,CPU-002,INTEL-I7-14700K,"CPU Intel Core i7-14700K (3.4GHz Turbo 5.6GHz, 20 nhân 28 luồng)",CPU - Bộ vi xử lý,Intel,1,8490000,9500000,8490000,5,"Hàng chuẩn GearVN, nguyên seal mới cứng, bảo hành đầy đủ. Vote 5 sao!"
ORI-003670,ORD-260111-2722,COOL-003,DEEPCOOL-AK620-DIGITAL,"Tản nhiệt khí DeepCool AK620 Digital (Dual Tower, 2x120mm)",Tản nhiệt - Cooling,Deepcool,1,1490000,1800000,1490000,5,"Hàng chuẩn GearVN, nguyên seal mới cứng, bảo hành đầy đủ. Vote 5 sao!"
ORI-003671,ORD-250930-2723,SSD-001,SAMSUNG-980-PRO-2TB,SSD Samsung 980 Pro 2TB NVMe M.2 PCIe Gen4,SSD - Ổ cứng thể rắn,Samsung,1,3490000,3900000,3490000,4,"Chất lượng ổn áp, chạy ngon lành, đóng gói kỹ càng."
ORI-003672,ORD-251113-2724,SSD-004,CRUCIAL-P5-PLUS-500GB,SSD Crucial P5 Plus 500GB NVMe M.2 PCIe Gen4,SSD - Ổ cứng thể rắn,Crucial,1,990000,1200000,990000,5,"Thiết kế đẹp mắt, hiệu năng vượt trội so với tầm giá. Rất hài lòng!"
ORI-003673,ORD-251113-2724,MONITOR-001,LG-27GP850P-27-QHD-165HZ,"Màn hình LG UltraGear 27GP850P-B 27"" QHD IPS 165Hz 1ms",Màn hình - Monitor,LG,1,8990000,10500000,8990000,4,"Chất lượng ổn áp, chạy ngon lành, đóng gói kỹ càng."
ORI-003674,ORD-260206-2725,MB-004,ASUS-TUF-B760M-PLUS-WIFI,"Mainboard ASUS TUF Gaming B760M-Plus WiFi (LGA 1700, DDR5, mATX)",Mainboard - Bo mạch chủ,ASUS,1,3990000,4500000,3990000,5,"Thiết kế đẹp mắt, hiệu năng vượt trội so với tầm giá. Rất hài lòng!"
ORI-003675,ORD-250809-2726,CPU-002,INTEL-I7-14700K,"CPU Intel Core i7-14700K (3.4GHz Turbo 5.6GHz, 20 nhân 28 luồng)",CPU - Bộ vi xử lý,Intel,1,8490000,9500000,8490000,3,"Hiệu năng đủ dùng cho tác vụ cơ bản, nhiệt độ hơi ấm khi tải nặng."
ORI-003676,ORD-260207-2727,CPU-005,AMD-R7-7700X,"CPU AMD Ryzen 7 7700X (4.5GHz Turbo 5.4GHz, 8 nhân 16 luồng)",CPU - Bộ vi xử lý,AMD,1,6890000,7500000,6890000,5,"Sản phẩm cực kỳ chất lượng, đóng gói cẩn thận, giao hàng nhanh."
ORI-003677,ORD-250916-2728,SSD-002,WD-BLACK-SN850X-1TB,SSD WD Black SN850X 1TB NVMe M.2 PCIe Gen4,SSD - Ổ cứng thể rắn,Western Digital,1,2190000,2500000,2190000,5,"Hàng chuẩn GearVN, nguyên seal mới cứng, bảo hành đầy đủ. Vote 5 sao!"
ORI-003678,ORD-250916-2728,GPU-003,GIGABYTE-RTX4070-SUPER-12G,VGA GIGABYTE GeForce RTX 4070 Super Gaming OC 12GB,VGA - Card màn hình,GIGABYTE,1,16490000,18500000,16490000,5,"Hàng chuẩn GearVN, nguyên seal mới cứng, bảo hành đầy đủ. Vote 5 sao!"
ORI-003679,ORD-260326-2729,GPU-001,ASUS-ROG-RTX4090-24G,VGA ASUS ROG Strix GeForce RTX 4090 24GB GDDR6X OC,VGA - Card màn hình,ASUS,1,52990000,58000000,52990000,5,"Rất đáng tiền, chạy mượt mà, chính hãng 100%."
ORI-003680,ORD-250930-2730,GPU-002,MSI-RTX4080-SUPER-16G,VGA MSI GeForce RTX 4080 Super 16GB Gaming X Slim,VGA - Card màn hình,MSI,1,26990000,30000000,26990000,4,"Sản phẩm dùng tốt, đúng mô tả, tuy nhiên giao hàng hơi trễ 1 ngày."
ORI-003681,ORD-250930-2730,KB-002,RAZER-BLACKWIDOW-V4-75,Bàn phím cơ Razer BlackWidow V4 75% (Razer Yellow Switch),Bàn phím - Keyboard,Razer,1,3290000,3800000,3290000,5,"Sản phẩm cực kỳ chất lượng, đóng gói cẩn thận, giao hàng nhanh."
ORI-003682,ORD-260225-2731,SSD-004,CRUCIAL-P5-PLUS-500GB,SSD Crucial P5 Plus 500GB NVMe M.2 PCIe Gen4,SSD - Ổ cứng thể rắn,Crucial,1,990000,1200000,990000,4,"Chất lượng ổn áp, chạy ngon lành, đóng gói kỹ càng."
ORI-003683,ORD-251230-2732,MB-004,ASUS-TUF-B760M-PLUS-WIFI,"Mainboard ASUS TUF Gaming B760M-Plus WiFi (LGA 1700, DDR5, mATX)",Mainboard - Bo mạch chủ,ASUS,1,3990000,4500000,3990000,5,"Rất đáng tiền, chạy mượt mà, chính hãng 100%."
ORI-003684,ORD-260403-2733,SSD-001,SAMSUNG-980-PRO-2TB,SSD Samsung 980 Pro 2TB NVMe M.2 PCIe Gen4,SSD - Ổ cứng thể rắn,Samsung,1,3490000,3900000,3490000,5,"Thiết kế đẹp mắt, hiệu năng vượt trội so với tầm giá. Rất hài lòng!"
ORI-003685,ORD-251207-2734,MB-004,ASUS-TUF-B760M-PLUS-WIFI,"Mainboard ASUS TUF Gaming B760M-Plus WiFi (LGA 1700, DDR5, mATX)",Mainboard - Bo mạch chủ,ASUS,1,3990000,4500000,3990000,2,"Hiệu năng không đúng như quảng cáo, hay bị sụt nguồn đột ngột."
ORI-003686,ORD-260106-2735,CPU-003,INTEL-I5-14600K,"CPU Intel Core i5-14600K (3.5GHz Turbo 5.3GHz, 14 nhân 20 luồng)",CPU - Bộ vi xử lý,Intel,1,5490000,6200000,5490000,5,"Hàng chuẩn GearVN, nguyên seal mới cứng, bảo hành đầy đủ. Vote 5 sao!"
ORI-003687,ORD-251215-2736,RAM-001,CORSAIR-DDR5-32GB-6000,RAM Corsair Dominator Titanium DDR5 32GB (2x16GB) 6000MHz,RAM - Bộ nhớ trong,Corsair,1,3990000,4500000,3990000,3,Chất lượng sản phẩm ok nhưng tổng đài hỗ trợ kỹ thuật phản hồi hơi chậm.
ORI-003688,ORD-260221-2737,SSD-002,WD-BLACK-SN850X-1TB,SSD WD Black SN850X 1TB NVMe M.2 PCIe Gen4,SSD - Ổ cứng thể rắn,Western Digital,1,2190000,2500000,2190000,5,"Hàng chuẩn GearVN, nguyên seal mới cứng, bảo hành đầy đủ. Vote 5 sao!"
ORI-003689,ORD-260221-2737,CASE-001,LIANLI-PC-O11D-EVO,"Vỏ Case Lian Li PC-O11 Dynamic Evo (Mid Tower, ATX)",Case - Vỏ máy tính,Lian Li,1,3490000,3900000,3490000,5,"Hàng chuẩn GearVN, nguyên seal mới cứng, bảo hành đầy đủ. Vote 5 sao!"
ORI-003690,ORD-251106-2738,MB-003,GIGABYTE-X670E-AORUS-MASTER,"Mainboard GIGABYTE X670E AORUS Master (AM5, DDR5, ATX)",Mainboard - Bo mạch chủ,GIGABYTE,1,11490000,13000000,11490000,5,"Rất đáng tiền, chạy mượt mà, chính hãng 100%."
ORI-003691,ORD-251130-2739,GPU-003,GIGABYTE-RTX4070-SUPER-12G,VGA GIGABYTE GeForce RTX 4070 Super Gaming OC 12GB,VGA - Card màn hình,GIGABYTE,1,16490000,18500000,16490000,4,"Thiết kế đẹp, chạy mát, dịch vụ chăm sóc khách hàng khá tốt."
ORI-003692,ORD-260213-2740,CASE-002,JONSBO-D41-MESH,"Vỏ Case Jonsbo D41 Mesh Screen (Mid Tower, ATX, Màn hình LCD)",Case - Vỏ máy tính,Jonsbo,1,2290000,2600000,2290000,4,"Hiệu năng tốt trong tầm giá, dùng mượt mà không lỗi lầm gì."
ORI-003693,ORD-260213-2740,RAM-001,CORSAIR-DDR5-32GB-6000,RAM Corsair Dominator Titanium DDR5 32GB (2x16GB) 6000MHz,RAM - Bộ nhớ trong,Corsair,1,3990000,4500000,3990000,5,"Rất đáng tiền, chạy mượt mà, chính hãng 100%."
ORI-003694,ORD-260301-2741,RAM-004,CORSAIR-DDR5-64GB-6400,RAM Corsair Vengeance DDR5 64GB (2x32GB) 6400MHz CL32,RAM - Bộ nhớ trong,Corsair,1,6490000,7500000,6490000,5,"Lắp đặt dễ dàng, chạy êm ái và mát mẻ. Shop hỗ trợ nhiệt tình."
ORI-003695,ORD-260301-2741,RAM-004,CORSAIR-DDR5-64GB-6400,RAM Corsair Vengeance DDR5 64GB (2x32GB) 6400MHz CL32,RAM - Bộ nhớ trong,Corsair,1,6490000,7500000,6490000,5,"Lắp đặt dễ dàng, chạy êm ái và mát mẻ. Shop hỗ trợ nhiệt tình."
ORI-003696,ORD-250901-2742,SSD-004,CRUCIAL-P5-PLUS-500GB,SSD Crucial P5 Plus 500GB NVMe M.2 PCIe Gen4,SSD - Ổ cứng thể rắn,Crucial,1,990000,1200000,990000,5,"Lắp đặt dễ dàng, chạy êm ái và mát mẻ. Shop hỗ trợ nhiệt tình."
ORI-003697,ORD-260323-2743,RAM-002,GSKILL-DDR5-32GB-6000,RAM G.Skill Trident Z5 RGB DDR5 32GB (2x16GB) 6000MHz CL30,RAM - Bộ nhớ trong,G.Skill,1,3690000,4200000,3690000,4,"Chất lượng ổn áp, chạy ngon lành, đóng gói kỹ càng."
ORI-003698,ORD-251031-2744,FAN-001,LIANLI-UNI-FAN-AL120-3PACK,"Fan Case Lian Li UNI FAN AL120 RGB (3-Pack, Daisy-chain)",Fan - Quạt tản nhiệt,Lian Li,1,1490000,1800000,1490000,5,"Hàng chuẩn GearVN, nguyên seal mới cứng, bảo hành đầy đủ. Vote 5 sao!"
ORI-003699,ORD-260202-2745,COOL-003,DEEPCOOL-AK620-DIGITAL,"Tản nhiệt khí DeepCool AK620 Digital (Dual Tower, 2x120mm)",Tản nhiệt - Cooling,Deepcool,1,1490000,1800000,1490000,5,"Lắp đặt dễ dàng, chạy êm ái và mát mẻ. Shop hỗ trợ nhiệt tình."
ORI-003700,ORD-260202-2745,MONITOR-002,SAMSUNG-ODYSSEY-G7-32-4K,"Màn hình Samsung Odyssey G7 32"" 4K UHD 144Hz IPS",Màn hình - Monitor,Samsung,1,12990000,15000000,12990000,5,"Hàng chuẩn GearVN, nguyên seal mới cứng, bảo hành đầy đủ. Vote 5 sao!"
ORI-003701,ORD-251125-2746,CPU-002,INTEL-I7-14700K,"CPU Intel Core i7-14700K (3.4GHz Turbo 5.6GHz, 20 nhân 28 luồng)",CPU - Bộ vi xử lý,Intel,1,8490000,9500000,8490000,1,"Sản phẩm bị lỗi hỏng ngay khi bóc hộp, không lên nguồn. Dịch vụ tệ."
ORI-003702,ORD-251125-2746,CASE-002,JONSBO-D41-MESH,"Vỏ Case Jonsbo D41 Mesh Screen (Mid Tower, ATX, Màn hình LCD)",Case - Vỏ máy tính,Jonsbo,1,2290000,2600000,2290000,5,"Hàng chuẩn GearVN, nguyên seal mới cứng, bảo hành đầy đủ. Vote 5 sao!"
ORI-003703,ORD-250801-2747,GPU-005,MSI-RTX4060-TI-8G-VENTUS,VGA MSI GeForce RTX 4060 Ti 8G Ventus 2X OC,VGA - Card màn hình,MSI,1,9490000,11000000,9490000,3,"Sản phẩm bình thường, không quá nổi bật, dịch vụ giao hàng ở mức trung bình."
ORI-003704,ORD-260205-2748,COOL-001,CORSAIR-H150I-ELITE-360MM,Tản nhiệt nước AIO Corsair iCUE H150i Elite LCD 360mm,Tản nhiệt - Cooling,Corsair,1,4490000,5000000,4490000,5,"Thiết kế đẹp mắt, hiệu năng vượt trội so với tầm giá. Rất hài lòng!"
ORI-003705,ORD-260205-2748,CHAIR-001,SECRETLAB-TITAN-EVO-2022,"Ghế gaming Secretlab Titan Evo 2022 (SoftWeave Plus, Medium)",Ghế gaming - Gaming Chair,Secretlab,1,12990000,14500000,12990000,5,"Hàng chuẩn GearVN, nguyên seal mới cứng, bảo hành đầy đủ. Vote 5 sao!"
ORI-003706,ORD-250807-2749,CPU-001,INTEL-I9-14900K,"CPU Intel Core i9-14900K (3.2GHz Turbo 6.0GHz, 24 nhân 32 luồng)",CPU - Bộ vi xử lý,Intel,1,12990000,14500000,12990000,4,"Thiết kế đẹp, chạy mát, dịch vụ chăm sóc khách hàng khá tốt."
ORI-003707,ORD-250801-2750,KB-001,CORSAIR-K100-RGB-OPX,Bàn phím cơ Corsair K100 RGB Optical-Mechanical (OPX Switch),Bàn phím - Keyboard,Corsair,1,5490000,6000000,5490000,5,"Thiết kế đẹp mắt, hiệu năng vượt trội so với tầm giá. Rất hài lòng!"
ORI-003708,ORD-260227-2751,GPU-005,MSI-RTX4060-TI-8G-VENTUS,VGA MSI GeForce RTX 4060 Ti 8G Ventus 2X OC,VGA - Card màn hình,MSI,1,9490000,11000000,9490000,5,"Thiết kế đẹp mắt, hiệu năng vượt trội so với tầm giá. Rất hài lòng!"
ORI-003709,ORD-260227-2751,MONITOR-002,SAMSUNG-ODYSSEY-G7-32-4K,"Màn hình Samsung Odyssey G7 32"" 4K UHD 144Hz IPS",Màn hình - Monitor,Samsung,1,12990000,15000000,12990000,5,"Rất đáng tiền, chạy mượt mà, chính hãng 100%."
ORI-003710,ORD-250831-2752,PSU-003,COOLERMASTER-V750-GOLD,Nguồn Cooler Master MWE Gold 750W 80 Plus Gold Full Modular,PSU - Nguồn máy tính,Cooler Master,1,2490000,2900000,2490000,5,"Hàng chuẩn GearVN, nguyên seal mới cứng, bảo hành đầy đủ. Vote 5 sao!"
ORI-003711,ORD-250911-2753,SSD-002,WD-BLACK-SN850X-1TB,SSD WD Black SN850X 1TB NVMe M.2 PCIe Gen4,SSD - Ổ cứng thể rắn,Western Digital,1,2190000,2500000,2190000,5,"Sản phẩm cực kỳ chất lượng, đóng gói cẩn thận, giao hàng nhanh."
ORI-003712,ORD-250709-2754,RAM-004,CORSAIR-DDR5-64GB-6400,RAM Corsair Vengeance DDR5 64GB (2x32GB) 6400MHz CL32,RAM - Bộ nhớ trong,Corsair,1,6490000,7500000,6490000,5,"Thiết kế đẹp mắt, hiệu năng vượt trội so với tầm giá. Rất hài lòng!"
ORI-003713,ORD-260307-2755,SSD-004,CRUCIAL-P5-PLUS-500GB,SSD Crucial P5 Plus 500GB NVMe M.2 PCIe Gen4,SSD - Ổ cứng thể rắn,Crucial,1,990000,1200000,990000,5,"Sản phẩm cực kỳ chất lượng, đóng gói cẩn thận, giao hàng nhanh."
ORI-003714,ORD-260410-2756,CPU-001,INTEL-I9-14900K,"CPU Intel Core i9-14900K (3.2GHz Turbo 6.0GHz, 24 nhân 32 luồng)",CPU - Bộ vi xử lý,Intel,1,12990000,14500000,12990000,4,"Sản phẩm dùng tốt, đúng mô tả, tuy nhiên giao hàng hơi trễ 1 ngày."
ORI-003715,ORD-260410-2756,GPU-002,MSI-RTX4080-SUPER-16G,VGA MSI GeForce RTX 4080 Super 16GB Gaming X Slim,VGA - Card màn hình,MSI,1,26990000,30000000,26990000,5,"Rất đáng tiền, chạy mượt mà, chính hãng 100%."
ORI-003716,ORD-260429-2757,PSU-002,SEASONIC-FOCUS-GX-850,Nguồn Seasonic Focus GX 850W 80 Plus Gold Full Modular,PSU - Nguồn máy tính,Seasonic,1,3290000,3800000,3290000,5,"Rất đáng tiền, chạy mượt mà, chính hãng 100%."
ORI-003717,ORD-250809-2758,SSD-001,SAMSUNG-980-PRO-2TB,SSD Samsung 980 Pro 2TB NVMe M.2 PCIe Gen4,SSD - Ổ cứng thể rắn,Samsung,1,3490000,3900000,3490000,5,"Lắp đặt dễ dàng, chạy êm ái và mát mẻ. Shop hỗ trợ nhiệt tình."
ORI-003718,ORD-251117-2759,CASE-001,LIANLI-PC-O11D-EVO,"Vỏ Case Lian Li PC-O11 Dynamic Evo (Mid Tower, ATX)",Case - Vỏ máy tính,Lian Li,1,3490000,3900000,3490000,3,"Sản phẩm bình thường, không quá nổi bật, dịch vụ giao hàng ở mức trung bình."
ORI-003719,ORD-260112-2760,RAM-004,CORSAIR-DDR5-64GB-6400,RAM Corsair Vengeance DDR5 64GB (2x32GB) 6400MHz CL32,RAM - Bộ nhớ trong,Corsair,1,6490000,7500000,6490000,5,"Hàng chuẩn GearVN, nguyên seal mới cứng, bảo hành đầy đủ. Vote 5 sao!"
ORI-003720,ORD-250726-2761,PSU-001,CORSAIR-HX1000I-1000W,Nguồn Corsair HX1000i 1000W 80 Plus Platinum Full Modular,PSU - Nguồn máy tính,Corsair,1,4990000,5500000,4990000,3,"Dùng tạm ổn, nhưng vỏ hộp hơi móp méo khi vận chuyển."
ORI-003721,ORD-260127-2762,MOUSE-001,LOGITECH-G-PRO-X-SUPERLIGHT2,"Chuột gaming Logitech G Pro X Superlight 2 (Không dây, 32000 DPI)",Chuột - Mouse,Logitech,1,3390000,3800000,3390000,2,"Giao sai phiên bản màu sắc, đang chờ shop đổi trả."
ORI-003722,ORD-260127-2762,CASE-002,JONSBO-D41-MESH,"Vỏ Case Jonsbo D41 Mesh Screen (Mid Tower, ATX, Màn hình LCD)",Case - Vỏ máy tính,Jonsbo,1,2290000,2600000,2290000,5,"Sản phẩm cực kỳ chất lượng, đóng gói cẩn thận, giao hàng nhanh."
ORI-003723,ORD-250709-2763,PSU-002,SEASONIC-FOCUS-GX-850,Nguồn Seasonic Focus GX 850W 80 Plus Gold Full Modular,PSU - Nguồn máy tính,Seasonic,1,3290000,3800000,3290000,5,"Thiết kế đẹp mắt, hiệu năng vượt trội so với tầm giá. Rất hài lòng!"
ORI-003724,ORD-251203-2764,HDD-001,SEAGATE-BARRACUDA-4TB,"Ổ cứng HDD Seagate Barracuda 4TB 3.5"" SATA 5400RPM",HDD - Ổ cứng cơ,Seagate,1,2190000,2500000,2190000,5,"Rất đáng tiền, chạy mượt mà, chính hãng 100%."
ORI-003725,ORD-260306-2765,CHAIR-001,SECRETLAB-TITAN-EVO-2022,"Ghế gaming Secretlab Titan Evo 2022 (SoftWeave Plus, Medium)",Ghế gaming - Gaming Chair,Secretlab,1,12990000,14500000,12990000,3,Chất lượng sản phẩm ok nhưng tổng đài hỗ trợ kỹ thuật phản hồi hơi chậm.
ORI-003726,ORD-250815-2766,MB-002,MSI-MAG-Z790-TOMAHAWK,"Mainboard MSI MAG Z790 Tomahawk WiFi (LGA 1700, DDR5, ATX)",Mainboard - Bo mạch chủ,MSI,1,6990000,7800000,6990000,2,"Giao sai phiên bản màu sắc, đang chờ shop đổi trả."
ORI-003727,ORD-250815-2766,HEADSET-001,CORSAIR-VIRTUOSO-RGB-XT,Tai nghe gaming Corsair Virtuoso RGB Wireless XT,Tai nghe - Headset,Corsair,1,4290000,5000000,4290000,5,"Rất đáng tiền, chạy mượt mà, chính hãng 100%."
ORI-003728,ORD-260126-2767,FAN-001,LIANLI-UNI-FAN-AL120-3PACK,"Fan Case Lian Li UNI FAN AL120 RGB (3-Pack, Daisy-chain)",Fan - Quạt tản nhiệt,Lian Li,1,1490000,1800000,1490000,4,"Sản phẩm dùng tốt, đúng mô tả, tuy nhiên giao hàng hơi trễ 1 ngày."
ORI-003729,ORD-251206-2768,RAM-003,KINGSTON-FURY-DDR4-16GB-3200,RAM Kingston Fury Beast DDR4 16GB (2x8GB) 3200MHz,RAM - Bộ nhớ trong,Kingston,1,1290000,1500000,1290000,3,"Hiệu năng đủ dùng cho tác vụ cơ bản, nhiệt độ hơi ấm khi tải nặng."
ORI-003730,ORD-260612-2769,HDD-001,SEAGATE-BARRACUDA-4TB,"Ổ cứng HDD Seagate Barracuda 4TB 3.5"" SATA 5400RPM",HDD - Ổ cứng cơ,Seagate,1,2190000,2500000,2190000,5,"Rất đáng tiền, chạy mượt mà, chính hãng 100%."
ORI-003731,ORD-260612-2769,CPU-005,AMD-R7-7700X,"CPU AMD Ryzen 7 7700X (4.5GHz Turbo 5.4GHz, 8 nhân 16 luồng)",CPU - Bộ vi xử lý,AMD,1,6890000,7500000,6890000,4,"Thiết kế đẹp, chạy mát, dịch vụ chăm sóc khách hàng khá tốt."
ORI-003732,ORD-260405-2770,GPU-004,ASUS-RX7900XTX-24G,VGA ASUS TUF Gaming Radeon RX 7900 XTX OC 24GB,VGA - Card màn hình,ASUS,1,22990000,25000000,22990000,5,"Rất đáng tiền, chạy mượt mà, chính hãng 100%."
ORI-003733,ORD-250806-2771,COOL-003,DEEPCOOL-AK620-DIGITAL,"Tản nhiệt khí DeepCool AK620 Digital (Dual Tower, 2x120mm)",Tản nhiệt - Cooling,Deepcool,1,1490000,1800000,1490000,3,"Sản phẩm bình thường, không quá nổi bật, dịch vụ giao hàng ở mức trung bình."
ORI-003734,ORD-251201-2772,MONITOR-001,LG-27GP850P-27-QHD-165HZ,"Màn hình LG UltraGear 27GP850P-B 27"" QHD IPS 165Hz 1ms",Màn hình - Monitor,LG,1,8990000,10500000,8990000,5,"Rất đáng tiền, chạy mượt mà, chính hãng 100%."
ORI-003735,ORD-251201-2772,KB-001,CORSAIR-K100-RGB-OPX,Bàn phím cơ Corsair K100 RGB Optical-Mechanical (OPX Switch),Bàn phím - Keyboard,Corsair,1,5490000,6000000,5490000,5,"Lắp đặt dễ dàng, chạy êm ái và mát mẻ. Shop hỗ trợ nhiệt tình."
ORI-003736,ORD-260608-2773,PSU-003,COOLERMASTER-V750-GOLD,Nguồn Cooler Master MWE Gold 750W 80 Plus Gold Full Modular,PSU - Nguồn máy tính,Cooler Master,1,2490000,2900000,2490000,4,"Chất lượng ổn áp, chạy ngon lành, đóng gói kỹ càng."
ORI-003737,ORD-250929-2774,SSD-004,CRUCIAL-P5-PLUS-500GB,SSD Crucial P5 Plus 500GB NVMe M.2 PCIe Gen4,SSD - Ổ cứng thể rắn,Crucial,1,990000,1200000,990000,5,"Sản phẩm cực kỳ chất lượng, đóng gói cẩn thận, giao hàng nhanh."
ORI-003738,ORD-251121-2775,SSD-003,KINGSTON-KC3000-1TB,SSD Kingston KC3000 1TB NVMe M.2 PCIe Gen4,SSD - Ổ cứng thể rắn,Kingston,1,1890000,2200000,1890000,5,"Hàng chuẩn GearVN, nguyên seal mới cứng, bảo hành đầy đủ. Vote 5 sao!"
ORI-003739,ORD-250831-2776,SSD-004,CRUCIAL-P5-PLUS-500GB,SSD Crucial P5 Plus 500GB NVMe M.2 PCIe Gen4,SSD - Ổ cứng thể rắn,Crucial,1,990000,1200000,990000,5,"Lắp đặt dễ dàng, chạy êm ái và mát mẻ. Shop hỗ trợ nhiệt tình."
ORI-003740,ORD-260320-2777,SSD-004,CRUCIAL-P5-PLUS-500GB,SSD Crucial P5 Plus 500GB NVMe M.2 PCIe Gen4,SSD - Ổ cứng thể rắn,Crucial,1,990000,1200000,990000,5,"Thiết kế đẹp mắt, hiệu năng vượt trội so với tầm giá. Rất hài lòng!"
ORI-003741,ORD-260511-2778,CASE-002,JONSBO-D41-MESH,"Vỏ Case Jonsbo D41 Mesh Screen (Mid Tower, ATX, Màn hình LCD)",Case - Vỏ máy tính,Jonsbo,1,2290000,2600000,2290000,5,"Sản phẩm cực kỳ chất lượng, đóng gói cẩn thận, giao hàng nhanh."
ORI-003742,ORD-260511-2778,GPU-005,MSI-RTX4060-TI-8G-VENTUS,VGA MSI GeForce RTX 4060 Ti 8G Ventus 2X OC,VGA - Card màn hình,MSI,1,9490000,11000000,9490000,4,"Chất lượng ổn áp, chạy ngon lành, đóng gói kỹ càng."
ORI-003743,ORD-260128-2779,GPU-002,MSI-RTX4080-SUPER-16G,VGA MSI GeForce RTX 4080 Super 16GB Gaming X Slim,VGA - Card màn hình,MSI,1,26990000,30000000,26990000,4,"Sản phẩm dùng tốt, đúng mô tả, tuy nhiên giao hàng hơi trễ 1 ngày."
ORI-003744,ORD-251228-2780,MB-003,GIGABYTE-X670E-AORUS-MASTER,"Mainboard GIGABYTE X670E AORUS Master (AM5, DDR5, ATX)",Mainboard - Bo mạch chủ,GIGABYTE,1,11490000,13000000,11490000,5,"Lắp đặt dễ dàng, chạy êm ái và mát mẻ. Shop hỗ trợ nhiệt tình."
ORI-003745,ORD-260413-2781,CPU-006,INTEL-I3-14100F,"CPU Intel Core i3-14100F (3.5GHz Turbo 4.7GHz, 4 nhân 8 luồng)",CPU - Bộ vi xử lý,Intel,1,2490000,2800000,2490000,5,"Rất đáng tiền, chạy mượt mà, chính hãng 100%."
ORI-003746,ORD-260413-2781,MONITOR-002,SAMSUNG-ODYSSEY-G7-32-4K,"Màn hình Samsung Odyssey G7 32"" 4K UHD 144Hz IPS",Màn hình - Monitor,Samsung,1,12990000,15000000,12990000,5,"Thiết kế đẹp mắt, hiệu năng vượt trội so với tầm giá. Rất hài lòng!"
ORI-003747,ORD-260223-2782,MOUSE-001,LOGITECH-G-PRO-X-SUPERLIGHT2,"Chuột gaming Logitech G Pro X Superlight 2 (Không dây, 32000 DPI)",Chuột - Mouse,Logitech,1,3390000,3800000,3390000,5,"Thiết kế đẹp mắt, hiệu năng vượt trội so với tầm giá. Rất hài lòng!"
ORI-003748,ORD-250808-2783,CPU-003,INTEL-I5-14600K,"CPU Intel Core i5-14600K (3.5GHz Turbo 5.3GHz, 14 nhân 20 luồng)",CPU - Bộ vi xử lý,Intel,1,5490000,6200000,5490000,1,"Giao hàng quá chậm (mất 7 ngày), hàng móp méo hư hại nghiêm trọng."
ORI-003749,ORD-260301-2784,PSU-003,COOLERMASTER-V750-GOLD,Nguồn Cooler Master MWE Gold 750W 80 Plus Gold Full Modular,PSU - Nguồn máy tính,Cooler Master,1,2490000,2900000,2490000,4,"Thiết kế đẹp, chạy mát, dịch vụ chăm sóc khách hàng khá tốt."
ORI-003750,ORD-250902-2785,KB-001,CORSAIR-K100-RGB-OPX,Bàn phím cơ Corsair K100 RGB Optical-Mechanical (OPX Switch),Bàn phím - Keyboard,Corsair,1,5490000,6000000,5490000,5,"Hàng chuẩn GearVN, nguyên seal mới cứng, bảo hành đầy đủ. Vote 5 sao!"
ORI-003751,ORD-250812-2786,RAM-004,CORSAIR-DDR5-64GB-6400,RAM Corsair Vengeance DDR5 64GB (2x32GB) 6400MHz CL32,RAM - Bộ nhớ trong,Corsair,1,6490000,7500000,6490000,5,"Lắp đặt dễ dàng, chạy êm ái và mát mẻ. Shop hỗ trợ nhiệt tình."
ORI-003752,ORD-250812-2786,COOL-002,THERMALRIGHT-PHANTOM-SPIRIT-120,Tản nhiệt khí Thermalright Phantom Spirit 120 SE ARGB,Tản nhiệt - Cooling,Thermalright,1,990000,1200000,990000,4,"Sản phẩm dùng tốt, đúng mô tả, tuy nhiên giao hàng hơi trễ 1 ngày."
ORI-003753,ORD-260617-2787,SSD-003,KINGSTON-KC3000-1TB,SSD Kingston KC3000 1TB NVMe M.2 PCIe Gen4,SSD - Ổ cứng thể rắn,Kingston,1,1890000,2200000,1890000,3,Chất lượng sản phẩm ok nhưng tổng đài hỗ trợ kỹ thuật phản hồi hơi chậm.
ORI-003754,ORD-250921-2788,MB-002,MSI-MAG-Z790-TOMAHAWK,"Mainboard MSI MAG Z790 Tomahawk WiFi (LGA 1700, DDR5, ATX)",Mainboard - Bo mạch chủ,MSI,1,6990000,7800000,6990000,3,"Dùng tạm ổn, nhưng vỏ hộp hơi móp méo khi vận chuyển."
ORI-003755,ORD-250921-2788,HEADSET-001,CORSAIR-VIRTUOSO-RGB-XT,Tai nghe gaming Corsair Virtuoso RGB Wireless XT,Tai nghe - Headset,Corsair,1,4290000,5000000,4290000,5,"Lắp đặt dễ dàng, chạy êm ái và mát mẻ. Shop hỗ trợ nhiệt tình."
ORI-003756,ORD-260112-2789,MB-004,ASUS-TUF-B760M-PLUS-WIFI,"Mainboard ASUS TUF Gaming B760M-Plus WiFi (LGA 1700, DDR5, mATX)",Mainboard - Bo mạch chủ,ASUS,1,3990000,4500000,3990000,2,"Sản phẩm có dấu hiệu trầy xước nhẹ, giao hàng chậm, đóng gói sơ sài."
ORI-003757,ORD-260112-2789,KB-001,CORSAIR-K100-RGB-OPX,Bàn phím cơ Corsair K100 RGB Optical-Mechanical (OPX Switch),Bàn phím - Keyboard,Corsair,1,5490000,6000000,5490000,5,"Thiết kế đẹp mắt, hiệu năng vượt trội so với tầm giá. Rất hài lòng!"
ORI-003758,ORD-250626-2790,MOUSE-001,LOGITECH-G-PRO-X-SUPERLIGHT2,"Chuột gaming Logitech G Pro X Superlight 2 (Không dây, 32000 DPI)",Chuột - Mouse,Logitech,1,3390000,3800000,3390000,5,"Hàng chuẩn GearVN, nguyên seal mới cứng, bảo hành đầy đủ. Vote 5 sao!"
ORI-003759,ORD-250626-2790,CPU-004,AMD-R9-7950X,"CPU AMD Ryzen 9 7950X (4.5GHz Turbo 5.7GHz, 16 nhân 32 luồng)",CPU - Bộ vi xử lý,AMD,1,13490000,15000000,13490000,4,"Sản phẩm tốt, nhân viên tư vấn nhiệt tình, sẽ tiếp tục ủng hộ."
ORI-003760,ORD-250719-2791,MOUSE-002,RAZER-DEATHADDER-V3-HTE,Chuột gaming Razer DeathAdder V3 HyperSpeed (Không dây),Chuột - Mouse,Razer,1,1890000,2200000,1890000,2,"Hiệu năng không đúng như quảng cáo, hay bị sụt nguồn đột ngột."
ORI-003761,ORD-250630-2792,MB-002,MSI-MAG-Z790-TOMAHAWK,"Mainboard MSI MAG Z790 Tomahawk WiFi (LGA 1700, DDR5, ATX)",Mainboard - Bo mạch chủ,MSI,1,6990000,7800000,6990000,5,"Lắp đặt dễ dàng, chạy êm ái và mát mẻ. Shop hỗ trợ nhiệt tình."
ORI-003762,ORD-250718-2793,MB-004,ASUS-TUF-B760M-PLUS-WIFI,"Mainboard ASUS TUF Gaming B760M-Plus WiFi (LGA 1700, DDR5, mATX)",Mainboard - Bo mạch chủ,ASUS,1,3990000,4500000,3990000,4,"Thiết kế đẹp, chạy mát, dịch vụ chăm sóc khách hàng khá tốt."
ORI-003763,ORD-251225-2794,GPU-002,MSI-RTX4080-SUPER-16G,VGA MSI GeForce RTX 4080 Super 16GB Gaming X Slim,VGA - Card màn hình,MSI,1,26990000,30000000,26990000,5,"Hàng chuẩn GearVN, nguyên seal mới cứng, bảo hành đầy đủ. Vote 5 sao!"
ORI-003764,ORD-260210-2795,HDD-002,WD-RED-PLUS-8TB,"Ổ cứng HDD WD Red Plus 8TB 3.5"" SATA NAS",HDD - Ổ cứng cơ,Western Digital,1,4490000,5200000,4490000,5,"Hàng chuẩn GearVN, nguyên seal mới cứng, bảo hành đầy đủ. Vote 5 sao!"
ORI-003765,ORD-260127-2796,CHAIR-001,SECRETLAB-TITAN-EVO-2022,"Ghế gaming Secretlab Titan Evo 2022 (SoftWeave Plus, Medium)",Ghế gaming - Gaming Chair,Secretlab,1,12990000,14500000,12990000,5,"Thiết kế đẹp mắt, hiệu năng vượt trội so với tầm giá. Rất hài lòng!"
ORI-003766,ORD-251231-2797,GPU-005,MSI-RTX4060-TI-8G-VENTUS,VGA MSI GeForce RTX 4060 Ti 8G Ventus 2X OC,VGA - Card màn hình,MSI,1,9490000,11000000,9490000,4,"Sản phẩm tốt, nhân viên tư vấn nhiệt tình, sẽ tiếp tục ủng hộ."
ORI-003767,ORD-260201-2798,MB-003,GIGABYTE-X670E-AORUS-MASTER,"Mainboard GIGABYTE X670E AORUS Master (AM5, DDR5, ATX)",Mainboard - Bo mạch chủ,GIGABYTE,1,11490000,13000000,11490000,4,"Chất lượng ổn áp, chạy ngon lành, đóng gói kỹ càng."
ORI-003768,ORD-251119-2799,CPU-005,AMD-R7-7700X,"CPU AMD Ryzen 7 7700X (4.5GHz Turbo 5.4GHz, 8 nhân 16 luồng)",CPU - Bộ vi xử lý,AMD,1,6890000,7500000,6890000,4,"Sản phẩm tốt, nhân viên tư vấn nhiệt tình, sẽ tiếp tục ủng hộ."
ORI-003769,ORD-250805-2800,HEADSET-001,CORSAIR-VIRTUOSO-RGB-XT,Tai nghe gaming Corsair Virtuoso RGB Wireless XT,Tai nghe - Headset,Corsair,1,4290000,5000000,4290000,5,"Thiết kế đẹp mắt, hiệu năng vượt trội so với tầm giá. Rất hài lòng!"
ORI-003770,ORD-251021-2801,CASE-002,JONSBO-D41-MESH,"Vỏ Case Jonsbo D41 Mesh Screen (Mid Tower, ATX, Màn hình LCD)",Case - Vỏ máy tính,Jonsbo,1,2290000,2600000,2290000,5,"Hàng chuẩn GearVN, nguyên seal mới cứng, bảo hành đầy đủ. Vote 5 sao!"
ORI-003771,ORD-251204-2802,GPU-004,ASUS-RX7900XTX-24G,VGA ASUS TUF Gaming Radeon RX 7900 XTX OC 24GB,VGA - Card màn hình,ASUS,1,22990000,25000000,22990000,5,"Thiết kế đẹp mắt, hiệu năng vượt trội so với tầm giá. Rất hài lòng!"
ORI-003772,ORD-260509-2803,RAM-004,CORSAIR-DDR5-64GB-6400,RAM Corsair Vengeance DDR5 64GB (2x32GB) 6400MHz CL32,RAM - Bộ nhớ trong,Corsair,1,6490000,7500000,6490000,4,"Sản phẩm dùng tốt, đúng mô tả, tuy nhiên giao hàng hơi trễ 1 ngày."
ORI-003773,ORD-260509-2803,COOL-003,DEEPCOOL-AK620-DIGITAL,"Tản nhiệt khí DeepCool AK620 Digital (Dual Tower, 2x120mm)",Tản nhiệt - Cooling,Deepcool,1,1490000,1800000,1490000,3,"Hiệu năng đủ dùng cho tác vụ cơ bản, nhiệt độ hơi ấm khi tải nặng."
ORI-003774,ORD-260121-2804,COOL-001,CORSAIR-H150I-ELITE-360MM,Tản nhiệt nước AIO Corsair iCUE H150i Elite LCD 360mm,Tản nhiệt - Cooling,Corsair,1,4490000,5000000,4490000,5,"Rất đáng tiền, chạy mượt mà, chính hãng 100%."
ORI-003775,ORD-250831-2805,SSD-004,CRUCIAL-P5-PLUS-500GB,SSD Crucial P5 Plus 500GB NVMe M.2 PCIe Gen4,SSD - Ổ cứng thể rắn,Crucial,1,990000,1200000,990000,4,"Sản phẩm tốt, nhân viên tư vấn nhiệt tình, sẽ tiếp tục ủng hộ."
ORI-003776,ORD-250831-2805,FAN-001,LIANLI-UNI-FAN-AL120-3PACK,"Fan Case Lian Li UNI FAN AL120 RGB (3-Pack, Daisy-chain)",Fan - Quạt tản nhiệt,Lian Li,1,1490000,1800000,1490000,5,"Hàng chuẩn GearVN, nguyên seal mới cứng, bảo hành đầy đủ. Vote 5 sao!"
ORI-003777,ORD-250905-2806,HDD-001,SEAGATE-BARRACUDA-4TB,"Ổ cứng HDD Seagate Barracuda 4TB 3.5"" SATA 5400RPM",HDD - Ổ cứng cơ,Seagate,1,2190000,2500000,2190000,5,"Hàng chuẩn GearVN, nguyên seal mới cứng, bảo hành đầy đủ. Vote 5 sao!"
ORI-003778,ORD-260128-2807,MB-003,GIGABYTE-X670E-AORUS-MASTER,"Mainboard GIGABYTE X670E AORUS Master (AM5, DDR5, ATX)",Mainboard - Bo mạch chủ,GIGABYTE,1,11490000,13000000,11490000,5,"Lắp đặt dễ dàng, chạy êm ái và mát mẻ. Shop hỗ trợ nhiệt tình."
ORI-003779,ORD-260515-2808,FAN-002,NOCTUA-NF-A12X25-PWM,Fan Case Noctua NF-A12x25 PWM 120mm (Hiệu suất cao),Fan - Quạt tản nhiệt,Noctua,1,990000,1200000,990000,5,"Sản phẩm cực kỳ chất lượng, đóng gói cẩn thận, giao hàng nhanh."
ORI-003780,ORD-260515-2808,CPU-002,INTEL-I7-14700K,"CPU Intel Core i7-14700K (3.4GHz Turbo 5.6GHz, 20 nhân 28 luồng)",CPU - Bộ vi xử lý,Intel,1,8490000,9500000,8490000,4,"Thiết kế đẹp, chạy mát, dịch vụ chăm sóc khách hàng khá tốt."
ORI-003781,ORD-260513-2809,CPU-003,INTEL-I5-14600K,"CPU Intel Core i5-14600K (3.5GHz Turbo 5.3GHz, 14 nhân 20 luồng)",CPU - Bộ vi xử lý,Intel,1,5490000,6200000,5490000,5,"Rất đáng tiền, chạy mượt mà, chính hãng 100%."
ORI-003782,ORD-260328-2810,GPU-003,GIGABYTE-RTX4070-SUPER-12G,VGA GIGABYTE GeForce RTX 4070 Super Gaming OC 12GB,VGA - Card màn hình,GIGABYTE,1,16490000,18500000,16490000,4,"Hiệu năng tốt trong tầm giá, dùng mượt mà không lỗi lầm gì."
ORI-003783,ORD-251201-2811,COOL-003,DEEPCOOL-AK620-DIGITAL,"Tản nhiệt khí DeepCool AK620 Digital (Dual Tower, 2x120mm)",Tản nhiệt - Cooling,Deepcool,1,1490000,1800000,1490000,5,"Lắp đặt dễ dàng, chạy êm ái và mát mẻ. Shop hỗ trợ nhiệt tình."
ORI-003784,ORD-251201-2811,GPU-003,GIGABYTE-RTX4070-SUPER-12G,VGA GIGABYTE GeForce RTX 4070 Super Gaming OC 12GB,VGA - Card màn hình,GIGABYTE,1,16490000,18500000,16490000,3,Chất lượng sản phẩm ok nhưng tổng đài hỗ trợ kỹ thuật phản hồi hơi chậm.
ORI-003785,ORD-251203-2812,PSU-001,CORSAIR-HX1000I-1000W,Nguồn Corsair HX1000i 1000W 80 Plus Platinum Full Modular,PSU - Nguồn máy tính,Corsair,1,4990000,5500000,4990000,5,"Lắp đặt dễ dàng, chạy êm ái và mát mẻ. Shop hỗ trợ nhiệt tình."
ORI-003786,ORD-251203-2812,FAN-001,LIANLI-UNI-FAN-AL120-3PACK,"Fan Case Lian Li UNI FAN AL120 RGB (3-Pack, Daisy-chain)",Fan - Quạt tản nhiệt,Lian Li,1,1490000,1800000,1490000,5,"Lắp đặt dễ dàng, chạy êm ái và mát mẻ. Shop hỗ trợ nhiệt tình."
ORI-003787,ORD-251108-2813,MONITOR-002,SAMSUNG-ODYSSEY-G7-32-4K,"Màn hình Samsung Odyssey G7 32"" 4K UHD 144Hz IPS",Màn hình - Monitor,Samsung,1,12990000,15000000,12990000,5,"Rất đáng tiền, chạy mượt mà, chính hãng 100%."
ORI-003788,ORD-251204-2814,MB-001,ASUS-ROG-MAXIMUS-Z790,"Mainboard ASUS ROG Maximus Z790 Hero (LGA 1700, DDR5, ATX)",Mainboard - Bo mạch chủ,ASUS,1,15990000,18000000,15990000,5,"Hàng chuẩn GearVN, nguyên seal mới cứng, bảo hành đầy đủ. Vote 5 sao!"
ORI-003789,ORD-260216-2815,COOL-003,DEEPCOOL-AK620-DIGITAL,"Tản nhiệt khí DeepCool AK620 Digital (Dual Tower, 2x120mm)",Tản nhiệt - Cooling,Deepcool,1,1490000,1800000,1490000,5,"Sản phẩm cực kỳ chất lượng, đóng gói cẩn thận, giao hàng nhanh."
ORI-003790,ORD-260610-2816,HDD-002,WD-RED-PLUS-8TB,"Ổ cứng HDD WD Red Plus 8TB 3.5"" SATA NAS",HDD - Ổ cứng cơ,Western Digital,1,4490000,5200000,4490000,5,"Hàng chuẩn GearVN, nguyên seal mới cứng, bảo hành đầy đủ. Vote 5 sao!"
ORI-003791,ORD-251206-2817,CASE-002,JONSBO-D41-MESH,"Vỏ Case Jonsbo D41 Mesh Screen (Mid Tower, ATX, Màn hình LCD)",Case - Vỏ máy tính,Jonsbo,1,2290000,2600000,2290000,5,"Rất đáng tiền, chạy mượt mà, chính hãng 100%."
ORI-003792,ORD-260205-2818,MB-003,GIGABYTE-X670E-AORUS-MASTER,"Mainboard GIGABYTE X670E AORUS Master (AM5, DDR5, ATX)",Mainboard - Bo mạch chủ,GIGABYTE,1,11490000,13000000,11490000,4,"Sản phẩm tốt, nhân viên tư vấn nhiệt tình, sẽ tiếp tục ủng hộ."
ORI-003793,ORD-250802-2819,KB-002,RAZER-BLACKWIDOW-V4-75,Bàn phím cơ Razer BlackWidow V4 75% (Razer Yellow Switch),Bàn phím - Keyboard,Razer,1,3290000,3800000,3290000,4,"Sản phẩm dùng tốt, đúng mô tả, tuy nhiên giao hàng hơi trễ 1 ngày."
ORI-003794,ORD-250802-2819,COOL-003,DEEPCOOL-AK620-DIGITAL,"Tản nhiệt khí DeepCool AK620 Digital (Dual Tower, 2x120mm)",Tản nhiệt - Cooling,Deepcool,1,1490000,1800000,1490000,5,"Thiết kế đẹp mắt, hiệu năng vượt trội so với tầm giá. Rất hài lòng!"
ORI-003795,ORD-260218-2820,COOL-002,THERMALRIGHT-PHANTOM-SPIRIT-120,Tản nhiệt khí Thermalright Phantom Spirit 120 SE ARGB,Tản nhiệt - Cooling,Thermalright,1,990000,1200000,990000,5,"Lắp đặt dễ dàng, chạy êm ái và mát mẻ. Shop hỗ trợ nhiệt tình."
ORI-003796,ORD-251210-2821,HDD-002,WD-RED-PLUS-8TB,"Ổ cứng HDD WD Red Plus 8TB 3.5"" SATA NAS",HDD - Ổ cứng cơ,Western Digital,1,4490000,5200000,4490000,5,"Rất đáng tiền, chạy mượt mà, chính hãng 100%."
ORI-003797,ORD-260319-2822,SSD-004,CRUCIAL-P5-PLUS-500GB,SSD Crucial P5 Plus 500GB NVMe M.2 PCIe Gen4,SSD - Ổ cứng thể rắn,Crucial,1,990000,1200000,990000,5,"Hàng chuẩn GearVN, nguyên seal mới cứng, bảo hành đầy đủ. Vote 5 sao!"
ORI-003798,ORD-260319-2822,MB-001,ASUS-ROG-MAXIMUS-Z790,"Mainboard ASUS ROG Maximus Z790 Hero (LGA 1700, DDR5, ATX)",Mainboard - Bo mạch chủ,ASUS,1,15990000,18000000,15990000,5,"Thiết kế đẹp mắt, hiệu năng vượt trội so với tầm giá. Rất hài lòng!"
ORI-003799,ORD-251231-2823,RAM-002,GSKILL-DDR5-32GB-6000,RAM G.Skill Trident Z5 RGB DDR5 32GB (2x16GB) 6000MHz CL30,RAM - Bộ nhớ trong,G.Skill,1,3690000,4200000,3690000,1,"Giao hàng quá chậm (mất 7 ngày), hàng móp méo hư hại nghiêm trọng."
ORI-003800,ORD-250911-2824,SSD-002,WD-BLACK-SN850X-1TB,SSD WD Black SN850X 1TB NVMe M.2 PCIe Gen4,SSD - Ổ cứng thể rắn,Western Digital,1,2190000,2500000,2190000,5,"Lắp đặt dễ dàng, chạy êm ái và mát mẻ. Shop hỗ trợ nhiệt tình."
ORI-003801,ORD-251008-2825,SSD-003,KINGSTON-KC3000-1TB,SSD Kingston KC3000 1TB NVMe M.2 PCIe Gen4,SSD - Ổ cứng thể rắn,Kingston,1,1890000,2200000,1890000,5,"Rất đáng tiền, chạy mượt mà, chính hãng 100%."
ORI-003802,ORD-260117-2826,CPU-002,INTEL-I7-14700K,"CPU Intel Core i7-14700K (3.4GHz Turbo 5.6GHz, 20 nhân 28 luồng)",CPU - Bộ vi xử lý,Intel,1,8490000,9500000,8490000,5,"Sản phẩm cực kỳ chất lượng, đóng gói cẩn thận, giao hàng nhanh."
ORI-003803,ORD-251118-2827,FAN-001,LIANLI-UNI-FAN-AL120-3PACK,"Fan Case Lian Li UNI FAN AL120 RGB (3-Pack, Daisy-chain)",Fan - Quạt tản nhiệt,Lian Li,1,1490000,1800000,1490000,5,"Thiết kế đẹp mắt, hiệu năng vượt trội so với tầm giá. Rất hài lòng!"
ORI-003804,ORD-260215-2828,CPU-003,INTEL-I5-14600K,"CPU Intel Core i5-14600K (3.5GHz Turbo 5.3GHz, 14 nhân 20 luồng)",CPU - Bộ vi xử lý,Intel,1,5490000,6200000,5490000,4,"Sản phẩm tốt, nhân viên tư vấn nhiệt tình, sẽ tiếp tục ủng hộ."
ORI-003805,ORD-260407-2829,MB-002,MSI-MAG-Z790-TOMAHAWK,"Mainboard MSI MAG Z790 Tomahawk WiFi (LGA 1700, DDR5, ATX)",Mainboard - Bo mạch chủ,MSI,1,6990000,7800000,6990000,5,"Thiết kế đẹp mắt, hiệu năng vượt trội so với tầm giá. Rất hài lòng!"
ORI-003806,ORD-260407-2829,RAM-001,CORSAIR-DDR5-32GB-6000,RAM Corsair Dominator Titanium DDR5 32GB (2x16GB) 6000MHz,RAM - Bộ nhớ trong,Corsair,1,3990000,4500000,3990000,5,"Sản phẩm cực kỳ chất lượng, đóng gói cẩn thận, giao hàng nhanh."
ORI-003807,ORD-251203-2830,HEADSET-001,CORSAIR-VIRTUOSO-RGB-XT,Tai nghe gaming Corsair Virtuoso RGB Wireless XT,Tai nghe - Headset,Corsair,1,4290000,5000000,4290000,5,"Lắp đặt dễ dàng, chạy êm ái và mát mẻ. Shop hỗ trợ nhiệt tình."
ORI-003808,ORD-251203-2830,MOUSE-001,LOGITECH-G-PRO-X-SUPERLIGHT2,"Chuột gaming Logitech G Pro X Superlight 2 (Không dây, 32000 DPI)",Chuột - Mouse,Logitech,1,3390000,3800000,3390000,5,"Rất đáng tiền, chạy mượt mà, chính hãng 100%."
ORI-003809,ORD-260124-2831,SSD-003,KINGSTON-KC3000-1TB,SSD Kingston KC3000 1TB NVMe M.2 PCIe Gen4,SSD - Ổ cứng thể rắn,Kingston,1,1890000,2200000,1890000,,
ORI-003810,ORD-251220-2832,SSD-001,SAMSUNG-980-PRO-2TB,SSD Samsung 980 Pro 2TB NVMe M.2 PCIe Gen4,SSD - Ổ cứng thể rắn,Samsung,1,3490000,3900000,3490000,5,"Thiết kế đẹp mắt, hiệu năng vượt trội so với tầm giá. Rất hài lòng!"
ORI-003811,ORD-251227-2833,GPU-003,GIGABYTE-RTX4070-SUPER-12G,VGA GIGABYTE GeForce RTX 4070 Super Gaming OC 12GB,VGA - Card màn hình,GIGABYTE,1,16490000,18500000,16490000,3,"Sản phẩm bình thường, không quá nổi bật, dịch vụ giao hàng ở mức trung bình."
ORI-003812,ORD-251227-2833,MB-001,ASUS-ROG-MAXIMUS-Z790,"Mainboard ASUS ROG Maximus Z790 Hero (LGA 1700, DDR5, ATX)",Mainboard - Bo mạch chủ,ASUS,1,15990000,18000000,15990000,4,"Chất lượng ổn áp, chạy ngon lành, đóng gói kỹ càng."
ORI-003813,ORD-260306-2834,CASE-002,JONSBO-D41-MESH,"Vỏ Case Jonsbo D41 Mesh Screen (Mid Tower, ATX, Màn hình LCD)",Case - Vỏ máy tính,Jonsbo,1,2290000,2600000,2290000,4,"Chất lượng ổn áp, chạy ngon lành, đóng gói kỹ càng."
ORI-003814,ORD-260306-2834,MOUSE-002,RAZER-DEATHADDER-V3-HTE,Chuột gaming Razer DeathAdder V3 HyperSpeed (Không dây),Chuột - Mouse,Razer,1,1890000,2200000,1890000,4,"Thiết kế đẹp, chạy mát, dịch vụ chăm sóc khách hàng khá tốt."
ORI-003815,ORD-260117-2835,CPU-005,AMD-R7-7700X,"CPU AMD Ryzen 7 7700X (4.5GHz Turbo 5.4GHz, 8 nhân 16 luồng)",CPU - Bộ vi xử lý,AMD,1,6890000,7500000,6890000,5,"Sản phẩm cực kỳ chất lượng, đóng gói cẩn thận, giao hàng nhanh."
ORI-003816,ORD-260118-2836,GPU-004,ASUS-RX7900XTX-24G,VGA ASUS TUF Gaming Radeon RX 7900 XTX OC 24GB,VGA - Card màn hình,ASUS,1,22990000,25000000,22990000,5,"Sản phẩm cực kỳ chất lượng, đóng gói cẩn thận, giao hàng nhanh."
ORI-003817,ORD-260612-2837,RAM-001,CORSAIR-DDR5-32GB-6000,RAM Corsair Dominator Titanium DDR5 32GB (2x16GB) 6000MHz,RAM - Bộ nhớ trong,Corsair,1,3990000,4500000,3990000,5,"Sản phẩm cực kỳ chất lượng, đóng gói cẩn thận, giao hàng nhanh."
ORI-003818,ORD-260401-2838,CHAIR-001,SECRETLAB-TITAN-EVO-2022,"Ghế gaming Secretlab Titan Evo 2022 (SoftWeave Plus, Medium)",Ghế gaming - Gaming Chair,Secretlab,1,12990000,14500000,12990000,5,"Lắp đặt dễ dàng, chạy êm ái và mát mẻ. Shop hỗ trợ nhiệt tình."
ORI-003819,ORD-260401-2838,MOUSE-001,LOGITECH-G-PRO-X-SUPERLIGHT2,"Chuột gaming Logitech G Pro X Superlight 2 (Không dây, 32000 DPI)",Chuột - Mouse,Logitech,1,3390000,3800000,3390000,3,"Hiệu năng đủ dùng cho tác vụ cơ bản, nhiệt độ hơi ấm khi tải nặng."
ORI-003820,ORD-251010-2839,CPU-001,INTEL-I9-14900K,"CPU Intel Core i9-14900K (3.2GHz Turbo 6.0GHz, 24 nhân 32 luồng)",CPU - Bộ vi xử lý,Intel,1,12990000,14500000,12990000,4,"Chất lượng ổn áp, chạy ngon lành, đóng gói kỹ càng."
ORI-003821,ORD-260217-2840,CPU-005,AMD-R7-7700X,"CPU AMD Ryzen 7 7700X (4.5GHz Turbo 5.4GHz, 8 nhân 16 luồng)",CPU - Bộ vi xử lý,AMD,1,6890000,7500000,6890000,5,"Sản phẩm cực kỳ chất lượng, đóng gói cẩn thận, giao hàng nhanh."
ORI-003822,ORD-260320-2841,HEADSET-001,CORSAIR-VIRTUOSO-RGB-XT,Tai nghe gaming Corsair Virtuoso RGB Wireless XT,Tai nghe - Headset,Corsair,1,4290000,5000000,4290000,5,"Sản phẩm cực kỳ chất lượng, đóng gói cẩn thận, giao hàng nhanh."
ORI-003823,ORD-251114-2842,PSU-001,CORSAIR-HX1000I-1000W,Nguồn Corsair HX1000i 1000W 80 Plus Platinum Full Modular,PSU - Nguồn máy tính,Corsair,1,4990000,5500000,4990000,5,"Sản phẩm cực kỳ chất lượng, đóng gói cẩn thận, giao hàng nhanh."
ORI-003824,ORD-251201-2843,FAN-001,LIANLI-UNI-FAN-AL120-3PACK,"Fan Case Lian Li UNI FAN AL120 RGB (3-Pack, Daisy-chain)",Fan - Quạt tản nhiệt,Lian Li,1,1490000,1800000,1490000,5,"Sản phẩm cực kỳ chất lượng, đóng gói cẩn thận, giao hàng nhanh."
ORI-003825,ORD-251223-2844,MONITOR-002,SAMSUNG-ODYSSEY-G7-32-4K,"Màn hình Samsung Odyssey G7 32"" 4K UHD 144Hz IPS",Màn hình - Monitor,Samsung,1,12990000,15000000,12990000,3,Chất lượng sản phẩm ok nhưng tổng đài hỗ trợ kỹ thuật phản hồi hơi chậm.
ORI-003826,ORD-251223-2844,GPU-002,MSI-RTX4080-SUPER-16G,VGA MSI GeForce RTX 4080 Super 16GB Gaming X Slim,VGA - Card màn hình,MSI,1,26990000,30000000,26990000,5,"Thiết kế đẹp mắt, hiệu năng vượt trội so với tầm giá. Rất hài lòng!"
ORI-003827,ORD-251111-2845,KB-001,CORSAIR-K100-RGB-OPX,Bàn phím cơ Corsair K100 RGB Optical-Mechanical (OPX Switch),Bàn phím - Keyboard,Corsair,1,5490000,6000000,5490000,5,"Sản phẩm cực kỳ chất lượng, đóng gói cẩn thận, giao hàng nhanh."
ORI-003828,ORD-260424-2846,FAN-001,LIANLI-UNI-FAN-AL120-3PACK,"Fan Case Lian Li UNI FAN AL120 RGB (3-Pack, Daisy-chain)",Fan - Quạt tản nhiệt,Lian Li,1,1490000,1800000,1490000,5,"Rất đáng tiền, chạy mượt mà, chính hãng 100%."
ORI-003829,ORD-260424-2846,SSD-003,KINGSTON-KC3000-1TB,SSD Kingston KC3000 1TB NVMe M.2 PCIe Gen4,SSD - Ổ cứng thể rắn,Kingston,1,1890000,2200000,1890000,5,"Hàng chuẩn GearVN, nguyên seal mới cứng, bảo hành đầy đủ. Vote 5 sao!"
ORI-003830,ORD-260225-2847,RAM-002,GSKILL-DDR5-32GB-6000,RAM G.Skill Trident Z5 RGB DDR5 32GB (2x16GB) 6000MHz CL30,RAM - Bộ nhớ trong,G.Skill,1,3690000,4200000,3690000,5,"Lắp đặt dễ dàng, chạy êm ái và mát mẻ. Shop hỗ trợ nhiệt tình."
ORI-003831,ORD-260225-2847,GPU-003,GIGABYTE-RTX4070-SUPER-12G,VGA GIGABYTE GeForce RTX 4070 Super Gaming OC 12GB,VGA - Card màn hình,GIGABYTE,1,16490000,18500000,16490000,5,"Lắp đặt dễ dàng, chạy êm ái và mát mẻ. Shop hỗ trợ nhiệt tình."
ORI-003832,ORD-251116-2848,CPU-002,INTEL-I7-14700K,"CPU Intel Core i7-14700K (3.4GHz Turbo 5.6GHz, 20 nhân 28 luồng)",CPU - Bộ vi xử lý,Intel,1,8490000,9500000,8490000,5,"Thiết kế đẹp mắt, hiệu năng vượt trội so với tầm giá. Rất hài lòng!"
ORI-003833,ORD-250812-2849,COOL-003,DEEPCOOL-AK620-DIGITAL,"Tản nhiệt khí DeepCool AK620 Digital (Dual Tower, 2x120mm)",Tản nhiệt - Cooling,Deepcool,1,1490000,1800000,1490000,5,"Rất đáng tiền, chạy mượt mà, chính hãng 100%."
ORI-003834,ORD-251224-2850,HDD-001,SEAGATE-BARRACUDA-4TB,"Ổ cứng HDD Seagate Barracuda 4TB 3.5"" SATA 5400RPM",HDD - Ổ cứng cơ,Seagate,1,2190000,2500000,2190000,5,"Rất đáng tiền, chạy mượt mà, chính hãng 100%."
ORI-003835,ORD-251224-2850,COOL-002,THERMALRIGHT-PHANTOM-SPIRIT-120,Tản nhiệt khí Thermalright Phantom Spirit 120 SE ARGB,Tản nhiệt - Cooling,Thermalright,1,990000,1200000,990000,4,"Sản phẩm tốt, nhân viên tư vấn nhiệt tình, sẽ tiếp tục ủng hộ."
ORI-003836,ORD-260127-2851,MB-002,MSI-MAG-Z790-TOMAHAWK,"Mainboard MSI MAG Z790 Tomahawk WiFi (LGA 1700, DDR5, ATX)",Mainboard - Bo mạch chủ,MSI,1,6990000,7800000,6990000,1,"Giao hàng quá chậm (mất 7 ngày), hàng móp méo hư hại nghiêm trọng."
ORI-003837,ORD-260127-2851,COOL-003,DEEPCOOL-AK620-DIGITAL,"Tản nhiệt khí DeepCool AK620 Digital (Dual Tower, 2x120mm)",Tản nhiệt - Cooling,Deepcool,1,1490000,1800000,1490000,5,"Sản phẩm cực kỳ chất lượng, đóng gói cẩn thận, giao hàng nhanh."
ORI-003838,ORD-260112-2852,CASE-001,LIANLI-PC-O11D-EVO,"Vỏ Case Lian Li PC-O11 Dynamic Evo (Mid Tower, ATX)",Case - Vỏ máy tính,Lian Li,1,3490000,3900000,3490000,5,"Sản phẩm cực kỳ chất lượng, đóng gói cẩn thận, giao hàng nhanh."
ORI-003839,ORD-260112-2852,MOUSE-002,RAZER-DEATHADDER-V3-HTE,Chuột gaming Razer DeathAdder V3 HyperSpeed (Không dây),Chuột - Mouse,Razer,1,1890000,2200000,1890000,5,"Thiết kế đẹp mắt, hiệu năng vượt trội so với tầm giá. Rất hài lòng!"
ORI-003840,ORD-251126-2853,GPU-001,ASUS-ROG-RTX4090-24G,VGA ASUS ROG Strix GeForce RTX 4090 24GB GDDR6X OC,VGA - Card màn hình,ASUS,1,52990000,58000000,52990000,4,"Chất lượng ổn áp, chạy ngon lành, đóng gói kỹ càng."
ORI-003841,ORD-260110-2854,CPU-001,INTEL-I9-14900K,"CPU Intel Core i9-14900K (3.2GHz Turbo 6.0GHz, 24 nhân 32 luồng)",CPU - Bộ vi xử lý,Intel,1,12990000,14500000,12990000,4,"Sản phẩm dùng tốt, đúng mô tả, tuy nhiên giao hàng hơi trễ 1 ngày."
ORI-003842,ORD-251217-2855,GPU-001,ASUS-ROG-RTX4090-24G,VGA ASUS ROG Strix GeForce RTX 4090 24GB GDDR6X OC,VGA - Card màn hình,ASUS,1,52990000,58000000,52990000,5,"Thiết kế đẹp mắt, hiệu năng vượt trội so với tầm giá. Rất hài lòng!"
ORI-003843,ORD-251217-2856,GPU-002,MSI-RTX4080-SUPER-16G,VGA MSI GeForce RTX 4080 Super 16GB Gaming X Slim,VGA - Card màn hình,MSI,1,26990000,30000000,26990000,5,"Hàng chuẩn GearVN, nguyên seal mới cứng, bảo hành đầy đủ. Vote 5 sao!"
ORI-003844,ORD-251217-2856,MONITOR-001,LG-27GP850P-27-QHD-165HZ,"Màn hình LG UltraGear 27GP850P-B 27"" QHD IPS 165Hz 1ms",Màn hình - Monitor,LG,1,8990000,10500000,8990000,5,"Lắp đặt dễ dàng, chạy êm ái và mát mẻ. Shop hỗ trợ nhiệt tình."
ORI-003845,ORD-250723-2857,SSD-003,KINGSTON-KC3000-1TB,SSD Kingston KC3000 1TB NVMe M.2 PCIe Gen4,SSD - Ổ cứng thể rắn,Kingston,1,1890000,2200000,1890000,4,"Sản phẩm tốt, nhân viên tư vấn nhiệt tình, sẽ tiếp tục ủng hộ."
ORI-003846,ORD-250723-2857,CPU-006,INTEL-I3-14100F,"CPU Intel Core i3-14100F (3.5GHz Turbo 4.7GHz, 4 nhân 8 luồng)",CPU - Bộ vi xử lý,Intel,1,2490000,2800000,2490000,3,"Sản phẩm bình thường, không quá nổi bật, dịch vụ giao hàng ở mức trung bình."
ORI-003847,ORD-251226-2858,HEADSET-001,CORSAIR-VIRTUOSO-RGB-XT,Tai nghe gaming Corsair Virtuoso RGB Wireless XT,Tai nghe - Headset,Corsair,1,4290000,5000000,4290000,5,"Rất đáng tiền, chạy mượt mà, chính hãng 100%."
ORI-003848,ORD-260122-2859,GPU-004,ASUS-RX7900XTX-24G,VGA ASUS TUF Gaming Radeon RX 7900 XTX OC 24GB,VGA - Card màn hình,ASUS,1,22990000,25000000,22990000,4,"Chất lượng ổn áp, chạy ngon lành, đóng gói kỹ càng."
ORI-003849,ORD-251105-2860,PSU-003,COOLERMASTER-V750-GOLD,Nguồn Cooler Master MWE Gold 750W 80 Plus Gold Full Modular,PSU - Nguồn máy tính,Cooler Master,1,2490000,2900000,2490000,5,"Lắp đặt dễ dàng, chạy êm ái và mát mẻ. Shop hỗ trợ nhiệt tình."
ORI-003850,ORD-260502-2861,HDD-002,WD-RED-PLUS-8TB,"Ổ cứng HDD WD Red Plus 8TB 3.5"" SATA NAS",HDD - Ổ cứng cơ,Western Digital,1,4490000,5200000,4490000,5,"Hàng chuẩn GearVN, nguyên seal mới cứng, bảo hành đầy đủ. Vote 5 sao!"
ORI-003851,ORD-260502-2861,GPU-004,ASUS-RX7900XTX-24G,VGA ASUS TUF Gaming Radeon RX 7900 XTX OC 24GB,VGA - Card màn hình,ASUS,1,22990000,25000000,22990000,5,"Thiết kế đẹp mắt, hiệu năng vượt trội so với tầm giá. Rất hài lòng!"
ORI-003852,ORD-250922-2862,MB-001,ASUS-ROG-MAXIMUS-Z790,"Mainboard ASUS ROG Maximus Z790 Hero (LGA 1700, DDR5, ATX)",Mainboard - Bo mạch chủ,ASUS,1,15990000,18000000,15990000,5,"Hàng chuẩn GearVN, nguyên seal mới cứng, bảo hành đầy đủ. Vote 5 sao!"
ORI-003853,ORD-250922-2862,GPU-004,ASUS-RX7900XTX-24G,VGA ASUS TUF Gaming Radeon RX 7900 XTX OC 24GB,VGA - Card màn hình,ASUS,1,22990000,25000000,22990000,5,"Thiết kế đẹp mắt, hiệu năng vượt trội so với tầm giá. Rất hài lòng!"
ORI-003854,ORD-260615-2863,MB-004,ASUS-TUF-B760M-PLUS-WIFI,"Mainboard ASUS TUF Gaming B760M-Plus WiFi (LGA 1700, DDR5, mATX)",Mainboard - Bo mạch chủ,ASUS,1,3990000,4500000,3990000,,
ORI-003855,ORD-260405-2864,CASE-001,LIANLI-PC-O11D-EVO,"Vỏ Case Lian Li PC-O11 Dynamic Evo (Mid Tower, ATX)",Case - Vỏ máy tính,Lian Li,1,3490000,3900000,3490000,3,"Hiệu năng đủ dùng cho tác vụ cơ bản, nhiệt độ hơi ấm khi tải nặng."
ORI-003856,ORD-260311-2865,HDD-002,WD-RED-PLUS-8TB,"Ổ cứng HDD WD Red Plus 8TB 3.5"" SATA NAS",HDD - Ổ cứng cơ,Western Digital,1,4490000,5200000,4490000,5,"Sản phẩm cực kỳ chất lượng, đóng gói cẩn thận, giao hàng nhanh."
ORI-003857,ORD-250812-2866,FAN-002,NOCTUA-NF-A12X25-PWM,Fan Case Noctua NF-A12x25 PWM 120mm (Hiệu suất cao),Fan - Quạt tản nhiệt,Noctua,1,990000,1200000,990000,5,"Hàng chuẩn GearVN, nguyên seal mới cứng, bảo hành đầy đủ. Vote 5 sao!"
ORI-003858,ORD-250812-2866,RAM-001,CORSAIR-DDR5-32GB-6000,RAM Corsair Dominator Titanium DDR5 32GB (2x16GB) 6000MHz,RAM - Bộ nhớ trong,Corsair,1,3990000,4500000,3990000,5,"Sản phẩm cực kỳ chất lượng, đóng gói cẩn thận, giao hàng nhanh."
ORI-003859,ORD-251208-2867,MOUSE-002,RAZER-DEATHADDER-V3-HTE,Chuột gaming Razer DeathAdder V3 HyperSpeed (Không dây),Chuột - Mouse,Razer,1,1890000,2200000,1890000,5,"Thiết kế đẹp mắt, hiệu năng vượt trội so với tầm giá. Rất hài lòng!"
ORI-003860,ORD-250917-2868,GPU-005,MSI-RTX4060-TI-8G-VENTUS,VGA MSI GeForce RTX 4060 Ti 8G Ventus 2X OC,VGA - Card màn hình,MSI,1,9490000,11000000,9490000,5,"Hàng chuẩn GearVN, nguyên seal mới cứng, bảo hành đầy đủ. Vote 5 sao!"
ORI-003861,ORD-260108-2869,SSD-001,SAMSUNG-980-PRO-2TB,SSD Samsung 980 Pro 2TB NVMe M.2 PCIe Gen4,SSD - Ổ cứng thể rắn,Samsung,1,3490000,3900000,3490000,4,"Sản phẩm dùng tốt, đúng mô tả, tuy nhiên giao hàng hơi trễ 1 ngày."
ORI-003862,ORD-260108-2869,HDD-001,SEAGATE-BARRACUDA-4TB,"Ổ cứng HDD Seagate Barracuda 4TB 3.5"" SATA 5400RPM",HDD - Ổ cứng cơ,Seagate,1,2190000,2500000,2190000,3,"Sản phẩm bình thường, không quá nổi bật, dịch vụ giao hàng ở mức trung bình."
ORI-003863,ORD-251124-2870,COOL-002,THERMALRIGHT-PHANTOM-SPIRIT-120,Tản nhiệt khí Thermalright Phantom Spirit 120 SE ARGB,Tản nhiệt - Cooling,Thermalright,1,990000,1200000,990000,1,"Sản phẩm bị lỗi hỏng ngay khi bóc hộp, không lên nguồn. Dịch vụ tệ."
ORI-003864,ORD-260516-2871,CHAIR-001,SECRETLAB-TITAN-EVO-2022,"Ghế gaming Secretlab Titan Evo 2022 (SoftWeave Plus, Medium)",Ghế gaming - Gaming Chair,Secretlab,1,12990000,14500000,12990000,1,"Giao hàng quá chậm (mất 7 ngày), hàng móp méo hư hại nghiêm trọng."
ORI-003865,ORD-251224-2872,CPU-004,AMD-R9-7950X,"CPU AMD Ryzen 9 7950X (4.5GHz Turbo 5.7GHz, 16 nhân 32 luồng)",CPU - Bộ vi xử lý,AMD,1,13490000,15000000,13490000,4,"Sản phẩm dùng tốt, đúng mô tả, tuy nhiên giao hàng hơi trễ 1 ngày."
ORI-003866,ORD-250722-2873,RAM-004,CORSAIR-DDR5-64GB-6400,RAM Corsair Vengeance DDR5 64GB (2x32GB) 6400MHz CL32,RAM - Bộ nhớ trong,Corsair,1,6490000,7500000,6490000,2,"Hiệu năng không đúng như quảng cáo, hay bị sụt nguồn đột ngột."
ORI-003867,ORD-250722-2873,MB-001,ASUS-ROG-MAXIMUS-Z790,"Mainboard ASUS ROG Maximus Z790 Hero (LGA 1700, DDR5, ATX)",Mainboard - Bo mạch chủ,ASUS,1,15990000,18000000,15990000,5,"Lắp đặt dễ dàng, chạy êm ái và mát mẻ. Shop hỗ trợ nhiệt tình."
ORI-003868,ORD-260417-2874,FAN-002,NOCTUA-NF-A12X25-PWM,Fan Case Noctua NF-A12x25 PWM 120mm (Hiệu suất cao),Fan - Quạt tản nhiệt,Noctua,1,990000,1200000,990000,5,"Sản phẩm cực kỳ chất lượng, đóng gói cẩn thận, giao hàng nhanh."
ORI-003869,ORD-260417-2874,PSU-003,COOLERMASTER-V750-GOLD,Nguồn Cooler Master MWE Gold 750W 80 Plus Gold Full Modular,PSU - Nguồn máy tính,Cooler Master,1,2490000,2900000,2490000,2,"Hiệu năng không đúng như quảng cáo, hay bị sụt nguồn đột ngột."
ORI-003870,ORD-251118-2875,GPU-001,ASUS-ROG-RTX4090-24G,VGA ASUS ROG Strix GeForce RTX 4090 24GB GDDR6X OC,VGA - Card màn hình,ASUS,1,52990000,58000000,52990000,5,"Sản phẩm cực kỳ chất lượng, đóng gói cẩn thận, giao hàng nhanh."
ORI-003871,ORD-250619-2876,MOUSE-001,LOGITECH-G-PRO-X-SUPERLIGHT2,"Chuột gaming Logitech G Pro X Superlight 2 (Không dây, 32000 DPI)",Chuột - Mouse,Logitech,1,3390000,3800000,3390000,5,"Sản phẩm cực kỳ chất lượng, đóng gói cẩn thận, giao hàng nhanh."
ORI-003872,ORD-260202-2877,CPU-003,INTEL-I5-14600K,"CPU Intel Core i5-14600K (3.5GHz Turbo 5.3GHz, 14 nhân 20 luồng)",CPU - Bộ vi xử lý,Intel,1,5490000,6200000,5490000,5,"Sản phẩm cực kỳ chất lượng, đóng gói cẩn thận, giao hàng nhanh."
ORI-003873,ORD-250825-2878,MB-002,MSI-MAG-Z790-TOMAHAWK,"Mainboard MSI MAG Z790 Tomahawk WiFi (LGA 1700, DDR5, ATX)",Mainboard - Bo mạch chủ,MSI,1,6990000,7800000,6990000,3,Chất lượng sản phẩm ok nhưng tổng đài hỗ trợ kỹ thuật phản hồi hơi chậm.
ORI-003874,ORD-250623-2879,PSU-002,SEASONIC-FOCUS-GX-850,Nguồn Seasonic Focus GX 850W 80 Plus Gold Full Modular,PSU - Nguồn máy tính,Seasonic,1,3290000,3800000,3290000,5,"Sản phẩm cực kỳ chất lượng, đóng gói cẩn thận, giao hàng nhanh."
ORI-003875,ORD-260116-2880,GPU-002,MSI-RTX4080-SUPER-16G,VGA MSI GeForce RTX 4080 Super 16GB Gaming X Slim,VGA - Card màn hình,MSI,1,26990000,30000000,26990000,5,"Sản phẩm cực kỳ chất lượng, đóng gói cẩn thận, giao hàng nhanh."
ORI-003876,ORD-260120-2881,SSD-004,CRUCIAL-P5-PLUS-500GB,SSD Crucial P5 Plus 500GB NVMe M.2 PCIe Gen4,SSD - Ổ cứng thể rắn,Crucial,1,990000,1200000,990000,5,"Sản phẩm cực kỳ chất lượng, đóng gói cẩn thận, giao hàng nhanh."
ORI-003877,ORD-260120-2881,CPU-001,INTEL-I9-14900K,"CPU Intel Core i9-14900K (3.2GHz Turbo 6.0GHz, 24 nhân 32 luồng)",CPU - Bộ vi xử lý,Intel,1,12990000,14500000,12990000,4,"Hiệu năng tốt trong tầm giá, dùng mượt mà không lỗi lầm gì."
ORI-003878,ORD-251113-2882,GPU-003,GIGABYTE-RTX4070-SUPER-12G,VGA GIGABYTE GeForce RTX 4070 Super Gaming OC 12GB,VGA - Card màn hình,GIGABYTE,1,16490000,18500000,16490000,5,"Lắp đặt dễ dàng, chạy êm ái và mát mẻ. Shop hỗ trợ nhiệt tình."
ORI-003879,ORD-250825-2883,CPU-002,INTEL-I7-14700K,"CPU Intel Core i7-14700K (3.4GHz Turbo 5.6GHz, 20 nhân 28 luồng)",CPU - Bộ vi xử lý,Intel,1,8490000,9500000,8490000,5,"Lắp đặt dễ dàng, chạy êm ái và mát mẻ. Shop hỗ trợ nhiệt tình."
ORI-003880,ORD-250816-2884,GPU-003,GIGABYTE-RTX4070-SUPER-12G,VGA GIGABYTE GeForce RTX 4070 Super Gaming OC 12GB,VGA - Card màn hình,GIGABYTE,1,16490000,18500000,16490000,5,"Rất đáng tiền, chạy mượt mà, chính hãng 100%."
ORI-003881,ORD-250816-2884,RAM-002,GSKILL-DDR5-32GB-6000,RAM G.Skill Trident Z5 RGB DDR5 32GB (2x16GB) 6000MHz CL30,RAM - Bộ nhớ trong,G.Skill,1,3690000,4200000,3690000,5,"Thiết kế đẹp mắt, hiệu năng vượt trội so với tầm giá. Rất hài lòng!"
ORI-003882,ORD-260204-2885,RAM-003,KINGSTON-FURY-DDR4-16GB-3200,RAM Kingston Fury Beast DDR4 16GB (2x8GB) 3200MHz,RAM - Bộ nhớ trong,Kingston,1,1290000,1500000,1290000,5,"Rất đáng tiền, chạy mượt mà, chính hãng 100%."
ORI-003883,ORD-260215-2886,RAM-001,CORSAIR-DDR5-32GB-6000,RAM Corsair Dominator Titanium DDR5 32GB (2x16GB) 6000MHz,RAM - Bộ nhớ trong,Corsair,1,3990000,4500000,3990000,4,"Sản phẩm tốt, nhân viên tư vấn nhiệt tình, sẽ tiếp tục ủng hộ."
ORI-003884,ORD-250622-2887,GPU-003,GIGABYTE-RTX4070-SUPER-12G,VGA GIGABYTE GeForce RTX 4070 Super Gaming OC 12GB,VGA - Card màn hình,GIGABYTE,1,16490000,18500000,16490000,5,"Hàng chuẩn GearVN, nguyên seal mới cứng, bảo hành đầy đủ. Vote 5 sao!"
ORI-003885,ORD-260202-2888,MB-003,GIGABYTE-X670E-AORUS-MASTER,"Mainboard GIGABYTE X670E AORUS Master (AM5, DDR5, ATX)",Mainboard - Bo mạch chủ,GIGABYTE,1,11490000,13000000,11490000,5,"Rất đáng tiền, chạy mượt mà, chính hãng 100%."
ORI-003886,ORD-260404-2889,GPU-003,GIGABYTE-RTX4070-SUPER-12G,VGA GIGABYTE GeForce RTX 4070 Super Gaming OC 12GB,VGA - Card màn hình,GIGABYTE,1,16490000,18500000,16490000,5,"Hàng chuẩn GearVN, nguyên seal mới cứng, bảo hành đầy đủ. Vote 5 sao!"
ORI-003887,ORD-250630-2890,MB-001,ASUS-ROG-MAXIMUS-Z790,"Mainboard ASUS ROG Maximus Z790 Hero (LGA 1700, DDR5, ATX)",Mainboard - Bo mạch chủ,ASUS,1,15990000,18000000,15990000,5,"Thiết kế đẹp mắt, hiệu năng vượt trội so với tầm giá. Rất hài lòng!"
ORI-003888,ORD-251204-2891,RAM-001,CORSAIR-DDR5-32GB-6000,RAM Corsair Dominator Titanium DDR5 32GB (2x16GB) 6000MHz,RAM - Bộ nhớ trong,Corsair,1,3990000,4500000,3990000,2,"Giao sai phiên bản màu sắc, đang chờ shop đổi trả."
ORI-003889,ORD-251204-2891,GPU-005,MSI-RTX4060-TI-8G-VENTUS,VGA MSI GeForce RTX 4060 Ti 8G Ventus 2X OC,VGA - Card màn hình,MSI,1,9490000,11000000,9490000,5,"Lắp đặt dễ dàng, chạy êm ái và mát mẻ. Shop hỗ trợ nhiệt tình."
ORI-003890,ORD-260221-2892,RAM-001,CORSAIR-DDR5-32GB-6000,RAM Corsair Dominator Titanium DDR5 32GB (2x16GB) 6000MHz,RAM - Bộ nhớ trong,Corsair,1,3990000,4500000,3990000,4,"Chất lượng ổn áp, chạy ngon lành, đóng gói kỹ càng."
ORI-003891,ORD-260221-2892,SSD-002,WD-BLACK-SN850X-1TB,SSD WD Black SN850X 1TB NVMe M.2 PCIe Gen4,SSD - Ổ cứng thể rắn,Western Digital,1,2190000,2500000,2190000,5,"Sản phẩm cực kỳ chất lượng, đóng gói cẩn thận, giao hàng nhanh."
ORI-003892,ORD-251226-2893,SSD-003,KINGSTON-KC3000-1TB,SSD Kingston KC3000 1TB NVMe M.2 PCIe Gen4,SSD - Ổ cứng thể rắn,Kingston,1,1890000,2200000,1890000,5,"Lắp đặt dễ dàng, chạy êm ái và mát mẻ. Shop hỗ trợ nhiệt tình."
ORI-003893,ORD-260111-2894,COOL-003,DEEPCOOL-AK620-DIGITAL,"Tản nhiệt khí DeepCool AK620 Digital (Dual Tower, 2x120mm)",Tản nhiệt - Cooling,Deepcool,1,1490000,1800000,1490000,5,"Rất đáng tiền, chạy mượt mà, chính hãng 100%."
ORI-003894,ORD-260415-2895,COOL-002,THERMALRIGHT-PHANTOM-SPIRIT-120,Tản nhiệt khí Thermalright Phantom Spirit 120 SE ARGB,Tản nhiệt - Cooling,Thermalright,1,990000,1200000,990000,5,"Hàng chuẩn GearVN, nguyên seal mới cứng, bảo hành đầy đủ. Vote 5 sao!"
ORI-003895,ORD-251015-2896,CASE-001,LIANLI-PC-O11D-EVO,"Vỏ Case Lian Li PC-O11 Dynamic Evo (Mid Tower, ATX)",Case - Vỏ máy tính,Lian Li,1,3490000,3900000,3490000,4,"Sản phẩm dùng tốt, đúng mô tả, tuy nhiên giao hàng hơi trễ 1 ngày."
ORI-003896,ORD-260323-2897,SSD-002,WD-BLACK-SN850X-1TB,SSD WD Black SN850X 1TB NVMe M.2 PCIe Gen4,SSD - Ổ cứng thể rắn,Western Digital,1,2190000,2500000,2190000,5,"Rất đáng tiền, chạy mượt mà, chính hãng 100%."
ORI-003897,ORD-260421-2898,SSD-001,SAMSUNG-980-PRO-2TB,SSD Samsung 980 Pro 2TB NVMe M.2 PCIe Gen4,SSD - Ổ cứng thể rắn,Samsung,1,3490000,3900000,3490000,4,"Sản phẩm tốt, nhân viên tư vấn nhiệt tình, sẽ tiếp tục ủng hộ."
ORI-003898,ORD-251219-2899,RAM-002,GSKILL-DDR5-32GB-6000,RAM G.Skill Trident Z5 RGB DDR5 32GB (2x16GB) 6000MHz CL30,RAM - Bộ nhớ trong,G.Skill,1,3690000,4200000,3690000,5,"Rất đáng tiền, chạy mượt mà, chính hãng 100%."
ORI-003899,ORD-250826-2900,MB-001,ASUS-ROG-MAXIMUS-Z790,"Mainboard ASUS ROG Maximus Z790 Hero (LGA 1700, DDR5, ATX)",Mainboard - Bo mạch chủ,ASUS,1,15990000,18000000,15990000,5,"Rất đáng tiền, chạy mượt mà, chính hãng 100%."
ORI-003900,ORD-250826-2900,CPU-002,INTEL-I7-14700K,"CPU Intel Core i7-14700K (3.4GHz Turbo 5.6GHz, 20 nhân 28 luồng)",CPU - Bộ vi xử lý,Intel,1,8490000,9500000,8490000,4,"Hiệu năng tốt trong tầm giá, dùng mượt mà không lỗi lầm gì."
ORI-003901,ORD-250923-2901,GPU-003,GIGABYTE-RTX4070-SUPER-12G,VGA GIGABYTE GeForce RTX 4070 Super Gaming OC 12GB,VGA - Card màn hình,GIGABYTE,1,16490000,18500000,16490000,5,"Sản phẩm cực kỳ chất lượng, đóng gói cẩn thận, giao hàng nhanh."
ORI-003902,ORD-250726-2902,MB-002,MSI-MAG-Z790-TOMAHAWK,"Mainboard MSI MAG Z790 Tomahawk WiFi (LGA 1700, DDR5, ATX)",Mainboard - Bo mạch chủ,MSI,1,6990000,7800000,6990000,5,"Hàng chuẩn GearVN, nguyên seal mới cứng, bảo hành đầy đủ. Vote 5 sao!"
ORI-003903,ORD-250726-2902,COOL-001,CORSAIR-H150I-ELITE-360MM,Tản nhiệt nước AIO Corsair iCUE H150i Elite LCD 360mm,Tản nhiệt - Cooling,Corsair,1,4490000,5000000,4490000,3,"Hiệu năng đủ dùng cho tác vụ cơ bản, nhiệt độ hơi ấm khi tải nặng."
ORI-003904,ORD-250829-2903,COOL-001,CORSAIR-H150I-ELITE-360MM,Tản nhiệt nước AIO Corsair iCUE H150i Elite LCD 360mm,Tản nhiệt - Cooling,Corsair,1,4490000,5000000,4490000,5,"Hàng chuẩn GearVN, nguyên seal mới cứng, bảo hành đầy đủ. Vote 5 sao!"
ORI-003905,ORD-250829-2903,MB-001,ASUS-ROG-MAXIMUS-Z790,"Mainboard ASUS ROG Maximus Z790 Hero (LGA 1700, DDR5, ATX)",Mainboard - Bo mạch chủ,ASUS,1,15990000,18000000,15990000,5,"Lắp đặt dễ dàng, chạy êm ái và mát mẻ. Shop hỗ trợ nhiệt tình."
ORI-003906,ORD-250701-2904,COOL-002,THERMALRIGHT-PHANTOM-SPIRIT-120,Tản nhiệt khí Thermalright Phantom Spirit 120 SE ARGB,Tản nhiệt - Cooling,Thermalright,1,990000,1200000,990000,,
ORI-003907,ORD-251012-2905,CPU-002,INTEL-I7-14700K,"CPU Intel Core i7-14700K (3.4GHz Turbo 5.6GHz, 20 nhân 28 luồng)",CPU - Bộ vi xử lý,Intel,1,8490000,9500000,8490000,5,"Rất đáng tiền, chạy mượt mà, chính hãng 100%."
ORI-003908,ORD-260222-2906,COOL-003,DEEPCOOL-AK620-DIGITAL,"Tản nhiệt khí DeepCool AK620 Digital (Dual Tower, 2x120mm)",Tản nhiệt - Cooling,Deepcool,1,1490000,1800000,1490000,4,"Sản phẩm tốt, nhân viên tư vấn nhiệt tình, sẽ tiếp tục ủng hộ."
ORI-003909,ORD-251228-2907,MB-001,ASUS-ROG-MAXIMUS-Z790,"Mainboard ASUS ROG Maximus Z790 Hero (LGA 1700, DDR5, ATX)",Mainboard - Bo mạch chủ,ASUS,1,15990000,18000000,15990000,1,"Giao hàng quá chậm (mất 7 ngày), hàng móp méo hư hại nghiêm trọng."
ORI-003910,ORD-260526-2908,COOL-001,CORSAIR-H150I-ELITE-360MM,Tản nhiệt nước AIO Corsair iCUE H150i Elite LCD 360mm,Tản nhiệt - Cooling,Corsair,1,4490000,5000000,4490000,5,"Thiết kế đẹp mắt, hiệu năng vượt trội so với tầm giá. Rất hài lòng!"
ORI-003911,ORD-260526-2908,RAM-004,CORSAIR-DDR5-64GB-6400,RAM Corsair Vengeance DDR5 64GB (2x32GB) 6400MHz CL32,RAM - Bộ nhớ trong,Corsair,1,6490000,7500000,6490000,4,"Sản phẩm dùng tốt, đúng mô tả, tuy nhiên giao hàng hơi trễ 1 ngày."
ORI-003912,ORD-260106-2909,SSD-001,SAMSUNG-980-PRO-2TB,SSD Samsung 980 Pro 2TB NVMe M.2 PCIe Gen4,SSD - Ổ cứng thể rắn,Samsung,1,3490000,3900000,3490000,5,"Sản phẩm cực kỳ chất lượng, đóng gói cẩn thận, giao hàng nhanh."
ORI-003913,ORD-251226-2910,FAN-002,NOCTUA-NF-A12X25-PWM,Fan Case Noctua NF-A12x25 PWM 120mm (Hiệu suất cao),Fan - Quạt tản nhiệt,Noctua,1,990000,1200000,990000,3,"Sản phẩm bình thường, không quá nổi bật, dịch vụ giao hàng ở mức trung bình."
ORI-003914,ORD-250621-2911,MONITOR-002,SAMSUNG-ODYSSEY-G7-32-4K,"Màn hình Samsung Odyssey G7 32"" 4K UHD 144Hz IPS",Màn hình - Monitor,Samsung,1,12990000,15000000,12990000,5,"Lắp đặt dễ dàng, chạy êm ái và mát mẻ. Shop hỗ trợ nhiệt tình."
ORI-003915,ORD-260204-2912,HEADSET-001,CORSAIR-VIRTUOSO-RGB-XT,Tai nghe gaming Corsair Virtuoso RGB Wireless XT,Tai nghe - Headset,Corsair,1,4290000,5000000,4290000,5,"Thiết kế đẹp mắt, hiệu năng vượt trội so với tầm giá. Rất hài lòng!"
ORI-003916,ORD-260204-2912,CPU-004,AMD-R9-7950X,"CPU AMD Ryzen 9 7950X (4.5GHz Turbo 5.7GHz, 16 nhân 32 luồng)",CPU - Bộ vi xử lý,AMD,1,13490000,15000000,13490000,4,"Chất lượng ổn áp, chạy ngon lành, đóng gói kỹ càng."
ORI-003917,ORD-251205-2913,MB-001,ASUS-ROG-MAXIMUS-Z790,"Mainboard ASUS ROG Maximus Z790 Hero (LGA 1700, DDR5, ATX)",Mainboard - Bo mạch chủ,ASUS,1,15990000,18000000,15990000,5,"Thiết kế đẹp mắt, hiệu năng vượt trội so với tầm giá. Rất hài lòng!"
ORI-003918,ORD-260104-2914,SSD-001,SAMSUNG-980-PRO-2TB,SSD Samsung 980 Pro 2TB NVMe M.2 PCIe Gen4,SSD - Ổ cứng thể rắn,Samsung,1,3490000,3900000,3490000,5,"Thiết kế đẹp mắt, hiệu năng vượt trội so với tầm giá. Rất hài lòng!"
ORI-003919,ORD-260104-2914,MONITOR-002,SAMSUNG-ODYSSEY-G7-32-4K,"Màn hình Samsung Odyssey G7 32"" 4K UHD 144Hz IPS",Màn hình - Monitor,Samsung,1,12990000,15000000,12990000,5,"Hàng chuẩn GearVN, nguyên seal mới cứng, bảo hành đầy đủ. Vote 5 sao!"
ORI-003920,ORD-260125-2915,CPU-001,INTEL-I9-14900K,"CPU Intel Core i9-14900K (3.2GHz Turbo 6.0GHz, 24 nhân 32 luồng)",CPU - Bộ vi xử lý,Intel,1,12990000,14500000,12990000,4,"Chất lượng ổn áp, chạy ngon lành, đóng gói kỹ càng."
ORI-003921,ORD-260314-2916,PSU-001,CORSAIR-HX1000I-1000W,Nguồn Corsair HX1000i 1000W 80 Plus Platinum Full Modular,PSU - Nguồn máy tính,Corsair,1,4990000,5500000,4990000,5,"Hàng chuẩn GearVN, nguyên seal mới cứng, bảo hành đầy đủ. Vote 5 sao!"
ORI-003922,ORD-250829-2917,MB-003,GIGABYTE-X670E-AORUS-MASTER,"Mainboard GIGABYTE X670E AORUS Master (AM5, DDR5, ATX)",Mainboard - Bo mạch chủ,GIGABYTE,1,11490000,13000000,11490000,5,"Sản phẩm cực kỳ chất lượng, đóng gói cẩn thận, giao hàng nhanh."
ORI-003923,ORD-250829-2917,CPU-004,AMD-R9-7950X,"CPU AMD Ryzen 9 7950X (4.5GHz Turbo 5.7GHz, 16 nhân 32 luồng)",CPU - Bộ vi xử lý,AMD,1,13490000,15000000,13490000,5,"Thiết kế đẹp mắt, hiệu năng vượt trội so với tầm giá. Rất hài lòng!"
ORI-003924,ORD-260102-2918,HEADSET-001,CORSAIR-VIRTUOSO-RGB-XT,Tai nghe gaming Corsair Virtuoso RGB Wireless XT,Tai nghe - Headset,Corsair,1,4290000,5000000,4290000,5,"Thiết kế đẹp mắt, hiệu năng vượt trội so với tầm giá. Rất hài lòng!"
ORI-003925,ORD-251001-2919,MB-003,GIGABYTE-X670E-AORUS-MASTER,"Mainboard GIGABYTE X670E AORUS Master (AM5, DDR5, ATX)",Mainboard - Bo mạch chủ,GIGABYTE,1,11490000,13000000,11490000,5,"Rất đáng tiền, chạy mượt mà, chính hãng 100%."
ORI-003926,ORD-260228-2920,RAM-001,CORSAIR-DDR5-32GB-6000,RAM Corsair Dominator Titanium DDR5 32GB (2x16GB) 6000MHz,RAM - Bộ nhớ trong,Corsair,1,3990000,4500000,3990000,5,"Hàng chuẩn GearVN, nguyên seal mới cứng, bảo hành đầy đủ. Vote 5 sao!"
ORI-003927,ORD-260421-2921,HEADSET-001,CORSAIR-VIRTUOSO-RGB-XT,Tai nghe gaming Corsair Virtuoso RGB Wireless XT,Tai nghe - Headset,Corsair,1,4290000,5000000,4290000,5,"Lắp đặt dễ dàng, chạy êm ái và mát mẻ. Shop hỗ trợ nhiệt tình."
ORI-003928,ORD-260610-2922,MOUSE-001,LOGITECH-G-PRO-X-SUPERLIGHT2,"Chuột gaming Logitech G Pro X Superlight 2 (Không dây, 32000 DPI)",Chuột - Mouse,Logitech,1,3390000,3800000,3390000,5,"Thiết kế đẹp mắt, hiệu năng vượt trội so với tầm giá. Rất hài lòng!"
ORI-003929,ORD-260116-2923,CPU-005,AMD-R7-7700X,"CPU AMD Ryzen 7 7700X (4.5GHz Turbo 5.4GHz, 8 nhân 16 luồng)",CPU - Bộ vi xử lý,AMD,1,6890000,7500000,6890000,4,"Sản phẩm dùng tốt, đúng mô tả, tuy nhiên giao hàng hơi trễ 1 ngày."
ORI-003930,ORD-251230-2924,SSD-004,CRUCIAL-P5-PLUS-500GB,SSD Crucial P5 Plus 500GB NVMe M.2 PCIe Gen4,SSD - Ổ cứng thể rắn,Crucial,1,990000,1200000,990000,5,"Hàng chuẩn GearVN, nguyên seal mới cứng, bảo hành đầy đủ. Vote 5 sao!"
ORI-003931,ORD-260228-2925,MONITOR-002,SAMSUNG-ODYSSEY-G7-32-4K,"Màn hình Samsung Odyssey G7 32"" 4K UHD 144Hz IPS",Màn hình - Monitor,Samsung,1,12990000,15000000,12990000,5,"Sản phẩm cực kỳ chất lượng, đóng gói cẩn thận, giao hàng nhanh."
ORI-003932,ORD-260216-2926,CPU-001,INTEL-I9-14900K,"CPU Intel Core i9-14900K (3.2GHz Turbo 6.0GHz, 24 nhân 32 luồng)",CPU - Bộ vi xử lý,Intel,1,12990000,14500000,12990000,5,"Sản phẩm cực kỳ chất lượng, đóng gói cẩn thận, giao hàng nhanh."
ORI-003933,ORD-260220-2927,FAN-001,LIANLI-UNI-FAN-AL120-3PACK,"Fan Case Lian Li UNI FAN AL120 RGB (3-Pack, Daisy-chain)",Fan - Quạt tản nhiệt,Lian Li,1,1490000,1800000,1490000,4,"Hiệu năng tốt trong tầm giá, dùng mượt mà không lỗi lầm gì."
ORI-003934,ORD-260324-2928,CPU-001,INTEL-I9-14900K,"CPU Intel Core i9-14900K (3.2GHz Turbo 6.0GHz, 24 nhân 32 luồng)",CPU - Bộ vi xử lý,Intel,1,12990000,14500000,12990000,5,"Sản phẩm cực kỳ chất lượng, đóng gói cẩn thận, giao hàng nhanh."
ORI-003935,ORD-260307-2929,SSD-002,WD-BLACK-SN850X-1TB,SSD WD Black SN850X 1TB NVMe M.2 PCIe Gen4,SSD - Ổ cứng thể rắn,Western Digital,1,2190000,2500000,2190000,5,"Rất đáng tiền, chạy mượt mà, chính hãng 100%."
ORI-003936,ORD-260307-2929,RAM-001,CORSAIR-DDR5-32GB-6000,RAM Corsair Dominator Titanium DDR5 32GB (2x16GB) 6000MHz,RAM - Bộ nhớ trong,Corsair,1,3990000,4500000,3990000,5,"Rất đáng tiền, chạy mượt mà, chính hãng 100%."
ORI-003937,ORD-260524-2930,MONITOR-002,SAMSUNG-ODYSSEY-G7-32-4K,"Màn hình Samsung Odyssey G7 32"" 4K UHD 144Hz IPS",Màn hình - Monitor,Samsung,1,12990000,15000000,12990000,4,"Chất lượng ổn áp, chạy ngon lành, đóng gói kỹ càng."
ORI-003938,ORD-260524-2930,HDD-001,SEAGATE-BARRACUDA-4TB,"Ổ cứng HDD Seagate Barracuda 4TB 3.5"" SATA 5400RPM",HDD - Ổ cứng cơ,Seagate,1,2190000,2500000,2190000,5,"Sản phẩm cực kỳ chất lượng, đóng gói cẩn thận, giao hàng nhanh."
ORI-003939,ORD-251125-2931,CASE-002,JONSBO-D41-MESH,"Vỏ Case Jonsbo D41 Mesh Screen (Mid Tower, ATX, Màn hình LCD)",Case - Vỏ máy tính,Jonsbo,1,2290000,2600000,2290000,5,"Thiết kế đẹp mắt, hiệu năng vượt trội so với tầm giá. Rất hài lòng!"
ORI-003940,ORD-260403-2932,SSD-002,WD-BLACK-SN850X-1TB,SSD WD Black SN850X 1TB NVMe M.2 PCIe Gen4,SSD - Ổ cứng thể rắn,Western Digital,1,2190000,2500000,2190000,5,"Rất đáng tiền, chạy mượt mà, chính hãng 100%."
ORI-003941,ORD-260526-2933,FAN-001,LIANLI-UNI-FAN-AL120-3PACK,"Fan Case Lian Li UNI FAN AL120 RGB (3-Pack, Daisy-chain)",Fan - Quạt tản nhiệt,Lian Li,1,1490000,1800000,1490000,4,"Thiết kế đẹp, chạy mát, dịch vụ chăm sóc khách hàng khá tốt."
ORI-003942,ORD-251012-2934,MB-002,MSI-MAG-Z790-TOMAHAWK,"Mainboard MSI MAG Z790 Tomahawk WiFi (LGA 1700, DDR5, ATX)",Mainboard - Bo mạch chủ,MSI,1,6990000,7800000,6990000,4,"Sản phẩm dùng tốt, đúng mô tả, tuy nhiên giao hàng hơi trễ 1 ngày."
ORI-003943,ORD-250829-2935,CASE-002,JONSBO-D41-MESH,"Vỏ Case Jonsbo D41 Mesh Screen (Mid Tower, ATX, Màn hình LCD)",Case - Vỏ máy tính,Jonsbo,1,2290000,2600000,2290000,5,"Thiết kế đẹp mắt, hiệu năng vượt trội so với tầm giá. Rất hài lòng!"
ORI-003944,ORD-251121-2936,GPU-004,ASUS-RX7900XTX-24G,VGA ASUS TUF Gaming Radeon RX 7900 XTX OC 24GB,VGA - Card màn hình,ASUS,1,22990000,25000000,22990000,2,"Hiệu năng không đúng như quảng cáo, hay bị sụt nguồn đột ngột."
ORI-003945,ORD-251207-2937,CPU-001,INTEL-I9-14900K,"CPU Intel Core i9-14900K (3.2GHz Turbo 6.0GHz, 24 nhân 32 luồng)",CPU - Bộ vi xử lý,Intel,1,12990000,14500000,12990000,2,"Hiệu năng không đúng như quảng cáo, hay bị sụt nguồn đột ngột."
ORI-003946,ORD-251125-2938,COOL-001,CORSAIR-H150I-ELITE-360MM,Tản nhiệt nước AIO Corsair iCUE H150i Elite LCD 360mm,Tản nhiệt - Cooling,Corsair,1,4490000,5000000,4490000,5,"Sản phẩm cực kỳ chất lượng, đóng gói cẩn thận, giao hàng nhanh."
ORI-003947,ORD-260515-2939,RAM-004,CORSAIR-DDR5-64GB-6400,RAM Corsair Vengeance DDR5 64GB (2x32GB) 6400MHz CL32,RAM - Bộ nhớ trong,Corsair,1,6490000,7500000,6490000,5,"Rất đáng tiền, chạy mượt mà, chính hãng 100%."
ORI-003948,ORD-260214-2940,SSD-002,WD-BLACK-SN850X-1TB,SSD WD Black SN850X 1TB NVMe M.2 PCIe Gen4,SSD - Ổ cứng thể rắn,Western Digital,1,2190000,2500000,2190000,5,"Lắp đặt dễ dàng, chạy êm ái và mát mẻ. Shop hỗ trợ nhiệt tình."
ORI-003949,ORD-260214-2940,MONITOR-002,SAMSUNG-ODYSSEY-G7-32-4K,"Màn hình Samsung Odyssey G7 32"" 4K UHD 144Hz IPS",Màn hình - Monitor,Samsung,1,12990000,15000000,12990000,3,Chất lượng sản phẩm ok nhưng tổng đài hỗ trợ kỹ thuật phản hồi hơi chậm.
ORI-003950,ORD-251224-2941,PSU-003,COOLERMASTER-V750-GOLD,Nguồn Cooler Master MWE Gold 750W 80 Plus Gold Full Modular,PSU - Nguồn máy tính,Cooler Master,1,2490000,2900000,2490000,4,"Sản phẩm dùng tốt, đúng mô tả, tuy nhiên giao hàng hơi trễ 1 ngày."
ORI-003951,ORD-251227-2942,HDD-002,WD-RED-PLUS-8TB,"Ổ cứng HDD WD Red Plus 8TB 3.5"" SATA NAS",HDD - Ổ cứng cơ,Western Digital,1,4490000,5200000,4490000,4,"Thiết kế đẹp, chạy mát, dịch vụ chăm sóc khách hàng khá tốt."
ORI-003952,ORD-250909-2943,SSD-004,CRUCIAL-P5-PLUS-500GB,SSD Crucial P5 Plus 500GB NVMe M.2 PCIe Gen4,SSD - Ổ cứng thể rắn,Crucial,1,990000,1200000,990000,5,"Sản phẩm cực kỳ chất lượng, đóng gói cẩn thận, giao hàng nhanh."
ORI-003953,ORD-250909-2943,PSU-001,CORSAIR-HX1000I-1000W,Nguồn Corsair HX1000i 1000W 80 Plus Platinum Full Modular,PSU - Nguồn máy tính,Corsair,1,4990000,5500000,4990000,3,Chất lượng sản phẩm ok nhưng tổng đài hỗ trợ kỹ thuật phản hồi hơi chậm.
ORI-003954,ORD-251002-2944,RAM-003,KINGSTON-FURY-DDR4-16GB-3200,RAM Kingston Fury Beast DDR4 16GB (2x8GB) 3200MHz,RAM - Bộ nhớ trong,Kingston,1,1290000,1500000,1290000,4,"Thiết kế đẹp, chạy mát, dịch vụ chăm sóc khách hàng khá tốt."
ORI-003955,ORD-250918-2945,PSU-002,SEASONIC-FOCUS-GX-850,Nguồn Seasonic Focus GX 850W 80 Plus Gold Full Modular,PSU - Nguồn máy tính,Seasonic,1,3290000,3800000,3290000,5,"Rất đáng tiền, chạy mượt mà, chính hãng 100%."
ORI-003956,ORD-250823-2946,GPU-002,MSI-RTX4080-SUPER-16G,VGA MSI GeForce RTX 4080 Super 16GB Gaming X Slim,VGA - Card màn hình,MSI,1,26990000,30000000,26990000,4,"Hiệu năng tốt trong tầm giá, dùng mượt mà không lỗi lầm gì."
ORI-003957,ORD-260413-2947,CASE-002,JONSBO-D41-MESH,"Vỏ Case Jonsbo D41 Mesh Screen (Mid Tower, ATX, Màn hình LCD)",Case - Vỏ máy tính,Jonsbo,1,2290000,2600000,2290000,4,"Hiệu năng tốt trong tầm giá, dùng mượt mà không lỗi lầm gì."
ORI-003958,ORD-260228-2948,RAM-004,CORSAIR-DDR5-64GB-6400,RAM Corsair Vengeance DDR5 64GB (2x32GB) 6400MHz CL32,RAM - Bộ nhớ trong,Corsair,1,6490000,7500000,6490000,4,"Thiết kế đẹp, chạy mát, dịch vụ chăm sóc khách hàng khá tốt."
ORI-003959,ORD-250817-2949,RAM-003,KINGSTON-FURY-DDR4-16GB-3200,RAM Kingston Fury Beast DDR4 16GB (2x8GB) 3200MHz,RAM - Bộ nhớ trong,Kingston,1,1290000,1500000,1290000,3,"Hiệu năng đủ dùng cho tác vụ cơ bản, nhiệt độ hơi ấm khi tải nặng."
ORI-003960,ORD-251105-2950,CPU-001,INTEL-I9-14900K,"CPU Intel Core i9-14900K (3.2GHz Turbo 6.0GHz, 24 nhân 32 luồng)",CPU - Bộ vi xử lý,Intel,1,12990000,14500000,12990000,5,"Lắp đặt dễ dàng, chạy êm ái và mát mẻ. Shop hỗ trợ nhiệt tình."
ORI-003961,ORD-251231-2951,MONITOR-002,SAMSUNG-ODYSSEY-G7-32-4K,"Màn hình Samsung Odyssey G7 32"" 4K UHD 144Hz IPS",Màn hình - Monitor,Samsung,1,12990000,15000000,12990000,4,"Thiết kế đẹp, chạy mát, dịch vụ chăm sóc khách hàng khá tốt."
ORI-003962,ORD-251231-2951,RAM-003,KINGSTON-FURY-DDR4-16GB-3200,RAM Kingston Fury Beast DDR4 16GB (2x8GB) 3200MHz,RAM - Bộ nhớ trong,Kingston,1,1290000,1500000,1290000,5,"Thiết kế đẹp mắt, hiệu năng vượt trội so với tầm giá. Rất hài lòng!"
ORI-003963,ORD-251222-2952,GPU-003,GIGABYTE-RTX4070-SUPER-12G,VGA GIGABYTE GeForce RTX 4070 Super Gaming OC 12GB,VGA - Card màn hình,GIGABYTE,1,16490000,18500000,16490000,5,"Thiết kế đẹp mắt, hiệu năng vượt trội so với tầm giá. Rất hài lòng!"
ORI-003964,ORD-260104-2953,CPU-005,AMD-R7-7700X,"CPU AMD Ryzen 7 7700X (4.5GHz Turbo 5.4GHz, 8 nhân 16 luồng)",CPU - Bộ vi xử lý,AMD,1,6890000,7500000,6890000,5,"Sản phẩm cực kỳ chất lượng, đóng gói cẩn thận, giao hàng nhanh."
ORI-003965,ORD-250813-2954,MB-004,ASUS-TUF-B760M-PLUS-WIFI,"Mainboard ASUS TUF Gaming B760M-Plus WiFi (LGA 1700, DDR5, mATX)",Mainboard - Bo mạch chủ,ASUS,1,3990000,4500000,3990000,5,"Thiết kế đẹp mắt, hiệu năng vượt trội so với tầm giá. Rất hài lòng!"
ORI-003966,ORD-251113-2955,MONITOR-002,SAMSUNG-ODYSSEY-G7-32-4K,"Màn hình Samsung Odyssey G7 32"" 4K UHD 144Hz IPS",Màn hình - Monitor,Samsung,1,12990000,15000000,12990000,5,"Lắp đặt dễ dàng, chạy êm ái và mát mẻ. Shop hỗ trợ nhiệt tình."
ORI-003967,ORD-260122-2956,HDD-001,SEAGATE-BARRACUDA-4TB,"Ổ cứng HDD Seagate Barracuda 4TB 3.5"" SATA 5400RPM",HDD - Ổ cứng cơ,Seagate,1,2190000,2500000,2190000,5,"Hàng chuẩn GearVN, nguyên seal mới cứng, bảo hành đầy đủ. Vote 5 sao!"
ORI-003968,ORD-250821-2957,CPU-004,AMD-R9-7950X,"CPU AMD Ryzen 9 7950X (4.5GHz Turbo 5.7GHz, 16 nhân 32 luồng)",CPU - Bộ vi xử lý,AMD,1,13490000,15000000,13490000,5,"Lắp đặt dễ dàng, chạy êm ái và mát mẻ. Shop hỗ trợ nhiệt tình."
ORI-003969,ORD-260226-2958,PSU-001,CORSAIR-HX1000I-1000W,Nguồn Corsair HX1000i 1000W 80 Plus Platinum Full Modular,PSU - Nguồn máy tính,Corsair,1,4990000,5500000,4990000,5,"Hàng chuẩn GearVN, nguyên seal mới cứng, bảo hành đầy đủ. Vote 5 sao!"
ORI-003970,ORD-251224-2959,COOL-001,CORSAIR-H150I-ELITE-360MM,Tản nhiệt nước AIO Corsair iCUE H150i Elite LCD 360mm,Tản nhiệt - Cooling,Corsair,1,4490000,5000000,4490000,5,"Hàng chuẩn GearVN, nguyên seal mới cứng, bảo hành đầy đủ. Vote 5 sao!"
ORI-003971,ORD-251005-2960,HEADSET-001,CORSAIR-VIRTUOSO-RGB-XT,Tai nghe gaming Corsair Virtuoso RGB Wireless XT,Tai nghe - Headset,Corsair,1,4290000,5000000,4290000,,
ORI-003972,ORD-251005-2960,PSU-003,COOLERMASTER-V750-GOLD,Nguồn Cooler Master MWE Gold 750W 80 Plus Gold Full Modular,PSU - Nguồn máy tính,Cooler Master,1,2490000,2900000,2490000,,
ORI-003973,ORD-250922-2961,GPU-001,ASUS-ROG-RTX4090-24G,VGA ASUS ROG Strix GeForce RTX 4090 24GB GDDR6X OC,VGA - Card màn hình,ASUS,1,52990000,58000000,52990000,5,"Lắp đặt dễ dàng, chạy êm ái và mát mẻ. Shop hỗ trợ nhiệt tình."
ORI-003974,ORD-250922-2961,FAN-002,NOCTUA-NF-A12X25-PWM,Fan Case Noctua NF-A12x25 PWM 120mm (Hiệu suất cao),Fan - Quạt tản nhiệt,Noctua,1,990000,1200000,990000,5,"Thiết kế đẹp mắt, hiệu năng vượt trội so với tầm giá. Rất hài lòng!"
ORI-003975,ORD-260220-2962,RAM-001,CORSAIR-DDR5-32GB-6000,RAM Corsair Dominator Titanium DDR5 32GB (2x16GB) 6000MHz,RAM - Bộ nhớ trong,Corsair,1,3990000,4500000,3990000,5,"Thiết kế đẹp mắt, hiệu năng vượt trội so với tầm giá. Rất hài lòng!"
ORI-003976,ORD-251105-2963,CPU-004,AMD-R9-7950X,"CPU AMD Ryzen 9 7950X (4.5GHz Turbo 5.7GHz, 16 nhân 32 luồng)",CPU - Bộ vi xử lý,AMD,1,13490000,15000000,13490000,5,"Thiết kế đẹp mắt, hiệu năng vượt trội so với tầm giá. Rất hài lòng!"
ORI-003977,ORD-260204-2964,PSU-003,COOLERMASTER-V750-GOLD,Nguồn Cooler Master MWE Gold 750W 80 Plus Gold Full Modular,PSU - Nguồn máy tính,Cooler Master,1,2490000,2900000,2490000,5,"Hàng chuẩn GearVN, nguyên seal mới cứng, bảo hành đầy đủ. Vote 5 sao!"
ORI-003978,ORD-250927-2965,CASE-001,LIANLI-PC-O11D-EVO,"Vỏ Case Lian Li PC-O11 Dynamic Evo (Mid Tower, ATX)",Case - Vỏ máy tính,Lian Li,1,3490000,3900000,3490000,5,"Rất đáng tiền, chạy mượt mà, chính hãng 100%."
ORI-003979,ORD-251128-2966,SSD-001,SAMSUNG-980-PRO-2TB,SSD Samsung 980 Pro 2TB NVMe M.2 PCIe Gen4,SSD - Ổ cứng thể rắn,Samsung,1,3490000,3900000,3490000,5,"Thiết kế đẹp mắt, hiệu năng vượt trội so với tầm giá. Rất hài lòng!"
ORI-003980,ORD-260110-2967,PSU-002,SEASONIC-FOCUS-GX-850,Nguồn Seasonic Focus GX 850W 80 Plus Gold Full Modular,PSU - Nguồn máy tính,Seasonic,1,3290000,3800000,3290000,5,"Thiết kế đẹp mắt, hiệu năng vượt trội so với tầm giá. Rất hài lòng!"
ORI-003981,ORD-251104-2968,CASE-002,JONSBO-D41-MESH,"Vỏ Case Jonsbo D41 Mesh Screen (Mid Tower, ATX, Màn hình LCD)",Case - Vỏ máy tính,Jonsbo,1,2290000,2600000,2290000,5,"Sản phẩm cực kỳ chất lượng, đóng gói cẩn thận, giao hàng nhanh."
ORI-003982,ORD-250623-2969,RAM-001,CORSAIR-DDR5-32GB-6000,RAM Corsair Dominator Titanium DDR5 32GB (2x16GB) 6000MHz,RAM - Bộ nhớ trong,Corsair,1,3990000,4500000,3990000,5,"Hàng chuẩn GearVN, nguyên seal mới cứng, bảo hành đầy đủ. Vote 5 sao!"
ORI-003983,ORD-260109-2970,CASE-001,LIANLI-PC-O11D-EVO,"Vỏ Case Lian Li PC-O11 Dynamic Evo (Mid Tower, ATX)",Case - Vỏ máy tính,Lian Li,1,3490000,3900000,3490000,5,"Sản phẩm cực kỳ chất lượng, đóng gói cẩn thận, giao hàng nhanh."
ORI-003984,ORD-260109-2970,MB-001,ASUS-ROG-MAXIMUS-Z790,"Mainboard ASUS ROG Maximus Z790 Hero (LGA 1700, DDR5, ATX)",Mainboard - Bo mạch chủ,ASUS,1,15990000,18000000,15990000,4,"Sản phẩm tốt, nhân viên tư vấn nhiệt tình, sẽ tiếp tục ủng hộ."
ORI-003985,ORD-260516-2971,MB-001,ASUS-ROG-MAXIMUS-Z790,"Mainboard ASUS ROG Maximus Z790 Hero (LGA 1700, DDR5, ATX)",Mainboard - Bo mạch chủ,ASUS,1,15990000,18000000,15990000,5,"Lắp đặt dễ dàng, chạy êm ái và mát mẻ. Shop hỗ trợ nhiệt tình."
ORI-003986,ORD-260516-2971,SSD-004,CRUCIAL-P5-PLUS-500GB,SSD Crucial P5 Plus 500GB NVMe M.2 PCIe Gen4,SSD - Ổ cứng thể rắn,Crucial,1,990000,1200000,990000,5,"Hàng chuẩn GearVN, nguyên seal mới cứng, bảo hành đầy đủ. Vote 5 sao!"
ORI-003987,ORD-260522-2972,RAM-002,GSKILL-DDR5-32GB-6000,RAM G.Skill Trident Z5 RGB DDR5 32GB (2x16GB) 6000MHz CL30,RAM - Bộ nhớ trong,G.Skill,1,3690000,4200000,3690000,5,"Hàng chuẩn GearVN, nguyên seal mới cứng, bảo hành đầy đủ. Vote 5 sao!"
ORI-003988,ORD-251216-2973,CASE-002,JONSBO-D41-MESH,"Vỏ Case Jonsbo D41 Mesh Screen (Mid Tower, ATX, Màn hình LCD)",Case - Vỏ máy tính,Jonsbo,1,2290000,2600000,2290000,5,"Sản phẩm cực kỳ chất lượng, đóng gói cẩn thận, giao hàng nhanh."
ORI-003989,ORD-251216-2973,SSD-003,KINGSTON-KC3000-1TB,SSD Kingston KC3000 1TB NVMe M.2 PCIe Gen4,SSD - Ổ cứng thể rắn,Kingston,1,1890000,2200000,1890000,5,"Thiết kế đẹp mắt, hiệu năng vượt trội so với tầm giá. Rất hài lòng!"
ORI-003990,ORD-251124-2974,GPU-001,ASUS-ROG-RTX4090-24G,VGA ASUS ROG Strix GeForce RTX 4090 24GB GDDR6X OC,VGA - Card màn hình,ASUS,1,52990000,58000000,52990000,5,"Sản phẩm cực kỳ chất lượng, đóng gói cẩn thận, giao hàng nhanh."
ORI-003991,ORD-251124-2974,MB-004,ASUS-TUF-B760M-PLUS-WIFI,"Mainboard ASUS TUF Gaming B760M-Plus WiFi (LGA 1700, DDR5, mATX)",Mainboard - Bo mạch chủ,ASUS,1,3990000,4500000,3990000,5,"Lắp đặt dễ dàng, chạy êm ái và mát mẻ. Shop hỗ trợ nhiệt tình."
ORI-003992,ORD-250630-2975,GPU-004,ASUS-RX7900XTX-24G,VGA ASUS TUF Gaming Radeon RX 7900 XTX OC 24GB,VGA - Card màn hình,ASUS,1,22990000,25000000,22990000,5,"Rất đáng tiền, chạy mượt mà, chính hãng 100%."
ORI-003993,ORD-250930-2976,RAM-001,CORSAIR-DDR5-32GB-6000,RAM Corsair Dominator Titanium DDR5 32GB (2x16GB) 6000MHz,RAM - Bộ nhớ trong,Corsair,1,3990000,4500000,3990000,5,"Rất đáng tiền, chạy mượt mà, chính hãng 100%."
ORI-003994,ORD-251208-2977,MB-002,MSI-MAG-Z790-TOMAHAWK,"Mainboard MSI MAG Z790 Tomahawk WiFi (LGA 1700, DDR5, ATX)",Mainboard - Bo mạch chủ,MSI,1,6990000,7800000,6990000,5,"Lắp đặt dễ dàng, chạy êm ái và mát mẻ. Shop hỗ trợ nhiệt tình."
ORI-003995,ORD-260509-2978,PSU-003,COOLERMASTER-V750-GOLD,Nguồn Cooler Master MWE Gold 750W 80 Plus Gold Full Modular,PSU - Nguồn máy tính,Cooler Master,1,2490000,2900000,2490000,5,"Sản phẩm cực kỳ chất lượng, đóng gói cẩn thận, giao hàng nhanh."
ORI-003996,ORD-260509-2978,CPU-002,INTEL-I7-14700K,"CPU Intel Core i7-14700K (3.4GHz Turbo 5.6GHz, 20 nhân 28 luồng)",CPU - Bộ vi xử lý,Intel,1,8490000,9500000,8490000,2,"Sản phẩm có dấu hiệu trầy xước nhẹ, giao hàng chậm, đóng gói sơ sài."
ORI-003997,ORD-250819-2979,RAM-001,CORSAIR-DDR5-32GB-6000,RAM Corsair Dominator Titanium DDR5 32GB (2x16GB) 6000MHz,RAM - Bộ nhớ trong,Corsair,1,3990000,4500000,3990000,5,"Rất đáng tiền, chạy mượt mà, chính hãng 100%."
ORI-003998,ORD-260324-2980,CASE-001,LIANLI-PC-O11D-EVO,"Vỏ Case Lian Li PC-O11 Dynamic Evo (Mid Tower, ATX)",Case - Vỏ máy tính,Lian Li,1,3490000,3900000,3490000,5,"Rất đáng tiền, chạy mượt mà, chính hãng 100%."
ORI-003999,ORD-260207-2981,FAN-002,NOCTUA-NF-A12X25-PWM,Fan Case Noctua NF-A12x25 PWM 120mm (Hiệu suất cao),Fan - Quạt tản nhiệt,Noctua,1,990000,1200000,990000,5,"Thiết kế đẹp mắt, hiệu năng vượt trội so với tầm giá. Rất hài lòng!"
ORI-004000,ORD-250712-2982,GPU-001,ASUS-ROG-RTX4090-24G,VGA ASUS ROG Strix GeForce RTX 4090 24GB GDDR6X OC,VGA - Card màn hình,ASUS,1,52990000,58000000,52990000,5,"Lắp đặt dễ dàng, chạy êm ái và mát mẻ. Shop hỗ trợ nhiệt tình."
ORI-004001,ORD-251127-2983,GPU-004,ASUS-RX7900XTX-24G,VGA ASUS TUF Gaming Radeon RX 7900 XTX OC 24GB,VGA - Card màn hình,ASUS,1,22990000,25000000,22990000,5,"Thiết kế đẹp mắt, hiệu năng vượt trội so với tầm giá. Rất hài lòng!"
ORI-004002,ORD-251127-2983,MOUSE-001,LOGITECH-G-PRO-X-SUPERLIGHT2,"Chuột gaming Logitech G Pro X Superlight 2 (Không dây, 32000 DPI)",Chuột - Mouse,Logitech,1,3390000,3800000,3390000,5,"Rất đáng tiền, chạy mượt mà, chính hãng 100%."
ORI-004003,ORD-251018-2984,PSU-003,COOLERMASTER-V750-GOLD,Nguồn Cooler Master MWE Gold 750W 80 Plus Gold Full Modular,PSU - Nguồn máy tính,Cooler Master,1,2490000,2900000,2490000,5,"Hàng chuẩn GearVN, nguyên seal mới cứng, bảo hành đầy đủ. Vote 5 sao!"
ORI-004004,ORD-251031-2985,SSD-004,CRUCIAL-P5-PLUS-500GB,SSD Crucial P5 Plus 500GB NVMe M.2 PCIe Gen4,SSD - Ổ cứng thể rắn,Crucial,1,990000,1200000,990000,4,"Sản phẩm dùng tốt, đúng mô tả, tuy nhiên giao hàng hơi trễ 1 ngày."
ORI-004005,ORD-250717-2986,MOUSE-002,RAZER-DEATHADDER-V3-HTE,Chuột gaming Razer DeathAdder V3 HyperSpeed (Không dây),Chuột - Mouse,Razer,1,1890000,2200000,1890000,5,"Hàng chuẩn GearVN, nguyên seal mới cứng, bảo hành đầy đủ. Vote 5 sao!"
ORI-004006,ORD-250717-2986,HDD-002,WD-RED-PLUS-8TB,"Ổ cứng HDD WD Red Plus 8TB 3.5"" SATA NAS",HDD - Ổ cứng cơ,Western Digital,1,4490000,5200000,4490000,5,"Lắp đặt dễ dàng, chạy êm ái và mát mẻ. Shop hỗ trợ nhiệt tình."
ORI-004007,ORD-260108-2987,GPU-003,GIGABYTE-RTX4070-SUPER-12G,VGA GIGABYTE GeForce RTX 4070 Super Gaming OC 12GB,VGA - Card màn hình,GIGABYTE,1,16490000,18500000,16490000,4,"Sản phẩm tốt, nhân viên tư vấn nhiệt tình, sẽ tiếp tục ủng hộ."
ORI-004008,ORD-260121-2988,MOUSE-002,RAZER-DEATHADDER-V3-HTE,Chuột gaming Razer DeathAdder V3 HyperSpeed (Không dây),Chuột - Mouse,Razer,1,1890000,2200000,1890000,3,"Dùng tạm ổn, nhưng vỏ hộp hơi móp méo khi vận chuyển."
ORI-004009,ORD-251126-2989,RAM-003,KINGSTON-FURY-DDR4-16GB-3200,RAM Kingston Fury Beast DDR4 16GB (2x8GB) 3200MHz,RAM - Bộ nhớ trong,Kingston,1,1290000,1500000,1290000,4,"Chất lượng ổn áp, chạy ngon lành, đóng gói kỹ càng."
ORI-004010,ORD-251103-2990,CPU-005,AMD-R7-7700X,"CPU AMD Ryzen 7 7700X (4.5GHz Turbo 5.4GHz, 8 nhân 16 luồng)",CPU - Bộ vi xử lý,AMD,1,6890000,7500000,6890000,5,"Thiết kế đẹp mắt, hiệu năng vượt trội so với tầm giá. Rất hài lòng!"
ORI-004011,ORD-260213-2991,SSD-002,WD-BLACK-SN850X-1TB,SSD WD Black SN850X 1TB NVMe M.2 PCIe Gen4,SSD - Ổ cứng thể rắn,Western Digital,1,2190000,2500000,2190000,3,Chất lượng sản phẩm ok nhưng tổng đài hỗ trợ kỹ thuật phản hồi hơi chậm.
ORI-004012,ORD-250802-2992,CPU-002,INTEL-I7-14700K,"CPU Intel Core i7-14700K (3.4GHz Turbo 5.6GHz, 20 nhân 28 luồng)",CPU - Bộ vi xử lý,Intel,1,8490000,9500000,8490000,5,"Sản phẩm cực kỳ chất lượng, đóng gói cẩn thận, giao hàng nhanh."
ORI-004013,ORD-260225-2993,CASE-001,LIANLI-PC-O11D-EVO,"Vỏ Case Lian Li PC-O11 Dynamic Evo (Mid Tower, ATX)",Case - Vỏ máy tính,Lian Li,1,3490000,3900000,3490000,5,"Sản phẩm cực kỳ chất lượng, đóng gói cẩn thận, giao hàng nhanh."
ORI-004014,ORD-251212-2994,MB-002,MSI-MAG-Z790-TOMAHAWK,"Mainboard MSI MAG Z790 Tomahawk WiFi (LGA 1700, DDR5, ATX)",Mainboard - Bo mạch chủ,MSI,1,6990000,7800000,6990000,3,"Dùng tạm ổn, nhưng vỏ hộp hơi móp méo khi vận chuyển."
ORI-004015,ORD-250808-2995,GPU-004,ASUS-RX7900XTX-24G,VGA ASUS TUF Gaming Radeon RX 7900 XTX OC 24GB,VGA - Card màn hình,ASUS,1,22990000,25000000,22990000,5,"Hàng chuẩn GearVN, nguyên seal mới cứng, bảo hành đầy đủ. Vote 5 sao!"
ORI-004016,ORD-250925-2996,GPU-003,GIGABYTE-RTX4070-SUPER-12G,VGA GIGABYTE GeForce RTX 4070 Super Gaming OC 12GB,VGA - Card màn hình,GIGABYTE,1,16490000,18500000,16490000,5,"Lắp đặt dễ dàng, chạy êm ái và mát mẻ. Shop hỗ trợ nhiệt tình."
ORI-004017,ORD-260226-2997,HEADSET-001,CORSAIR-VIRTUOSO-RGB-XT,Tai nghe gaming Corsair Virtuoso RGB Wireless XT,Tai nghe - Headset,Corsair,1,4290000,5000000,4290000,4,"Sản phẩm tốt, nhân viên tư vấn nhiệt tình, sẽ tiếp tục ủng hộ."
ORI-004018,ORD-260509-2998,CASE-001,LIANLI-PC-O11D-EVO,"Vỏ Case Lian Li PC-O11 Dynamic Evo (Mid Tower, ATX)",Case - Vỏ máy tính,Lian Li,1,3490000,3900000,3490000,5,"Lắp đặt dễ dàng, chạy êm ái và mát mẻ. Shop hỗ trợ nhiệt tình."
ORI-004019,ORD-251229-2999,SSD-004,CRUCIAL-P5-PLUS-500GB,SSD Crucial P5 Plus 500GB NVMe M.2 PCIe Gen4,SSD - Ổ cứng thể rắn,Crucial,1,990000,1200000,990000,5,"Thiết kế đẹp mắt, hiệu năng vượt trội so với tầm giá. Rất hài lòng!"
ORI-004020,ORD-251229-2999,HDD-001,SEAGATE-BARRACUDA-4TB,"Ổ cứng HDD Seagate Barracuda 4TB 3.5"" SATA 5400RPM",HDD - Ổ cứng cơ,Seagate,1,2190000,2500000,2190000,4,"Chất lượng ổn áp, chạy ngon lành, đóng gói kỹ càng."
ORI-004021,ORD-250713-3000,PSU-001,CORSAIR-HX1000I-1000W,Nguồn Corsair HX1000i 1000W 80 Plus Platinum Full Modular,PSU - Nguồn máy tính,Corsair,1,4990000,5500000,4990000,5,"Thiết kế đẹp mắt, hiệu năng vượt trội so với tầm giá. Rất hài lòng!"
ORI-004022,ORD-250713-3000,CPU-005,AMD-R7-7700X,"CPU AMD Ryzen 7 7700X (4.5GHz Turbo 5.4GHz, 8 nhân 16 luồng)",CPU - Bộ vi xử lý,AMD,1,6890000,7500000,6890000,4,"Hiệu năng tốt trong tầm giá, dùng mượt mà không lỗi lầm gì."
