order_id,customer_id,customer_name,phone,address,city,subtotal,discount,shipping_fee,total_amount,payment_method,payment_status,status,created_at,confirmed_at,shipped_at,delivered_at,cancelled_at
ORD-251206-0001,CUST-0260,Đặng Thị Nhi,0383765991,"243 Đường Trần Duy Hưng, Quận Đống Đa, TP. Hà Nội",Hà Nội,13680000,1820000,0,13680000,COD,PAID,DELIVERED,2025-12-06T14:12:25,2025-12-06T14:46:25,2025-12-07T07:12:25,2025-12-08T14:12:25,
ORD-260329-0002,CUST-0072,Dương Văn Việt,0834519832,"363 Đường Đại lộ Hòa Bình, Quận Ninh Kiều, TP. Cần Thơ",Cần Thơ,17280000,2720000,0,17280000,BANK_TRANSFER,PAID,DELIVERED,2026-03-29T01:06:11,2026-03-29T01:11:11,2026-03-29T11:06:11,2026-03-30T04:06:11,
ORD-251105-0003,CUST-0111,Lê Hoàng Hoàng,0978523986,"145 Đường Nguyễn Thị Minh Khai, Quận 1, TP. Hồ Chí Minh",Hồ Chí Minh,1490000,310000,30000,1520000,COD,PAID,DELIVERED,2025-11-05T20:51:33,2025-11-05T21:15:33,2025-11-06T12:51:33,2025-11-07T00:51:33,
ORD-251210-0004,CUST-0393,Hồ Linh Anh,0795240132,"319 Đường Bà Triệu, Quận Hoàn Kiếm, TP. Hà Nội",Hà Nội,15280000,1820000,0,15280000,BANK_TRANSFER,PAID,DELIVERED,2025-12-10T10:01:26,2025-12-10T10:10:26,2025-12-10T19:01:26,2025-12-11T15:01:26,
ORD-260103-0005,CUST-0056,Vũ Ngọc Kiệt,0790913431,"175 Đường Võ Văn Tần, Quận 3, TP. Hồ Chí Minh",Hồ Chí Minh,3290000,510000,30000,3320000,COD,PAID,DELIVERED,2026-01-03T17:39:13,2026-01-03T18:06:13,2026-01-04T05:39:13,2026-01-04T17:39:13,
ORD-251202-0006,CUST-0007,Dương Ngọc Nam,0858451462,"524 Đường 3 Tháng 2, Quận Gò Vấp, TP. Hồ Chí Minh",Hồ Chí Minh,7480000,1220000,0,7480000,MOMO,PAID,DELIVERED,2025-12-02T11:42:52,2025-12-02T12:13:52,2025-12-02T22:42:52,2025-12-05T14:42:52,
ORD-250816-0007,CUST-0088,Lý Minh Tùng,0777468862,"58 Đường Lê Hồng Phong, Quận Hồng Bàng, TP. Hải Phòng",Hải Phòng,3990000,510000,30000,4020000,BANK_TRANSFER,PAID,DELIVERED,2025-08-16T17:24:43,2025-08-16T17:49:43,2025-08-17T10:24:43,2025-08-17T19:24:43,
ORD-251206-0008,CUST-0230,Hồ Thành Bách,0911305548,"173 Đường Lê Duẩn, Quận Hải Châu, TP. Đà Nẵng",Đà Nẵng,22990000,2010000,0,22990000,VNPAY,PAID,DELIVERED,2025-12-06T19:32:37,2025-12-06T19:44:37,2025-12-07T06:32:37,2025-12-08T00:32:37,
ORD-260510-0009,CUST-0318,Võ Anh Tuấn,0791298266,"469 Đường Mậu Thân, Quận Ninh Kiều, TP. Cần Thơ",Cần Thơ,17480000,2220000,0,17480000,MOMO,PAID,DELIVERED,2026-05-10T13:18:12,2026-05-10T14:01:12,2026-05-11T05:18:12,2026-05-13T15:18:12,
ORD-251119-0010,CUST-0267,Phạm Quốc Bách,0389042681,"124 Đường Quang Trung, Quận Gò Vấp, TP. Hồ Chí Minh",Hồ Chí Minh,2290000,310000,30000,2320000,BANK_TRANSFER,PAID,DELIVERED,2025-11-19T12:01:14,2025-11-19T12:21:14,2025-11-19T21:01:14,2025-11-22T15:01:14,
ORD-250801-0011,CUST-0227,Lê Quang Long,0900287721,"289 Đường Trần Hưng Đạo, Quận Thanh Khê, TP. Đà Nẵng",Đà Nẵng,20180000,2520000,0,20180000,COD,PAID,DELIVERED,2025-08-01T21:04:12,2025-08-01T21:44:12,2025-08-02T05:04:12,2025-08-03T01:04:12,
ORD-251114-0012,CUST-0126,Hồ Khánh Trang,0939106518,"298 Đường Nguyễn Thị Minh Khai, Quận Phú Nhuận, TP. Hồ Chí Minh",Hồ Chí Minh,1890000,310000,30000,1920000,BANK_TRANSFER,PAID,DELIVERED,2025-11-14T11:18:36,2025-11-14T11:46:36,2025-11-15T01:18:36,2025-11-16T12:18:36,
ORD-250811-0013,CUST-0259,Đỗ Quỳnh Anh,0912799088,"6 Đường 3 Tháng 2, Quận Phú Nhuận, TP. Hồ Chí Minh",Hồ Chí Minh,3290000,510000,30000,3320000,VNPAY,PAID,DELIVERED,2025-08-11T19:52:50,2025-08-11T20:16:50,2025-08-12T01:52:50,2025-08-15T00:52:50,
ORD-260114-0014,CUST-0238,Lê Thành Khánh,0916064842,"163 Đường Võ Văn Tần, Quận Tân Bình, TP. Hồ Chí Minh",Hồ Chí Minh,6180000,820000,0,6180000,MOMO,PAID,DELIVERED,2026-01-14T13:38:30,2026-01-14T13:43:30,2026-01-14T15:38:30,2026-01-17T18:38:30,
ORD-251129-0015,CUST-0482,Võ Minh Anh,0936205015,"302 Đường Trần Hưng Đạo, Quận Hồng Bàng, TP. Hải Phòng",Hải Phòng,6890000,610000,0,6890000,COD,PAID,DELIVERED,2025-11-29T13:31:19,2025-11-29T13:43:19,2025-11-30T03:31:19,2025-12-02T14:31:19,
ORD-260209-0016,CUST-0491,Phạm Đức Duy,0860445669,"238 Đường Tô Hiệu, Quận Hồng Bàng, TP. Hải Phòng",Hải Phòng,990000,210000,30000,1020000,BANK_TRANSFER,PAID,DELIVERED,2026-02-09T19:22:32,2026-02-09T19:54:32,2026-02-10T04:22:32,2026-02-10T22:22:32,
ORD-260405-0017,CUST-0324,Phan Hữu Khoa,0791472145,"219 Đường Mậu Thân, Quận Bình Thủy, TP. Cần Thơ",Cần Thơ,11980000,1820000,0,11980000,VNPAY,PAID,DELIVERED,2026-04-05T15:43:09,2026-04-05T15:48:09,2026-04-05T20:43:09,2026-04-06T20:43:09,
ORD-260210-0018,CUST-0499,Vũ Lâm Hải,0383296762,"49 Đường Tô Hiệu, Quận Hồng Bàng, TP. Hải Phòng",Hải Phòng,3290000,510000,30000,3320000,VNPAY,PAID,DELIVERED,2026-02-10T15:34:42,2026-02-10T15:44:42,2026-02-10T20:34:42,2026-02-13T19:34:42,
ORD-260407-0019,CUST-0417,Phan Mai Ngọc,0909003486,"247 Đường Hùng Vương, Quận Hải Châu, TP. Đà Nẵng",Đà Nẵng,1290000,210000,30000,1320000,COD,PAID,DELIVERED,2026-04-07T11:47:25,2026-04-07T11:56:25,2026-04-08T02:47:25,2026-04-10T14:47:25,
ORD-260321-0020,CUST-0088,Lý Minh Tùng,0777468862,"58 Đường Lê Hồng Phong, Quận Hồng Bàng, TP. Hải Phòng",Hải Phòng,14880000,1920000,0,14880000,COD,PAID,DELIVERED,2026-03-21T18:12:31,2026-03-21T18:29:31,2026-03-21T21:12:31,2026-03-24T19:12:31,
ORD-260326-0021,CUST-0226,Nguyễn Thảo Hà,0908993588,"259 Đường Tô Hiệu, Quận Hồng Bàng, TP. Hải Phòng",Hải Phòng,10980000,1320000,0,10980000,BANK_TRANSFER,PAID,DELIVERED,2026-03-26T08:07:17,2026-03-26T08:18:17,2026-03-26T10:07:17,2026-03-27T10:07:17,
ORD-260616-0022,CUST-0050,Dương Văn Duy,0776038597,"278 Đường Mậu Thân, Quận Ninh Kiều, TP. Cần Thơ",Cần Thơ,2290000,310000,30000,2320000,COD,PAID,SHIPPED,2026-06-16T16:48:17,2026-06-16T17:14:17,2026-06-17T04:48:17,,
ORD-250714-0023,CUST-0419,Võ Minh Khoa,0912481569,"469 Đường Lê Hồng Phong, Quận Lê Chân, TP. Hải Phòng",Hải Phòng,19980000,2320000,0,19980000,BANK_TRANSFER,PAID,DELIVERED,2025-07-14T17:22:55,2025-07-14T17:35:55,2025-07-14T19:22:55,2025-07-17T17:22:55,
ORD-250929-0024,CUST-0189,Đặng Vy Hương,0981334803,"185 Đường Mậu Thân, Quận Cái Răng, TP. Cần Thơ",Cần Thơ,3480000,620000,30000,3510000,MOMO,PAID,DELIVERED,2025-09-29T10:40:52,2025-09-29T11:05:52,2025-09-30T02:40:52,2025-09-30T14:40:52,
ORD-251204-0025,CUST-0220,Đặng Hồng Vy,0930461849,"528 Đường Xuân Thủy, Quận Hai Bà Trưng, TP. Hà Nội",Hà Nội,1490000,310000,30000,1520000,BANK_TRANSFER,PAID,DELIVERED,2025-12-04T10:09:55,2025-12-04T10:19:55,2025-12-04T21:09:55,2025-12-07T14:09:55,
ORD-251103-0026,CUST-0087,Dương Duy Hải,0770653794,"321 Đường Mậu Thân, Quận Ninh Kiều, TP. Cần Thơ",Cần Thơ,2780000,520000,30000,2810000,COD,PAID,DELIVERED,2025-11-03T15:34:15,2025-11-03T15:40:15,2025-11-03T22:34:15,2025-11-05T18:34:15,
ORD-250711-0027,CUST-0488,Lý Quỳnh Vân,0868121478,"481 Đường Nguyễn Trãi, Quận Ba Đình, TP. Hà Nội",Hà Nội,2290000,310000,30000,2320000,MOMO,PAID,DELIVERED,2025-07-11T09:34:40,2025-07-11T10:17:40,2025-07-11T13:34:40,2025-07-14T11:34:40,
ORD-251108-0028,CUST-0335,Đặng Quỳnh Trang,0770160166,"369 Đường Tô Hiệu, Quận Lê Chân, TP. Hải Phòng",Hải Phòng,18280000,2320000,0,18280000,MOMO,PAID,DELIVERED,2025-11-08T11:07:18,2025-11-08T11:19:18,2025-11-09T00:07:18,2025-11-09T13:07:18,
ORD-250821-0029,CUST-0032,Ngô Diệu Hạnh,0799373467,"174 Đường Trần Văn Khéo, Quận Cái Răng, TP. Cần Thơ",Cần Thơ,3990000,510000,30000,4020000,BANK_TRANSFER,PAID,DELIVERED,2025-08-21T21:27:20,2025-08-21T21:46:20,2025-08-22T02:27:20,2025-08-23T21:27:20,
ORD-260119-0030,CUST-0162,Ngô Phương Hoa,0835849825,"278 Đường Hùng Vương, Quận Sơn Trà, TP. Đà Nẵng",Đà Nẵng,1490000,310000,30000,1520000,VNPAY,PAID,DELIVERED,2026-01-19T15:29:09,2026-01-19T15:36:09,2026-01-20T03:29:09,2026-01-21T19:29:09,
ORD-251009-0031,CUST-0141,Đỗ Duy Nam,0790339740,"327 Đường Nguyễn Văn Linh, Quận Hải Châu, TP. Đà Nẵng",Đà Nẵng,39480000,4020000,0,39480000,COD,PAID,DELIVERED,2025-10-09T22:03:51,2025-10-09T22:19:51,2025-10-10T15:03:51,2025-10-13T01:03:51,
ORD-251229-0032,CUST-0201,Vũ Thành Dũng,0799899217,"134 Đường Bà Triệu, Quận Thanh Xuân, TP. Hà Nội",Hà Nội,990000,210000,30000,1020000,COD,PAID,DELIVERED,2025-12-29T15:22:48,2025-12-29T15:39:48,2025-12-30T05:22:48,2025-12-30T16:22:48,
ORD-250621-0033,CUST-0444,Phạm Ngọc Trung,0837246657,"93 Đường Lê Hồng Phong, Quận Hồng Bàng, TP. Hải Phòng",Hải Phòng,4990000,510000,30000,5020000,COD,PAID,DELIVERED,2025-06-21T17:36:08,2025-06-21T17:53:08,2025-06-21T19:36:08,2025-06-23T22:36:08,
ORD-260405-0034,CUST-0348,Đỗ Lâm Long,0904712814,"286 Đường Kim Mã, Quận Ba Đình, TP. Hà Nội",Hà Nội,20480000,2320000,0,20480000,BANK_TRANSFER,PAID,DELIVERED,2026-04-05T23:43:53,2026-04-05T23:51:53,2026-04-06T04:43:53,2026-04-09T04:43:53,
ORD-251125-0035,CUST-0370,Võ Ngọc Hoàng,0863520904,"433 Đường Võ Văn Tần, Quận Phú Nhuận, TP. Hồ Chí Minh",Hồ Chí Minh,62480000,6520000,0,62480000,COD,PAID,DELIVERED,2025-11-25T09:25:31,2025-11-25T09:35:31,2025-11-26T01:25:31,2025-11-28T12:25:31,
ORD-260508-0036,CUST-0060,Hoàng Thảo Hoa,0837439533,"45 Đường Lê Duẩn, Quận Thanh Khê, TP. Đà Nẵng",Đà Nẵng,6480000,820000,0,6480000,BANK_TRANSFER,REFUNDED,CANCELLED,2026-05-08T17:58:32,2026-05-08T18:09:32,,,2026-05-09T12:58:32
ORD-251205-0037,CUST-0093,Phạm Đức Tuấn,0795188888,"401 Đường Đại lộ Hòa Bình, Quận Cái Răng, TP. Cần Thơ",Cần Thơ,3490000,410000,30000,3520000,MOMO,PAID,DELIVERED,2025-12-05T17:27:19,2025-12-05T18:06:19,2025-12-06T00:27:19,2025-12-07T22:27:19,
ORD-250918-0038,CUST-0419,Võ Minh Khoa,0912481569,"469 Đường Lê Hồng Phong, Quận Lê Chân, TP. Hải Phòng",Hải Phòng,990000,210000,30000,1020000,VNPAY,PAID,DELIVERED,2025-09-18T16:04:33,2025-09-18T16:16:33,2025-09-18T23:04:33,2025-09-21T21:04:33,
ORD-260110-0039,CUST-0229,Đặng Hữu Long,0834883755,"344 Đường Trần Duy Hưng, Quận Nam Từ Liêm, TP. Hà Nội",Hà Nội,15180000,1820000,0,15180000,COD,PAID,DELIVERED,2026-01-10T09:13:41,2026-01-10T09:25:41,2026-01-11T03:13:41,2026-01-12T11:13:41,
ORD-260117-0040,CUST-0128,Dương Thị Ngọc,0778686337,"37 Đường Xuân Thủy, Quận Hoàn Kiếm, TP. Hà Nội",Hà Nội,7680000,1120000,0,7680000,BANK_TRANSFER,PAID,DELIVERED,2026-01-17T22:57:50,2026-01-17T23:22:50,2026-01-18T16:57:50,2026-01-20T02:57:50,
ORD-260601-0041,CUST-0122,Phan Văn Huy,0383745499,"68 Đường Nguyễn Văn Linh, Quận Sơn Trà, TP. Đà Nẵng",Đà Nẵng,12990000,1510000,0,12990000,COD,PAID,DELIVERED,2026-06-01T12:53:13,2026-06-01T13:06:13,2026-06-02T03:53:13,2026-06-02T16:53:13,
ORD-250629-0042,CUST-0333,Đặng Thành Việt,0909435334,"125 Đường Tô Hiệu, Quận Ngô Quyền, TP. Hải Phòng",Hải Phòng,3480000,620000,30000,3510000,COD,PAID,DELIVERED,2025-06-29T10:40:46,2025-06-29T11:17:46,2025-06-29T17:40:46,2025-07-01T11:40:46,
ORD-260511-0043,CUST-0127,Ngô Thành Khoa,0976766182,"407 Đường Nguyễn Văn Linh, Quận Hải Châu, TP. Đà Nẵng",Đà Nẵng,2490000,410000,30000,2520000,MOMO,PAID,DELIVERED,2026-05-11T16:43:35,2026-05-11T17:05:35,2026-05-11T22:43:35,2026-05-12T18:43:35,
ORD-260226-0044,CUST-0497,Lê Đình Khoa,0857299493,"12 Đường Mậu Thân, Quận Cái Răng, TP. Cần Thơ",Cần Thơ,5780000,820000,0,5780000,BANK_TRANSFER,PAID,DELIVERED,2026-02-26T09:59:07,2026-02-26T10:37:07,2026-02-26T22:59:07,2026-03-01T13:59:07,
ORD-260526-0045,CUST-0460,Phan Ngọc Bách,0861209481,"59 Đường Trần Hưng Đạo, Quận Hồng Bàng, TP. Hải Phòng",Hải Phòng,17280000,2220000,0,17280000,VNPAY,PAID,DELIVERED,2026-05-26T22:24:11,2026-05-26T22:59:11,2026-05-27T04:24:11,2026-05-28T22:24:11,
ORD-250902-0046,CUST-0194,Đỗ Anh Minh,0971355215,"260 Đường Điện Biên Phủ, Quận Gò Vấp, TP. Hồ Chí Minh",Hồ Chí Minh,3490000,410000,30000,3520000,BANK_TRANSFER,PAID,DELIVERED,2025-09-02T07:46:40,2025-09-02T08:20:40,2025-09-02T14:46:40,2025-09-04T09:46:40,
ORD-260222-0047,CUST-0147,Vũ Trúc Lan,0974379937,"410 Đường Nguyễn Trãi, Quận Đống Đa, TP. Hà Nội",Hà Nội,2490000,410000,30000,2520000,BANK_TRANSFER,PAID,DELIVERED,2026-02-22T21:19:26,2026-02-22T21:29:26,2026-02-23T04:19:26,2026-02-25T21:19:26,
ORD-251114-0048,CUST-0284,Vũ Hoàng Anh,0932663416,"296 Đường Kim Mã, Quận Ba Đình, TP. Hà Nội",Hà Nội,12990000,2010000,0,12990000,COD,PAID,DELIVERED,2025-11-14T22:08:30,2025-11-14T22:13:30,2025-11-15T13:08:30,2025-11-18T02:08:30,
ORD-250922-0049,CUST-0379,Hoàng Thị Hương,0795695579,"316 Đường Tô Hiệu, Quận Ngô Quyền, TP. Hải Phòng",Hải Phòng,22990000,2010000,0,22990000,COD,PAID,DELIVERED,2025-09-22T07:28:10,2025-09-22T07:41:10,2025-09-23T01:28:10,2025-09-24T07:28:10,
ORD-251210-0050,CUST-0088,Lý Minh Tùng,0777468862,"58 Đường Lê Hồng Phong, Quận Hồng Bàng, TP. Hải Phòng",Hải Phòng,4990000,510000,30000,5020000,COD,PAID,DELIVERED,2025-12-10T13:43:15,2025-12-10T14:01:15,2025-12-10T15:43:15,2025-12-13T18:43:15,
ORD-260521-0051,CUST-0473,Dương Hoàng Khoa,0861877580,"435 Đường Kim Mã, Quận Cầu Giấy, TP. Hà Nội",Hà Nội,4490000,510000,30000,4520000,COD,PAID,DELIVERED,2026-05-21T17:21:19,2026-05-21T17:48:19,2026-05-21T19:21:19,2026-05-22T20:21:19,
ORD-251121-0052,CUST-0271,Lý Thảo Chi,0830807595,"192 Đường Tô Hiệu, Quận Ngô Quyền, TP. Hải Phòng",Hải Phòng,2190000,310000,30000,2220000,COD,PAID,DELIVERED,2025-11-21T15:09:49,2025-11-21T15:41:49,2025-11-21T22:09:49,2025-11-24T17:09:49,
ORD-251107-0053,CUST-0337,Lý Quỳnh Hà,0977701715,"361 Đường Nguyễn Văn Cừ, Quận Ninh Kiều, TP. Cần Thơ",Cần Thơ,11490000,1510000,0,11490000,COD,PAID,DELIVERED,2025-11-07T13:27:00,2025-11-07T13:57:00,2025-11-08T04:27:00,2025-11-10T15:27:00,
ORD-250911-0054,CUST-0342,Vũ Đình Dũng,0978008514,"330 Đường Tố Hữu, Quận Hai Bà Trưng, TP. Hà Nội",Hà Nội,1490000,310000,30000,1520000,BANK_TRANSFER,PAID,DELIVERED,2025-09-11T18:08:20,2025-09-11T18:37:20,2025-09-12T00:08:20,2025-09-12T18:08:20,
ORD-251225-0055,CUST-0080,Phạm Khánh Giang,0989212779,"328 Đường Nguyễn Văn Cừ, Quận Bình Thủy, TP. Cần Thơ",Cần Thơ,3290000,510000,30000,3320000,BANK_TRANSFER,REFUNDED,CANCELLED,2025-12-25T19:15:03,2025-12-25T19:38:03,,,2025-12-26T05:15:03
ORD-260213-0056,CUST-0249,Phạm Thành Khoa,0865257775,"184 Đường Đại lộ Hòa Bình, Quận Bình Thủy, TP. Cần Thơ",Cần Thơ,13680000,1820000,0,13680000,COD,CANCELLED,CANCELLED,2026-02-13T19:11:15,2026-02-13T19:43:15,,,2026-02-14T02:11:15
ORD-250821-0057,CUST-0243,Nguyễn Mai Hoa,0911024819,"466 Đường Võ Nguyên Giáp, Quận Ngũ Hành Sơn, TP. Đà Nẵng",Đà Nẵng,26990000,3010000,0,26990000,BANK_TRANSFER,PAID,DELIVERED,2025-08-21T09:07:08,2025-08-21T09:51:08,2025-08-21T17:07:08,2025-08-22T09:07:08,
ORD-260221-0058,CUST-0157,Dương Lâm Việt,0839125134,"528 Đường Chùa Bộc, Quận Đống Đa, TP. Hà Nội",Hà Nội,3290000,510000,30000,3320000,COD,PAID,DELIVERED,2026-02-21T14:03:32,2026-02-21T14:30:32,2026-02-22T05:03:32,2026-02-22T16:03:32,
ORD-260619-0059,CUST-0021,Lý Thảo Hương,0851586923,"188 Đường Nguyễn Trãi, Quận Hai Bà Trưng, TP. Hà Nội",Hà Nội,3290000,510000,30000,3320000,MOMO,PENDING,PENDING,2026-06-19T19:13:18,,,,
ORD-251230-0060,CUST-0187,Đỗ Diệu Hạnh,0770146263,"396 Đường Lạch Tray, Quận Hồng Bàng, TP. Hải Phòng",Hải Phòng,2290000,310000,30000,2320000,VNPAY,PAID,DELIVERED,2025-12-30T09:00:43,2025-12-30T09:42:43,2025-12-31T03:00:43,2026-01-02T11:00:43,
ORD-250824-0061,CUST-0108,Nguyễn Diệu Anh,0383259532,"320 Đường Tô Hiệu, Quận Ngô Quyền, TP. Hải Phòng",Hải Phòng,5490000,710000,0,5490000,MOMO,PAID,DELIVERED,2025-08-24T21:08:40,2025-08-24T21:25:40,2025-08-25T05:08:40,2025-08-28T00:08:40,
ORD-250913-0062,CUST-0483,Nguyễn Quốc Sơn,0862342583,"108 Đường Kim Mã, Quận Nam Từ Liêm, TP. Hà Nội",Hà Nội,9180000,1220000,0,9180000,BANK_TRANSFER,PAID,DELIVERED,2025-09-13T12:30:48,2025-09-13T12:51:48,2025-09-14T01:30:48,2025-09-15T15:30:48,
ORD-251117-0063,CUST-0248,Trần Ngọc Giang,0977759492,"443 Đường Lê Hồng Phong, Quận Ngô Quyền, TP. Hải Phòng",Hải Phòng,5880000,820000,0,5880000,MOMO,PAID,DELIVERED,2025-11-17T22:50:01,2025-11-17T22:58:01,2025-11-18T06:50:01,2025-11-21T01:50:01,
ORD-251107-0064,CUST-0085,Lê Hữu Việt,0796528168,"189 Đường Phan Đăng Lưu, Quận Tân Bình, TP. Hồ Chí Minh",Hồ Chí Minh,16490000,2010000,0,16490000,COD,PAID,DELIVERED,2025-11-07T13:49:24,2025-11-07T14:07:24,2025-11-07T15:49:24,2025-11-10T16:49:24,
ORD-260115-0065,CUST-0133,Dương Thu Giang,0904699013,"218 Đường Tô Hiệu, Quận Hồng Bàng, TP. Hải Phòng",Hải Phòng,28480000,2720000,0,28480000,COD,PAID,DELIVERED,2026-01-15T12:17:35,2026-01-15T13:02:35,2026-01-15T18:17:35,2026-01-17T13:17:35,
ORD-251213-0066,CUST-0422,Dương Quốc Hùng,0908931734,"444 Đường Tố Hữu, Quận Cầu Giấy, TP. Hà Nội",Hà Nội,9480000,1020000,0,9480000,COD,PAID,DELIVERED,2025-12-13T22:56:35,2025-12-13T23:04:35,2025-12-14T00:56:35,2025-12-15T23:56:35,
ORD-250825-0067,CUST-0276,Dương Hoàng Nam,0980347175,"268 Đường Hùng Vương, Quận Sơn Trà, TP. Đà Nẵng",Đà Nẵng,4980000,820000,30000,5010000,COD,PAID,DELIVERED,2025-08-25T19:24:41,2025-08-25T19:57:41,2025-08-26T04:24:41,2025-08-27T21:24:41,
ORD-251109-0068,CUST-0374,Ngô Hồng Phương,0985701658,"217 Đường Trần Hưng Đạo, Quận Ngũ Hành Sơn, TP. Đà Nẵng",Đà Nẵng,105980000,10020000,0,105980000,BANK_TRANSFER,PAID,DELIVERED,2025-11-09T21:05:31,2025-11-09T21:21:31,2025-11-10T08:05:31,2025-11-10T23:05:31,
ORD-260515-0069,CUST-0097,Hoàng Thành Khoa,0916928451,"461 Đường Trần Hưng Đạo, Quận Sơn Trà, TP. Đà Nẵng",Đà Nẵng,6990000,810000,0,6990000,COD,PAID,DELIVERED,2026-05-15T14:29:58,2026-05-15T14:34:58,2026-05-15T19:29:58,2026-05-17T17:29:58,
ORD-260413-0070,CUST-0391,Hoàng Thành Hoàng,0918952028,"353 Đường Võ Nguyên Giáp, Quận Ngũ Hành Sơn, TP. Đà Nẵng",Đà Nẵng,6990000,810000,0,6990000,VNPAY,PAID,DELIVERED,2026-04-13T08:09:40,2026-04-13T08:19:40,2026-04-13T16:09:40,2026-04-14T11:09:40,
ORD-260328-0071,CUST-0418,Nguyễn Hoàng Huy,0861343275,"87 Đường Nguyễn Văn Cừ, Quận Ninh Kiều, TP. Cần Thơ",Cần Thơ,2490000,410000,30000,2520000,COD,PAID,DELIVERED,2026-03-28T15:15:03,2026-03-28T15:22:03,2026-03-28T20:15:03,2026-03-31T17:15:03,
ORD-260607-0072,CUST-0073,Trần Duy Phong,0388998094,"352 Đường Kim Mã, Quận Đống Đa, TP. Hà Nội",Hà Nội,20480000,3020000,0,20480000,CREDIT_CARD,PAID,DELIVERED,2026-06-07T13:22:41,2026-06-07T13:41:41,2026-06-07T18:22:41,2026-06-09T15:22:41,
ORD-251230-0073,CUST-0459,Bùi Mai Phương,0779228777,"424 Đường Hùng Vương, Quận Hải Châu, TP. Đà Nẵng",Đà Nẵng,6490000,1010000,0,6490000,COD,PAID,DELIVERED,2025-12-30T18:09:57,2025-12-30T18:20:57,2025-12-31T04:09:57,2026-01-01T23:09:57,
ORD-260405-0074,CUST-0416,Lê Khánh Yến,0384907851,"257 Đường Tô Hiệu, Quận Ngô Quyền, TP. Hải Phòng",Hải Phòng,6890000,610000,0,6890000,BANK_TRANSFER,PAID,DELIVERED,2026-04-05T14:46:50,2026-04-05T15:08:50,2026-04-05T20:46:50,2026-04-06T16:46:50,
ORD-251204-0075,CUST-0393,Hồ Linh Anh,0795240132,"319 Đường Bà Triệu, Quận Hoàn Kiếm, TP. Hà Nội",Hà Nội,2490000,410000,30000,2520000,VNPAY,PAID,DELIVERED,2025-12-04T15:30:44,2025-12-04T15:50:44,2025-12-05T05:30:44,2025-12-06T19:30:44,
ORD-250920-0076,CUST-0253,Phạm Phương Nhi,0976770051,"274 Đường Lê Hồng Phong, Quận Lê Chân, TP. Hải Phòng",Hải Phòng,3990000,510000,30000,4020000,VNPAY,PAID,DELIVERED,2025-09-20T11:05:37,2025-09-20T11:24:37,2025-09-20T15:05:37,2025-09-21T13:05:37,
ORD-250907-0077,CUST-0186,Nguyễn Vy Trúc,0387066253,"157 Đường Võ Nguyên Giáp, Quận Sơn Trà, TP. Đà Nẵng",Đà Nẵng,3990000,510000,30000,4020000,COD,PAID,DELIVERED,2025-09-07T09:07:03,2025-09-07T09:47:03,2025-09-08T00:07:03,2025-09-08T10:07:03,
ORD-260410-0078,CUST-0383,Ngô Anh Trung,0917028140,"370 Đường Tô Hiệu, Quận Hồng Bàng, TP. Hải Phòng",Hải Phòng,3290000,510000,30000,3320000,BANK_TRANSFER,PAID,DELIVERED,2026-04-10T18:09:24,2026-04-10T18:51:24,2026-04-10T22:09:24,2026-04-12T22:09:24,
ORD-251214-0079,CUST-0076,Phan Khánh Trinh,0778403690,"145 Đường Bà Triệu, Quận Đống Đa, TP. Hà Nội",Hà Nội,3690000,510000,30000,3720000,BANK_TRANSFER,PAID,DELIVERED,2025-12-14T11:00:36,2025-12-14T11:13:36,2025-12-15T05:00:36,2025-12-17T13:00:36,
ORD-260124-0080,CUST-0228,Đặng Hoàng Phong,0917797177,"110 Đường Nguyễn Thị Minh Khai, Quận Phú Nhuận, TP. Hồ Chí Minh",Hồ Chí Minh,1490000,310000,30000,1520000,COD,PAID,DELIVERED,2026-01-24T08:41:02,2026-01-24T09:13:02,2026-01-25T00:41:02,2026-01-27T13:41:02,
ORD-260114-0081,CUST-0257,Lý Diệu Anh,0830413797,"151 Đường Tố Hữu, Quận Thanh Xuân, TP. Hà Nội",Hà Nội,8990000,1510000,0,8990000,COD,CANCELLED,CANCELLED,2026-01-14T14:10:17,2026-01-14T14:28:17,,,2026-01-15T03:10:17
ORD-260522-0082,CUST-0317,Hồ Diệu Nhi,0850347644,"60 Đường Kim Mã, Quận Hai Bà Trưng, TP. Hà Nội",Hà Nội,1890000,310000,30000,1920000,BANK_TRANSFER,PAID,DELIVERED,2026-05-22T10:47:35,2026-05-22T11:17:35,2026-05-23T00:47:35,2026-05-23T10:47:35,
ORD-260201-0083,CUST-0100,Đỗ Ngọc Trang,0987868144,"507 Đường Nguyễn Văn Cừ, Quận Ninh Kiều, TP. Cần Thơ",Cần Thơ,3490000,410000,30000,3520000,BANK_TRANSFER,PAID,DELIVERED,2026-02-01T08:38:49,2026-02-01T08:47:49,2026-02-01T16:38:49,2026-02-04T08:38:49,
ORD-250910-0084,CUST-0097,Hoàng Thành Khoa,0916928451,"461 Đường Trần Hưng Đạo, Quận Sơn Trà, TP. Đà Nẵng",Đà Nẵng,7980000,1020000,0,7980000,CREDIT_CARD,PAID,DELIVERED,2025-09-10T22:15:17,2025-09-10T22:50:17,2025-09-11T01:15:17,2025-09-12T00:15:17,
ORD-251006-0085,CUST-0385,Phan Thị Ngọc,0975478137,"172 Đường Nguyễn Văn Cừ, Quận Cái Răng, TP. Cần Thơ",Cần Thơ,6990000,810000,0,6990000,MOMO,PAID,DELIVERED,2025-10-06T19:46:22,2025-10-06T20:23:22,2025-10-07T00:46:22,2025-10-09T20:46:22,
ORD-260531-0086,CUST-0245,Vũ Thảo Trang,0772832684,"16 Đường Tràng Tiền, Quận Đống Đa, TP. Hà Nội",Hà Nội,22990000,2010000,0,22990000,VNPAY,PAID,DELIVERED,2026-05-31T10:29:05,2026-05-31T10:43:05,2026-05-31T17:29:05,2026-06-03T14:29:05,
ORD-251227-0087,CUST-0334,Hoàng Vy Hạnh,0791385854,"77 Đường Nguyễn Văn Linh, Quận Thanh Khê, TP. Đà Nẵng",Đà Nẵng,5490000,710000,0,5490000,VNPAY,PAID,DELIVERED,2025-12-27T09:18:23,2025-12-27T09:47:23,2025-12-27T18:18:23,2025-12-28T13:18:23,
ORD-260112-0088,CUST-0291,Hồ Hữu Minh,0773585730,"261 Đường Mậu Thân, Quận Cái Răng, TP. Cần Thơ",Cần Thơ,8880000,1120000,0,8880000,MOMO,PAID,DELIVERED,2026-01-12T22:50:57,2026-01-12T23:05:57,2026-01-13T02:50:57,2026-01-15T02:50:57,
ORD-251105-0089,CUST-0133,Dương Thu Giang,0904699013,"218 Đường Tô Hiệu, Quận Hồng Bàng, TP. Hải Phòng",Hải Phòng,4990000,510000,30000,5020000,VNPAY,PAID,DELIVERED,2025-11-05T09:07:36,2025-11-05T09:20:36,2025-11-06T01:07:36,2025-11-07T13:07:36,
ORD-250705-0090,CUST-0192,Trần Thảo Phương,0831545226,"183 Đường Nguyễn Văn Cừ, Quận Bình Thủy, TP. Cần Thơ",Cần Thơ,12990000,1510000,0,12990000,VNPAY,PAID,DELIVERED,2025-07-05T23:03:47,2025-07-05T23:26:47,2025-07-06T13:03:47,2025-07-07T03:03:47,
ORD-251203-0091,CUST-0115,Phạm Ngọc Kiệt,0796527858,"257 Đường Nguyễn Văn Linh, Quận Ngũ Hành Sơn, TP. Đà Nẵng",Đà Nẵng,6990000,810000,0,6990000,BANK_TRANSFER,PAID,DELIVERED,2025-12-03T18:22:29,2025-12-03T18:52:29,2025-12-04T09:22:29,2025-12-04T21:22:29,
ORD-250814-0092,CUST-0176,Võ Mai Hoa,0779252419,"50 Đường Nguyễn Thị Minh Khai, Quận Bình Thạnh, TP. Hồ Chí Minh",Hồ Chí Minh,9780000,1420000,0,9780000,BANK_TRANSFER,PAID,DELIVERED,2025-08-14T18:30:07,2025-08-14T19:15:07,2025-08-15T02:30:07,2025-08-16T22:30:07,
ORD-251216-0093,CUST-0480,Bùi Đức Dũng,0938806533,"483 Đường Võ Nguyên Giáp, Quận Thanh Khê, TP. Đà Nẵng",Đà Nẵng,11780000,1520000,0,11780000,BANK_TRANSFER,PAID,DELIVERED,2025-12-16T23:13:03,2025-12-16T23:23:03,2025-12-17T05:13:03,2025-12-18T01:13:03,
ORD-251117-0094,CUST-0447,Bùi Thành Dũng,0777119918,"215 Đường Xuân Thủy, Quận Hoàn Kiếm, TP. Hà Nội",Hà Nội,3290000,510000,30000,3320000,VNPAY,PAID,DELIVERED,2025-11-17T18:16:11,2025-11-17T18:31:11,2025-11-18T02:16:11,2025-11-19T21:16:11,
ORD-251108-0095,CUST-0353,Phan Ngọc Hùng,0910618175,"39 Đường Nguyễn Văn Linh, Quận Sơn Trà, TP. Đà Nẵng",Đà Nẵng,36480000,4520000,0,36480000,BANK_TRANSFER,PAID,DELIVERED,2025-11-08T18:24:52,2025-11-08T19:08:52,2025-11-09T00:24:52,2025-11-10T23:24:52,
ORD-260108-0096,CUST-0008,Dương Duy Sơn,0985288095,"319 Đường Quang Trung, Quận 3, TP. Hồ Chí Minh",Hồ Chí Minh,3390000,410000,30000,3420000,VNPAY,PAID,DELIVERED,2026-01-08T22:26:16,2026-01-08T23:11:16,2026-01-09T14:26:16,2026-01-12T02:26:16,
ORD-250913-0097,CUST-0382,Lê Hữu Hùng,0387275208,"301 Đường Võ Nguyên Giáp, Quận Sơn Trà, TP. Đà Nẵng",Đà Nẵng,30980000,3520000,0,30980000,COD,PAID,DELIVERED,2025-09-13T17:13:22,2025-09-13T17:41:22,2025-09-13T19:13:22,2025-09-15T19:13:22,
ORD-251121-0098,CUST-0212,Lý Diệu Hoa,0839353875,"190 Đường Hùng Vương, Quận Thanh Khê, TP. Đà Nẵng",Đà Nẵng,11490000,1510000,0,11490000,BANK_TRANSFER,PAID,DELIVERED,2025-11-21T20:27:33,2025-11-21T20:55:33,2025-11-22T03:27:33,2025-11-25T00:27:33,
ORD-260125-0099,CUST-0196,Lê Trúc Hoa,0860541152,"499 Đường Quang Trung, Quận 3, TP. Hồ Chí Minh",Hồ Chí Minh,13480000,1820000,0,13480000,VNPAY,CANCELLED,CANCELLED,2026-01-25T18:27:40,2026-01-25T18:33:40,,,2026-01-26T14:27:40
ORD-251121-0100,CUST-0478,Trần Vy Lan,0833928456,"253 Đường Trần Hưng Đạo, Quận Ngô Quyền, TP. Hải Phòng",Hải Phòng,3390000,410000,30000,3420000,VNPAY,PAID,DELIVERED,2025-11-21T19:39:59,2025-11-21T20:02:59,2025-11-22T10:39:59,2025-11-22T20:39:59,
ORD-260422-0101,CUST-0196,Lê Trúc Hoa,0860541152,"499 Đường Quang Trung, Quận 3, TP. Hồ Chí Minh",Hồ Chí Minh,5490000,510000,0,5490000,BANK_TRANSFER,PAID,DELIVERED,2026-04-22T15:07:22,2026-04-22T15:37:22,2026-04-22T17:07:22,2026-04-24T16:07:22,
ORD-250717-0102,CUST-0451,Vũ Thành Duy,0865504892,"457 Đường Mậu Thân, Quận Cái Răng, TP. Cần Thơ",Cần Thơ,12990000,1510000,0,12990000,BANK_TRANSFER,PAID,DELIVERED,2025-07-17T20:50:58,2025-07-17T20:55:58,2025-07-17T22:50:58,2025-07-18T22:50:58,
ORD-250816-0103,CUST-0420,Đỗ Ngọc Bách,0852063459,"533 Đường Điện Biên Phủ, Quận 10, TP. Hồ Chí Minh",Hồ Chí Minh,39980000,5020000,0,39980000,COD,PAID,DELIVERED,2025-08-16T10:36:27,2025-08-16T10:44:27,2025-08-17T01:36:27,2025-08-17T15:36:27,
ORD-251201-0104,CUST-0265,Đỗ Thị Giang,0858430988,"41 Đường Chùa Bộc, Quận Ba Đình, TP. Hà Nội",Hà Nội,16490000,2010000,0,16490000,COD,PAID,DELIVERED,2025-12-01T17:16:53,2025-12-01T17:21:53,2025-12-01T23:16:53,2025-12-02T21:16:53,
ORD-251206-0105,CUST-0293,Hoàng Quang Hoàng,0770862095,"401 Đường Xuân Thủy, Quận Đống Đa, TP. Hà Nội",Hà Nội,52990000,5010000,0,52990000,MOMO,PAID,DELIVERED,2025-12-06T19:29:40,2025-12-06T19:53:40,2025-12-07T03:29:40,2025-12-09T20:29:40,
ORD-260206-0106,CUST-0395,Nguyễn Thảo Trang,0911939325,"361 Đường Phan Đăng Lưu, Quận 10, TP. Hồ Chí Minh",Hồ Chí Minh,2490000,310000,30000,2520000,COD,PAID,DELIVERED,2026-02-06T11:59:09,2026-02-06T12:42:09,2026-02-06T16:59:09,2026-02-07T12:59:09,
ORD-251216-0107,CUST-0048,Đỗ Duy Tùng,0904902787,"508 Đường Tố Hữu, Quận Ba Đình, TP. Hà Nội",Hà Nội,6890000,610000,0,6890000,BANK_TRANSFER,PAID,DELIVERED,2025-12-16T10:06:31,2025-12-16T10:24:31,2025-12-17T01:06:31,2025-12-18T12:06:31,
ORD-260329-0108,CUST-0414,Hồ Thị Hoa,0915941651,"517 Đường Xuân Thủy, Quận Thanh Xuân, TP. Hà Nội",Hà Nội,5490000,710000,0,5490000,COD,PAID,DELIVERED,2026-03-29T00:11:42,2026-03-29T00:38:42,2026-03-29T17:11:42,2026-04-01T04:11:42,
ORD-250918-0109,CUST-0268,Lý Lâm Tùng,0867697357,"498 Đường Đại lộ Hòa Bình, Quận Bình Thủy, TP. Cần Thơ",Cần Thơ,16490000,2010000,0,16490000,COD,PAID,DELIVERED,2025-09-18T15:09:13,2025-09-18T15:19:13,2025-09-18T21:09:13,2025-09-20T17:09:13,
ORD-260120-0110,CUST-0179,Hồ Anh Hoàng,0837383206,"14 Đường Tràng Tiền, Quận Ba Đình, TP. Hà Nội",Hà Nội,2190000,310000,30000,2220000,BANK_TRANSFER,PAID,DELIVERED,2026-01-20T20:27:32,2026-01-20T20:49:32,2026-01-21T10:27:32,2026-01-22T00:27:32,
ORD-251103-0111,CUST-0160,Đặng Trúc Yến,0837881914,"228 Đường Võ Nguyên Giáp, Quận Hải Châu, TP. Đà Nẵng",Đà Nẵng,8990000,1510000,0,8990000,BANK_TRANSFER,PAID,DELIVERED,2025-11-03T19:52:20,2025-11-03T20:20:20,2025-11-03T23:52:20,2025-11-05T20:52:20,
ORD-251122-0112,CUST-0301,Phạm Khánh Lan,0836931572,"43 Đường Lê Hồng Phong, Quận Hồng Bàng, TP. Hải Phòng",Hải Phòng,11490000,1510000,0,11490000,COD,PAID,DELIVERED,2025-11-22T20:41:33,2025-11-22T20:57:33,2025-11-23T09:41:33,2025-11-23T20:41:33,
ORD-260418-0113,CUST-0191,Bùi Thu Chi,0905932525,"118 Đường 3 Tháng 2, Quận 10, TP. Hồ Chí Minh",Hồ Chí Minh,7480000,920000,0,7480000,BANK_TRANSFER,PAID,DELIVERED,2026-04-18T18:45:21,2026-04-18T19:14:21,2026-04-19T05:45:21,2026-04-21T19:45:21,
ORD-250711-0114,CUST-0485,Ngô Thu Phương,0975963099,"340 Đường Trần Hưng Đạo, Quận Ngô Quyền, TP. Hải Phòng",Hải Phòng,3490000,410000,30000,3520000,COD,PAID,DELIVERED,2025-07-11T21:26:43,2025-07-11T22:02:43,2025-07-12T14:26:43,2025-07-12T23:26:43,
ORD-250821-0115,CUST-0232,Lê Văn Khánh,0908697829,"334 Đường Tố Hữu, Quận Cầu Giấy, TP. Hà Nội",Hà Nội,12990000,1510000,0,12990000,COD,PAID,DELIVERED,2025-08-21T16:18:01,2025-08-21T16:48:01,2025-08-21T19:18:01,2025-08-24T20:18:01,
ORD-251022-0116,CUST-0036,Bùi Hoàng Anh,0931931491,"384 Đường Nguyễn Kiệm, Quận Tân Bình, TP. Hồ Chí Minh",Hồ Chí Minh,17480000,2520000,0,17480000,VNPAY,PAID,DELIVERED,2025-10-22T20:46:19,2025-10-22T21:22:19,2025-10-22T23:46:19,2025-10-24T22:46:19,
ORD-251210-0117,CUST-0432,Bùi Minh Dũng,0859759230,"77 Đường Lê Duẩn, Quận Sơn Trà, TP. Đà Nẵng",Đà Nẵng,6990000,810000,0,6990000,VNPAY,REFUNDED,CANCELLED,2025-12-10T09:14:03,2025-12-10T09:33:03,,,2025-12-10T15:14:03
ORD-251213-0118,CUST-0046,Trần Đình Tùng,0853618324,"319 Đường 3 Tháng 2, Quận 1, TP. Hồ Chí Minh",Hồ Chí Minh,2190000,310000,30000,2220000,COD,PAID,DELIVERED,2025-12-13T16:00:59,2025-12-13T16:08:59,2025-12-14T03:00:59,2025-12-14T18:00:59,
ORD-251207-0119,CUST-0406,Ngô Minh Anh,0916556503,"91 Đường Kim Mã, Quận Hoàn Kiếm, TP. Hà Nội",Hà Nội,3490000,410000,30000,3520000,VNPAY,PAID,DELIVERED,2025-12-07T10:08:37,2025-12-07T10:39:37,2025-12-08T02:08:37,2025-12-10T10:08:37,
ORD-260127-0120,CUST-0296,Đỗ Ngọc Yến,0850586509,"316 Đường Lạch Tray, Quận Hồng Bàng, TP. Hải Phòng",Hải Phòng,20980000,2520000,0,20980000,VNPAY,PAID,DELIVERED,2026-01-27T19:14:05,2026-01-27T19:34:05,2026-01-28T03:14:05,2026-01-30T19:14:05,
ORD-251204-0121,CUST-0344,Hồ Ngọc Khoa,0981267969,"465 Đường Trần Văn Khéo, Quận Bình Thủy, TP. Cần Thơ",Cần Thơ,1490000,310000,30000,1520000,VNPAY,PAID,DELIVERED,2025-12-04T09:13:52,2025-12-04T09:37:52,2025-12-05T01:13:52,2025-12-07T10:13:52,
ORD-260414-0122,CUST-0469,Đỗ Thu Chi,0388118071,"401 Đường Nguyễn Văn Cừ, Quận Bình Thủy, TP. Cần Thơ",Cần Thơ,12990000,2010000,0,12990000,COD,PAID,DELIVERED,2026-04-14T13:28:55,2026-04-14T13:43:55,2026-04-15T00:28:55,2026-04-17T18:28:55,
ORD-260216-0123,CUST-0449,Trần Hồng Trúc,0973286326,"35 Đường Nguyễn Văn Cừ, Quận Cái Răng, TP. Cần Thơ",Cần Thơ,4490000,510000,30000,4520000,MOMO,PAID,DELIVERED,2026-02-16T15:17:01,2026-02-16T15:27:01,2026-02-17T04:17:01,2026-02-18T16:17:01,
ORD-251002-0124,CUST-0221,Hoàng Ngọc Chi,0939348356,"217 Đường Trần Duy Hưng, Quận Cầu Giấy, TP. Hà Nội",Hà Nội,12280000,2020000,0,12280000,COD,PAID,DELIVERED,2025-10-02T14:23:06,2025-10-02T14:39:06,2025-10-03T00:23:06,2025-10-05T18:23:06,
ORD-260227-0125,CUST-0331,Ngô Phương Lan,0778078235,"151 Đường Lê Hồng Phong, Quận Ngô Quyền, TP. Hải Phòng",Hải Phòng,11280000,1520000,0,11280000,MOMO,PAID,DELIVERED,2026-02-27T21:36:17,2026-02-27T22:06:17,2026-02-28T11:36:17,2026-03-01T21:36:17,
ORD-260307-0126,CUST-0403,Phạm Linh Chi,0794858800,"458 Đường Trần Văn Khéo, Quận Cái Răng, TP. Cần Thơ",Cần Thơ,52990000,5010000,0,52990000,BANK_TRANSFER,PAID,DELIVERED,2026-03-07T12:38:18,2026-03-07T13:13:18,2026-03-07T23:38:18,2026-03-10T13:38:18,
ORD-260316-0127,CUST-0086,Ngô Phương Vy,0981418880,"390 Đường Hùng Vương, Quận Thanh Khê, TP. Đà Nẵng",Đà Nẵng,8490000,1010000,0,8490000,COD,PAID,DELIVERED,2026-03-16T15:00:42,2026-03-16T15:09:42,2026-03-16T22:00:42,2026-03-19T15:00:42,
ORD-260213-0128,CUST-0299,Đặng Trúc Hạnh,0865776004,"312 Đường Nguyễn Trãi, Quận Đống Đa, TP. Hà Nội",Hà Nội,22990000,2010000,0,22990000,COD,PAID,DELIVERED,2026-02-13T07:01:36,2026-02-13T07:15:36,2026-02-13T12:01:36,2026-02-14T09:01:36,
ORD-250913-0129,CUST-0232,Lê Văn Khánh,0908697829,"334 Đường Tố Hữu, Quận Cầu Giấy, TP. Hà Nội",Hà Nội,7780000,1020000,0,7780000,MOMO,PAID,DELIVERED,2025-09-13T15:23:29,2025-09-13T16:06:29,2025-09-14T08:23:29,2025-09-14T17:23:29,
ORD-260227-0130,CUST-0439,Võ Ngọc Long,0774995641,"119 Đường Bà Triệu, Quận Cầu Giấy, TP. Hà Nội",Hà Nội,4280000,720000,30000,4310000,COD,PAID,DELIVERED,2026-02-27T09:31:01,2026-02-27T10:00:01,2026-02-27T14:31:01,2026-03-01T14:31:01,
ORD-251223-0131,CUST-0090,Nguyễn Mai Hương,0381530515,"488 Đường Kim Mã, Quận Cầu Giấy, TP. Hà Nội",Hà Nội,7980000,1020000,0,7980000,COD,PAID,DELIVERED,2025-12-23T14:26:17,2025-12-23T15:10:17,2025-12-23T19:26:17,2025-12-25T17:26:17,
ORD-250704-0132,CUST-0256,Đỗ Phương Trinh,0986030299,"155 Đường Nguyễn Trãi, Quận Hoàn Kiếm, TP. Hà Nội",Hà Nội,1290000,210000,30000,1320000,COD,PAID,DELIVERED,2025-07-04T18:33:18,2025-07-04T18:56:18,2025-07-04T20:33:18,2025-07-06T18:33:18,
ORD-260525-0133,CUST-0064,Nguyễn Linh Mai,0913826758,"429 Đường Trần Hưng Đạo, Quận Lê Chân, TP. Hải Phòng",Hải Phòng,12990000,1510000,0,12990000,COD,PAID,DELIVERED,2026-05-25T13:18:50,2026-05-25T13:40:50,2026-05-25T19:18:50,2026-05-28T14:18:50,
ORD-260227-0134,CUST-0149,Bùi Minh Anh,0866519398,"219 Đường Tô Hiệu, Quận Hồng Bàng, TP. Hải Phòng",Hải Phòng,3290000,510000,30000,3320000,MOMO,PAID,DELIVERED,2026-02-27T22:15:51,2026-02-27T22:36:51,2026-02-28T09:15:51,2026-03-03T00:15:51,
ORD-260105-0135,CUST-0348,Đỗ Lâm Long,0904712814,"286 Đường Kim Mã, Quận Ba Đình, TP. Hà Nội",Hà Nội,18480000,2020000,0,18480000,COD,PAID,DELIVERED,2026-01-05T09:49:12,2026-01-05T10:13:12,2026-01-06T01:49:12,2026-01-08T10:49:12,
ORD-250629-0136,CUST-0227,Lê Quang Long,0900287721,"289 Đường Trần Hưng Đạo, Quận Thanh Khê, TP. Đà Nẵng",Đà Nẵng,1890000,310000,30000,1920000,BANK_TRANSFER,PAID,DELIVERED,2025-06-29T22:45:22,2025-06-29T22:51:22,2025-06-30T00:45:22,2025-07-01T22:45:22,
ORD-260116-0137,CUST-0465,Vũ Văn Huy,0799138249,"387 Đường Trần Hưng Đạo, Quận Hồng Bàng, TP. Hải Phòng",Hải Phòng,4990000,510000,30000,5020000,VNPAY,PAID,DELIVERED,2026-01-16T16:23:08,2026-01-16T16:36:08,2026-01-17T06:23:08,2026-01-19T16:23:08,
ORD-260523-0138,CUST-0236,Nguyễn Linh Mai,0838386384,"431 Đường Nguyễn Kiệm, Thành phố Thủ Đức, TP. Hồ Chí Minh",Hồ Chí Minh,11980000,1320000,0,11980000,BANK_TRANSFER,PAID,DELIVERED,2026-05-23T11:41:06,2026-05-23T11:49:06,2026-05-23T16:41:06,2026-05-26T15:41:06,
ORD-250905-0139,CUST-0074,Dương Thảo Phương,0912018366,"324 Đường Trần Hưng Đạo, Quận Thanh Khê, TP. Đà Nẵng",Đà Nẵng,3290000,510000,30000,3320000,BANK_TRANSFER,PAID,DELIVERED,2025-09-05T15:14:57,2025-09-05T15:19:57,2025-09-06T08:14:57,2025-09-08T20:14:57,
ORD-260213-0140,CUST-0001,Vũ Ngọc Giang,0938908386,"11 Đường Nguyễn Văn Cừ, Quận Bình Thủy, TP. Cần Thơ",Cần Thơ,11490000,1510000,0,11490000,BANK_TRANSFER,PAID,DELIVERED,2026-02-13T15:53:32,2026-02-13T16:09:32,2026-02-14T00:53:32,2026-02-16T17:53:32,
ORD-251110-0141,CUST-0440,Dương Linh Vy,0853683147,"124 Đường Đại lộ Hòa Bình, Quận Cái Răng, TP. Cần Thơ",Cần Thơ,1290000,210000,30000,1320000,BANK_TRANSFER,PAID,DELIVERED,2025-11-10T02:09:52,2025-11-10T02:26:52,2025-11-10T19:09:52,2025-11-12T04:09:52,
ORD-250822-0142,CUST-0492,Võ Vy Hạnh,0777515366,"388 Đường Đại lộ Hòa Bình, Quận Cái Răng, TP. Cần Thơ",Cần Thơ,1890000,310000,30000,1920000,BANK_TRANSFER,PAID,DELIVERED,2025-08-22T18:25:24,2025-08-22T18:31:24,2025-08-23T05:25:24,2025-08-24T18:25:24,
ORD-260115-0143,CUST-0298,Ngô Diệu Nhi,0972897558,"336 Đường Võ Nguyên Giáp, Quận Ngũ Hành Sơn, TP. Đà Nẵng",Đà Nẵng,3990000,510000,30000,4020000,BANK_TRANSFER,PAID,DELIVERED,2026-01-15T17:42:39,2026-01-15T18:04:39,2026-01-15T19:42:39,2026-01-16T19:42:39,
ORD-251223-0144,CUST-0108,Nguyễn Diệu Anh,0383259532,"320 Đường Tô Hiệu, Quận Ngô Quyền, TP. Hải Phòng",Hải Phòng,8180000,1020000,0,8180000,BANK_TRANSFER,PAID,DELIVERED,2025-12-23T16:32:04,2025-12-23T17:06:04,2025-12-23T22:32:04,2025-12-25T21:32:04,
ORD-250923-0145,CUST-0193,Hồ Duy Hoàng,0939264422,"191 Đường Nguyễn Thị Minh Khai, Thành phố Thủ Đức, TP. Hồ Chí Minh",Hồ Chí Minh,19480000,3020000,0,19480000,COD,PAID,DELIVERED,2025-09-23T18:37:37,2025-09-23T18:52:37,2025-09-24T03:37:37,2025-09-24T23:37:37,
ORD-260218-0146,CUST-0396,Ngô Quốc Khánh,0831190833,"106 Đường Nguyễn Trãi, Quận Nam Từ Liêm, TP. Hà Nội",Hà Nội,6890000,610000,0,6890000,COD,PAID,DELIVERED,2026-02-18T21:46:57,2026-02-18T21:53:57,2026-02-19T01:46:57,2026-02-20T23:46:57,
ORD-260322-0147,CUST-0473,Dương Hoàng Khoa,0861877580,"435 Đường Kim Mã, Quận Cầu Giấy, TP. Hà Nội",Hà Nội,12990000,1510000,0,12990000,COD,PAID,DELIVERED,2026-03-22T18:24:08,2026-03-22T18:57:08,2026-03-23T05:24:08,2026-03-23T19:24:08,
ORD-260313-0148,CUST-0417,Phan Mai Ngọc,0909003486,"247 Đường Hùng Vương, Quận Hải Châu, TP. Đà Nẵng",Đà Nẵng,16980000,2020000,0,16980000,BANK_TRANSFER,PAID,DELIVERED,2026-03-13T04:42:06,2026-03-13T05:21:06,2026-03-13T08:42:06,2026-03-15T05:42:06,
ORD-251219-0149,CUST-0293,Hoàng Quang Hoàng,0770862095,"401 Đường Xuân Thủy, Quận Đống Đa, TP. Hà Nội",Hà Nội,5780000,920000,0,5780000,COD,PAID,DELIVERED,2025-12-19T16:08:51,2025-12-19T16:18:51,2025-12-19T22:08:51,2025-12-22T18:08:51,
ORD-260101-0150,CUST-0277,Trần Thảo Anh,0939982455,"85 Đường Tô Hiệu, Quận Ngô Quyền, TP. Hải Phòng",Hải Phòng,4490000,510000,30000,4520000,MOMO,PAID,DELIVERED,2026-01-01T20:18:59,2026-01-01T20:41:59,2026-01-02T00:18:59,2026-01-05T00:18:59,
ORD-250811-0151,CUST-0478,Trần Vy Lan,0833928456,"253 Đường Trần Hưng Đạo, Quận Ngô Quyền, TP. Hải Phòng",Hải Phòng,2490000,310000,30000,2520000,MOMO,PAID,DELIVERED,2025-08-11T14:03:34,2025-08-11T14:24:34,2025-08-11T16:03:34,2025-08-12T16:03:34,
ORD-260520-0152,CUST-0172,Phan Đức Kiệt,0910910430,"518 Đường Nguyễn Văn Cừ, Quận Bình Thủy, TP. Cần Thơ",Cần Thơ,13490000,1510000,0,13490000,COD,PAID,DELIVERED,2026-05-20T16:46:21,2026-05-20T17:27:21,2026-05-20T19:46:21,2026-05-22T16:46:21,
ORD-250910-0153,CUST-0455,Dương Anh Nam,0986611062,"536 Đường Nguyễn Kiệm, Quận Tân Bình, TP. Hồ Chí Minh",Hồ Chí Minh,5980000,1020000,0,5980000,COD,PAID,DELIVERED,2025-09-10T09:46:02,2025-09-10T10:21:02,2025-09-10T20:46:02,2025-09-11T09:46:02,
ORD-260524-0154,CUST-0274,Phan Diệu Giang,0385564729,"107 Đường Trần Hưng Đạo, Quận Lê Chân, TP. Hải Phòng",Hải Phòng,3990000,510000,30000,4020000,COD,PAID,DELIVERED,2026-05-24T13:08:27,2026-05-24T13:52:27,2026-05-25T02:08:27,2026-05-26T14:08:27,
ORD-260221-0155,CUST-0122,Phan Văn Huy,0383745499,"68 Đường Nguyễn Văn Linh, Quận Sơn Trà, TP. Đà Nẵng",Đà Nẵng,3990000,510000,30000,4020000,VNPAY,PAID,DELIVERED,2026-02-21T00:26:47,2026-02-21T00:46:47,2026-02-21T03:26:47,2026-02-22T00:26:47,
ORD-260528-0156,CUST-0145,Trần Quỳnh Trúc,0778886101,"399 Đường Lê Hồng Phong, Quận Hồng Bàng, TP. Hải Phòng",Hải Phòng,9490000,1510000,0,9490000,BANK_TRANSFER,PAID,DELIVERED,2026-05-28T17:56:15,2026-05-28T18:05:15,2026-05-28T21:56:15,2026-05-30T21:56:15,
ORD-260227-0157,CUST-0460,Phan Ngọc Bách,0861209481,"59 Đường Trần Hưng Đạo, Quận Hồng Bàng, TP. Hải Phòng",Hải Phòng,3490000,410000,30000,3520000,COD,PAID,DELIVERED,2026-02-27T12:23:49,2026-02-27T13:02:49,2026-02-28T06:23:49,2026-02-28T12:23:49,
ORD-250805-0158,CUST-0362,Phạm Đức Hùng,0980417929,"230 Đường Võ Văn Tần, Quận 3, TP. Hồ Chí Minh",Hồ Chí Minh,22990000,2010000,0,22990000,BANK_TRANSFER,PAID,DELIVERED,2025-08-05T08:58:08,2025-08-05T09:10:08,2025-08-05T21:58:08,2025-08-08T09:58:08,
ORD-251106-0159,CUST-0358,Võ Hồng Lan,0793067198,"61 Đường Võ Nguyên Giáp, Quận Sơn Trà, TP. Đà Nẵng",Đà Nẵng,1890000,310000,30000,1920000,COD,PAID,DELIVERED,2025-11-06T15:07:01,2025-11-06T15:17:01,2025-11-06T18:07:01,2025-11-08T19:07:01,
ORD-251206-0160,CUST-0442,Hồ Thành Duy,0860767899,"545 Đường Đại lộ Hòa Bình, Quận Ninh Kiều, TP. Cần Thơ",Cần Thơ,7580000,1220000,0,7580000,COD,PAID,DELIVERED,2025-12-06T07:13:24,2025-12-06T07:52:24,2025-12-06T20:13:24,2025-12-07T11:13:24,
ORD-250821-0161,CUST-0415,Đỗ Lâm Khánh,0867139155,"438 Đường Mậu Thân, Quận Bình Thủy, TP. Cần Thơ",Cần Thơ,13490000,1510000,0,13490000,BANK_TRANSFER,PAID,DELIVERED,2025-08-21T05:46:53,2025-08-21T06:09:53,2025-08-21T21:46:53,2025-08-23T09:46:53,
ORD-260218-0162,CUST-0134,Hoàng Văn Sơn,0931739363,"482 Đường Võ Nguyên Giáp, Quận Sơn Trà, TP. Đà Nẵng",Đà Nẵng,3490000,410000,30000,3520000,COD,PAID,DELIVERED,2026-02-18T01:51:43,2026-02-18T02:32:43,2026-02-18T15:51:43,2026-02-19T05:51:43,
ORD-260211-0163,CUST-0338,Đặng Hồng Mai,0978148769,"167 Đường Bà Triệu, Quận Ba Đình, TP. Hà Nội",Hà Nội,5480000,820000,0,5480000,COD,PAID,DELIVERED,2026-02-11T20:38:00,2026-02-11T20:54:00,2026-02-12T12:38:00,2026-02-13T20:38:00,
ORD-260228-0164,CUST-0246,Lê Thị Trinh,0836881435,"169 Đường Mậu Thân, Quận Bình Thủy, TP. Cần Thơ",Cần Thơ,3490000,410000,30000,3520000,BANK_TRANSFER,PAID,DELIVERED,2026-02-28T16:05:17,2026-02-28T16:26:17,2026-03-01T02:05:17,2026-03-02T19:05:17,
ORD-250807-0165,CUST-0076,Phan Khánh Trinh,0778403690,"145 Đường Bà Triệu, Quận Đống Đa, TP. Hà Nội",Hà Nội,4880000,720000,30000,4910000,COD,PAID,DELIVERED,2025-08-07T11:41:02,2025-08-07T12:00:02,2025-08-07T14:41:02,2025-08-10T13:41:02,
ORD-251222-0166,CUST-0277,Trần Thảo Anh,0939982455,"85 Đường Tô Hiệu, Quận Ngô Quyền, TP. Hải Phòng",Hải Phòng,19980000,2420000,0,19980000,VNPAY,PAID,DELIVERED,2025-12-22T15:07:32,2025-12-22T15:38:32,2025-12-22T19:07:32,2025-12-25T18:07:32,
ORD-251217-0167,CUST-0404,Lê Lâm Việt,0987624671,"492 Đường Trần Văn Khéo, Quận Bình Thủy, TP. Cần Thơ",Cần Thơ,6490000,1010000,0,6490000,COD,PAID,DELIVERED,2025-12-17T14:41:23,2025-12-17T15:04:23,2025-12-17T20:41:23,2025-12-20T14:41:23,
ORD-260110-0168,CUST-0414,Hồ Thị Hoa,0915941651,"517 Đường Xuân Thủy, Quận Thanh Xuân, TP. Hà Nội",Hà Nội,16490000,2010000,0,16490000,BANK_TRANSFER,PAID,DELIVERED,2026-01-10T20:32:50,2026-01-10T20:46:50,2026-01-11T10:32:50,2026-01-13T20:32:50,
ORD-250801-0169,CUST-0290,Nguyễn Duy Kiệt,0832513271,"66 Đường Lạch Tray, Quận Ngô Quyền, TP. Hải Phòng",Hải Phòng,13490000,1510000,0,13490000,BANK_TRANSFER,PAID,DELIVERED,2025-08-01T14:46:07,2025-08-01T15:24:07,2025-08-02T06:46:07,2025-08-03T16:46:07,
ORD-260215-0170,CUST-0151,Đặng Mai Hạnh,0831135290,"113 Đường Trần Văn Khéo, Quận Cái Răng, TP. Cần Thơ",Cần Thơ,3490000,410000,30000,3520000,MOMO,PAID,DELIVERED,2026-02-15T20:23:14,2026-02-15T20:54:14,2026-02-16T09:23:14,2026-02-16T22:23:14,
ORD-251216-0171,CUST-0469,Đỗ Thu Chi,0388118071,"401 Đường Nguyễn Văn Cừ, Quận Bình Thủy, TP. Cần Thơ",Cần Thơ,4290000,710000,30000,4320000,MOMO,PAID,DELIVERED,2025-12-16T17:28:50,2025-12-16T18:10:50,2025-12-16T23:28:50,2025-12-19T19:28:50,
ORD-260420-0172,CUST-0161,Hồ Lâm Phong,0860745171,"443 Đường Tràng Tiền, Quận Nam Từ Liêm, TP. Hà Nội",Hà Nội,52990000,5010000,0,52990000,COD,PAID,DELIVERED,2026-04-20T14:09:36,2026-04-20T14:21:36,2026-04-21T05:09:36,2026-04-22T18:09:36,
ORD-260429-0173,CUST-0381,Lê Thị Hà,0832745238,"156 Đường Quang Trung, Quận Tân Bình, TP. Hồ Chí Minh",Hồ Chí Minh,3990000,510000,30000,4020000,BANK_TRANSFER,PAID,DELIVERED,2026-04-29T06:27:01,2026-04-29T06:56:01,2026-04-29T21:27:01,2026-05-01T07:27:01,
ORD-250620-0174,CUST-0124,Ngô Ngọc Sơn,0939187851,"158 Đường Điện Biên Phủ, Quận 1, TP. Hồ Chí Minh",Hồ Chí Minh,15980000,2520000,0,15980000,BANK_TRANSFER,PAID,DELIVERED,2025-06-20T13:52:57,2025-06-20T14:01:57,2025-06-21T02:52:57,2025-06-22T16:52:57,
ORD-251002-0175,CUST-0359,Phan Minh Tuấn,0774328063,"503 Đường Nguyễn Văn Cừ, Quận Ninh Kiều, TP. Cần Thơ",Cần Thơ,8990000,1510000,0,8990000,COD,PAID,DELIVERED,2025-10-02T21:37:37,2025-10-02T22:19:37,2025-10-03T07:37:37,2025-10-03T22:37:37,
ORD-250904-0176,CUST-0025,Bùi Ngọc Ngọc,0794656482,"183 Đường Trần Văn Khéo, Quận Bình Thủy, TP. Cần Thơ",Cần Thơ,3490000,410000,30000,3520000,VNPAY,PAID,DELIVERED,2025-09-04T16:32:54,2025-09-04T16:46:54,2025-09-04T19:32:54,2025-09-07T21:32:54,
ORD-260110-0177,CUST-0143,Nguyễn Phương Lan,0979996504,"389 Đường Nguyễn Văn Cừ, Quận Ninh Kiều, TP. Cần Thơ",Cần Thơ,26380000,2420000,0,26380000,COD,PAID,DELIVERED,2026-01-10T12:07:18,2026-01-10T12:28:18,2026-01-10T17:07:18,2026-01-11T17:07:18,
ORD-260325-0178,CUST-0387,Vũ Linh Trinh,0983264870,"479 Đường Tô Hiệu, Quận Ngô Quyền, TP. Hải Phòng",Hải Phòng,12990000,1510000,0,12990000,VNPAY,PAID,DELIVERED,2026-03-25T21:57:34,2026-03-25T22:25:34,2026-03-26T05:57:34,2026-03-28T01:57:34,
ORD-251110-0179,CUST-0267,Phạm Quốc Bách,0389042681,"124 Đường Quang Trung, Quận Gò Vấp, TP. Hồ Chí Minh",Hồ Chí Minh,4490000,510000,30000,4520000,BANK_TRANSFER,PAID,DELIVERED,2025-11-10T08:08:17,2025-11-10T08:27:17,2025-11-10T12:08:17,2025-11-12T09:08:17,
ORD-250801-0180,CUST-0233,Vũ Thành Phong,0866547226,"227 Đường Lê Hồng Phong, Quận Ngô Quyền, TP. Hải Phòng",Hải Phòng,3290000,510000,30000,3320000,BANK_TRANSFER,PAID,DELIVERED,2025-08-01T18:04:45,2025-08-01T18:42:45,2025-08-02T06:04:45,2025-08-02T22:04:45,
ORD-260214-0181,CUST-0486,Dương Thu Trinh,0773179128,"536 Đường Tô Hiệu, Quận Ngô Quyền, TP. Hải Phòng",Hải Phòng,5880000,820000,0,5880000,COD,PAID,DELIVERED,2026-02-14T13:14:43,2026-02-14T13:50:43,2026-02-15T00:14:43,2026-02-15T14:14:43,
ORD-260302-0182,CUST-0384,Bùi Duy Khánh,0934301871,"374 Đường Đại lộ Hòa Bình, Quận Cái Răng, TP. Cần Thơ",Cần Thơ,58480000,5720000,0,58480000,COD,PAID,DELIVERED,2026-03-02T08:35:39,2026-03-02T09:04:39,2026-03-02T17:35:39,2026-03-05T10:35:39,
ORD-260121-0183,CUST-0449,Trần Hồng Trúc,0973286326,"35 Đường Nguyễn Văn Cừ, Quận Cái Răng, TP. Cần Thơ",Cần Thơ,2190000,310000,30000,2220000,COD,PAID,DELIVERED,2026-01-21T15:40:25,2026-01-21T16:03:25,2026-01-22T06:40:25,2026-01-23T17:40:25,
ORD-260107-0184,CUST-0060,Hoàng Thảo Hoa,0837439533,"45 Đường Lê Duẩn, Quận Thanh Khê, TP. Đà Nẵng",Đà Nẵng,6680000,1020000,0,6680000,BANK_TRANSFER,PAID,DELIVERED,2026-01-07T13:25:45,2026-01-07T13:31:45,2026-01-08T00:25:45,2026-01-09T17:25:45,
ORD-250709-0185,CUST-0134,Hoàng Văn Sơn,0931739363,"482 Đường Võ Nguyên Giáp, Quận Sơn Trà, TP. Đà Nẵng",Đà Nẵng,1890000,310000,30000,1920000,COD,PAID,DELIVERED,2025-07-09T14:28:27,2025-07-09T15:13:27,2025-07-09T17:28:27,2025-07-11T17:28:27,
ORD-250803-0186,CUST-0449,Trần Hồng Trúc,0973286326,"35 Đường Nguyễn Văn Cừ, Quận Cái Răng, TP. Cần Thơ",Cần Thơ,12780000,1720000,0,12780000,COD,PAID,DELIVERED,2025-08-03T22:39:21,2025-08-03T23:08:21,2025-08-04T02:39:21,2025-08-07T00:39:21,
ORD-251216-0187,CUST-0108,Nguyễn Diệu Anh,0383259532,"320 Đường Tô Hiệu, Quận Ngô Quyền, TP. Hải Phòng",Hải Phòng,4990000,510000,30000,5020000,MOMO,PAID,DELIVERED,2025-12-16T23:53:34,2025-12-17T00:19:34,2025-12-17T14:53:34,2025-12-18T03:53:34,
ORD-250923-0188,CUST-0019,Phạm Đình Khánh,0774016400,"170 Đường Kim Mã, Quận Hoàn Kiếm, TP. Hà Nội",Hà Nội,11780000,1520000,0,11780000,VNPAY,PAID,DELIVERED,2025-09-23T14:31:02,2025-09-23T14:51:02,2025-09-23T17:31:02,2025-09-25T19:31:02,
ORD-260201-0189,CUST-0419,Võ Minh Khoa,0912481569,"469 Đường Lê Hồng Phong, Quận Lê Chân, TP. Hải Phòng",Hải Phòng,5490000,510000,0,5490000,BANK_TRANSFER,PAID,DELIVERED,2026-02-01T08:32:46,2026-02-01T09:11:46,2026-02-01T14:32:46,2026-02-02T13:32:46,
ORD-260105-0190,CUST-0100,Đỗ Ngọc Trang,0987868144,"507 Đường Nguyễn Văn Cừ, Quận Ninh Kiều, TP. Cần Thơ",Cần Thơ,2190000,310000,30000,2220000,BANK_TRANSFER,REFUNDED,CANCELLED,2026-01-05T19:19:17,2026-01-05T19:51:17,,,2026-01-05T22:19:17
ORD-251123-0191,CUST-0114,Lê Quốc Dũng,0831307562,"68 Đường Trần Duy Hưng, Quận Hai Bà Trưng, TP. Hà Nội",Hà Nội,8990000,1510000,0,8990000,BANK_TRANSFER,PAID,DELIVERED,2025-11-23T15:58:44,2025-11-23T16:28:44,2025-11-24T04:58:44,2025-11-26T20:58:44,
ORD-260607-0192,CUST-0296,Đỗ Ngọc Yến,0850586509,"316 Đường Lạch Tray, Quận Hồng Bàng, TP. Hải Phòng",Hải Phòng,3290000,510000,30000,3320000,VNPAY,PAID,DELIVERED,2026-06-07T11:23:30,2026-06-07T11:33:30,2026-06-07T16:23:30,2026-06-10T12:23:30,
ORD-260212-0193,CUST-0304,Đặng Ngọc Phương,0796227837,"253 Đường Trần Hưng Đạo, Quận Hồng Bàng, TP. Hải Phòng",Hải Phòng,22990000,2010000,0,22990000,BANK_TRANSFER,PAID,DELIVERED,2026-02-12T14:53:30,2026-02-12T15:24:30,2026-02-13T01:53:30,2026-02-15T16:53:30,
ORD-251123-0194,CUST-0165,Phạm Quốc Kiệt,0865458929,"106 Đường Lê Duẩn, Quận Hải Châu, TP. Đà Nẵng",Đà Nẵng,4290000,710000,30000,4320000,MOMO,PAID,DELIVERED,2025-11-23T11:13:48,2025-11-23T11:33:48,2025-11-23T23:13:48,2025-11-25T16:13:48,
ORD-251114-0195,CUST-0440,Dương Linh Vy,0853683147,"124 Đường Đại lộ Hòa Bình, Quận Cái Răng, TP. Cần Thơ",Cần Thơ,12780000,1720000,0,12780000,VNPAY,PAID,DELIVERED,2025-11-14T13:48:00,2025-11-14T14:00:00,2025-11-14T16:48:00,2025-11-16T16:48:00,
ORD-251127-0196,CUST-0215,Phan Vy Yến,0985217525,"285 Đường Võ Văn Tần, Quận 1, TP. Hồ Chí Minh",Hồ Chí Minh,1890000,310000,30000,1920000,BANK_TRANSFER,PAID,DELIVERED,2025-11-27T09:18:46,2025-11-27T09:46:46,2025-11-27T16:18:46,2025-11-28T11:18:46,
ORD-251211-0197,CUST-0412,Dương Mai Lan,0853644249,"158 Đường Đại lộ Hòa Bình, Quận Ninh Kiều, TP. Cần Thơ",Cần Thơ,3990000,510000,30000,4020000,BANK_TRANSFER,PAID,DELIVERED,2025-12-11T11:29:13,2025-12-11T12:04:13,2025-12-11T13:29:13,2025-12-13T14:29:13,
ORD-260617-0198,CUST-0035,Phạm Thảo Mai,0833745299,"115 Đường Phan Đăng Lưu, Quận 10, TP. Hồ Chí Minh",Hồ Chí Minh,6990000,810000,0,6990000,BANK_TRANSFER,PENDING,PENDING,2026-06-17T10:44:06,,,,
ORD-260516-0199,CUST-0081,Võ Khánh Thảo,0830581477,"83 Đường Phan Đăng Lưu, Quận Tân Bình, TP. Hồ Chí Minh",Hồ Chí Minh,1890000,310000,30000,1920000,MOMO,PAID,DELIVERED,2026-05-16T16:14:22,2026-05-16T16:46:22,2026-05-17T03:14:22,2026-05-18T20:14:22,
ORD-250915-0200,CUST-0288,Ngô Hoàng Bách,0930371837,"48 Đường Nguyễn Văn Linh, Quận Sơn Trà, TP. Đà Nẵng",Đà Nẵng,18380000,2320000,0,18380000,BANK_TRANSFER,PAID,DELIVERED,2025-09-15T10:37:09,2025-09-15T10:50:09,2025-09-16T04:37:09,2025-09-18T15:37:09,
ORD-250808-0201,CUST-0310,Vũ Văn Hoàng,0855543840,"291 Đường Lê Duẩn, Quận Ngũ Hành Sơn, TP. Đà Nẵng",Đà Nẵng,15990000,2010000,0,15990000,BANK_TRANSFER,PAID,DELIVERED,2025-08-08T15:10:00,2025-08-08T15:24:00,2025-08-08T22:10:00,2025-08-10T15:10:00,
ORD-251114-0202,CUST-0071,Đỗ Quỳnh Chi,0911116152,"425 Đường Lê Lợi, Quận Tân Bình, TP. Hồ Chí Minh",Hồ Chí Minh,25980000,3520000,0,25980000,COD,PAID,DELIVERED,2025-11-14T12:32:48,2025-11-14T13:07:48,2025-11-15T01:32:48,2025-11-16T16:32:48,
ORD-260128-0203,CUST-0490,Đặng Hữu Huy,0931115083,"261 Đường Tràng Tiền, Quận Hoàn Kiếm, TP. Hà Nội",Hà Nội,11490000,1510000,0,11490000,BANK_TRANSFER,PAID,DELIVERED,2026-01-28T21:35:28,2026-01-28T22:02:28,2026-01-29T04:35:28,2026-01-29T23:35:28,
ORD-251114-0204,CUST-0373,Võ Ngọc Hạnh,0906325431,"29 Đường Võ Nguyên Giáp, Quận Thanh Khê, TP. Đà Nẵng",Đà Nẵng,12990000,1510000,0,12990000,COD,PAID,DELIVERED,2025-11-14T16:58:12,2025-11-14T17:15:12,2025-11-14T18:58:12,2025-11-17T18:58:12,
ORD-260210-0205,CUST-0469,Đỗ Thu Chi,0388118071,"401 Đường Nguyễn Văn Cừ, Quận Bình Thủy, TP. Cần Thơ",Cần Thơ,2190000,310000,30000,2220000,CREDIT_CARD,PAID,DELIVERED,2026-02-10T00:17:02,2026-02-10T00:38:02,2026-02-10T10:17:02,2026-02-13T00:17:02,
ORD-260427-0206,CUST-0442,Hồ Thành Duy,0860767899,"545 Đường Đại lộ Hòa Bình, Quận Ninh Kiều, TP. Cần Thơ",Cần Thơ,56980000,5520000,0,56980000,VNPAY,PAID,DELIVERED,2026-04-27T06:57:45,2026-04-27T07:09:45,2026-04-27T09:57:45,2026-04-29T11:57:45,
ORD-260611-0207,CUST-0143,Nguyễn Phương Lan,0979996504,"389 Đường Nguyễn Văn Cừ, Quận Ninh Kiều, TP. Cần Thơ",Cần Thơ,2490000,310000,30000,2520000,COD,PAID,DELIVERED,2026-06-11T18:57:20,2026-06-11T19:02:20,2026-06-12T08:57:20,2026-06-13T23:57:20,
ORD-251006-0208,CUST-0099,Nguyễn Phương Vân,0976909275,"547 Đường Mậu Thân, Quận Ninh Kiều, TP. Cần Thơ",Cần Thơ,36480000,4520000,0,36480000,BANK_TRANSFER,PAID,DELIVERED,2025-10-06T11:11:28,2025-10-06T11:56:28,2025-10-06T13:11:28,2025-10-08T13:11:28,
ORD-250628-0209,CUST-0429,Phạm Linh Thảo,0987617075,"509 Đường Tô Hiệu, Quận Ngô Quyền, TP. Hải Phòng",Hải Phòng,15990000,2010000,0,15990000,BANK_TRANSFER,PAID,DELIVERED,2025-06-28T22:05:07,2025-06-28T22:11:07,2025-06-29T05:05:07,2025-06-29T23:05:07,
ORD-260213-0210,CUST-0042,Lê Hồng Hạnh,0984008427,"495 Đường Võ Văn Tần, Quận Gò Vấp, TP. Hồ Chí Minh",Hồ Chí Minh,7280000,1020000,0,7280000,BANK_TRANSFER,PAID,DELIVERED,2026-02-13T18:57:55,2026-02-13T19:13:55,2026-02-14T04:57:55,2026-02-14T22:57:55,
ORD-260309-0211,CUST-0453,Bùi Trúc Ngọc,0388105485,"310 Đường Võ Văn Tần, Quận 3, TP. Hồ Chí Minh",Hồ Chí Minh,8980000,1220000,0,8980000,COD,PAID,DELIVERED,2026-03-09T12:44:28,2026-03-09T13:22:28,2026-03-10T04:44:28,2026-03-12T17:44:28,
ORD-250917-0212,CUST-0080,Phạm Khánh Giang,0989212779,"328 Đường Nguyễn Văn Cừ, Quận Bình Thủy, TP. Cần Thơ",Cần Thơ,4990000,510000,30000,5020000,BANK_TRANSFER,PAID,DELIVERED,2025-09-17T23:27:22,2025-09-18T00:04:22,2025-09-18T09:27:22,2025-09-19T03:27:22,
ORD-251023-0213,CUST-0112,Đặng Vy Nhi,0985952694,"311 Đường Hùng Vương, Quận Ngũ Hành Sơn, TP. Đà Nẵng",Đà Nẵng,3990000,510000,30000,4020000,COD,PAID,DELIVERED,2025-10-23T22:33:42,2025-10-23T23:14:42,2025-10-24T12:33:42,2025-10-27T02:33:42,
ORD-260615-0214,CUST-0360,Hồ Thị Giang,0909376184,"42 Đường Lạch Tray, Quận Ngô Quyền, TP. Hải Phòng",Hải Phòng,4490000,510000,30000,4520000,BANK_TRANSFER,PENDING,PROCESSING,2026-06-15T15:21:41,2026-06-15T15:37:41,,,
ORD-250808-0215,CUST-0386,Hồ Đức Tùng,0831234785,"11 Đường Lạch Tray, Quận Ngô Quyền, TP. Hải Phòng",Hải Phòng,2190000,310000,30000,2220000,BANK_TRANSFER,PAID,DELIVERED,2025-08-08T16:27:46,2025-08-08T17:02:46,2025-08-09T06:27:46,2025-08-10T16:27:46,
ORD-251003-0216,CUST-0391,Hoàng Thành Hoàng,0918952028,"353 Đường Võ Nguyên Giáp, Quận Ngũ Hành Sơn, TP. Đà Nẵng",Đà Nẵng,1290000,210000,30000,1320000,MOMO,PAID,DELIVERED,2025-10-03T14:17:36,2025-10-03T15:00:36,2025-10-04T08:17:36,2025-10-04T18:17:36,
ORD-251231-0217,CUST-0340,Dương Khánh Phương,0919196570,"5 Đường Chùa Bộc, Quận Nam Từ Liêm, TP. Hà Nội",Hà Nội,4490000,510000,30000,4520000,COD,PAID,DELIVERED,2025-12-31T07:05:19,2025-12-31T07:10:19,2025-12-31T13:05:19,2026-01-01T08:05:19,
ORD-260219-0218,CUST-0095,Trần Anh Dũng,0863030548,"42 Đường Lê Hồng Phong, Quận Ngô Quyền, TP. Hải Phòng",Hải Phòng,13980000,1720000,0,13980000,COD,PAID,DELIVERED,2026-02-19T14:46:15,2026-02-19T14:57:15,2026-02-20T07:46:15,2026-02-22T19:46:15,
ORD-260501-0219,CUST-0426,Phan Anh Hoàng,0839004896,"140 Đường Nguyễn Văn Cừ, Quận Bình Thủy, TP. Cần Thơ",Cần Thơ,4990000,510000,30000,5020000,BANK_TRANSFER,PAID,DELIVERED,2026-05-01T12:59:08,2026-05-01T13:31:08,2026-05-02T02:59:08,2026-05-04T12:59:08,
ORD-251213-0220,CUST-0014,Lý Diệu Trang,0384746872,"67 Đường Lê Duẩn, Quận Thanh Khê, TP. Đà Nẵng",Đà Nẵng,6890000,610000,0,6890000,COD,PAID,DELIVERED,2025-12-13T15:00:39,2025-12-13T15:17:39,2025-12-13T18:00:39,2025-12-14T17:00:39,
ORD-250720-0221,CUST-0197,Đỗ Diệu Linh,0901533688,"55 Đường Lê Duẩn, Quận Thanh Khê, TP. Đà Nẵng",Đà Nẵng,5490000,710000,0,5490000,MOMO,PAID,DELIVERED,2025-07-20T10:19:24,2025-07-20T10:35:24,2025-07-20T17:19:24,2025-07-22T15:19:24,
ORD-260508-0222,CUST-0239,Bùi Thảo Anh,0854798515,"430 Đường Trần Hưng Đạo, Quận Hồng Bàng, TP. Hải Phòng",Hải Phòng,1290000,210000,30000,1320000,BANK_TRANSFER,PAID,DELIVERED,2026-05-08T19:41:55,2026-05-08T20:10:55,2026-05-09T11:41:55,2026-05-09T22:41:55,
ORD-260523-0223,CUST-0217,Phạm Thị Hương,0935421689,"310 Đường Nguyễn Trãi, Quận Cầu Giấy, TP. Hà Nội",Hà Nội,1490000,310000,30000,1520000,BANK_TRANSFER,PAID,DELIVERED,2026-05-23T11:40:07,2026-05-23T12:06:07,2026-05-24T00:40:07,2026-05-24T12:40:07,
ORD-251205-0224,CUST-0389,Đỗ Thành Nam,0978904290,"370 Đường Nguyễn Văn Linh, Quận Ngũ Hành Sơn, TP. Đà Nẵng",Đà Nẵng,2490000,310000,30000,2520000,BANK_TRANSFER,PAID,DELIVERED,2025-12-05T08:00:21,2025-12-05T08:44:21,2025-12-06T00:00:21,2025-12-07T08:00:21,
ORD-250703-0225,CUST-0063,Bùi Thảo Vân,0913709859,"423 Đường Phan Đăng Lưu, Quận Phú Nhuận, TP. Hồ Chí Minh",Hồ Chí Minh,4290000,710000,30000,4320000,COD,PAID,DELIVERED,2025-07-03T14:43:18,2025-07-03T15:14:18,2025-07-03T16:43:18,2025-07-05T16:43:18,
ORD-260423-0226,CUST-0306,Bùi Thị Hương,0935211039,"118 Đường Trần Hưng Đạo, Quận Hải Châu, TP. Đà Nẵng",Đà Nẵng,20280000,2720000,0,20280000,BANK_TRANSFER,PAID,DELIVERED,2026-04-23T07:47:25,2026-04-23T08:32:25,2026-04-24T00:47:25,2026-04-25T09:47:25,
ORD-250924-0227,CUST-0471,Hoàng Hồng Anh,0930361498,"184 Đường Bà Triệu, Quận Ba Đình, TP. Hà Nội",Hà Nội,11980000,1920000,0,11980000,COD,PAID,DELIVERED,2025-09-24T07:20:23,2025-09-24T07:57:23,2025-09-24T11:20:23,2025-09-26T12:20:23,
ORD-260208-0228,CUST-0487,Hồ Hồng Chi,0777496903,"410 Đường Bà Triệu, Quận Hai Bà Trưng, TP. Hà Nội",Hà Nội,26990000,3010000,0,26990000,CREDIT_CARD,PAID,DELIVERED,2026-02-08T19:05:53,2026-02-08T19:49:53,2026-02-09T13:05:53,2026-02-11T20:05:53,
ORD-250830-0229,CUST-0192,Trần Thảo Phương,0831545226,"183 Đường Nguyễn Văn Cừ, Quận Bình Thủy, TP. Cần Thơ",Cần Thơ,1890000,310000,30000,1920000,COD,PAID,DELIVERED,2025-08-30T19:27:17,2025-08-30T19:57:17,2025-08-31T02:27:17,2025-09-02T21:27:17,
ORD-250718-0230,CUST-0107,Phan Minh Trung,0976258815,"465 Đường Nguyễn Văn Cừ, Quận Ninh Kiều, TP. Cần Thơ",Cần Thơ,6990000,810000,0,6990000,COD,PAID,DELIVERED,2025-07-18T11:38:50,2025-07-18T12:03:50,2025-07-18T20:38:50,2025-07-19T15:38:50,
ORD-250915-0231,CUST-0424,Lê Phương Anh,0934362620,"466 Đường Hùng Vương, Quận Thanh Khê, TP. Đà Nẵng",Đà Nẵng,7880000,920000,0,7880000,VNPAY,PAID,DELIVERED,2025-09-15T22:00:21,2025-09-15T22:36:21,2025-09-16T06:00:21,2025-09-19T03:00:21,
ORD-251225-0232,CUST-0339,Trần Hồng Trinh,0386958321,"479 Đường Lạch Tray, Quận Ngô Quyền, TP. Hải Phòng",Hải Phòng,6880000,820000,0,6880000,COD,PAID,DELIVERED,2025-12-25T19:33:23,2025-12-25T20:17:23,2025-12-26T02:33:23,2025-12-28T21:33:23,
ORD-260125-0233,CUST-0385,Phan Thị Ngọc,0975478137,"172 Đường Nguyễn Văn Cừ, Quận Cái Răng, TP. Cần Thơ",Cần Thơ,8990000,1510000,0,8990000,VNPAY,PAID,DELIVERED,2026-01-25T15:15:24,2026-01-25T15:26:24,2026-01-26T05:15:24,2026-01-26T16:15:24,
ORD-251126-0234,CUST-0149,Bùi Minh Anh,0866519398,"219 Đường Tô Hiệu, Quận Hồng Bàng, TP. Hải Phòng",Hải Phòng,3490000,410000,30000,3520000,BANK_TRANSFER,PAID,DELIVERED,2025-11-26T13:13:26,2025-11-26T13:58:26,2025-11-27T01:13:26,2025-11-29T17:13:26,
ORD-251125-0235,CUST-0440,Dương Linh Vy,0853683147,"124 Đường Đại lộ Hòa Bình, Quận Cái Răng, TP. Cần Thơ",Cần Thơ,12990000,2010000,0,12990000,BANK_TRANSFER,PAID,DELIVERED,2025-11-25T15:52:59,2025-11-25T16:18:59,2025-11-26T07:52:59,2025-11-28T16:52:59,
ORD-250826-0236,CUST-0197,Đỗ Diệu Linh,0901533688,"55 Đường Lê Duẩn, Quận Thanh Khê, TP. Đà Nẵng",Đà Nẵng,22990000,2010000,0,22990000,BANK_TRANSFER,PAID,DELIVERED,2025-08-26T23:26:12,2025-08-26T23:36:12,2025-08-27T14:26:12,2025-08-28T01:26:12,
ORD-250803-0237,CUST-0292,Hồ Khánh Hạnh,0773928557,"75 Đường Trần Hưng Đạo, Quận Lê Chân, TP. Hải Phòng",Hải Phòng,8990000,1510000,0,8990000,VNPAY,PAID,DELIVERED,2025-08-03T08:23:01,2025-08-03T08:38:01,2025-08-04T00:23:01,2025-08-05T13:23:01,
ORD-260105-0238,CUST-0242,Phan Hữu Hải,0798013361,"78 Đường Tô Hiệu, Quận Lê Chân, TP. Hải Phòng",Hải Phòng,3490000,410000,30000,3520000,BANK_TRANSFER,PAID,DELIVERED,2026-01-05T08:01:13,2026-01-05T08:21:13,2026-01-05T15:01:13,2026-01-07T12:01:13,
ORD-260101-0239,CUST-0429,Phạm Linh Thảo,0987617075,"509 Đường Tô Hiệu, Quận Ngô Quyền, TP. Hải Phòng",Hải Phòng,12990000,1510000,0,12990000,BANK_TRANSFER,PAID,DELIVERED,2026-01-01T21:15:29,2026-01-01T21:46:29,2026-01-02T15:15:29,2026-01-04T00:15:29,
ORD-250917-0240,CUST-0491,Phạm Đức Duy,0860445669,"238 Đường Tô Hiệu, Quận Hồng Bàng, TP. Hải Phòng",Hải Phòng,2190000,310000,30000,2220000,COD,PAID,DELIVERED,2025-09-17T20:41:34,2025-09-17T21:11:34,2025-09-17T23:41:34,2025-09-19T23:41:34,
ORD-260417-0241,CUST-0323,Nguyễn Quỳnh Linh,0854999827,"100 Đường Lạch Tray, Quận Ngô Quyền, TP. Hải Phòng",Hải Phòng,1290000,210000,30000,1320000,BANK_TRANSFER,PAID,DELIVERED,2026-04-17T21:48:52,2026-04-17T22:02:52,2026-04-18T06:48:52,2026-04-19T22:48:52,
ORD-250629-0242,CUST-0329,Bùi Minh Duy,0790395512,"174 Đường Nguyễn Kiệm, Quận Tân Bình, TP. Hồ Chí Minh",Hồ Chí Minh,4480000,620000,30000,4510000,BANK_TRANSFER,PAID,DELIVERED,2025-06-29T21:31:48,2025-06-29T22:04:48,2025-06-30T07:31:48,2025-07-02T23:31:48,
ORD-250904-0243,CUST-0014,Lý Diệu Trang,0384746872,"67 Đường Lê Duẩn, Quận Thanh Khê, TP. Đà Nẵng",Đà Nẵng,2190000,310000,30000,2220000,BANK_TRANSFER,PAID,DELIVERED,2025-09-04T12:45:10,2025-09-04T12:59:10,2025-09-04T18:45:10,2025-09-05T16:45:10,
ORD-250728-0244,CUST-0132,Phạm Đình Minh,0770866882,"343 Đường Bà Triệu, Quận Đống Đa, TP. Hà Nội",Hà Nội,15180000,1820000,0,15180000,BANK_TRANSFER,PAID,DELIVERED,2025-07-28T21:37:19,2025-07-28T22:15:19,2025-07-29T11:37:19,2025-07-31T01:37:19,
ORD-251006-0245,CUST-0437,Phan Ngọc Nhi,0901722601,"470 Đường Hùng Vương, Quận Sơn Trà, TP. Đà Nẵng",Đà Nẵng,990000,210000,30000,1020000,BANK_TRANSFER,PAID,DELIVERED,2025-10-06T13:55:59,2025-10-06T14:24:59,2025-10-06T15:55:59,2025-10-09T13:55:59,
ORD-260225-0246,CUST-0106,Bùi Anh Duy,0864736471,"430 Đường Võ Văn Tần, Quận 10, TP. Hồ Chí Minh",Hồ Chí Minh,31480000,3520000,0,31480000,BANK_TRANSFER,PAID,DELIVERED,2026-02-25T17:46:50,2026-02-25T18:31:50,2026-02-25T19:46:50,2026-02-28T21:46:50,
ORD-250803-0247,CUST-0205,Hồ Khánh Vân,0905444713,"280 Đường Trần Hưng Đạo, Quận Ngũ Hành Sơn, TP. Đà Nẵng",Đà Nẵng,4290000,710000,30000,4320000,CREDIT_CARD,PAID,DELIVERED,2025-08-03T12:04:17,2025-08-03T12:12:17,2025-08-04T04:04:17,2025-08-06T16:04:17,
ORD-260223-0248,CUST-0409,Dương Quốc Việt,0860496391,"73 Đường Lê Hồng Phong, Quận Ngô Quyền, TP. Hải Phòng",Hải Phòng,17880000,2320000,0,17880000,BANK_TRANSFER,PAID,DELIVERED,2026-02-23T15:02:38,2026-02-23T15:11:38,2026-02-23T21:02:38,2026-02-26T17:02:38,
ORD-251025-0249,CUST-0245,Vũ Thảo Trang,0772832684,"16 Đường Tràng Tiền, Quận Đống Đa, TP. Hà Nội",Hà Nội,26990000,3010000,0,26990000,BANK_TRANSFER,PAID,DELIVERED,2025-10-25T21:03:20,2025-10-25T21:38:20,2025-10-26T05:03:20,2025-10-27T01:03:20,
ORD-260117-0250,CUST-0250,Dương Quỳnh Hạnh,0934110809,"42 Đường Mậu Thân, Quận Bình Thủy, TP. Cần Thơ",Cần Thơ,4380000,620000,30000,4410000,VNPAY,PAID,DELIVERED,2026-01-17T16:55:57,2026-01-17T17:39:57,2026-01-18T08:55:57,2026-01-18T18:55:57,
ORD-260117-0251,CUST-0169,Trần Văn Long,0852753269,"107 Đường Đại lộ Hòa Bình, Quận Ninh Kiều, TP. Cần Thơ",Cần Thơ,3290000,510000,30000,3320000,COD,PAID,DELIVERED,2026-01-17T16:21:17,2026-01-17T16:37:17,2026-01-18T09:21:17,2026-01-18T18:21:17,
ORD-260328-0252,CUST-0254,Vũ Minh Tùng,0851846386,"11 Đường Võ Nguyên Giáp, Quận Ngũ Hành Sơn, TP. Đà Nẵng",Đà Nẵng,5680000,720000,0,5680000,BANK_TRANSFER,PAID,DELIVERED,2026-03-28T19:43:19,2026-03-28T19:59:19,2026-03-29T03:43:19,2026-03-29T20:43:19,
ORD-250811-0253,CUST-0242,Phan Hữu Hải,0798013361,"78 Đường Tô Hiệu, Quận Lê Chân, TP. Hải Phòng",Hải Phòng,14280000,2220000,0,14280000,BANK_TRANSFER,PAID,DELIVERED,2025-08-11T18:20:10,2025-08-11T18:35:10,2025-08-12T06:20:10,2025-08-14T21:20:10,
ORD-260205-0254,CUST-0118,Phạm Văn Nam,0385712082,"299 Đường Mậu Thân, Quận Cái Răng, TP. Cần Thơ",Cần Thơ,6780000,820000,0,6780000,COD,PAID,DELIVERED,2026-02-05T21:19:23,2026-02-05T21:43:23,2026-02-06T12:19:23,2026-02-09T00:19:23,
ORD-251122-0255,CUST-0029,Đỗ Quang Long,0977986872,"258 Đường Nguyễn Văn Cừ, Quận Cái Răng, TP. Cần Thơ",Cần Thơ,43480000,5020000,0,43480000,COD,PAID,DELIVERED,2025-11-22T20:29:49,2025-11-22T20:57:49,2025-11-22T22:29:49,2025-11-24T23:29:49,
ORD-251106-0256,CUST-0409,Dương Quốc Việt,0860496391,"73 Đường Lê Hồng Phong, Quận Ngô Quyền, TP. Hải Phòng",Hải Phòng,4680000,620000,30000,4710000,CREDIT_CARD,PAID,DELIVERED,2025-11-06T09:15:10,2025-11-06T09:22:10,2025-11-06T23:15:10,2025-11-09T14:15:10,
ORD-260520-0257,CUST-0193,Hồ Duy Hoàng,0939264422,"191 Đường Nguyễn Thị Minh Khai, Thành phố Thủ Đức, TP. Hồ Chí Minh",Hồ Chí Minh,11490000,1510000,0,11490000,MOMO,PAID,DELIVERED,2026-05-20T17:17:34,2026-05-20T17:26:34,2026-05-21T05:17:34,2026-05-23T20:17:34,
ORD-260117-0258,CUST-0302,Trần Lâm Trung,0976613906,"158 Đường Trần Hưng Đạo, Quận Hải Châu, TP. Đà Nẵng",Đà Nẵng,5780000,1020000,0,5780000,BANK_TRANSFER,PAID,DELIVERED,2026-01-17T16:28:15,2026-01-17T16:51:15,2026-01-17T18:28:15,2026-01-18T16:28:15,
ORD-251103-0259,CUST-0464,Nguyễn Trúc Anh,0833788614,"421 Đường Hùng Vương, Quận Ngũ Hành Sơn, TP. Đà Nẵng",Đà Nẵng,3280000,520000,30000,3310000,CREDIT_CARD,PAID,DELIVERED,2025-11-03T11:20:29,2025-11-03T11:41:29,2025-11-03T21:20:29,2025-11-06T16:20:29,
ORD-251129-0260,CUST-0219,Lê Hồng Hoa,0384890901,"431 Đường Lê Lợi, Quận 1, TP. Hồ Chí Minh",Hồ Chí Minh,2480000,520000,30000,2510000,BANK_TRANSFER,PAID,DELIVERED,2025-11-29T20:53:33,2025-11-29T21:00:33,2025-11-30T14:53:33,2025-12-02T00:53:33,
ORD-250907-0261,CUST-0377,Võ Hữu Kiệt,0798479513,"188 Đường Nguyễn Kiệm, Quận 3, TP. Hồ Chí Minh",Hồ Chí Minh,3990000,510000,30000,4020000,BANK_TRANSFER,PAID,DELIVERED,2025-09-07T16:51:32,2025-09-07T17:08:32,2025-09-07T20:51:32,2025-09-10T19:51:32,
ORD-260513-0262,CUST-0232,Lê Văn Khánh,0908697829,"334 Đường Tố Hữu, Quận Cầu Giấy, TP. Hà Nội",Hà Nội,3290000,510000,30000,3320000,BANK_TRANSFER,PAID,DELIVERED,2026-05-13T16:29:33,2026-05-13T16:52:33,2026-05-13T18:29:33,2026-05-16T19:29:33,
ORD-251113-0263,CUST-0166,Nguyễn Quỳnh Yến,0770632424,"385 Đường Lê Duẩn, Quận Sơn Trà, TP. Đà Nẵng",Đà Nẵng,1890000,310000,30000,1920000,COD,PAID,DELIVERED,2025-11-13T21:37:43,2025-11-13T22:18:43,2025-11-14T10:37:43,2025-11-17T01:37:43,
ORD-260113-0264,CUST-0106,Bùi Anh Duy,0864736471,"430 Đường Võ Văn Tần, Quận 10, TP. Hồ Chí Minh",Hồ Chí Minh,8280000,1220000,0,8280000,COD,PAID,DELIVERED,2026-01-13T05:38:54,2026-01-13T06:03:54,2026-01-13T14:38:54,2026-01-16T06:38:54,
ORD-260228-0265,CUST-0120,Bùi Mai Ngọc,0778872874,"268 Đường Trần Duy Hưng, Quận Hoàn Kiếm, TP. Hà Nội",Hà Nội,8990000,1510000,0,8990000,VNPAY,PAID,DELIVERED,2026-02-28T05:56:57,2026-02-28T06:14:57,2026-02-28T19:56:57,2026-03-01T08:56:57,
ORD-251207-0266,CUST-0106,Bùi Anh Duy,0864736471,"430 Đường Võ Văn Tần, Quận 10, TP. Hồ Chí Minh",Hồ Chí Minh,990000,210000,30000,1020000,VNPAY,PAID,DELIVERED,2025-12-07T09:11:32,2025-12-07T09:23:32,2025-12-08T02:11:32,2025-12-10T13:11:32,
ORD-260314-0267,CUST-0213,Lê Thành Duy,0985135346,"306 Đường Hùng Vương, Quận Sơn Trà, TP. Đà Nẵng",Đà Nẵng,1890000,310000,30000,1920000,COD,PAID,DELIVERED,2026-03-14T08:32:23,2026-03-14T09:03:23,2026-03-14T22:32:23,2026-03-15T10:32:23,
ORD-250721-0268,CUST-0429,Phạm Linh Thảo,0987617075,"509 Đường Tô Hiệu, Quận Ngô Quyền, TP. Hải Phòng",Hải Phòng,2190000,310000,30000,2220000,MOMO,PAID,DELIVERED,2025-07-21T23:05:41,2025-07-21T23:30:41,2025-07-22T02:05:41,2025-07-23T00:05:41,
ORD-250927-0269,CUST-0066,Dương Hữu Sơn,0859005329,"243 Đường Điện Biên Phủ, Quận Bình Thạnh, TP. Hồ Chí Minh",Hồ Chí Minh,17980000,2320000,0,17980000,BANK_TRANSFER,PAID,DELIVERED,2025-09-27T18:48:02,2025-09-27T19:03:02,2025-09-28T09:48:02,2025-09-28T19:48:02,
ORD-260114-0270,CUST-0187,Đỗ Diệu Hạnh,0770146263,"396 Đường Lạch Tray, Quận Hồng Bàng, TP. Hải Phòng",Hải Phòng,8490000,1010000,0,8490000,MOMO,PAID,DELIVERED,2026-01-14T13:53:16,2026-01-14T14:00:16,2026-01-14T19:53:16,2026-01-16T13:53:16,
ORD-250924-0271,CUST-0370,Võ Ngọc Hoàng,0863520904,"433 Đường Võ Văn Tần, Quận Phú Nhuận, TP. Hồ Chí Minh",Hồ Chí Minh,12380000,1120000,0,12380000,BANK_TRANSFER,PAID,DELIVERED,2025-09-24T09:22:57,2025-09-24T09:53:57,2025-09-25T01:22:57,2025-09-25T13:22:57,
ORD-260208-0272,CUST-0461,Phạm Quang Hùng,0918204339,"51 Đường Nguyễn Kiệm, Quận Tân Bình, TP. Hồ Chí Minh",Hồ Chí Minh,2190000,310000,30000,2220000,VNPAY,PAID,DELIVERED,2026-02-08T17:23:39,2026-02-08T18:04:39,2026-02-09T01:23:39,2026-02-09T18:23:39,
ORD-250717-0273,CUST-0116,Phạm Đình Việt,0937575844,"409 Đường Tô Hiệu, Quận Lê Chân, TP. Hải Phòng",Hải Phòng,3490000,410000,30000,3520000,COD,PAID,DELIVERED,2025-07-17T08:25:18,2025-07-17T08:49:18,2025-07-17T20:25:18,2025-07-20T11:25:18,
ORD-260203-0274,CUST-0265,Đỗ Thị Giang,0858430988,"41 Đường Chùa Bộc, Quận Ba Đình, TP. Hà Nội",Hà Nội,5490000,710000,0,5490000,VNPAY,PAID,DELIVERED,2026-02-03T09:27:23,2026-02-03T10:12:23,2026-02-03T12:27:23,2026-02-04T10:27:23,
ORD-260218-0275,CUST-0428,Võ Đình Hoàng,0384494856,"59 Đường Trần Văn Khéo, Quận Ninh Kiều, TP. Cần Thơ",Cần Thơ,26990000,3010000,0,26990000,VNPAY,PAID,DELIVERED,2026-02-18T12:36:30,2026-02-18T13:17:30,2026-02-19T02:36:30,2026-02-20T13:36:30,
ORD-251106-0276,CUST-0280,Trần Linh Hạnh,0900681149,"239 Đường Phan Đăng Lưu, Thành phố Thủ Đức, TP. Hồ Chí Minh",Hồ Chí Minh,52990000,5010000,0,52990000,VNPAY,PAID,DELIVERED,2025-11-06T12:49:32,2025-11-06T13:25:32,2025-11-07T04:49:32,2025-11-09T12:49:32,
ORD-250927-0277,CUST-0391,Hoàng Thành Hoàng,0918952028,"353 Đường Võ Nguyên Giáp, Quận Ngũ Hành Sơn, TP. Đà Nẵng",Đà Nẵng,8280000,1220000,0,8280000,CREDIT_CARD,PAID,DELIVERED,2025-09-27T20:27:41,2025-09-27T20:39:41,2025-09-28T01:27:41,2025-10-01T01:27:41,
ORD-251004-0278,CUST-0284,Vũ Hoàng Anh,0932663416,"296 Đường Kim Mã, Quận Ba Đình, TP. Hà Nội",Hà Nội,31480000,3020000,0,31480000,BANK_TRANSFER,PAID,DELIVERED,2025-10-04T20:56:32,2025-10-04T21:34:32,2025-10-05T02:56:32,2025-10-08T00:56:32,
ORD-250921-0279,CUST-0356,Võ Quốc Long,0382712863,"110 Đường Phan Đăng Lưu, Quận Phú Nhuận, TP. Hồ Chí Minh",Hồ Chí Minh,22990000,2010000,0,22990000,VNPAY,PAID,DELIVERED,2025-09-21T10:43:10,2025-09-21T10:57:10,2025-09-22T01:43:10,2025-09-22T12:43:10,
ORD-251202-0280,CUST-0152,Phạm Quang Duy,0839375679,"30 Đường Lê Hồng Phong, Quận Hồng Bàng, TP. Hải Phòng",Hải Phòng,3290000,510000,30000,3320000,COD,PAID,DELIVERED,2025-12-02T22:57:30,2025-12-02T23:37:30,2025-12-03T09:57:30,2025-12-04T03:57:30,
ORD-251121-0281,CUST-0031,Hồ Diệu Trúc,0978760366,"11 Đường Võ Văn Tần, Thành phố Thủ Đức, TP. Hồ Chí Minh",Hồ Chí Minh,12990000,2010000,0,12990000,BANK_TRANSFER,PAID,DELIVERED,2025-11-21T15:10:48,2025-11-21T15:40:48,2025-11-21T23:10:48,2025-11-22T17:10:48,
ORD-251126-0282,CUST-0072,Dương Văn Việt,0834519832,"363 Đường Đại lộ Hòa Bình, Quận Ninh Kiều, TP. Cần Thơ",Cần Thơ,5580000,820000,0,5580000,COD,PAID,DELIVERED,2025-11-26T19:43:09,2025-11-26T19:55:09,2025-11-27T13:43:09,2025-11-28T23:43:09,
ORD-250811-0283,CUST-0153,Vũ Hữu Nam,0985457387,"468 Đường Trần Văn Khéo, Quận Ninh Kiều, TP. Cần Thơ",Cần Thơ,5490000,710000,0,5490000,MOMO,PAID,DELIVERED,2025-08-11T08:48:58,2025-08-11T09:00:58,2025-08-12T00:48:58,2025-08-13T12:48:58,
ORD-260121-0284,CUST-0389,Đỗ Thành Nam,0978904290,"370 Đường Nguyễn Văn Linh, Quận Ngũ Hành Sơn, TP. Đà Nẵng",Đà Nẵng,3490000,410000,30000,3520000,BANK_TRANSFER,PAID,DELIVERED,2026-01-21T09:46:38,2026-01-21T10:18:38,2026-01-22T00:46:38,2026-01-22T14:46:38,
ORD-251117-0285,CUST-0432,Bùi Minh Dũng,0859759230,"77 Đường Lê Duẩn, Quận Sơn Trà, TP. Đà Nẵng",Đà Nẵng,7980000,1120000,0,7980000,COD,PAID,DELIVERED,2025-11-17T11:22:05,2025-11-17T11:54:05,2025-11-17T21:22:05,2025-11-18T16:22:05,
ORD-250713-0286,CUST-0311,Lý Quỳnh Lan,0388936392,"139 Đường Võ Nguyên Giáp, Quận Sơn Trà, TP. Đà Nẵng",Đà Nẵng,3990000,510000,30000,4020000,MOMO,PAID,DELIVERED,2025-07-13T17:37:53,2025-07-13T17:57:53,2025-07-14T06:37:53,2025-07-16T22:37:53,
ORD-251130-0287,CUST-0216,Bùi Anh Tuấn,0989666676,"19 Đường Quang Trung, Quận Bình Thạnh, TP. Hồ Chí Minh",Hồ Chí Minh,3990000,510000,30000,4020000,COD,PAID,DELIVERED,2025-11-30T07:41:50,2025-11-30T08:11:50,2025-11-30T22:41:50,2025-12-03T07:41:50,
ORD-260430-0288,CUST-0013,Lê Khánh Yến,0931781080,"502 Đường Tố Hữu, Quận Thanh Xuân, TP. Hà Nội",Hà Nội,4490000,510000,30000,4520000,COD,PAID,DELIVERED,2026-04-30T14:01:46,2026-04-30T14:21:46,2026-05-01T00:01:46,2026-05-02T14:01:46,
ORD-260329-0289,CUST-0394,Trần Trúc Mai,0910760310,"485 Đường Lạch Tray, Quận Lê Chân, TP. Hải Phòng",Hải Phòng,17480000,2520000,0,17480000,COD,PAID,DELIVERED,2026-03-29T19:35:41,2026-03-29T20:11:41,2026-03-29T23:35:41,2026-03-31T21:35:41,
ORD-260110-0290,CUST-0052,Võ Đình Khánh,0866773782,"76 Đường Chùa Bộc, Quận Ba Đình, TP. Hà Nội",Hà Nội,8980000,1220000,0,8980000,BANK_TRANSFER,PAID,DELIVERED,2026-01-10T17:48:24,2026-01-10T18:16:24,2026-01-11T00:48:24,2026-01-11T19:48:24,
ORD-250906-0291,CUST-0359,Phan Minh Tuấn,0774328063,"503 Đường Nguyễn Văn Cừ, Quận Ninh Kiều, TP. Cần Thơ",Cần Thơ,25480000,3520000,0,25480000,BANK_TRANSFER,PAID,DELIVERED,2025-09-06T14:44:04,2025-09-06T15:05:04,2025-09-06T20:44:04,2025-09-09T16:44:04,
ORD-260120-0292,CUST-0054,Dương Hồng Hương,0836360576,"134 Đường Nguyễn Trãi, Quận Hai Bà Trưng, TP. Hà Nội",Hà Nội,3490000,410000,30000,3520000,BANK_TRANSFER,PAID,DELIVERED,2026-01-20T22:20:14,2026-01-20T22:42:14,2026-01-21T00:20:14,2026-01-22T23:20:14,
ORD-260224-0293,CUST-0126,Hồ Khánh Trang,0939106518,"298 Đường Nguyễn Thị Minh Khai, Quận Phú Nhuận, TP. Hồ Chí Minh",Hồ Chí Minh,14980000,2020000,0,14980000,BANK_TRANSFER,PAID,DELIVERED,2026-02-24T20:09:00,2026-02-24T20:49:00,2026-02-25T04:09:00,2026-02-26T21:09:00,
ORD-251203-0294,CUST-0455,Dương Anh Nam,0986611062,"536 Đường Nguyễn Kiệm, Quận Tân Bình, TP. Hồ Chí Minh",Hồ Chí Minh,990000,210000,30000,1020000,MOMO,PAID,DELIVERED,2025-12-03T18:23:51,2025-12-03T18:43:51,2025-12-04T06:23:51,2025-12-06T20:23:51,
ORD-250625-0295,CUST-0165,Phạm Quốc Kiệt,0865458929,"106 Đường Lê Duẩn, Quận Hải Châu, TP. Đà Nẵng",Đà Nẵng,2190000,310000,30000,2220000,COD,PAID,DELIVERED,2025-06-25T16:08:06,2025-06-25T16:51:06,2025-06-26T01:08:06,2025-06-28T18:08:06,
ORD-260225-0296,CUST-0421,Dương Hoàng Trung,0777242954,"191 Đường Quang Trung, Thành phố Thủ Đức, TP. Hồ Chí Minh",Hồ Chí Minh,2490000,310000,30000,2520000,MOMO,PAID,DELIVERED,2026-02-25T16:03:29,2026-02-25T16:18:29,2026-02-25T18:03:29,2026-02-28T19:03:29,
ORD-251224-0297,CUST-0459,Bùi Mai Phương,0779228777,"424 Đường Hùng Vương, Quận Hải Châu, TP. Đà Nẵng",Đà Nẵng,3990000,510000,30000,4020000,MOMO,PAID,DELIVERED,2025-12-24T18:04:43,2025-12-24T18:10:43,2025-12-25T11:04:43,2025-12-26T23:04:43,
ORD-260112-0298,CUST-0203,Ngô Duy Khánh,0381622999,"357 Đường Phan Đăng Lưu, Quận 3, TP. Hồ Chí Minh",Hồ Chí Minh,5490000,510000,0,5490000,BANK_TRANSFER,PAID,DELIVERED,2026-01-12T18:21:14,2026-01-12T19:03:14,2026-01-13T06:21:14,2026-01-13T22:21:14,
ORD-250921-0299,CUST-0301,Phạm Khánh Lan,0836931572,"43 Đường Lê Hồng Phong, Quận Hồng Bàng, TP. Hải Phòng",Hải Phòng,52990000,5010000,0,52990000,MOMO,PAID,DELIVERED,2025-09-21T10:12:15,2025-09-21T10:24:15,2025-09-21T22:12:15,2025-09-22T10:12:15,
ORD-251123-0300,CUST-0413,Ngô Anh Kiệt,0796603242,"185 Đường Hùng Vương, Quận Sơn Trà, TP. Đà Nẵng",Đà Nẵng,7780000,1020000,0,7780000,BANK_TRANSFER,PAID,DELIVERED,2025-11-23T15:54:21,2025-11-23T16:15:21,2025-11-24T08:54:21,2025-11-24T16:54:21,
ORD-250924-0301,CUST-0174,Hoàng Thành Phong,0903161799,"17 Đường Lê Duẩn, Quận Thanh Khê, TP. Đà Nẵng",Đà Nẵng,7980000,1020000,0,7980000,MOMO,PAID,DELIVERED,2025-09-24T21:03:35,2025-09-24T21:41:35,2025-09-24T23:03:35,2025-09-25T23:03:35,
ORD-251210-0302,CUST-0289,Đặng Linh Ngọc,0935031365,"127 Đường Kim Mã, Quận Nam Từ Liêm, TP. Hà Nội",Hà Nội,4290000,710000,30000,4320000,COD,PAID,DELIVERED,2025-12-10T22:12:40,2025-12-10T22:26:40,2025-12-11T11:12:40,2025-12-13T23:12:40,
ORD-251104-0303,CUST-0260,Đặng Thị Nhi,0383765991,"243 Đường Trần Duy Hưng, Quận Đống Đa, TP. Hà Nội",Hà Nội,3290000,510000,30000,3320000,COD,PAID,DELIVERED,2025-11-04T07:34:56,2025-11-04T07:50:56,2025-11-05T01:34:56,2025-11-05T07:34:56,
ORD-251102-0304,CUST-0080,Phạm Khánh Giang,0989212779,"328 Đường Nguyễn Văn Cừ, Quận Bình Thủy, TP. Cần Thơ",Cần Thơ,7180000,920000,0,7180000,BANK_TRANSFER,REFUNDED,CANCELLED,2025-11-02T18:04:21,2025-11-02T18:11:21,,,2025-11-03T06:04:21
ORD-250821-0305,CUST-0031,Hồ Diệu Trúc,0978760366,"11 Đường Võ Văn Tần, Thành phố Thủ Đức, TP. Hồ Chí Minh",Hồ Chí Minh,4980000,720000,30000,5010000,BANK_TRANSFER,PAID,DELIVERED,2025-08-21T16:42:41,2025-08-21T17:12:41,2025-08-22T00:42:41,2025-08-23T18:42:41,
ORD-251109-0306,CUST-0207,Dương Thị Yến,0905345786,"386 Đường Điện Biên Phủ, Quận 1, TP. Hồ Chí Minh",Hồ Chí Minh,8680000,1320000,0,8680000,BANK_TRANSFER,PAID,DELIVERED,2025-11-09T15:31:06,2025-11-09T15:54:06,2025-11-09T18:31:06,2025-11-12T15:31:06,
ORD-250831-0307,CUST-0383,Ngô Anh Trung,0917028140,"370 Đường Tô Hiệu, Quận Hồng Bàng, TP. Hải Phòng",Hải Phòng,3290000,510000,30000,3320000,COD,PAID,DELIVERED,2025-08-31T17:47:03,2025-08-31T18:26:03,2025-08-31T20:47:03,2025-09-03T20:47:03,
ORD-260302-0308,CUST-0435,Vũ Hữu Dũng,0795732788,"312 Đường Trần Văn Khéo, Quận Ninh Kiều, TP. Cần Thơ",Cần Thơ,16490000,2010000,0,16490000,BANK_TRANSFER,PAID,DELIVERED,2026-03-02T22:57:14,2026-03-02T23:41:14,2026-03-03T00:57:14,2026-03-04T01:57:14,
ORD-260122-0309,CUST-0474,Nguyễn Mai Lan,0830361332,"33 Đường Lê Duẩn, Quận Hải Châu, TP. Đà Nẵng",Đà Nẵng,8990000,1510000,0,8990000,COD,PAID,DELIVERED,2026-01-22T11:52:58,2026-01-22T12:22:58,2026-01-22T14:52:58,2026-01-23T12:52:58,
ORD-251115-0310,CUST-0343,Vũ Phương Linh,0772386562,"78 Đường Nguyễn Trãi, Quận Thanh Xuân, TP. Hà Nội",Hà Nội,2880000,520000,30000,2910000,COD,PAID,DELIVERED,2025-11-15T18:57:40,2025-11-15T19:28:40,2025-11-16T08:57:40,2025-11-17T19:57:40,
ORD-250630-0311,CUST-0321,Nguyễn Đình Hùng,0777780973,"469 Đường Tô Hiệu, Quận Lê Chân, TP. Hải Phòng",Hải Phòng,6890000,610000,0,6890000,COD,PAID,DELIVERED,2025-06-30T18:28:08,2025-06-30T19:04:08,2025-06-30T22:28:08,2025-07-01T22:28:08,
ORD-250629-0312,CUST-0490,Đặng Hữu Huy,0931115083,"261 Đường Tràng Tiền, Quận Hoàn Kiếm, TP. Hà Nội",Hà Nội,11490000,1510000,0,11490000,MOMO,PAID,DELIVERED,2025-06-29T16:18:54,2025-06-29T16:35:54,2025-06-29T20:18:54,2025-07-02T19:18:54,
ORD-260423-0313,CUST-0019,Phạm Đình Khánh,0774016400,"170 Đường Kim Mã, Quận Hoàn Kiếm, TP. Hà Nội",Hà Nội,3490000,410000,30000,3520000,COD,PAID,DELIVERED,2026-04-23T20:11:05,2026-04-23T20:25:05,2026-04-24T12:11:05,2026-04-26T20:11:05,
ORD-260108-0314,CUST-0393,Hồ Linh Anh,0795240132,"319 Đường Bà Triệu, Quận Hoàn Kiếm, TP. Hà Nội",Hà Nội,52990000,5010000,0,52990000,COD,PAID,DELIVERED,2026-01-08T01:09:21,2026-01-08T01:17:21,2026-01-08T15:09:21,2026-01-10T02:09:21,
ORD-251230-0315,CUST-0116,Phạm Đình Việt,0937575844,"409 Đường Tô Hiệu, Quận Lê Chân, TP. Hải Phòng",Hải Phòng,12980000,1920000,0,12980000,BANK_TRANSFER,PAID,DELIVERED,2025-12-30T14:55:28,2025-12-30T15:09:28,2025-12-31T02:55:28,2025-12-31T14:55:28,
ORD-260106-0316,CUST-0317,Hồ Diệu Nhi,0850347644,"60 Đường Kim Mã, Quận Hai Bà Trưng, TP. Hà Nội",Hà Nội,21980000,3020000,0,21980000,VNPAY,PAID,DELIVERED,2026-01-06T09:06:43,2026-01-06T09:47:43,2026-01-06T14:06:43,2026-01-07T14:06:43,
ORD-250831-0317,CUST-0480,Bùi Đức Dũng,0938806533,"483 Đường Võ Nguyên Giáp, Quận Thanh Khê, TP. Đà Nẵng",Đà Nẵng,4490000,710000,30000,4520000,COD,PAID,DELIVERED,2025-08-31T12:39:24,2025-08-31T13:24:24,2025-09-01T04:39:24,2025-09-02T13:39:24,
ORD-260407-0318,CUST-0115,Phạm Ngọc Kiệt,0796527858,"257 Đường Nguyễn Văn Linh, Quận Ngũ Hành Sơn, TP. Đà Nẵng",Đà Nẵng,8490000,1010000,0,8490000,COD,PAID,DELIVERED,2026-04-07T19:24:16,2026-04-07T19:31:16,2026-04-08T11:24:16,2026-04-10T00:24:16,
ORD-251221-0319,CUST-0206,Phạm Diệu Chi,0795082148,"182 Đường Nguyễn Trãi, Quận Nam Từ Liêm, TP. Hà Nội",Hà Nội,3390000,410000,30000,3420000,BANK_TRANSFER,PAID,DELIVERED,2025-12-21T14:56:26,2025-12-21T15:22:26,2025-12-22T02:56:26,2025-12-24T17:56:26,
ORD-260214-0320,CUST-0106,Bùi Anh Duy,0864736471,"430 Đường Võ Văn Tần, Quận 10, TP. Hồ Chí Minh",Hồ Chí Minh,990000,210000,30000,1020000,BANK_TRANSFER,PAID,DELIVERED,2026-02-14T10:12:55,2026-02-14T10:43:55,2026-02-14T23:12:55,2026-02-17T12:12:55,
ORD-251031-0321,CUST-0241,Nguyễn Minh Anh,0916484085,"49 Đường Tô Hiệu, Quận Ngô Quyền, TP. Hải Phòng",Hải Phòng,26990000,3010000,0,26990000,BANK_TRANSFER,PAID,DELIVERED,2025-10-31T20:49:55,2025-10-31T21:04:55,2025-11-01T10:49:55,2025-11-03T23:49:55,
ORD-250629-0322,CUST-0013,Lê Khánh Yến,0931781080,"502 Đường Tố Hữu, Quận Thanh Xuân, TP. Hà Nội",Hà Nội,3990000,510000,30000,4020000,BANK_TRANSFER,PAID,DELIVERED,2025-06-29T16:11:17,2025-06-29T16:52:17,2025-06-30T00:11:17,2025-06-30T19:11:17,
ORD-251013-0323,CUST-0445,Lê Vy Chi,0916743380,"167 Đường Trần Hưng Đạo, Quận Sơn Trà, TP. Đà Nẵng",Đà Nẵng,6990000,810000,0,6990000,COD,PAID,DELIVERED,2025-10-13T22:39:33,2025-10-13T22:44:33,2025-10-14T01:39:33,2025-10-15T22:39:33,
ORD-260113-0324,CUST-0104,Dương Quỳnh Ngọc,0982535841,"133 Đường Kim Mã, Quận Hoàn Kiếm, TP. Hà Nội",Hà Nội,2190000,310000,30000,2220000,COD,PAID,DELIVERED,2026-01-13T13:58:20,2026-01-13T14:22:20,2026-01-13T18:58:20,2026-01-16T14:58:20,
ORD-251119-0325,CUST-0084,Ngô Minh Tuấn,0971864492,"322 Đường Quang Trung, Quận 10, TP. Hồ Chí Minh",Hồ Chí Minh,2190000,310000,30000,2220000,COD,PAID,DELIVERED,2025-11-19T21:26:10,2025-11-19T21:46:10,2025-11-20T02:26:10,2025-11-22T22:26:10,
ORD-260530-0326,CUST-0387,Vũ Linh Trinh,0983264870,"479 Đường Tô Hiệu, Quận Ngô Quyền, TP. Hải Phòng",Hải Phòng,10980000,1320000,0,10980000,VNPAY,PAID,DELIVERED,2026-05-30T13:24:30,2026-05-30T13:57:30,2026-05-30T20:24:30,2026-06-01T13:24:30,
ORD-251212-0327,CUST-0044,Bùi Duy Phong,0796774964,"217 Đường Lạch Tray, Quận Hồng Bàng, TP. Hải Phòng",Hải Phòng,11490000,1510000,0,11490000,VNPAY,REFUNDED,CANCELLED,2025-12-12T09:19:43,2025-12-12T10:04:43,,,2025-12-12T20:19:43
ORD-260508-0328,CUST-0150,Dương Lâm Khoa,0857243426,"415 Đường Võ Văn Tần, Quận Phú Nhuận, TP. Hồ Chí Minh",Hồ Chí Minh,5490000,510000,0,5490000,COD,CANCELLED,CANCELLED,2026-05-08T23:31:01,2026-05-08T23:52:01,,,2026-05-09T06:31:01
ORD-260326-0329,CUST-0263,Võ Khánh Trinh,0976213721,"58 Đường Lê Hồng Phong, Quận Ngô Quyền, TP. Hải Phòng",Hải Phòng,2290000,310000,30000,2320000,BANK_TRANSFER,PAID,DELIVERED,2026-03-26T11:19:16,2026-03-26T11:53:16,2026-03-26T15:19:16,2026-03-28T15:19:16,
ORD-250830-0330,CUST-0006,Phan Quỳnh Nhi,0771012269,"546 Đường Trần Văn Khéo, Quận Cái Răng, TP. Cần Thơ",Cần Thơ,1890000,310000,30000,1920000,COD,PAID,DELIVERED,2025-08-30T13:57:30,2025-08-30T14:34:30,2025-08-31T04:57:30,2025-09-01T18:57:30,
ORD-260206-0331,CUST-0369,Phạm Hồng Trúc,0936317970,"187 Đường Trần Duy Hưng, Quận Thanh Xuân, TP. Hà Nội",Hà Nội,15990000,2010000,0,15990000,MOMO,PAID,DELIVERED,2026-02-06T15:17:05,2026-02-06T15:54:05,2026-02-06T20:17:05,2026-02-07T16:17:05,
ORD-260512-0332,CUST-0125,Võ Phương Trinh,0771870728,"478 Đường Đại lộ Hòa Bình, Quận Bình Thủy, TP. Cần Thơ",Cần Thơ,22880000,2620000,0,22880000,COD,PAID,DELIVERED,2026-05-12T08:36:51,2026-05-12T09:02:51,2026-05-12T12:36:51,2026-05-13T12:36:51,
ORD-250714-0333,CUST-0403,Phạm Linh Chi,0794858800,"458 Đường Trần Văn Khéo, Quận Cái Răng, TP. Cần Thơ",Cần Thơ,68980000,7020000,0,68980000,MOMO,PAID,DELIVERED,2025-07-14T09:45:08,2025-07-14T09:50:08,2025-07-15T00:45:08,2025-07-17T10:45:08,
ORD-250814-0334,CUST-0099,Nguyễn Phương Vân,0976909275,"547 Đường Mậu Thân, Quận Ninh Kiều, TP. Cần Thơ",Cần Thơ,3390000,410000,30000,3420000,COD,PAID,DELIVERED,2025-08-14T15:46:43,2025-08-14T16:02:43,2025-08-14T23:46:43,2025-08-16T16:46:43,
ORD-260315-0335,CUST-0499,Vũ Lâm Hải,0383296762,"49 Đường Tô Hiệu, Quận Hồng Bàng, TP. Hải Phòng",Hải Phòng,9490000,1510000,0,9490000,BANK_TRANSFER,PAID,DELIVERED,2026-03-15T12:14:10,2026-03-15T12:32:10,2026-03-16T03:14:10,2026-03-17T14:14:10,
ORD-250705-0336,CUST-0004,Lê Phương Thảo,0851928327,"62 Đường Trần Hưng Đạo, Quận Thanh Khê, TP. Đà Nẵng",Đà Nẵng,17980000,2020000,0,17980000,VNPAY,PAID,DELIVERED,2025-07-05T19:04:03,2025-07-05T19:14:03,2025-07-06T11:04:03,2025-07-07T00:04:03,
ORD-260107-0337,CUST-0358,Võ Hồng Lan,0793067198,"61 Đường Võ Nguyên Giáp, Quận Sơn Trà, TP. Đà Nẵng",Đà Nẵng,3490000,410000,30000,3520000,BANK_TRANSFER,PAID,DELIVERED,2026-01-07T19:30:23,2026-01-07T19:49:23,2026-01-08T02:30:23,2026-01-09T00:30:23,
ORD-251026-0338,CUST-0451,Vũ Thành Duy,0865504892,"457 Đường Mậu Thân, Quận Cái Răng, TP. Cần Thơ",Cần Thơ,3390000,410000,30000,3420000,BANK_TRANSFER,PAID,DELIVERED,2025-10-26T20:25:29,2025-10-26T20:54:29,2025-10-27T11:25:29,2025-10-27T21:25:29,
ORD-250731-0339,CUST-0446,Nguyễn Minh Khoa,0919318374,"278 Đường Hùng Vương, Quận Hải Châu, TP. Đà Nẵng",Đà Nẵng,3690000,510000,30000,3720000,COD,PAID,DELIVERED,2025-07-31T13:27:50,2025-07-31T13:38:50,2025-07-31T15:27:50,2025-08-02T16:27:50,
ORD-260330-0340,CUST-0102,Ngô Trúc Chi,0905895782,"412 Đường Phan Đăng Lưu, Quận 3, TP. Hồ Chí Minh",Hồ Chí Minh,13980000,2220000,0,13980000,BANK_TRANSFER,PAID,DELIVERED,2026-03-30T22:35:17,2026-03-30T22:50:17,2026-03-31T15:35:17,2026-04-02T22:35:17,
ORD-260408-0341,CUST-0362,Phạm Đức Hùng,0980417929,"230 Đường Võ Văn Tần, Quận 3, TP. Hồ Chí Minh",Hồ Chí Minh,3290000,510000,30000,3320000,COD,PAID,DELIVERED,2026-04-08T22:51:13,2026-04-08T23:15:13,2026-04-09T13:51:13,2026-04-11T22:51:13,
ORD-251227-0342,CUST-0145,Trần Quỳnh Trúc,0778886101,"399 Đường Lê Hồng Phong, Quận Hồng Bàng, TP. Hải Phòng",Hải Phòng,6890000,610000,0,6890000,COD,PAID,DELIVERED,2025-12-27T20:55:08,2025-12-27T21:15:08,2025-12-28T04:55:08,2025-12-30T01:55:08,
ORD-250908-0343,CUST-0325,Bùi Ngọc Khánh,0917946954,"137 Đường Lê Hồng Phong, Quận Lê Chân, TP. Hải Phòng",Hải Phòng,2490000,410000,30000,2520000,MOMO,PAID,DELIVERED,2025-09-08T20:44:12,2025-09-08T21:26:12,2025-09-09T05:44:12,2025-09-09T23:44:12,
ORD-251205-0344,CUST-0161,Hồ Lâm Phong,0860745171,"443 Đường Tràng Tiền, Quận Nam Từ Liêm, TP. Hà Nội",Hà Nội,6890000,610000,0,6890000,VNPAY,PAID,DELIVERED,2025-12-05T17:05:33,2025-12-05T17:27:33,2025-12-05T23:05:33,2025-12-07T17:05:33,
ORD-260618-0345,CUST-0325,Bùi Ngọc Khánh,0917946954,"137 Đường Lê Hồng Phong, Quận Lê Chân, TP. Hải Phòng",Hải Phòng,5380000,720000,0,5380000,COD,PENDING,PROCESSING,2026-06-18T20:30:35,2026-06-18T21:09:35,,,
ORD-250724-0346,CUST-0103,Đặng Diệu Trinh,0912517785,"137 Đường Trần Hưng Đạo, Quận Lê Chân, TP. Hải Phòng",Hải Phòng,40480000,4520000,0,40480000,BANK_TRANSFER,PAID,DELIVERED,2025-07-24T22:38:07,2025-07-24T22:58:07,2025-07-25T12:38:07,2025-07-27T03:38:07,
ORD-260119-0347,CUST-0074,Dương Thảo Phương,0912018366,"324 Đường Trần Hưng Đạo, Quận Thanh Khê, TP. Đà Nẵng",Đà Nẵng,5580000,820000,0,5580000,COD,PAID,DELIVERED,2026-01-19T17:48:26,2026-01-19T18:03:26,2026-01-20T09:48:26,2026-01-21T17:48:26,
ORD-260125-0348,CUST-0233,Vũ Thành Phong,0866547226,"227 Đường Lê Hồng Phong, Quận Ngô Quyền, TP. Hải Phòng",Hải Phòng,16480000,1920000,0,16480000,COD,PAID,DELIVERED,2026-01-25T09:01:07,2026-01-25T09:30:07,2026-01-25T11:01:07,2026-01-28T12:01:07,
ORD-260105-0349,CUST-0429,Phạm Linh Thảo,0987617075,"509 Đường Tô Hiệu, Quận Ngô Quyền, TP. Hải Phòng",Hải Phòng,8480000,1220000,0,8480000,COD,PAID,DELIVERED,2026-01-05T16:56:32,2026-01-05T17:10:32,2026-01-05T21:56:32,2026-01-08T17:56:32,
ORD-251219-0350,CUST-0498,Trần Duy Phong,0795977790,"360 Đường Võ Văn Tần, Quận Gò Vấp, TP. Hồ Chí Minh",Hồ Chí Minh,990000,210000,30000,1020000,VNPAY,PAID,DELIVERED,2025-12-19T14:48:04,2025-12-19T15:02:04,2025-12-19T18:48:04,2025-12-20T17:48:04,
ORD-260217-0351,CUST-0117,Hoàng Hồng Lan,0977473384,"250 Đường Lê Duẩn, Quận Thanh Khê, TP. Đà Nẵng",Đà Nẵng,22990000,2010000,0,22990000,COD,PAID,DELIVERED,2026-02-17T18:01:03,2026-02-17T18:20:03,2026-02-18T00:01:03,2026-02-18T22:01:03,
ORD-260122-0352,CUST-0388,Lê Thảo Chi,0914627301,"497 Đường Nguyễn Văn Cừ, Quận Ninh Kiều, TP. Cần Thơ",Cần Thơ,26990000,3010000,0,26990000,COD,PAID,DELIVERED,2026-01-22T18:44:26,2026-01-22T19:26:26,2026-01-23T11:44:26,2026-01-23T20:44:26,
ORD-251213-0353,CUST-0452,Ngô Khánh Lan,0908562884,"168 Đường Quang Trung, Quận Gò Vấp, TP. Hồ Chí Minh",Hồ Chí Minh,15480000,1920000,0,15480000,COD,PAID,DELIVERED,2025-12-13T20:25:13,2025-12-13T21:05:13,2025-12-14T09:25:13,2025-12-16T23:25:13,
ORD-260311-0354,CUST-0172,Phan Đức Kiệt,0910910430,"518 Đường Nguyễn Văn Cừ, Quận Bình Thủy, TP. Cần Thơ",Cần Thơ,11880000,1420000,0,11880000,BANK_TRANSFER,PAID,DELIVERED,2026-03-11T11:07:41,2026-03-11T11:44:41,2026-03-12T01:07:41,2026-03-12T12:07:41,
ORD-250901-0355,CUST-0103,Đặng Diệu Trinh,0912517785,"137 Đường Trần Hưng Đạo, Quận Lê Chân, TP. Hải Phòng",Hải Phòng,5780000,820000,0,5780000,COD,PAID,DELIVERED,2025-09-01T12:44:43,2025-09-01T13:29:43,2025-09-01T21:44:43,2025-09-04T14:44:43,
ORD-251203-0356,CUST-0425,Bùi Anh Tuấn,0907256366,"102 Đường Lạch Tray, Quận Ngô Quyền, TP. Hải Phòng",Hải Phòng,2190000,310000,30000,2220000,COD,PAID,DELIVERED,2025-12-03T15:25:38,2025-12-03T15:45:38,2025-12-03T19:25:38,2025-12-06T15:25:38,
ORD-260115-0357,CUST-0318,Võ Anh Tuấn,0791298266,"469 Đường Mậu Thân, Quận Ninh Kiều, TP. Cần Thơ",Cần Thơ,17480000,2220000,0,17480000,BANK_TRANSFER,PAID,DELIVERED,2026-01-15T19:10:06,2026-01-15T19:38:06,2026-01-15T23:10:06,2026-01-17T22:10:06,
ORD-260408-0358,CUST-0155,Lê Hoàng Anh,0909379660,"69 Đường Kim Mã, Quận Thanh Xuân, TP. Hà Nội",Hà Nội,2490000,410000,30000,2520000,BANK_TRANSFER,PAID,DELIVERED,2026-04-08T22:56:51,2026-04-08T23:02:51,2026-04-09T15:56:51,2026-04-09T22:56:51,
ORD-250827-0359,CUST-0234,Đỗ Thảo Vy,0852885158,"297 Đường Tô Hiệu, Quận Lê Chân, TP. Hải Phòng",Hải Phòng,3690000,510000,30000,3720000,COD,PAID,DELIVERED,2025-08-27T11:01:44,2025-08-27T11:30:44,2025-08-27T13:01:44,2025-08-28T14:01:44,
ORD-250718-0360,CUST-0212,Lý Diệu Hoa,0839353875,"190 Đường Hùng Vương, Quận Thanh Khê, TP. Đà Nẵng",Đà Nẵng,29180000,3320000,0,29180000,COD,PAID,DELIVERED,2025-07-18T19:17:45,2025-07-18T19:39:45,2025-07-19T03:17:45,2025-07-20T00:17:45,
ORD-251109-0361,CUST-0448,Hồ Linh Nhi,0771255213,"354 Đường Trần Duy Hưng, Quận Nam Từ Liêm, TP. Hà Nội",Hà Nội,13490000,1510000,0,13490000,COD,PAID,DELIVERED,2025-11-09T18:50:14,2025-11-09T19:18:14,2025-11-10T10:50:14,2025-11-11T22:50:14,
ORD-250910-0362,CUST-0372,Hồ Quốc Trung,0389392906,"548 Đường Tô Hiệu, Quận Hồng Bàng, TP. Hải Phòng",Hải Phòng,990000,210000,30000,1020000,COD,PAID,DELIVERED,2025-09-10T12:40:22,2025-09-10T13:03:22,2025-09-10T18:40:22,2025-09-13T15:40:22,
ORD-251110-0363,CUST-0185,Lê Diệu Vân,0851994101,"344 Đường Đại lộ Hòa Bình, Quận Ninh Kiều, TP. Cần Thơ",Cần Thơ,1890000,310000,30000,1920000,BANK_TRANSFER,PAID,DELIVERED,2025-11-10T11:08:21,2025-11-10T11:23:21,2025-11-10T14:08:21,2025-11-12T15:08:21,
ORD-251227-0364,CUST-0307,Nguyễn Hồng Hạnh,0933884879,"390 Đường Nguyễn Trãi, Quận Hoàn Kiếm, TP. Hà Nội",Hà Nội,16490000,2010000,0,16490000,COD,PAID,DELIVERED,2025-12-27T20:10:54,2025-12-27T20:41:54,2025-12-28T01:10:54,2025-12-31T00:10:54,
ORD-260617-0365,CUST-0295,Trần Thảo Phương,0857899405,"18 Đường Lạch Tray, Quận Lê Chân, TP. Hải Phòng",Hải Phòng,6780000,1020000,0,6780000,BANK_TRANSFER,PENDING,PENDING,2026-06-17T16:10:47,,,,
ORD-251210-0366,CUST-0409,Dương Quốc Việt,0860496391,"73 Đường Lê Hồng Phong, Quận Ngô Quyền, TP. Hải Phòng",Hải Phòng,5490000,510000,0,5490000,CREDIT_CARD,PAID,DELIVERED,2025-12-10T14:42:52,2025-12-10T15:01:52,2025-12-11T06:42:52,2025-12-11T19:42:52,
ORD-251009-0367,CUST-0367,Ngô Linh Chi,0982005436,"111 Đường Lê Duẩn, Quận Ngũ Hành Sơn, TP. Đà Nẵng",Đà Nẵng,16490000,2010000,0,16490000,COD,PAID,DELIVERED,2025-10-09T08:19:15,2025-10-09T08:36:15,2025-10-09T10:19:15,2025-10-10T08:19:15,
ORD-250706-0368,CUST-0096,Hoàng Trúc Hoa,0855415667,"514 Đường Võ Nguyên Giáp, Quận Thanh Khê, TP. Đà Nẵng",Đà Nẵng,12990000,2010000,0,12990000,BANK_TRANSFER,PAID,DELIVERED,2025-07-06T11:07:27,2025-07-06T11:33:27,2025-07-07T01:07:27,2025-07-08T12:07:27,
ORD-250820-0369,CUST-0302,Trần Lâm Trung,0976613906,"158 Đường Trần Hưng Đạo, Quận Hải Châu, TP. Đà Nẵng",Đà Nẵng,10680000,1320000,0,10680000,VNPAY,PAID,DELIVERED,2025-08-20T15:02:31,2025-08-20T15:31:31,2025-08-20T20:02:31,2025-08-22T20:02:31,
ORD-251207-0370,CUST-0014,Lý Diệu Trang,0384746872,"67 Đường Lê Duẩn, Quận Thanh Khê, TP. Đà Nẵng",Đà Nẵng,15990000,2010000,0,15990000,VNPAY,PAID,DELIVERED,2025-12-07T15:57:05,2025-12-07T16:42:05,2025-12-07T20:57:05,2025-12-09T18:57:05,
ORD-251022-0371,CUST-0310,Vũ Văn Hoàng,0855543840,"291 Đường Lê Duẩn, Quận Ngũ Hành Sơn, TP. Đà Nẵng",Đà Nẵng,6490000,1010000,0,6490000,COD,PAID,DELIVERED,2025-10-22T12:49:45,2025-10-22T13:02:45,2025-10-22T14:49:45,2025-10-25T15:49:45,
ORD-260130-0372,CUST-0238,Lê Thành Khánh,0916064842,"163 Đường Võ Văn Tần, Quận Tân Bình, TP. Hồ Chí Minh",Hồ Chí Minh,2190000,310000,30000,2220000,BANK_TRANSFER,PAID,DELIVERED,2026-01-30T13:59:34,2026-01-30T14:35:34,2026-01-30T20:59:34,2026-02-01T15:59:34,
ORD-250816-0373,CUST-0149,Bùi Minh Anh,0866519398,"219 Đường Tô Hiệu, Quận Hồng Bàng, TP. Hải Phòng",Hải Phòng,6680000,1020000,0,6680000,COD,PAID,DELIVERED,2025-08-16T09:09:53,2025-08-16T09:25:53,2025-08-16T23:09:53,2025-08-17T11:09:53,
ORD-251010-0374,CUST-0433,Trần Quỳnh Hương,0381032664,"447 Đường Võ Văn Tần, Quận Gò Vấp, TP. Hồ Chí Minh",Hồ Chí Minh,5280000,720000,0,5280000,CREDIT_CARD,PAID,DELIVERED,2025-10-10T14:44:58,2025-10-10T15:27:58,2025-10-10T16:44:58,2025-10-12T17:44:58,
ORD-250629-0375,CUST-0460,Phan Ngọc Bách,0861209481,"59 Đường Trần Hưng Đạo, Quận Hồng Bàng, TP. Hải Phòng",Hải Phòng,16280000,2020000,0,16280000,COD,PAID,DELIVERED,2025-06-29T16:26:30,2025-06-29T16:36:30,2025-06-30T02:26:30,2025-07-02T18:26:30,
ORD-260607-0376,CUST-0062,Ngô Mai Mai,0771236851,"470 Đường Lê Lợi, Quận Gò Vấp, TP. Hồ Chí Minh",Hồ Chí Minh,12990000,1510000,0,12990000,COD,PAID,DELIVERED,2026-06-07T16:42:12,2026-06-07T16:58:12,2026-06-08T07:42:12,2026-06-08T20:42:12,
ORD-260117-0377,CUST-0076,Phan Khánh Trinh,0778403690,"145 Đường Bà Triệu, Quận Đống Đa, TP. Hà Nội",Hà Nội,24480000,3020000,0,24480000,COD,PAID,DELIVERED,2026-01-17T18:00:23,2026-01-17T18:38:23,2026-01-17T20:00:23,2026-01-19T19:00:23,
ORD-251017-0378,CUST-0097,Hoàng Thành Khoa,0916928451,"461 Đường Trần Hưng Đạo, Quận Sơn Trà, TP. Đà Nẵng",Đà Nẵng,3690000,510000,30000,3720000,VNPAY,PAID,DELIVERED,2025-10-17T10:35:40,2025-10-17T10:49:40,2025-10-17T14:35:40,2025-10-19T14:35:40,
ORD-260327-0379,CUST-0290,Nguyễn Duy Kiệt,0832513271,"66 Đường Lạch Tray, Quận Ngô Quyền, TP. Hải Phòng",Hải Phòng,2190000,310000,30000,2220000,VNPAY,PAID,DELIVERED,2026-03-27T19:53:40,2026-03-27T20:00:40,2026-03-28T07:53:40,2026-03-29T19:53:40,
ORD-251101-0380,CUST-0201,Vũ Thành Dũng,0799899217,"134 Đường Bà Triệu, Quận Thanh Xuân, TP. Hà Nội",Hà Nội,7980000,1320000,0,7980000,BANK_TRANSFER,PAID,DELIVERED,2025-11-01T21:47:58,2025-11-01T22:32:58,2025-11-02T04:47:58,2025-11-03T01:47:58,
ORD-250905-0381,CUST-0308,Nguyễn Thị Ngọc,0939407016,"304 Đường Lê Duẩn, Quận Hải Châu, TP. Đà Nẵng",Đà Nẵng,1890000,310000,30000,1920000,BANK_TRANSFER,PAID,DELIVERED,2025-09-05T21:09:49,2025-09-05T21:35:49,2025-09-06T08:09:49,2025-09-09T01:09:49,
ORD-251204-0382,CUST-0438,Bùi Minh Hải,0932194168,"18 Đường Lê Lợi, Thành phố Thủ Đức, TP. Hồ Chí Minh",Hồ Chí Minh,9490000,1510000,0,9490000,VNPAY,PAID,DELIVERED,2025-12-04T21:37:44,2025-12-04T21:50:44,2025-12-05T14:37:44,2025-12-06T21:37:44,
ORD-250928-0383,CUST-0273,Võ Thị Trang,0853691559,"247 Đường Kim Mã, Quận Ba Đình, TP. Hà Nội",Hà Nội,9490000,1510000,0,9490000,COD,PAID,DELIVERED,2025-09-28T08:40:17,2025-09-28T09:05:17,2025-09-28T17:40:17,2025-10-01T09:40:17,
ORD-251230-0384,CUST-0099,Nguyễn Phương Vân,0976909275,"547 Đường Mậu Thân, Quận Ninh Kiều, TP. Cần Thơ",Cần Thơ,6490000,1010000,0,6490000,COD,PAID,DELIVERED,2025-12-30T14:16:38,2025-12-30T14:39:38,2025-12-30T22:16:38,2026-01-02T19:16:38,
ORD-260106-0385,CUST-0284,Vũ Hoàng Anh,0932663416,"296 Đường Kim Mã, Quận Ba Đình, TP. Hà Nội",Hà Nội,7480000,920000,0,7480000,BANK_TRANSFER,PAID,DELIVERED,2026-01-06T15:33:11,2026-01-06T16:18:11,2026-01-07T03:33:11,2026-01-07T20:33:11,
ORD-260406-0386,CUST-0368,Lê Thị Chi,0791137995,"240 Đường Tràng Tiền, Quận Hoàn Kiếm, TP. Hà Nội",Hà Nội,12990000,1510000,0,12990000,VNPAY,PAID,DELIVERED,2026-04-06T08:07:24,2026-04-06T08:28:24,2026-04-07T01:07:24,2026-04-08T12:07:24,
ORD-250902-0387,CUST-0262,Vũ Đình Huy,0796959463,"188 Đường Tô Hiệu, Quận Lê Chân, TP. Hải Phòng",Hải Phòng,6990000,810000,0,6990000,COD,PAID,DELIVERED,2025-09-02T11:27:40,2025-09-02T11:39:40,2025-09-02T17:27:40,2025-09-03T11:27:40,
ORD-260515-0388,CUST-0022,Ngô Lâm Phong,0862160733,"233 Đường Nguyễn Văn Linh, Quận Sơn Trà, TP. Đà Nẵng",Đà Nẵng,3290000,510000,30000,3320000,MOMO,PAID,DELIVERED,2026-05-15T16:17:08,2026-05-15T16:58:08,2026-05-15T19:17:08,2026-05-16T16:17:08,
ORD-260129-0389,CUST-0369,Phạm Hồng Trúc,0936317970,"187 Đường Trần Duy Hưng, Quận Thanh Xuân, TP. Hà Nội",Hà Nội,12990000,1510000,0,12990000,COD,PAID,DELIVERED,2026-01-29T11:14:39,2026-01-29T11:20:39,2026-01-29T23:14:39,2026-01-30T12:14:39,
ORD-250915-0390,CUST-0105,Trần Đức Tùng,0832299590,"220 Đường Phan Đăng Lưu, Quận 1, TP. Hồ Chí Minh",Hồ Chí Minh,4490000,710000,30000,4520000,COD,PAID,DELIVERED,2025-09-15T22:05:36,2025-09-15T22:36:36,2025-09-16T07:05:36,2025-09-17T01:05:36,
ORD-260227-0391,CUST-0470,Trần Phương Yến,0903045319,"510 Đường Nguyễn Văn Linh, Quận Thanh Khê, TP. Đà Nẵng",Đà Nẵng,3390000,410000,30000,3420000,COD,PAID,DELIVERED,2026-02-27T00:42:19,2026-02-27T00:52:19,2026-02-27T15:42:19,2026-03-02T03:42:19,
ORD-250809-0392,CUST-0436,Đỗ Quốc Khánh,0384908108,"101 Đường Tô Hiệu, Quận Ngô Quyền, TP. Hải Phòng",Hải Phòng,7780000,1220000,0,7780000,BANK_TRANSFER,PAID,DELIVERED,2025-08-09T03:48:17,2025-08-09T04:13:17,2025-08-09T05:48:17,2025-08-11T07:48:17,
ORD-250624-0393,CUST-0074,Dương Thảo Phương,0912018366,"324 Đường Trần Hưng Đạo, Quận Thanh Khê, TP. Đà Nẵng",Đà Nẵng,29480000,4020000,0,29480000,COD,PAID,DELIVERED,2025-06-24T20:43:24,2025-06-24T21:05:24,2025-06-25T05:43:24,2025-06-27T22:43:24,
ORD-250904-0394,CUST-0492,Võ Vy Hạnh,0777515366,"388 Đường Đại lộ Hòa Bình, Quận Cái Răng, TP. Cần Thơ",Cần Thơ,3990000,510000,30000,4020000,COD,PAID,DELIVERED,2025-09-04T18:28:45,2025-09-04T19:04:45,2025-09-05T09:28:45,2025-09-07T21:28:45,
ORD-260209-0395,CUST-0224,Lý Minh Trung,0981667467,"65 Đường Chùa Bộc, Quận Cầu Giấy, TP. Hà Nội",Hà Nội,22990000,2010000,0,22990000,BANK_TRANSFER,PAID,DELIVERED,2026-02-09T11:58:16,2026-02-09T12:41:16,2026-02-10T05:58:16,2026-02-10T11:58:16,
ORD-260222-0396,CUST-0025,Bùi Ngọc Ngọc,0794656482,"183 Đường Trần Văn Khéo, Quận Bình Thủy, TP. Cần Thơ",Cần Thơ,2190000,310000,30000,2220000,MOMO,PAID,DELIVERED,2026-02-22T22:05:39,2026-02-22T22:38:39,2026-02-23T04:05:39,2026-02-24T23:05:39,
ORD-260316-0397,CUST-0446,Nguyễn Minh Khoa,0919318374,"278 Đường Hùng Vương, Quận Hải Châu, TP. Đà Nẵng",Đà Nẵng,22480000,3020000,0,22480000,BANK_TRANSFER,PAID,DELIVERED,2026-03-16T12:33:04,2026-03-16T12:49:04,2026-03-16T23:33:04,2026-03-19T15:33:04,
ORD-250620-0398,CUST-0309,Phạm Quang Nam,0977981238,"547 Đường Điện Biên Phủ, Quận 1, TP. Hồ Chí Minh",Hồ Chí Minh,11490000,1510000,0,11490000,BANK_TRANSFER,PAID,DELIVERED,2025-06-20T20:17:52,2025-06-20T20:45:52,2025-06-21T03:17:52,2025-06-22T00:17:52,
ORD-260615-0399,CUST-0403,Phạm Linh Chi,0794858800,"458 Đường Trần Văn Khéo, Quận Cái Răng, TP. Cần Thơ",Cần Thơ,1490000,310000,30000,1520000,COD,PAID,DELIVERED,2026-06-15T10:17:32,2026-06-15T10:32:32,2026-06-15T13:17:32,2026-06-17T11:17:32,
ORD-250830-0400,CUST-0442,Hồ Thành Duy,0860767899,"545 Đường Đại lộ Hòa Bình, Quận Ninh Kiều, TP. Cần Thơ",Cần Thơ,3490000,410000,30000,3520000,BANK_TRANSFER,PAID,DELIVERED,2025-08-30T15:29:11,2025-08-30T15:36:11,2025-08-30T19:29:11,2025-09-01T16:29:11,
ORD-251129-0401,CUST-0271,Lý Thảo Chi,0830807595,"192 Đường Tô Hiệu, Quận Ngô Quyền, TP. Hải Phòng",Hải Phòng,9490000,1510000,0,9490000,VNPAY,PAID,DELIVERED,2025-11-29T19:56:33,2025-11-29T20:26:33,2025-11-30T05:56:33,2025-12-02T22:56:33,
ORD-260601-0402,CUST-0065,Bùi Khánh Hoa,0973773515,"287 Đường Võ Nguyên Giáp, Quận Hải Châu, TP. Đà Nẵng",Đà Nẵng,14980000,2020000,0,14980000,COD,PAID,DELIVERED,2026-06-01T17:23:53,2026-06-01T17:29:53,2026-06-02T05:23:53,2026-06-03T18:23:53,
ORD-250821-0403,CUST-0231,Trần Phương Giang,0916373516,"473 Đường Tô Hiệu, Quận Hồng Bàng, TP. Hải Phòng",Hải Phòng,7180000,920000,0,7180000,COD,PAID,DELIVERED,2025-08-21T19:41:50,2025-08-21T20:14:50,2025-08-22T05:41:50,2025-08-23T22:41:50,
ORD-260524-0404,CUST-0238,Lê Thành Khánh,0916064842,"163 Đường Võ Văn Tần, Quận Tân Bình, TP. Hồ Chí Minh",Hồ Chí Minh,14480000,1720000,0,14480000,MOMO,PAID,DELIVERED,2026-05-24T09:40:59,2026-05-24T10:12:59,2026-05-24T13:40:59,2026-05-27T11:40:59,
ORD-251017-0405,CUST-0479,Nguyễn Vy Trúc,0795498227,"382 Đường Lê Hồng Phong, Quận Ngô Quyền, TP. Hải Phòng",Hải Phòng,6990000,810000,0,6990000,BANK_TRANSFER,PAID,DELIVERED,2025-10-17T12:19:59,2025-10-17T12:41:59,2025-10-17T15:19:59,2025-10-18T16:19:59,
ORD-251230-0406,CUST-0191,Bùi Thu Chi,0905932525,"118 Đường 3 Tháng 2, Quận 10, TP. Hồ Chí Minh",Hồ Chí Minh,14480000,1720000,0,14480000,MOMO,PAID,DELIVERED,2025-12-30T15:39:20,2025-12-30T16:15:20,2025-12-31T06:39:20,2026-01-02T15:39:20,
ORD-251208-0407,CUST-0260,Đặng Thị Nhi,0383765991,"243 Đường Trần Duy Hưng, Quận Đống Đa, TP. Hà Nội",Hà Nội,3690000,510000,30000,3720000,COD,PAID,DELIVERED,2025-12-08T18:46:46,2025-12-08T19:30:46,2025-12-09T08:46:46,2025-12-10T21:46:46,
ORD-250902-0408,CUST-0156,Lê Phương Yến,0914785969,"365 Đường Lê Hồng Phong, Quận Hồng Bàng, TP. Hải Phòng",Hải Phòng,7680000,1020000,0,7680000,VNPAY,PAID,DELIVERED,2025-09-02T22:00:04,2025-09-02T22:19:04,2025-09-03T14:00:04,2025-09-04T03:00:04,
ORD-251211-0409,CUST-0316,Bùi Hoàng Trung,0389998808,"256 Đường Đại lộ Hòa Bình, Quận Cái Răng, TP. Cần Thơ",Cần Thơ,2290000,310000,30000,2320000,COD,PAID,DELIVERED,2025-12-11T22:16:36,2025-12-11T22:30:36,2025-12-12T16:16:36,2025-12-15T00:16:36,
ORD-260131-0410,CUST-0116,Phạm Đình Việt,0937575844,"409 Đường Tô Hiệu, Quận Lê Chân, TP. Hải Phòng",Hải Phòng,2490000,310000,30000,2520000,VNPAY,PAID,DELIVERED,2026-01-31T15:31:46,2026-01-31T15:42:46,2026-01-31T21:31:46,2026-02-03T16:31:46,
ORD-260212-0411,CUST-0451,Vũ Thành Duy,0865504892,"457 Đường Mậu Thân, Quận Cái Răng, TP. Cần Thơ",Cần Thơ,5490000,510000,0,5490000,BANK_TRANSFER,PAID,DELIVERED,2026-02-12T10:06:44,2026-02-12T10:32:44,2026-02-12T21:06:44,2026-02-13T11:06:44,
ORD-250715-0412,CUST-0486,Dương Thu Trinh,0773179128,"536 Đường Tô Hiệu, Quận Ngô Quyền, TP. Hải Phòng",Hải Phòng,3690000,510000,30000,3720000,CREDIT_CARD,PAID,DELIVERED,2025-07-15T12:56:03,2025-07-15T13:22:03,2025-07-16T01:56:03,2025-07-16T14:56:03,
ORD-251129-0413,CUST-0476,Nguyễn Hoàng Trung,0912070496,"306 Đường Nguyễn Thị Minh Khai, Quận 1, TP. Hồ Chí Minh",Hồ Chí Minh,7780000,1220000,0,7780000,BANK_TRANSFER,PAID,DELIVERED,2025-11-29T14:54:15,2025-11-29T15:36:15,2025-11-30T04:54:15,2025-11-30T14:54:15,
ORD-260524-0414,CUST-0253,Phạm Phương Nhi,0976770051,"274 Đường Lê Hồng Phong, Quận Lê Chân, TP. Hải Phòng",Hải Phòng,4490000,510000,30000,4520000,COD,PAID,DELIVERED,2026-05-24T10:08:18,2026-05-24T10:23:18,2026-05-24T21:08:18,2026-05-26T10:08:18,
ORD-251201-0415,CUST-0043,Nguyễn Linh Mai,0916719022,"126 Đường Nguyễn Văn Linh, Quận Hải Châu, TP. Đà Nẵng",Đà Nẵng,7880000,820000,0,7880000,COD,PAID,DELIVERED,2025-12-01T15:17:37,2025-12-01T15:26:37,2025-12-02T07:17:37,2025-12-04T17:17:37,
ORD-250702-0416,CUST-0115,Phạm Ngọc Kiệt,0796527858,"257 Đường Nguyễn Văn Linh, Quận Ngũ Hành Sơn, TP. Đà Nẵng",Đà Nẵng,5580000,720000,0,5580000,BANK_TRANSFER,PAID,DELIVERED,2025-07-02T14:21:42,2025-07-02T14:44:42,2025-07-03T04:21:42,2025-07-04T15:21:42,
ORD-251026-0417,CUST-0124,Ngô Ngọc Sơn,0939187851,"158 Đường Điện Biên Phủ, Quận 1, TP. Hồ Chí Minh",Hồ Chí Minh,3690000,510000,30000,3720000,BANK_TRANSFER,PAID,DELIVERED,2025-10-26T10:05:03,2025-10-26T10:19:03,2025-10-26T14:05:03,2025-10-28T12:05:03,
ORD-250910-0418,CUST-0123,Hoàng Thảo Nhi,0861459332,"430 Đường Tràng Tiền, Quận Hai Bà Trưng, TP. Hà Nội",Hà Nội,5490000,710000,0,5490000,COD,PAID,DELIVERED,2025-09-10T12:45:13,2025-09-10T13:12:13,2025-09-10T16:45:13,2025-09-11T12:45:13,
ORD-251128-0419,CUST-0200,Phạm Duy Dũng,0981158693,"246 Đường Tô Hiệu, Quận Ngô Quyền, TP. Hải Phòng",Hải Phòng,3290000,510000,30000,3320000,MOMO,PAID,DELIVERED,2025-11-28T21:28:08,2025-11-28T22:09:08,2025-11-29T04:28:08,2025-11-29T22:28:08,
ORD-251230-0420,CUST-0048,Đỗ Duy Tùng,0904902787,"508 Đường Tố Hữu, Quận Ba Đình, TP. Hà Nội",Hà Nội,26990000,3010000,0,26990000,BANK_TRANSFER,PAID,DELIVERED,2025-12-30T21:15:32,2025-12-30T21:20:32,2025-12-31T10:15:32,2026-01-02T23:15:32,
ORD-260618-0421,CUST-0173,Hồ Thảo Hạnh,0799241418,"405 Đường Tràng Tiền, Quận Ba Đình, TP. Hà Nội",Hà Nội,3780000,620000,30000,3810000,BANK_TRANSFER,PAID,DELIVERED,2026-06-18T19:32:12,2026-06-18T19:54:12,2026-06-19T13:32:12,2026-06-20T23:32:12,
ORD-250821-0422,CUST-0223,Dương Thị Ngọc,0975611002,"453 Đường Tràng Tiền, Quận Đống Đa, TP. Hà Nội",Hà Nội,10780000,1320000,0,10780000,BANK_TRANSFER,PAID,DELIVERED,2025-08-21T16:48:29,2025-08-21T16:57:29,2025-08-22T09:48:29,2025-08-23T19:48:29,
ORD-260204-0423,CUST-0231,Trần Phương Giang,0916373516,"473 Đường Tô Hiệu, Quận Hồng Bàng, TP. Hải Phòng",Hải Phòng,4680000,620000,30000,4710000,COD,PAID,DELIVERED,2026-02-04T17:02:52,2026-02-04T17:21:52,2026-02-04T20:02:52,2026-02-05T20:02:52,
ORD-260130-0424,CUST-0411,Dương Linh Giang,0857489690,"159 Đường Mậu Thân, Quận Ninh Kiều, TP. Cần Thơ",Cần Thơ,2490000,410000,30000,2520000,VNPAY,PAID,DELIVERED,2026-01-30T21:26:01,2026-01-30T21:34:01,2026-01-31T14:26:01,2026-02-02T22:26:01,
ORD-251202-0425,CUST-0148,Ngô Anh Trung,0389245937,"303 Đường Tràng Tiền, Quận Hai Bà Trưng, TP. Hà Nội",Hà Nội,19280000,2520000,0,19280000,COD,PAID,DELIVERED,2025-12-02T12:34:41,2025-12-02T13:09:41,2025-12-02T14:34:41,2025-12-03T13:34:41,
ORD-260208-0426,CUST-0344,Hồ Ngọc Khoa,0981267969,"465 Đường Trần Văn Khéo, Quận Bình Thủy, TP. Cần Thơ",Cần Thơ,11980000,1320000,0,11980000,BANK_TRANSFER,PAID,DELIVERED,2026-02-08T21:13:46,2026-02-08T21:53:46,2026-02-09T01:13:46,2026-02-09T22:13:46,
ORD-251229-0427,CUST-0399,Hoàng Hoàng Sơn,0917520716,"127 Đường Lạch Tray, Quận Lê Chân, TP. Hải Phòng",Hải Phòng,2190000,310000,30000,2220000,COD,PAID,DELIVERED,2025-12-29T19:49:34,2025-12-29T19:59:34,2025-12-30T08:49:34,2025-12-30T21:49:34,
ORD-260211-0428,CUST-0280,Trần Linh Hạnh,0900681149,"239 Đường Phan Đăng Lưu, Thành phố Thủ Đức, TP. Hồ Chí Minh",Hồ Chí Minh,6890000,610000,0,6890000,COD,PAID,DELIVERED,2026-02-11T21:39:51,2026-02-11T22:17:51,2026-02-12T05:39:51,2026-02-14T02:39:51,
ORD-251202-0429,CUST-0437,Phan Ngọc Nhi,0901722601,"470 Đường Hùng Vương, Quận Sơn Trà, TP. Đà Nẵng",Đà Nẵng,16490000,2010000,0,16490000,BANK_TRANSFER,PAID,DELIVERED,2025-12-02T14:51:32,2025-12-02T15:26:32,2025-12-02T18:51:32,2025-12-05T15:51:32,
ORD-251028-0430,CUST-0286,Đặng Ngọc Ngọc,0862703120,"324 Đường Tố Hữu, Quận Đống Đa, TP. Hà Nội",Hà Nội,30380000,3420000,0,30380000,COD,PAID,DELIVERED,2025-10-28T17:12:57,2025-10-28T17:40:57,2025-10-29T05:12:57,2025-10-30T22:12:57,
ORD-250905-0431,CUST-0069,Nguyễn Hoàng Khoa,0851771159,"337 Đường Phan Đăng Lưu, Quận 10, TP. Hồ Chí Minh",Hồ Chí Minh,2290000,310000,30000,2320000,VNPAY,PAID,DELIVERED,2025-09-05T17:30:31,2025-09-05T18:15:31,2025-09-06T05:30:31,2025-09-06T19:30:31,
ORD-251207-0432,CUST-0151,Đặng Mai Hạnh,0831135290,"113 Đường Trần Văn Khéo, Quận Cái Răng, TP. Cần Thơ",Cần Thơ,990000,210000,30000,1020000,COD,PAID,DELIVERED,2025-12-07T12:54:26,2025-12-07T13:18:26,2025-12-08T03:54:26,2025-12-08T12:54:26,
ORD-250620-0433,CUST-0095,Trần Anh Dũng,0863030548,"42 Đường Lê Hồng Phong, Quận Ngô Quyền, TP. Hải Phòng",Hải Phòng,990000,210000,30000,1020000,CREDIT_CARD,PAID,DELIVERED,2025-06-20T09:33:38,2025-06-20T09:59:38,2025-06-20T21:33:38,2025-06-21T10:33:38,
ORD-260510-0434,CUST-0410,Võ Mai Lan,0854846853,"189 Đường Trần Văn Khéo, Quận Cái Răng, TP. Cần Thơ",Cần Thơ,15990000,2010000,0,15990000,BANK_TRANSFER,PAID,DELIVERED,2026-05-10T12:53:48,2026-05-10T13:34:48,2026-05-10T23:53:48,2026-05-13T17:53:48,
ORD-260530-0435,CUST-0386,Hồ Đức Tùng,0831234785,"11 Đường Lạch Tray, Quận Ngô Quyền, TP. Hải Phòng",Hải Phòng,17480000,2020000,0,17480000,MOMO,PAID,DELIVERED,2026-05-30T21:05:42,2026-05-30T21:47:42,2026-05-30T23:05:42,2026-06-01T00:05:42,
ORD-260213-0436,CUST-0136,Hoàng Mai Hương,0389378547,"365 Đường Mậu Thân, Quận Cái Răng, TP. Cần Thơ",Cần Thơ,2490000,410000,30000,2520000,BANK_TRANSFER,PAID,DELIVERED,2026-02-13T10:41:58,2026-02-13T10:54:58,2026-02-13T17:41:58,2026-02-16T15:41:58,
ORD-260131-0437,CUST-0003,Trần Ngọc Long,0979310341,"469 Đường Phan Đăng Lưu, Thành phố Thủ Đức, TP. Hồ Chí Minh",Hồ Chí Minh,13490000,1510000,0,13490000,BANK_TRANSFER,PAID,DELIVERED,2026-01-31T19:53:12,2026-01-31T20:22:12,2026-02-01T03:53:12,2026-02-03T21:53:12,
ORD-250821-0438,CUST-0499,Vũ Lâm Hải,0383296762,"49 Đường Tô Hiệu, Quận Hồng Bàng, TP. Hải Phòng",Hải Phòng,5490000,510000,0,5490000,BANK_TRANSFER,PAID,DELIVERED,2025-08-21T16:17:15,2025-08-21T16:22:15,2025-08-21T21:17:15,2025-08-23T20:17:15,
ORD-250711-0439,CUST-0354,Nguyễn Ngọc Sơn,0831119269,"306 Đường Phan Đăng Lưu, Quận 10, TP. Hồ Chí Minh",Hồ Chí Minh,6890000,610000,0,6890000,COD,PAID,DELIVERED,2025-07-11T18:14:15,2025-07-11T18:32:15,2025-07-12T04:14:15,2025-07-12T22:14:15,
ORD-251227-0440,CUST-0368,Lê Thị Chi,0791137995,"240 Đường Tràng Tiền, Quận Hoàn Kiếm, TP. Hà Nội",Hà Nội,3490000,410000,30000,3520000,COD,CANCELLED,CANCELLED,2025-12-27T09:46:41,2025-12-27T10:24:41,,,2025-12-28T07:46:41
ORD-251104-0441,CUST-0141,Đỗ Duy Nam,0790339740,"327 Đường Nguyễn Văn Linh, Quận Hải Châu, TP. Đà Nẵng",Đà Nẵng,1490000,310000,30000,1520000,BANK_TRANSFER,PAID,DELIVERED,2025-11-04T21:09:13,2025-11-04T21:45:13,2025-11-05T14:09:13,2025-11-07T00:09:13,
ORD-251025-0442,CUST-0222,Phan Thị Lan,0919721811,"275 Đường Kim Mã, Quận Hai Bà Trưng, TP. Hà Nội",Hà Nội,4990000,510000,30000,5020000,COD,PAID,DELIVERED,2025-10-25T20:53:03,2025-10-25T21:16:03,2025-10-26T02:53:03,2025-10-27T22:53:03,
ORD-250921-0443,CUST-0243,Nguyễn Mai Hoa,0911024819,"466 Đường Võ Nguyên Giáp, Quận Ngũ Hành Sơn, TP. Đà Nẵng",Đà Nẵng,28880000,3320000,0,28880000,MOMO,PAID,DELIVERED,2025-09-21T15:19:41,2025-09-21T15:41:41,2025-09-21T22:19:41,2025-09-23T16:19:41,
ORD-251014-0444,CUST-0331,Ngô Phương Lan,0778078235,"151 Đường Lê Hồng Phong, Quận Ngô Quyền, TP. Hải Phòng",Hải Phòng,11490000,1510000,0,11490000,COD,PAID,DELIVERED,2025-10-14T23:35:32,2025-10-14T23:56:32,2025-10-15T04:35:32,2025-10-17T04:35:32,
ORD-251125-0445,CUST-0383,Ngô Anh Trung,0917028140,"370 Đường Tô Hiệu, Quận Hồng Bàng, TP. Hải Phòng",Hải Phòng,7180000,820000,0,7180000,VNPAY,PAID,DELIVERED,2025-11-25T16:56:06,2025-11-25T17:36:06,2025-11-26T10:56:06,2025-11-26T21:56:06,
ORD-251117-0446,CUST-0168,Dương Diệu Vy,0771361115,"141 Đường Võ Nguyên Giáp, Quận Thanh Khê, TP. Đà Nẵng",Đà Nẵng,6580000,1020000,0,6580000,VNPAY,PAID,DELIVERED,2025-11-17T00:12:11,2025-11-17T00:54:11,2025-11-17T08:12:11,2025-11-20T03:12:11,
ORD-251207-0447,CUST-0050,Dương Văn Duy,0776038597,"278 Đường Mậu Thân, Quận Ninh Kiều, TP. Cần Thơ",Cần Thơ,6780000,820000,0,6780000,COD,PAID,DELIVERED,2025-12-07T10:15:20,2025-12-07T10:41:20,2025-12-08T03:15:20,2025-12-08T13:15:20,
ORD-260410-0448,CUST-0290,Nguyễn Duy Kiệt,0832513271,"66 Đường Lạch Tray, Quận Ngô Quyền, TP. Hải Phòng",Hải Phòng,6990000,810000,0,6990000,CREDIT_CARD,PAID,DELIVERED,2026-04-10T21:13:29,2026-04-10T21:46:29,2026-04-11T03:13:29,2026-04-12T02:13:29,
ORD-260601-0449,CUST-0050,Dương Văn Duy,0776038597,"278 Đường Mậu Thân, Quận Ninh Kiều, TP. Cần Thơ",Cần Thơ,2490000,310000,30000,2520000,MOMO,PAID,DELIVERED,2026-06-01T22:26:07,2026-06-01T22:36:07,2026-06-02T10:26:07,2026-06-03T02:26:07,
ORD-250817-0450,CUST-0406,Ngô Minh Anh,0916556503,"91 Đường Kim Mã, Quận Hoàn Kiếm, TP. Hà Nội",Hà Nội,6180000,1020000,0,6180000,VNPAY,PAID,DELIVERED,2025-08-17T17:48:15,2025-08-17T17:53:15,2025-08-18T10:48:15,2025-08-18T20:48:15,
ORD-250829-0451,CUST-0118,Phạm Văn Nam,0385712082,"299 Đường Mậu Thân, Quận Cái Răng, TP. Cần Thơ",Cần Thơ,12990000,1510000,0,12990000,COD,PAID,DELIVERED,2025-08-29T14:22:59,2025-08-29T14:33:59,2025-08-29T16:22:59,2025-09-01T16:22:59,
ORD-260310-0452,CUST-0120,Bùi Mai Ngọc,0778872874,"268 Đường Trần Duy Hưng, Quận Hoàn Kiếm, TP. Hà Nội",Hà Nội,9480000,1220000,0,9480000,MOMO,PAID,DELIVERED,2026-03-10T15:42:28,2026-03-10T16:00:28,2026-03-11T04:42:28,2026-03-13T17:42:28,
ORD-260616-0453,CUST-0427,Nguyễn Đình Hải,0797572158,"325 Đường Xuân Thủy, Quận Đống Đa, TP. Hà Nội",Hà Nội,6990000,810000,0,6990000,COD,PENDING,PENDING,2026-06-16T07:11:43,,,,
ORD-251109-0454,CUST-0038,Phan Hữu Huy,0773799650,"222 Đường Võ Nguyên Giáp, Quận Thanh Khê, TP. Đà Nẵng",Đà Nẵng,990000,210000,30000,1020000,MOMO,PAID,DELIVERED,2025-11-09T20:17:45,2025-11-09T20:59:45,2025-11-10T08:17:45,2025-11-11T21:17:45,
ORD-251102-0455,CUST-0273,Võ Thị Trang,0853691559,"247 Đường Kim Mã, Quận Ba Đình, TP. Hà Nội",Hà Nội,11680000,1820000,0,11680000,BANK_TRANSFER,PAID,DELIVERED,2025-11-02T17:50:28,2025-11-02T17:56:28,2025-11-03T01:50:28,2025-11-04T19:50:28,
ORD-250826-0456,CUST-0448,Hồ Linh Nhi,0771255213,"354 Đường Trần Duy Hưng, Quận Nam Từ Liêm, TP. Hà Nội",Hà Nội,15780000,2220000,0,15780000,COD,PAID,DELIVERED,2025-08-26T18:57:03,2025-08-26T19:39:03,2025-08-27T00:57:03,2025-08-27T22:57:03,
ORD-250813-0457,CUST-0465,Vũ Văn Huy,0799138249,"387 Đường Trần Hưng Đạo, Quận Hồng Bàng, TP. Hải Phòng",Hải Phòng,5280000,920000,0,5280000,COD,PAID,DELIVERED,2025-08-13T08:34:35,2025-08-13T09:14:35,2025-08-13T14:34:35,2025-08-14T08:34:35,
ORD-250729-0458,CUST-0358,Võ Hồng Lan,0793067198,"61 Đường Võ Nguyên Giáp, Quận Sơn Trà, TP. Đà Nẵng",Đà Nẵng,3490000,410000,30000,3520000,BANK_TRANSFER,PAID,DELIVERED,2025-07-29T09:28:04,2025-07-29T09:54:04,2025-07-29T11:28:04,2025-07-30T09:28:04,
ORD-260604-0459,CUST-0442,Hồ Thành Duy,0860767899,"545 Đường Đại lộ Hòa Bình, Quận Ninh Kiều, TP. Cần Thơ",Cần Thơ,15990000,2010000,0,15990000,BANK_TRANSFER,PAID,DELIVERED,2026-06-04T10:47:51,2026-06-04T10:58:51,2026-06-05T02:47:51,2026-06-07T15:47:51,
ORD-260110-0460,CUST-0014,Lý Diệu Trang,0384746872,"67 Đường Lê Duẩn, Quận Thanh Khê, TP. Đà Nẵng",Đà Nẵng,2190000,310000,30000,2220000,BANK_TRANSFER,PAID,DELIVERED,2026-01-10T09:58:32,2026-01-10T10:12:32,2026-01-11T02:58:32,2026-01-12T12:58:32,
ORD-260123-0461,CUST-0078,Dương Diệu Trinh,0386416052,"95 Đường Nguyễn Văn Cừ, Quận Bình Thủy, TP. Cần Thơ",Cần Thơ,1890000,310000,30000,1920000,BANK_TRANSFER,PAID,DELIVERED,2026-01-23T20:20:24,2026-01-23T20:25:24,2026-01-24T06:20:24,2026-01-24T23:20:24,
ORD-251216-0462,CUST-0046,Trần Đình Tùng,0853618324,"319 Đường 3 Tháng 2, Quận 1, TP. Hồ Chí Minh",Hồ Chí Minh,3490000,410000,30000,3520000,VNPAY,PAID,DELIVERED,2025-12-16T11:09:25,2025-12-16T11:46:25,2025-12-16T20:09:25,2025-12-18T13:09:25,
ORD-251209-0463,CUST-0159,Võ Diệu Hạnh,0797676772,"304 Đường Trần Hưng Đạo, Quận Hồng Bàng, TP. Hải Phòng",Hải Phòng,16490000,2010000,0,16490000,BANK_TRANSFER,PAID,DELIVERED,2025-12-09T16:02:40,2025-12-09T16:46:40,2025-12-10T08:02:40,2025-12-12T18:02:40,
ORD-250804-0464,CUST-0396,Ngô Quốc Khánh,0831190833,"106 Đường Nguyễn Trãi, Quận Nam Từ Liêm, TP. Hà Nội",Hà Nội,6890000,610000,0,6890000,VNPAY,PAID,DELIVERED,2025-08-04T22:54:59,2025-08-04T23:06:59,2025-08-05T12:54:59,2025-08-07T02:54:59,
ORD-250922-0465,CUST-0469,Đỗ Thu Chi,0388118071,"401 Đường Nguyễn Văn Cừ, Quận Bình Thủy, TP. Cần Thơ",Cần Thơ,52990000,5010000,0,52990000,BANK_TRANSFER,PAID,DELIVERED,2025-09-22T11:46:16,2025-09-22T12:06:16,2025-09-23T05:46:16,2025-09-23T14:46:16,
ORD-250723-0466,CUST-0271,Lý Thảo Chi,0830807595,"192 Đường Tô Hiệu, Quận Ngô Quyền, TP. Hải Phòng",Hải Phòng,19480000,3020000,0,19480000,BANK_TRANSFER,PAID,DELIVERED,2025-07-23T11:09:43,2025-07-23T11:47:43,2025-07-23T22:09:43,2025-07-25T13:09:43,
ORD-250922-0467,CUST-0189,Đặng Vy Hương,0981334803,"185 Đường Mậu Thân, Quận Cái Răng, TP. Cần Thơ",Cần Thơ,14480000,2220000,0,14480000,CREDIT_CARD,PAID,DELIVERED,2025-09-22T09:49:16,2025-09-22T10:18:16,2025-09-22T16:49:16,2025-09-24T11:49:16,
ORD-250709-0468,CUST-0370,Võ Ngọc Hoàng,0863520904,"433 Đường Võ Văn Tần, Quận Phú Nhuận, TP. Hồ Chí Minh",Hồ Chí Minh,9980000,1320000,0,9980000,COD,PAID,DELIVERED,2025-07-09T16:11:18,2025-07-09T16:42:18,2025-07-10T02:11:18,2025-07-11T20:11:18,
ORD-260224-0469,CUST-0396,Ngô Quốc Khánh,0831190833,"106 Đường Nguyễn Trãi, Quận Nam Từ Liêm, TP. Hà Nội",Hà Nội,1890000,310000,30000,1920000,CREDIT_CARD,PAID,DELIVERED,2026-02-24T13:35:44,2026-02-24T14:09:44,2026-02-24T16:35:44,2026-02-27T18:35:44,
ORD-250727-0470,CUST-0352,Dương Thảo Thảo,0974414967,"537 Đường Bà Triệu, Quận Hoàn Kiếm, TP. Hà Nội",Hà Nội,4490000,510000,30000,4520000,BANK_TRANSFER,PAID,DELIVERED,2025-07-27T21:15:13,2025-07-27T21:57:13,2025-07-28T09:15:13,2025-07-30T21:15:13,
ORD-260504-0471,CUST-0414,Hồ Thị Hoa,0915941651,"517 Đường Xuân Thủy, Quận Thanh Xuân, TP. Hà Nội",Hà Nội,4290000,710000,30000,4320000,CREDIT_CARD,PAID,DELIVERED,2026-05-04T17:33:29,2026-05-04T17:53:29,2026-05-04T21:33:29,2026-05-07T22:33:29,
ORD-251124-0472,CUST-0069,Nguyễn Hoàng Khoa,0851771159,"337 Đường Phan Đăng Lưu, Quận 10, TP. Hồ Chí Minh",Hồ Chí Minh,6890000,610000,0,6890000,MOMO,PAID,DELIVERED,2025-11-24T23:02:56,2025-11-24T23:46:56,2025-11-25T17:02:56,2025-11-27T01:02:56,
ORD-250910-0473,CUST-0237,Đặng Hồng Thảo,0939735989,"186 Đường Trần Duy Hưng, Quận Đống Đa, TP. Hà Nội",Hà Nội,8490000,1010000,0,8490000,COD,CANCELLED,CANCELLED,2025-09-10T16:00:00,2025-09-10T16:11:00,,,2025-09-11T03:00:00
ORD-251119-0474,CUST-0399,Hoàng Hoàng Sơn,0917520716,"127 Đường Lạch Tray, Quận Lê Chân, TP. Hải Phòng",Hải Phòng,8990000,1510000,0,8990000,BANK_TRANSFER,PAID,DELIVERED,2025-11-19T09:38:33,2025-11-19T10:14:33,2025-11-19T19:38:33,2025-11-22T11:38:33,
ORD-251119-0475,CUST-0062,Ngô Mai Mai,0771236851,"470 Đường Lê Lợi, Quận Gò Vấp, TP. Hồ Chí Minh",Hồ Chí Minh,3990000,510000,30000,4020000,COD,PAID,DELIVERED,2025-11-19T21:43:13,2025-11-19T22:26:13,2025-11-20T01:43:13,2025-11-21T01:43:13,
ORD-260224-0476,CUST-0147,Vũ Trúc Lan,0974379937,"410 Đường Nguyễn Trãi, Quận Đống Đa, TP. Hà Nội",Hà Nội,9480000,1020000,0,9480000,VNPAY,PAID,DELIVERED,2026-02-24T16:21:53,2026-02-24T16:36:53,2026-02-25T00:21:53,2026-02-27T20:21:53,
ORD-251229-0477,CUST-0172,Phan Đức Kiệt,0910910430,"518 Đường Nguyễn Văn Cừ, Quận Bình Thủy, TP. Cần Thơ",Cần Thơ,4990000,510000,30000,5020000,BANK_TRANSFER,PAID,DELIVERED,2025-12-29T08:59:02,2025-12-29T09:06:02,2025-12-29T21:59:02,2026-01-01T08:59:02,
ORD-251112-0478,CUST-0122,Phan Văn Huy,0383745499,"68 Đường Nguyễn Văn Linh, Quận Sơn Trà, TP. Đà Nẵng",Đà Nẵng,3990000,510000,30000,4020000,VNPAY,PAID,DELIVERED,2025-11-12T20:02:33,2025-11-12T20:09:33,2025-11-13T04:02:33,2025-11-14T00:02:33,
ORD-251128-0479,CUST-0200,Phạm Duy Dũng,0981158693,"246 Đường Tô Hiệu, Quận Ngô Quyền, TP. Hải Phòng",Hải Phòng,5580000,820000,0,5580000,MOMO,PAID,DELIVERED,2025-11-28T08:55:48,2025-11-28T09:13:48,2025-11-28T13:55:48,2025-11-29T09:55:48,
ORD-250911-0480,CUST-0261,Hoàng Quang Khoa,0863009818,"423 Đường Tràng Tiền, Quận Hoàn Kiếm, TP. Hà Nội",Hà Nội,12990000,1510000,0,12990000,COD,PAID,DELIVERED,2025-09-11T16:31:40,2025-09-11T16:49:40,2025-09-12T10:31:40,2025-09-13T18:31:40,
ORD-260216-0481,CUST-0060,Hoàng Thảo Hoa,0837439533,"45 Đường Lê Duẩn, Quận Thanh Khê, TP. Đà Nẵng",Đà Nẵng,2290000,310000,30000,2320000,BANK_TRANSFER,PAID,DELIVERED,2026-02-16T16:50:33,2026-02-16T17:30:33,2026-02-17T10:50:33,2026-02-17T19:50:33,
ORD-251210-0482,CUST-0331,Ngô Phương Lan,0778078235,"151 Đường Lê Hồng Phong, Quận Ngô Quyền, TP. Hải Phòng",Hải Phòng,9490000,1510000,0,9490000,BANK_TRANSFER,PAID,DELIVERED,2025-12-10T09:06:42,2025-12-10T09:47:42,2025-12-10T13:06:42,2025-12-12T11:06:42,
ORD-251125-0483,CUST-0366,Phan Thu Hương,0931819588,"288 Đường Mậu Thân, Quận Bình Thủy, TP. Cần Thơ",Cần Thơ,1490000,310000,30000,1520000,BANK_TRANSFER,PAID,DELIVERED,2025-11-25T18:39:40,2025-11-25T19:22:40,2025-11-26T10:39:40,2025-11-26T22:39:40,
ORD-251214-0484,CUST-0402,Nguyễn Thị Lan,0770269524,"537 Đường Lạch Tray, Quận Hồng Bàng, TP. Hải Phòng",Hải Phòng,10980000,1320000,0,10980000,VNPAY,PAID,DELIVERED,2025-12-14T17:36:15,2025-12-14T18:00:15,2025-12-15T01:36:15,2025-12-15T18:36:15,
ORD-251111-0485,CUST-0398,Đặng Trúc Vân,0868015716,"459 Đường Nguyễn Văn Cừ, Quận Bình Thủy, TP. Cần Thơ",Cần Thơ,12990000,1510000,0,12990000,COD,PAID,DELIVERED,2025-11-11T16:03:26,2025-11-11T16:15:26,2025-11-12T08:03:26,2025-11-13T16:03:26,
ORD-260301-0486,CUST-0384,Bùi Duy Khánh,0934301871,"374 Đường Đại lộ Hòa Bình, Quận Cái Răng, TP. Cần Thơ",Cần Thơ,3490000,410000,30000,3520000,BANK_TRANSFER,PAID,DELIVERED,2026-03-01T22:46:14,2026-03-01T23:14:14,2026-03-02T07:46:14,2026-03-04T23:46:14,
ORD-260125-0487,CUST-0388,Lê Thảo Chi,0914627301,"497 Đường Nguyễn Văn Cừ, Quận Ninh Kiều, TP. Cần Thơ",Cần Thơ,3990000,510000,30000,4020000,COD,PAID,DELIVERED,2026-01-25T21:26:56,2026-01-25T22:06:56,2026-01-26T03:26:56,2026-01-28T01:26:56,
ORD-260203-0488,CUST-0347,Võ Linh Trinh,0976544209,"489 Đường Lê Duẩn, Quận Sơn Trà, TP. Đà Nẵng",Đà Nẵng,9380000,1020000,0,9380000,COD,PAID,DELIVERED,2026-02-03T16:36:24,2026-02-03T17:16:24,2026-02-04T09:36:24,2026-02-05T16:36:24,
ORD-250831-0489,CUST-0161,Hồ Lâm Phong,0860745171,"443 Đường Tràng Tiền, Quận Nam Từ Liêm, TP. Hà Nội",Hà Nội,12990000,2010000,0,12990000,COD,PAID,DELIVERED,2025-08-31T22:07:16,2025-08-31T22:31:16,2025-09-01T16:07:16,2025-09-03T03:07:16,
ORD-260225-0490,CUST-0427,Nguyễn Đình Hải,0797572158,"325 Đường Xuân Thủy, Quận Đống Đa, TP. Hà Nội",Hà Nội,6890000,610000,0,6890000,COD,CANCELLED,CANCELLED,2026-02-25T18:32:27,2026-02-25T19:01:27,,,2026-02-26T11:32:27
ORD-260512-0491,CUST-0104,Dương Quỳnh Ngọc,0982535841,"133 Đường Kim Mã, Quận Hoàn Kiếm, TP. Hà Nội",Hà Nội,13490000,1510000,0,13490000,COD,PAID,DELIVERED,2026-05-12T10:39:21,2026-05-12T10:47:21,2026-05-12T20:39:21,2026-05-13T12:39:21,
ORD-260106-0492,CUST-0440,Dương Linh Vy,0853683147,"124 Đường Đại lộ Hòa Bình, Quận Cái Răng, TP. Cần Thơ",Cần Thơ,2490000,310000,30000,2520000,BANK_TRANSFER,PAID,DELIVERED,2026-01-06T14:11:55,2026-01-06T14:56:55,2026-01-06T20:11:55,2026-01-07T19:11:55,
ORD-251106-0493,CUST-0139,Ngô Đức Nam,0918233984,"387 Đường Lê Duẩn, Quận Ngũ Hành Sơn, TP. Đà Nẵng",Đà Nẵng,3990000,510000,30000,4020000,VNPAY,PAID,DELIVERED,2025-11-06T12:10:03,2025-11-06T12:41:03,2025-11-06T18:10:03,2025-11-09T13:10:03,
ORD-250903-0494,CUST-0409,Dương Quốc Việt,0860496391,"73 Đường Lê Hồng Phong, Quận Ngô Quyền, TP. Hải Phòng",Hải Phòng,13980000,2220000,0,13980000,COD,PAID,DELIVERED,2025-09-03T17:49:49,2025-09-03T18:06:49,2025-09-04T01:49:49,2025-09-04T20:49:49,
ORD-260324-0495,CUST-0184,Phan Thị Ngọc,0862067883,"129 Đường Mậu Thân, Quận Ninh Kiều, TP. Cần Thơ",Cần Thơ,1890000,310000,30000,1920000,VNPAY,PAID,DELIVERED,2026-03-24T22:25:06,2026-03-24T22:40:06,2026-03-25T03:25:06,2026-03-26T02:25:06,
ORD-260227-0496,CUST-0058,Bùi Anh Tùng,0983747407,"358 Đường Trần Duy Hưng, Quận Cầu Giấy, TP. Hà Nội",Hà Nội,6380000,1020000,0,6380000,CREDIT_CARD,PAID,DELIVERED,2026-02-27T11:32:42,2026-02-27T12:01:42,2026-02-27T16:32:42,2026-02-28T12:32:42,
ORD-260105-0497,CUST-0304,Đặng Ngọc Phương,0796227837,"253 Đường Trần Hưng Đạo, Quận Hồng Bàng, TP. Hải Phòng",Hải Phòng,10280000,1320000,0,10280000,CREDIT_CARD,PAID,DELIVERED,2026-01-05T21:18:32,2026-01-05T21:38:32,2026-01-06T13:18:32,2026-01-07T02:18:32,
ORD-260512-0498,CUST-0056,Vũ Ngọc Kiệt,0790913431,"175 Đường Võ Văn Tần, Quận 3, TP. Hồ Chí Minh",Hồ Chí Minh,6990000,810000,0,6990000,COD,PAID,DELIVERED,2026-05-12T10:05:56,2026-05-12T10:36:56,2026-05-12T17:05:56,2026-05-15T14:05:56,
ORD-260220-0499,CUST-0402,Nguyễn Thị Lan,0770269524,"537 Đường Lạch Tray, Quận Hồng Bàng, TP. Hải Phòng",Hải Phòng,11490000,1510000,0,11490000,COD,PAID,DELIVERED,2026-02-20T21:14:55,2026-02-20T21:39:55,2026-02-21T12:14:55,2026-02-21T23:14:55,
ORD-250626-0500,CUST-0492,Võ Vy Hạnh,0777515366,"388 Đường Đại lộ Hòa Bình, Quận Cái Răng, TP. Cần Thơ",Cần Thơ,3690000,510000,30000,3720000,COD,PAID,DELIVERED,2025-06-26T21:31:15,2025-06-26T21:36:15,2025-06-27T11:31:15,2025-06-29T22:31:15,
ORD-260225-0501,CUST-0093,Phạm Đức Tuấn,0795188888,"401 Đường Đại lộ Hòa Bình, Quận Cái Răng, TP. Cần Thơ",Cần Thơ,1490000,310000,30000,1520000,VNPAY,PAID,DELIVERED,2026-02-25T12:10:05,2026-02-25T12:49:05,2026-02-26T04:10:05,2026-02-26T17:10:05,
ORD-260322-0502,CUST-0077,Phan Linh Trúc,0982683885,"451 Đường Đại lộ Hòa Bình, Quận Bình Thủy, TP. Cần Thơ",Cần Thơ,9490000,1510000,0,9490000,BANK_TRANSFER,PAID,DELIVERED,2026-03-22T16:20:36,2026-03-22T16:59:36,2026-03-23T02:20:36,2026-03-23T19:20:36,
ORD-260330-0503,CUST-0148,Ngô Anh Trung,0389245937,"303 Đường Tràng Tiền, Quận Hai Bà Trưng, TP. Hà Nội",Hà Nội,22990000,2010000,0,22990000,BANK_TRANSFER,PAID,DELIVERED,2026-03-30T22:54:21,2026-03-30T23:37:21,2026-03-31T08:54:21,2026-04-03T00:54:21,
ORD-250813-0504,CUST-0452,Ngô Khánh Lan,0908562884,"168 Đường Quang Trung, Quận Gò Vấp, TP. Hồ Chí Minh",Hồ Chí Minh,15990000,2010000,0,15990000,BANK_TRANSFER,PAID,DELIVERED,2025-08-13T19:32:35,2025-08-13T20:11:35,2025-08-14T13:32:35,2025-08-15T19:32:35,
ORD-251219-0505,CUST-0047,Võ Hồng Ngọc,0384887719,"261 Đường Nguyễn Văn Cừ, Quận Bình Thủy, TP. Cần Thơ",Cần Thơ,26990000,3010000,0,26990000,CREDIT_CARD,PAID,DELIVERED,2025-12-19T11:34:25,2025-12-19T11:50:25,2025-12-19T13:34:25,2025-12-22T14:34:25,
ORD-250809-0506,CUST-0494,Bùi Duy Long,0836636186,"467 Đường Nguyễn Văn Cừ, Quận Ninh Kiều, TP. Cần Thơ",Cần Thơ,8990000,1510000,0,8990000,VNPAY,PAID,DELIVERED,2025-08-09T17:29:31,2025-08-09T18:10:31,2025-08-10T08:29:31,2025-08-12T20:29:31,
ORD-260414-0507,CUST-0429,Phạm Linh Thảo,0987617075,"509 Đường Tô Hiệu, Quận Ngô Quyền, TP. Hải Phòng",Hải Phòng,5280000,920000,0,5280000,BANK_TRANSFER,PAID,DELIVERED,2026-04-14T16:31:47,2026-04-14T17:01:47,2026-04-14T23:31:47,2026-04-17T21:31:47,
ORD-251217-0508,CUST-0453,Bùi Trúc Ngọc,0388105485,"310 Đường Võ Văn Tần, Quận 3, TP. Hồ Chí Minh",Hồ Chí Minh,5880000,820000,0,5880000,BANK_TRANSFER,PAID,DELIVERED,2025-12-17T14:46:39,2025-12-17T15:01:39,2025-12-18T00:46:39,2025-12-20T15:46:39,
ORD-251130-0509,CUST-0129,Bùi Văn Phong,0931190790,"244 Đường Võ Văn Tần, Thành phố Thủ Đức, TP. Hồ Chí Minh",Hồ Chí Minh,4990000,510000,30000,5020000,COD,PAID,DELIVERED,2025-11-30T14:08:22,2025-11-30T14:21:22,2025-12-01T00:08:22,2025-12-02T15:08:22,
ORD-251227-0510,CUST-0280,Trần Linh Hạnh,0900681149,"239 Đường Phan Đăng Lưu, Thành phố Thủ Đức, TP. Hồ Chí Minh",Hồ Chí Minh,4290000,710000,30000,4320000,BANK_TRANSFER,PAID,DELIVERED,2025-12-27T11:43:43,2025-12-27T12:18:43,2025-12-27T18:43:43,2025-12-29T14:43:43,
ORD-251125-0511,CUST-0088,Lý Minh Tùng,0777468862,"58 Đường Lê Hồng Phong, Quận Hồng Bàng, TP. Hải Phòng",Hải Phòng,10480000,1720000,0,10480000,VNPAY,PAID,DELIVERED,2025-11-25T11:44:14,2025-11-25T12:21:14,2025-11-25T16:44:14,2025-11-28T16:44:14,
ORD-250906-0512,CUST-0266,Lê Khánh Phương,0976693801,"360 Đường Lê Hồng Phong, Quận Ngô Quyền, TP. Hải Phòng",Hải Phòng,2190000,310000,30000,2220000,COD,PAID,DELIVERED,2025-09-06T17:48:31,2025-09-06T18:33:31,2025-09-06T22:48:31,2025-09-09T21:48:31,
ORD-250817-0513,CUST-0475,Bùi Minh Huy,0931735058,"462 Đường Lê Lợi, Quận Phú Nhuận, TP. Hồ Chí Minh",Hồ Chí Minh,3490000,410000,30000,3520000,COD,PAID,DELIVERED,2025-08-17T07:33:53,2025-08-17T08:01:53,2025-08-17T15:33:53,2025-08-19T09:33:53,
ORD-260425-0514,CUST-0233,Vũ Thành Phong,0866547226,"227 Đường Lê Hồng Phong, Quận Ngô Quyền, TP. Hải Phòng",Hải Phòng,6490000,1010000,0,6490000,VNPAY,PAID,DELIVERED,2026-04-25T12:06:13,2026-04-25T12:41:13,2026-04-26T06:06:13,2026-04-26T13:06:13,
ORD-260108-0515,CUST-0436,Đỗ Quốc Khánh,0384908108,"101 Đường Tô Hiệu, Quận Ngô Quyền, TP. Hải Phòng",Hải Phòng,7980000,1020000,0,7980000,VNPAY,PAID,DELIVERED,2026-01-08T22:17:54,2026-01-08T22:27:54,2026-01-09T01:17:54,2026-01-10T23:17:54,
ORD-250821-0516,CUST-0357,Bùi Lâm Bách,0907200642,"8 Đường Hùng Vương, Quận Ngũ Hành Sơn, TP. Đà Nẵng",Đà Nẵng,12990000,1510000,0,12990000,COD,PAID,DELIVERED,2025-08-21T16:38:46,2025-08-21T17:15:46,2025-08-22T10:38:46,2025-08-24T18:38:46,
ORD-260101-0517,CUST-0479,Nguyễn Vy Trúc,0795498227,"382 Đường Lê Hồng Phong, Quận Ngô Quyền, TP. Hải Phòng",Hải Phòng,2490000,310000,30000,2520000,VNPAY,PAID,DELIVERED,2026-01-01T22:49:27,2026-01-01T23:22:27,2026-01-02T14:49:27,2026-01-04T00:49:27,
ORD-250623-0518,CUST-0253,Phạm Phương Nhi,0976770051,"274 Đường Lê Hồng Phong, Quận Lê Chân, TP. Hải Phòng",Hải Phòng,2490000,410000,30000,2520000,BANK_TRANSFER,PAID,DELIVERED,2025-06-23T13:47:57,2025-06-23T14:15:57,2025-06-24T01:47:57,2025-06-26T17:47:57,
ORD-251231-0519,CUST-0066,Dương Hữu Sơn,0859005329,"243 Đường Điện Biên Phủ, Quận Bình Thạnh, TP. Hồ Chí Minh",Hồ Chí Minh,6980000,1020000,0,6980000,COD,PAID,DELIVERED,2025-12-31T22:00:56,2025-12-31T22:19:56,2026-01-01T02:00:56,2026-01-01T23:00:56,
ORD-260305-0520,CUST-0036,Bùi Hoàng Anh,0931931491,"384 Đường Nguyễn Kiệm, Quận Tân Bình, TP. Hồ Chí Minh",Hồ Chí Minh,5780000,920000,0,5780000,COD,PAID,DELIVERED,2026-03-05T13:02:33,2026-03-05T13:13:33,2026-03-06T00:02:33,2026-03-07T15:02:33,
ORD-251011-0521,CUST-0301,Phạm Khánh Lan,0836931572,"43 Đường Lê Hồng Phong, Quận Hồng Bàng, TP. Hải Phòng",Hải Phòng,5880000,820000,0,5880000,BANK_TRANSFER,PAID,DELIVERED,2025-10-11T22:44:59,2025-10-11T23:07:59,2025-10-12T13:44:59,2025-10-13T03:44:59,
ORD-251213-0522,CUST-0471,Hoàng Hồng Anh,0930361498,"184 Đường Bà Triệu, Quận Ba Đình, TP. Hà Nội",Hà Nội,57280000,5720000,0,57280000,COD,PAID,DELIVERED,2025-12-13T22:04:33,2025-12-13T22:17:33,2025-12-14T06:04:33,2025-12-14T23:04:33,
ORD-260114-0523,CUST-0321,Nguyễn Đình Hùng,0777780973,"469 Đường Tô Hiệu, Quận Lê Chân, TP. Hải Phòng",Hải Phòng,3490000,410000,30000,3520000,BANK_TRANSFER,PAID,DELIVERED,2026-01-14T08:47:00,2026-01-14T09:05:00,2026-01-15T00:47:00,2026-01-16T08:47:00,
ORD-250927-0524,CUST-0207,Dương Thị Yến,0905345786,"386 Đường Điện Biên Phủ, Quận 1, TP. Hồ Chí Minh",Hồ Chí Minh,6680000,820000,0,6680000,COD,PAID,DELIVERED,2025-09-27T18:11:50,2025-09-27T18:39:50,2025-09-28T04:11:50,2025-09-29T19:11:50,
ORD-250807-0525,CUST-0073,Trần Duy Phong,0388998094,"352 Đường Kim Mã, Quận Đống Đa, TP. Hà Nội",Hà Nội,1490000,310000,30000,1520000,BANK_TRANSFER,PAID,DELIVERED,2025-08-07T20:54:42,2025-08-07T21:24:42,2025-08-07T23:54:42,2025-08-10T21:54:42,
ORD-251022-0526,CUST-0331,Ngô Phương Lan,0778078235,"151 Đường Lê Hồng Phong, Quận Ngô Quyền, TP. Hải Phòng",Hải Phòng,3990000,510000,30000,4020000,MOMO,PAID,DELIVERED,2025-10-22T15:13:12,2025-10-22T15:19:12,2025-10-23T03:13:12,2025-10-23T16:13:12,
ORD-250809-0527,CUST-0466,Ngô Diệu Hạnh,0770079420,"364 Đường Tô Hiệu, Quận Ngô Quyền, TP. Hải Phòng",Hải Phòng,1490000,310000,30000,1520000,COD,PAID,DELIVERED,2025-08-09T14:10:06,2025-08-09T14:34:06,2025-08-09T23:10:06,2025-08-12T18:10:06,
ORD-250720-0528,CUST-0167,Nguyễn Khánh Hương,0381103712,"14 Đường Trần Duy Hưng, Quận Ba Đình, TP. Hà Nội",Hà Nội,16490000,2010000,0,16490000,MOMO,PAID,DELIVERED,2025-07-20T22:50:36,2025-07-20T23:12:36,2025-07-21T13:50:36,2025-07-22T01:50:36,
ORD-251010-0529,CUST-0378,Trần Ngọc Vy,0772380468,"459 Đường Trần Văn Khéo, Quận Cái Răng, TP. Cần Thơ",Cần Thơ,2290000,310000,30000,2320000,COD,PAID,DELIVERED,2025-10-10T20:18:15,2025-10-10T20:54:15,2025-10-11T01:18:15,2025-10-11T23:18:15,
ORD-260618-0530,CUST-0225,Trần Vy Chi,0837296590,"120 Đường Trần Duy Hưng, Quận Hai Bà Trưng, TP. Hà Nội",Hà Nội,4980000,720000,30000,5010000,BANK_TRANSFER,PAID,DELIVERED,2026-06-18T10:04:10,2026-06-18T10:42:10,2026-06-19T03:04:10,2026-06-21T10:04:10,
ORD-250927-0531,CUST-0485,Ngô Thu Phương,0975963099,"340 Đường Trần Hưng Đạo, Quận Ngô Quyền, TP. Hải Phòng",Hải Phòng,3990000,510000,30000,4020000,COD,PAID,DELIVERED,2025-09-27T10:51:43,2025-09-27T10:59:43,2025-09-27T18:51:43,2025-09-28T10:51:43,
ORD-250909-0532,CUST-0390,Phan Mai Hoa,0864818321,"328 Đường Tràng Tiền, Quận Ba Đình, TP. Hà Nội",Hà Nội,4490000,510000,30000,4520000,BANK_TRANSFER,PAID,DELIVERED,2025-09-09T20:43:56,2025-09-09T21:11:56,2025-09-10T14:43:56,2025-09-11T21:43:56,
ORD-260530-0533,CUST-0202,Đỗ Thảo Vy,0834511686,"474 Đường Hùng Vương, Quận Sơn Trà, TP. Đà Nẵng",Đà Nẵng,15990000,2010000,0,15990000,VNPAY,PAID,DELIVERED,2026-05-30T12:19:15,2026-05-30T13:00:15,2026-05-31T00:19:15,2026-05-31T15:19:15,
ORD-260503-0534,CUST-0489,Vũ Diệu Trúc,0977546027,"89 Đường Trần Hưng Đạo, Quận Hải Châu, TP. Đà Nẵng",Đà Nẵng,2490000,310000,30000,2520000,BANK_TRANSFER,PAID,DELIVERED,2026-05-03T10:36:10,2026-05-03T10:46:10,2026-05-03T21:36:10,2026-05-04T13:36:10,
ORD-250828-0535,CUST-0099,Nguyễn Phương Vân,0976909275,"547 Đường Mậu Thân, Quận Ninh Kiều, TP. Cần Thơ",Cần Thơ,9490000,1510000,0,9490000,COD,CANCELLED,CANCELLED,2025-08-28T15:13:43,2025-08-28T15:21:43,,,2025-08-29T12:13:43
ORD-260403-0536,CUST-0078,Dương Diệu Trinh,0386416052,"95 Đường Nguyễn Văn Cừ, Quận Bình Thủy, TP. Cần Thơ",Cần Thơ,5490000,510000,0,5490000,BANK_TRANSFER,PAID,DELIVERED,2026-04-03T10:55:43,2026-04-03T11:03:43,2026-04-03T15:55:43,2026-04-06T15:55:43,
ORD-251206-0537,CUST-0058,Bùi Anh Tùng,0983747407,"358 Đường Trần Duy Hưng, Quận Cầu Giấy, TP. Hà Nội",Hà Nội,8880000,1120000,0,8880000,COD,PAID,DELIVERED,2025-12-06T09:11:02,2025-12-06T09:49:02,2025-12-07T01:11:02,2025-12-07T10:11:02,
ORD-251111-0538,CUST-0099,Nguyễn Phương Vân,0976909275,"547 Đường Mậu Thân, Quận Ninh Kiều, TP. Cần Thơ",Cần Thơ,2480000,520000,30000,2510000,VNPAY,PAID,DELIVERED,2025-11-11T10:00:42,2025-11-11T10:11:42,2025-11-11T16:00:42,2025-11-13T11:00:42,
ORD-251129-0539,CUST-0350,Dương Diệu Phương,0937239504,"313 Đường Trần Văn Khéo, Quận Cái Răng, TP. Cần Thơ",Cần Thơ,4980000,720000,30000,5010000,COD,CANCELLED,CANCELLED,2025-11-29T09:21:55,2025-11-29T09:44:55,,,2025-11-29T22:21:55
ORD-250821-0540,CUST-0066,Dương Hữu Sơn,0859005329,"243 Đường Điện Biên Phủ, Quận Bình Thạnh, TP. Hồ Chí Minh",Hồ Chí Minh,990000,210000,30000,1020000,MOMO,PAID,DELIVERED,2025-08-21T21:22:46,2025-08-21T22:03:46,2025-08-22T10:22:46,2025-08-23T02:22:46,
ORD-260501-0541,CUST-0398,Đặng Trúc Vân,0868015716,"459 Đường Nguyễn Văn Cừ, Quận Bình Thủy, TP. Cần Thơ",Cần Thơ,17480000,2020000,0,17480000,COD,PAID,DELIVERED,2026-05-01T15:09:17,2026-05-01T15:33:17,2026-05-01T21:09:17,2026-05-02T15:09:17,
ORD-251216-0542,CUST-0014,Lý Diệu Trang,0384746872,"67 Đường Lê Duẩn, Quận Thanh Khê, TP. Đà Nẵng",Đà Nẵng,10780000,1720000,0,10780000,BANK_TRANSFER,PAID,DELIVERED,2025-12-16T15:35:31,2025-12-16T15:45:31,2025-12-17T06:35:31,2025-12-18T19:35:31,
ORD-260426-0543,CUST-0272,Hoàng Trúc Trinh,0980867808,"473 Đường Mậu Thân, Quận Bình Thủy, TP. Cần Thơ",Cần Thơ,2490000,410000,30000,2520000,COD,PAID,DELIVERED,2026-04-26T11:55:10,2026-04-26T12:18:10,2026-04-26T14:55:10,2026-04-27T11:55:10,
ORD-251124-0544,CUST-0186,Nguyễn Vy Trúc,0387066253,"157 Đường Võ Nguyên Giáp, Quận Sơn Trà, TP. Đà Nẵng",Đà Nẵng,3290000,510000,30000,3320000,COD,PAID,DELIVERED,2025-11-24T16:49:40,2025-11-24T17:31:40,2025-11-25T05:49:40,2025-11-26T18:49:40,
ORD-260213-0545,CUST-0485,Ngô Thu Phương,0975963099,"340 Đường Trần Hưng Đạo, Quận Ngô Quyền, TP. Hải Phòng",Hải Phòng,3290000,510000,30000,3320000,COD,PAID,DELIVERED,2026-02-13T21:08:53,2026-02-13T21:16:53,2026-02-14T02:08:53,2026-02-16T21:08:53,
ORD-251120-0546,CUST-0413,Ngô Anh Kiệt,0796603242,"185 Đường Hùng Vương, Quận Sơn Trà, TP. Đà Nẵng",Đà Nẵng,4490000,710000,30000,4520000,BANK_TRANSFER,PAID,DELIVERED,2025-11-20T09:25:17,2025-11-20T10:04:17,2025-11-20T11:25:17,2025-11-23T09:25:17,
ORD-260426-0547,CUST-0230,Hồ Thành Bách,0911305548,"173 Đường Lê Duẩn, Quận Hải Châu, TP. Đà Nẵng",Đà Nẵng,13490000,1510000,0,13490000,COD,PAID,DELIVERED,2026-04-26T06:46:06,2026-04-26T06:53:06,2026-04-26T21:46:06,2026-04-28T06:46:06,
ORD-260222-0548,CUST-0365,Hồ Đình Khoa,0772324876,"95 Đường Võ Văn Tần, Quận 10, TP. Hồ Chí Minh",Hồ Chí Minh,2880000,520000,30000,2910000,COD,PAID,DELIVERED,2026-02-22T22:52:55,2026-02-22T23:22:55,2026-02-23T05:52:55,2026-02-24T03:52:55,
ORD-250708-0549,CUST-0179,Hồ Anh Hoàng,0837383206,"14 Đường Tràng Tiền, Quận Ba Đình, TP. Hà Nội",Hà Nội,24980000,3020000,0,24980000,COD,PAID,DELIVERED,2025-07-08T14:27:38,2025-07-08T14:44:38,2025-07-08T22:27:38,2025-07-11T17:27:38,
ORD-251130-0550,CUST-0456,Bùi Diệu Yến,0776228277,"222 Đường Lạch Tray, Quận Lê Chân, TP. Hải Phòng",Hải Phòng,7480000,920000,0,7480000,BANK_TRANSFER,PAID,DELIVERED,2025-11-30T10:22:37,2025-11-30T10:29:37,2025-11-30T13:22:37,2025-12-02T13:22:37,
ORD-250822-0551,CUST-0321,Nguyễn Đình Hùng,0777780973,"469 Đường Tô Hiệu, Quận Lê Chân, TP. Hải Phòng",Hải Phòng,1490000,310000,30000,1520000,MOMO,PAID,DELIVERED,2025-08-22T08:07:03,2025-08-22T08:14:03,2025-08-22T10:07:03,2025-08-25T13:07:03,
ORD-250910-0552,CUST-0279,Bùi Đình Bách,0979876220,"86 Đường Kim Mã, Quận Hoàn Kiếm, TP. Hà Nội",Hà Nội,1890000,310000,30000,1920000,COD,PAID,DELIVERED,2025-09-10T18:48:44,2025-09-10T18:57:44,2025-09-11T06:48:44,2025-09-11T18:48:44,
ORD-260118-0553,CUST-0257,Lý Diệu Anh,0830413797,"151 Đường Tố Hữu, Quận Thanh Xuân, TP. Hà Nội",Hà Nội,990000,210000,30000,1020000,BANK_TRANSFER,REFUNDED,CANCELLED,2026-01-18T17:31:59,2026-01-18T17:48:59,,,2026-01-19T08:31:59
ORD-251107-0554,CUST-0303,Lê Hồng Phương,0779981364,"89 Đường Tràng Tiền, Quận Thanh Xuân, TP. Hà Nội",Hà Nội,6990000,810000,0,6990000,COD,PAID,DELIVERED,2025-11-07T20:24:38,2025-11-07T20:35:38,2025-11-08T02:24:38,2025-11-08T23:24:38,
ORD-260212-0555,CUST-0249,Phạm Thành Khoa,0865257775,"184 Đường Đại lộ Hòa Bình, Quận Bình Thủy, TP. Cần Thơ",Cần Thơ,2980000,620000,30000,3010000,COD,PAID,DELIVERED,2026-02-12T10:20:27,2026-02-12T11:01:27,2026-02-12T15:20:27,2026-02-15T13:20:27,
ORD-251111-0556,CUST-0085,Lê Hữu Việt,0796528168,"189 Đường Phan Đăng Lưu, Quận Tân Bình, TP. Hồ Chí Minh",Hồ Chí Minh,14980000,1820000,0,14980000,MOMO,PAID,DELIVERED,2025-11-11T22:08:01,2025-11-11T22:23:01,2025-11-12T03:08:01,2025-11-13T01:08:01,
ORD-260508-0557,CUST-0323,Nguyễn Quỳnh Linh,0854999827,"100 Đường Lạch Tray, Quận Ngô Quyền, TP. Hải Phòng",Hải Phòng,1490000,310000,30000,1520000,VNPAY,PAID,DELIVERED,2026-05-08T18:48:39,2026-05-08T19:21:39,2026-05-09T00:48:39,2026-05-09T18:48:39,
ORD-250917-0558,CUST-0375,Bùi Thành Dũng,0795016579,"73 Đường Nguyễn Văn Linh, Quận Sơn Trà, TP. Đà Nẵng",Đà Nẵng,6890000,610000,0,6890000,MOMO,REFUNDED,CANCELLED,2025-09-17T16:18:59,2025-09-17T16:42:59,,,2025-09-18T10:18:59
ORD-251219-0559,CUST-0071,Đỗ Quỳnh Chi,0911116152,"425 Đường Lê Lợi, Quận Tân Bình, TP. Hồ Chí Minh",Hồ Chí Minh,990000,210000,30000,1020000,COD,PAID,DELIVERED,2025-12-19T19:14:36,2025-12-19T19:30:36,2025-12-19T22:14:36,2025-12-20T21:14:36,
ORD-260107-0560,CUST-0243,Nguyễn Mai Hoa,0911024819,"466 Đường Võ Nguyên Giáp, Quận Ngũ Hành Sơn, TP. Đà Nẵng",Đà Nẵng,3990000,510000,30000,4020000,BANK_TRANSFER,PAID,DELIVERED,2026-01-07T08:53:11,2026-01-07T09:03:11,2026-01-07T12:53:11,2026-01-08T12:53:11,
ORD-251115-0561,CUST-0406,Ngô Minh Anh,0916556503,"91 Đường Kim Mã, Quận Hoàn Kiếm, TP. Hà Nội",Hà Nội,1490000,310000,30000,1520000,BANK_TRANSFER,PAID,DELIVERED,2025-11-15T15:29:46,2025-11-15T16:14:46,2025-11-15T18:29:46,2025-11-17T15:29:46,
ORD-260420-0562,CUST-0366,Phan Thu Hương,0931819588,"288 Đường Mậu Thân, Quận Bình Thủy, TP. Cần Thơ",Cần Thơ,3290000,510000,30000,3320000,MOMO,PAID,DELIVERED,2026-04-20T20:50:37,2026-04-20T21:10:37,2026-04-21T03:50:37,2026-04-22T22:50:37,
ORD-260225-0563,CUST-0286,Đặng Ngọc Ngọc,0862703120,"324 Đường Tố Hữu, Quận Đống Đa, TP. Hà Nội",Hà Nội,1490000,310000,30000,1520000,COD,PAID,DELIVERED,2026-02-25T13:06:49,2026-02-25T13:29:49,2026-02-25T16:06:49,2026-02-28T16:06:49,
ORD-250811-0564,CUST-0428,Võ Đình Hoàng,0384494856,"59 Đường Trần Văn Khéo, Quận Ninh Kiều, TP. Cần Thơ",Cần Thơ,8490000,1010000,0,8490000,BANK_TRANSFER,PAID,DELIVERED,2025-08-11T16:46:16,2025-08-11T17:00:16,2025-08-11T20:46:16,2025-08-13T16:46:16,
ORD-251204-0565,CUST-0053,Phan Quang Huy,0904499727,"391 Đường Nguyễn Văn Cừ, Quận Cái Răng, TP. Cần Thơ",Cần Thơ,5490000,510000,0,5490000,BANK_TRANSFER,PAID,DELIVERED,2025-12-04T23:22:37,2025-12-04T23:27:37,2025-12-05T17:22:37,2025-12-08T00:22:37,
ORD-250809-0566,CUST-0273,Võ Thị Trang,0853691559,"247 Đường Kim Mã, Quận Ba Đình, TP. Hà Nội",Hà Nội,9490000,1510000,0,9490000,BANK_TRANSFER,PAID,DELIVERED,2025-08-09T14:16:25,2025-08-09T15:00:25,2025-08-09T18:16:25,2025-08-10T16:16:25,
ORD-260212-0567,CUST-0301,Phạm Khánh Lan,0836931572,"43 Đường Lê Hồng Phong, Quận Hồng Bàng, TP. Hải Phòng",Hải Phòng,5490000,510000,0,5490000,COD,PAID,DELIVERED,2026-02-12T19:38:40,2026-02-12T20:09:40,2026-02-12T21:38:40,2026-02-14T20:38:40,
ORD-260209-0568,CUST-0471,Hoàng Hồng Anh,0930361498,"184 Đường Bà Triệu, Quận Ba Đình, TP. Hà Nội",Hà Nội,8490000,1010000,0,8490000,COD,PAID,DELIVERED,2026-02-09T15:25:21,2026-02-09T15:47:21,2026-02-10T02:25:21,2026-02-11T16:25:21,
ORD-251112-0569,CUST-0050,Dương Văn Duy,0776038597,"278 Đường Mậu Thân, Quận Ninh Kiều, TP. Cần Thơ",Cần Thơ,12480000,1520000,0,12480000,VNPAY,PAID,DELIVERED,2025-11-12T06:12:44,2025-11-12T06:47:44,2025-11-12T23:12:44,2025-11-15T06:12:44,
ORD-250830-0570,CUST-0276,Dương Hoàng Nam,0980347175,"268 Đường Hùng Vương, Quận Sơn Trà, TP. Đà Nẵng",Đà Nẵng,12990000,1510000,0,12990000,BANK_TRANSFER,PAID,DELIVERED,2025-08-30T17:34:34,2025-08-30T18:14:34,2025-08-30T23:34:34,2025-08-31T19:34:34,
ORD-260103-0571,CUST-0212,Lý Diệu Hoa,0839353875,"190 Đường Hùng Vương, Quận Thanh Khê, TP. Đà Nẵng",Đà Nẵng,3290000,510000,30000,3320000,BANK_TRANSFER,PAID,DELIVERED,2026-01-03T22:40:24,2026-01-03T23:00:24,2026-01-04T12:40:24,2026-01-07T02:40:24,
ORD-251003-0572,CUST-0477,Trần Hoàng Phong,0839076769,"469 Đường Nguyễn Thị Minh Khai, Quận Tân Bình, TP. Hồ Chí Minh",Hồ Chí Minh,4780000,620000,30000,4810000,COD,PAID,DELIVERED,2025-10-03T12:57:55,2025-10-03T13:05:55,2025-10-03T17:57:55,2025-10-04T16:57:55,
ORD-251217-0573,CUST-0433,Trần Quỳnh Hương,0381032664,"447 Đường Võ Văn Tần, Quận Gò Vấp, TP. Hồ Chí Minh",Hồ Chí Minh,18380000,2120000,0,18380000,BANK_TRANSFER,PAID,DELIVERED,2025-12-17T22:56:44,2025-12-17T23:04:44,2025-12-18T07:56:44,2025-12-21T02:56:44,
ORD-260110-0574,CUST-0216,Bùi Anh Tuấn,0989666676,"19 Đường Quang Trung, Quận Bình Thạnh, TP. Hồ Chí Minh",Hồ Chí Minh,4680000,620000,30000,4710000,BANK_TRANSFER,PAID,DELIVERED,2026-01-10T23:41:08,2026-01-11T00:10:08,2026-01-11T16:41:08,2026-01-11T23:41:08,
ORD-260211-0575,CUST-0153,Vũ Hữu Nam,0985457387,"468 Đường Trần Văn Khéo, Quận Ninh Kiều, TP. Cần Thơ",Cần Thơ,12990000,1510000,0,12990000,BANK_TRANSFER,PAID,DELIVERED,2026-02-11T12:24:24,2026-02-11T12:55:24,2026-02-11T15:24:24,2026-02-13T15:24:24,
ORD-260111-0576,CUST-0420,Đỗ Ngọc Bách,0852063459,"533 Đường Điện Biên Phủ, Quận 10, TP. Hồ Chí Minh",Hồ Chí Minh,3990000,510000,30000,4020000,MOMO,PAID,DELIVERED,2026-01-11T21:31:48,2026-01-11T21:56:48,2026-01-12T06:31:48,2026-01-13T01:31:48,
ORD-260414-0577,CUST-0218,Hồ Quang Trung,0382575326,"221 Đường Chùa Bộc, Quận Thanh Xuân, TP. Hà Nội",Hà Nội,3990000,510000,30000,4020000,COD,PAID,DELIVERED,2026-04-14T20:16:51,2026-04-14T20:47:51,2026-04-15T08:16:51,2026-04-17T22:16:51,
ORD-251230-0578,CUST-0324,Phan Hữu Khoa,0791472145,"219 Đường Mậu Thân, Quận Bình Thủy, TP. Cần Thơ",Cần Thơ,4580000,720000,30000,4610000,COD,PAID,DELIVERED,2025-12-30T13:59:03,2025-12-30T14:13:03,2025-12-31T00:59:03,2025-12-31T16:59:03,
ORD-251126-0579,CUST-0160,Đặng Trúc Yến,0837881914,"228 Đường Võ Nguyên Giáp, Quận Hải Châu, TP. Đà Nẵng",Đà Nẵng,68980000,7020000,0,68980000,CREDIT_CARD,PAID,DELIVERED,2025-11-26T12:04:24,2025-11-26T12:14:24,2025-11-27T01:04:24,2025-11-29T14:04:24,
ORD-250918-0580,CUST-0004,Lê Phương Thảo,0851928327,"62 Đường Trần Hưng Đạo, Quận Thanh Khê, TP. Đà Nẵng",Đà Nẵng,12990000,1510000,0,12990000,MOMO,PAID,DELIVERED,2025-09-18T15:33:25,2025-09-18T15:49:25,2025-09-19T04:33:25,2025-09-20T15:33:25,
ORD-251122-0581,CUST-0229,Đặng Hữu Long,0834883755,"344 Đường Trần Duy Hưng, Quận Nam Từ Liêm, TP. Hà Nội",Hà Nội,11490000,1510000,0,11490000,COD,PAID,DELIVERED,2025-11-22T21:40:51,2025-11-22T22:18:51,2025-11-23T07:40:51,2025-11-24T02:40:51,
ORD-260223-0582,CUST-0176,Võ Mai Hoa,0779252419,"50 Đường Nguyễn Thị Minh Khai, Quận Bình Thạnh, TP. Hồ Chí Minh",Hồ Chí Minh,13490000,1510000,0,13490000,COD,PAID,DELIVERED,2026-02-23T18:46:24,2026-02-23T19:31:24,2026-02-24T01:46:24,2026-02-25T20:46:24,
ORD-260415-0583,CUST-0159,Võ Diệu Hạnh,0797676772,"304 Đường Trần Hưng Đạo, Quận Hồng Bàng, TP. Hải Phòng",Hải Phòng,990000,210000,30000,1020000,CREDIT_CARD,PAID,DELIVERED,2026-04-15T16:48:14,2026-04-15T17:10:14,2026-04-15T19:48:14,2026-04-16T21:48:14,
ORD-250720-0584,CUST-0157,Dương Lâm Việt,0839125134,"528 Đường Chùa Bộc, Quận Đống Đa, TP. Hà Nội",Hà Nội,33880000,3620000,0,33880000,MOMO,PAID,DELIVERED,2025-07-20T17:21:47,2025-07-20T17:35:47,2025-07-21T09:21:47,2025-07-22T21:21:47,
ORD-251128-0585,CUST-0376,Lê Quốc Duy,0917933554,"69 Đường Đại lộ Hòa Bình, Quận Cái Răng, TP. Cần Thơ",Cần Thơ,1290000,210000,30000,1320000,COD,PAID,DELIVERED,2025-11-28T11:18:41,2025-11-28T11:58:41,2025-11-29T01:18:41,2025-12-01T12:18:41,
ORD-250619-0586,CUST-0182,Lý Thành Trung,0977431329,"465 Đường Chùa Bộc, Quận Cầu Giấy, TP. Hà Nội",Hà Nội,12480000,1920000,0,12480000,COD,PAID,DELIVERED,2025-06-19T16:51:54,2025-06-19T17:36:54,2025-06-20T00:51:54,2025-06-20T19:51:54,
ORD-260406-0587,CUST-0258,Bùi Đình Hải,0855799136,"212 Đường Nguyễn Trãi, Quận Cầu Giấy, TP. Hà Nội",Hà Nội,16280000,2020000,0,16280000,MOMO,PAID,DELIVERED,2026-04-06T21:21:54,2026-04-06T22:06:54,2026-04-07T02:21:54,2026-04-09T21:21:54,
ORD-251114-0588,CUST-0147,Vũ Trúc Lan,0974379937,"410 Đường Nguyễn Trãi, Quận Đống Đa, TP. Hà Nội",Hà Nội,2190000,310000,30000,2220000,COD,PAID,DELIVERED,2025-11-14T10:16:16,2025-11-14T10:55:16,2025-11-14T18:16:16,2025-11-17T12:16:16,
ORD-250806-0589,CUST-0309,Phạm Quang Nam,0977981238,"547 Đường Điện Biên Phủ, Quận 1, TP. Hồ Chí Minh",Hồ Chí Minh,2480000,520000,30000,2510000,BANK_TRANSFER,PAID,DELIVERED,2025-08-06T18:35:06,2025-08-06T18:47:06,2025-08-07T00:35:06,2025-08-09T21:35:06,
ORD-251204-0590,CUST-0377,Võ Hữu Kiệt,0798479513,"188 Đường Nguyễn Kiệm, Quận 3, TP. Hồ Chí Minh",Hồ Chí Minh,9490000,1510000,0,9490000,CREDIT_CARD,PAID,DELIVERED,2025-12-04T16:27:37,2025-12-04T16:52:37,2025-12-05T09:27:37,2025-12-07T21:27:37,
ORD-260130-0591,CUST-0054,Dương Hồng Hương,0836360576,"134 Đường Nguyễn Trãi, Quận Hai Bà Trưng, TP. Hà Nội",Hà Nội,25480000,3520000,0,25480000,MOMO,PAID,DELIVERED,2026-01-30T18:16:24,2026-01-30T18:37:24,2026-01-31T01:16:24,2026-02-01T19:16:24,
ORD-260219-0592,CUST-0267,Phạm Quốc Bách,0389042681,"124 Đường Quang Trung, Quận Gò Vấp, TP. Hồ Chí Minh",Hồ Chí Minh,12990000,1510000,0,12990000,COD,PAID,DELIVERED,2026-02-19T20:09:07,2026-02-19T20:24:07,2026-02-20T04:09:07,2026-02-21T00:09:07,
ORD-250828-0593,CUST-0365,Hồ Đình Khoa,0772324876,"95 Đường Võ Văn Tần, Quận 10, TP. Hồ Chí Minh",Hồ Chí Minh,24480000,3020000,0,24480000,COD,PAID,DELIVERED,2025-08-28T11:09:07,2025-08-28T11:14:07,2025-08-28T13:09:07,2025-08-29T16:09:07,
ORD-251204-0594,CUST-0024,Hồ Hoàng Long,0791693406,"377 Đường Trần Hưng Đạo, Quận Lê Chân, TP. Hải Phòng",Hải Phòng,24980000,3520000,0,24980000,MOMO,PAID,DELIVERED,2025-12-04T16:52:18,2025-12-04T17:12:18,2025-12-05T03:52:18,2025-12-06T21:52:18,
ORD-251015-0595,CUST-0403,Phạm Linh Chi,0794858800,"458 Đường Trần Văn Khéo, Quận Cái Răng, TP. Cần Thơ",Cần Thơ,26990000,3010000,0,26990000,BANK_TRANSFER,PAID,DELIVERED,2025-10-15T20:49:54,2025-10-15T21:31:54,2025-10-16T08:49:54,2025-10-18T20:49:54,
ORD-251125-0596,CUST-0376,Lê Quốc Duy,0917933554,"69 Đường Đại lộ Hòa Bình, Quận Cái Răng, TP. Cần Thơ",Cần Thơ,4780000,620000,30000,4810000,VNPAY,PAID,DELIVERED,2025-11-25T00:52:52,2025-11-25T01:18:52,2025-11-25T02:52:52,2025-11-28T00:52:52,
ORD-251130-0597,CUST-0038,Phan Hữu Huy,0773799650,"222 Đường Võ Nguyên Giáp, Quận Thanh Khê, TP. Đà Nẵng",Đà Nẵng,27980000,2520000,0,27980000,BANK_TRANSFER,PAID,DELIVERED,2025-11-30T12:05:45,2025-11-30T12:30:45,2025-11-30T17:05:45,2025-12-02T16:05:45,
ORD-260612-0598,CUST-0241,Nguyễn Minh Anh,0916484085,"49 Đường Tô Hiệu, Quận Ngô Quyền, TP. Hải Phòng",Hải Phòng,4990000,510000,30000,5020000,COD,PAID,DELIVERED,2026-06-12T16:12:27,2026-06-12T16:53:27,2026-06-13T06:12:27,2026-06-13T19:12:27,
ORD-260220-0599,CUST-0271,Lý Thảo Chi,0830807595,"192 Đường Tô Hiệu, Quận Ngô Quyền, TP. Hải Phòng",Hải Phòng,2190000,310000,30000,2220000,BANK_TRANSFER,PAID,DELIVERED,2026-02-20T16:33:57,2026-02-20T17:09:57,2026-02-20T20:33:57,2026-02-22T16:33:57,
ORD-260319-0600,CUST-0220,Đặng Hồng Vy,0930461849,"528 Đường Xuân Thủy, Quận Hai Bà Trưng, TP. Hà Nội",Hà Nội,9490000,1510000,0,9490000,COD,PAID,DELIVERED,2026-03-19T21:36:29,2026-03-19T21:46:29,2026-03-20T03:36:29,2026-03-22T02:36:29,
ORD-260316-0601,CUST-0233,Vũ Thành Phong,0866547226,"227 Đường Lê Hồng Phong, Quận Ngô Quyền, TP. Hải Phòng",Hải Phòng,990000,210000,30000,1020000,MOMO,PAID,DELIVERED,2026-03-16T12:05:35,2026-03-16T12:39:35,2026-03-17T01:05:35,2026-03-18T16:05:35,
ORD-250623-0602,CUST-0236,Nguyễn Linh Mai,0838386384,"431 Đường Nguyễn Kiệm, Thành phố Thủ Đức, TP. Hồ Chí Minh",Hồ Chí Minh,6890000,610000,0,6890000,BANK_TRANSFER,PAID,DELIVERED,2025-06-23T19:31:18,2025-06-23T20:11:18,2025-06-24T01:31:18,2025-06-25T19:31:18,
ORD-260321-0603,CUST-0207,Dương Thị Yến,0905345786,"386 Đường Điện Biên Phủ, Quận 1, TP. Hồ Chí Minh",Hồ Chí Minh,3390000,410000,30000,3420000,BANK_TRANSFER,PAID,DELIVERED,2026-03-21T17:30:21,2026-03-21T17:51:21,2026-03-22T06:30:21,2026-03-23T18:30:21,
ORD-250706-0604,CUST-0178,Lê Thu Hoa,0381744518,"303 Đường Điện Biên Phủ, Quận Tân Bình, TP. Hồ Chí Minh",Hồ Chí Minh,5480000,820000,0,5480000,BANK_TRANSFER,PAID,DELIVERED,2025-07-06T15:53:02,2025-07-06T16:06:02,2025-07-07T04:53:02,2025-07-08T15:53:02,
ORD-250731-0605,CUST-0033,Bùi Hoàng Tùng,0830162720,"470 Đường Mậu Thân, Quận Cái Răng, TP. Cần Thơ",Cần Thơ,1890000,310000,30000,1920000,VNPAY,PAID,DELIVERED,2025-07-31T22:57:21,2025-07-31T23:19:21,2025-08-01T15:57:21,2025-08-02T02:57:21,
ORD-260127-0606,CUST-0313,Hồ Mai Trúc,0384742312,"242 Đường Điện Biên Phủ, Quận Gò Vấp, TP. Hồ Chí Minh",Hồ Chí Minh,52990000,5010000,0,52990000,COD,PAID,DELIVERED,2026-01-27T08:33:41,2026-01-27T09:06:41,2026-01-27T17:33:41,2026-01-28T09:33:41,
ORD-251210-0607,CUST-0200,Phạm Duy Dũng,0981158693,"246 Đường Tô Hiệu, Quận Ngô Quyền, TP. Hải Phòng",Hải Phòng,13490000,1510000,0,13490000,BANK_TRANSFER,PAID,DELIVERED,2025-12-10T08:50:22,2025-12-10T08:55:22,2025-12-10T15:50:22,2025-12-12T08:50:22,
ORD-260109-0608,CUST-0045,Đỗ Phương Linh,0791206797,"294 Đường Phan Đăng Lưu, Quận Bình Thạnh, TP. Hồ Chí Minh",Hồ Chí Minh,3390000,410000,30000,3420000,BANK_TRANSFER,PAID,DELIVERED,2026-01-09T08:56:02,2026-01-09T09:13:02,2026-01-09T11:56:02,2026-01-10T11:56:02,
ORD-260110-0609,CUST-0304,Đặng Ngọc Phương,0796227837,"253 Đường Trần Hưng Đạo, Quận Hồng Bàng, TP. Hải Phòng",Hải Phòng,15990000,2010000,0,15990000,BANK_TRANSFER,PAID,DELIVERED,2026-01-10T00:30:16,2026-01-10T00:54:16,2026-01-10T12:30:16,2026-01-13T02:30:16,
ORD-250902-0610,CUST-0409,Dương Quốc Việt,0860496391,"73 Đường Lê Hồng Phong, Quận Ngô Quyền, TP. Hải Phòng",Hải Phòng,9980000,1020000,0,9980000,COD,PAID,DELIVERED,2025-09-02T14:35:36,2025-09-02T15:10:36,2025-09-02T19:35:36,2025-09-04T19:35:36,
ORD-250917-0611,CUST-0474,Nguyễn Mai Lan,0830361332,"33 Đường Lê Duẩn, Quận Hải Châu, TP. Đà Nẵng",Đà Nẵng,4480000,620000,30000,4510000,COD,PAID,DELIVERED,2025-09-17T21:46:49,2025-09-17T22:26:49,2025-09-18T11:46:49,2025-09-19T02:46:49,
ORD-251217-0612,CUST-0498,Trần Duy Phong,0795977790,"360 Đường Võ Văn Tần, Quận Gò Vấp, TP. Hồ Chí Minh",Hồ Chí Minh,9180000,1020000,0,9180000,BANK_TRANSFER,PAID,DELIVERED,2025-12-17T16:56:52,2025-12-17T17:18:52,2025-12-18T07:56:52,2025-12-18T21:56:52,
ORD-250915-0613,CUST-0368,Lê Thị Chi,0791137995,"240 Đường Tràng Tiền, Quận Hoàn Kiếm, TP. Hà Nội",Hà Nội,2490000,410000,30000,2520000,COD,CANCELLED,CANCELLED,2025-09-15T16:11:20,2025-09-15T16:24:20,,,2025-09-16T10:11:20
ORD-260101-0614,CUST-0025,Bùi Ngọc Ngọc,0794656482,"183 Đường Trần Văn Khéo, Quận Bình Thủy, TP. Cần Thơ",Cần Thơ,26480000,3520000,0,26480000,BANK_TRANSFER,PAID,DELIVERED,2026-01-01T14:28:59,2026-01-01T14:55:59,2026-01-01T18:28:59,2026-01-03T17:28:59,
ORD-251231-0615,CUST-0305,Phan Duy Tuấn,0916655355,"363 Đường 3 Tháng 2, Quận Gò Vấp, TP. Hồ Chí Minh",Hồ Chí Minh,8490000,1010000,0,8490000,BANK_TRANSFER,PAID,DELIVERED,2025-12-31T12:02:31,2025-12-31T12:21:31,2025-12-31T17:02:31,2026-01-01T12:02:31,
ORD-251203-0616,CUST-0482,Võ Minh Anh,0936205015,"302 Đường Trần Hưng Đạo, Quận Hồng Bàng, TP. Hải Phòng",Hải Phòng,8380000,920000,0,8380000,COD,PAID,DELIVERED,2025-12-03T23:01:09,2025-12-03T23:17:09,2025-12-04T06:01:09,2025-12-06T23:01:09,
ORD-260202-0617,CUST-0162,Ngô Phương Hoa,0835849825,"278 Đường Hùng Vương, Quận Sơn Trà, TP. Đà Nẵng",Đà Nẵng,3990000,510000,30000,4020000,MOMO,PAID,DELIVERED,2026-02-02T08:11:00,2026-02-02T08:52:00,2026-02-02T21:11:00,2026-02-03T08:11:00,
ORD-260510-0618,CUST-0389,Đỗ Thành Nam,0978904290,"370 Đường Nguyễn Văn Linh, Quận Ngũ Hành Sơn, TP. Đà Nẵng",Đà Nẵng,990000,210000,30000,1020000,BANK_TRANSFER,PAID,DELIVERED,2026-05-10T13:55:46,2026-05-10T14:28:46,2026-05-11T01:55:46,2026-05-11T16:55:46,
ORD-251105-0619,CUST-0052,Võ Đình Khánh,0866773782,"76 Đường Chùa Bộc, Quận Ba Đình, TP. Hà Nội",Hà Nội,2490000,310000,30000,2520000,BANK_TRANSFER,PAID,DELIVERED,2025-11-05T21:29:38,2025-11-05T21:48:38,2025-11-06T01:29:38,2025-11-06T21:29:38,
ORD-260115-0620,CUST-0491,Phạm Đức Duy,0860445669,"238 Đường Tô Hiệu, Quận Hồng Bàng, TP. Hải Phòng",Hải Phòng,1890000,310000,30000,1920000,MOMO,PAID,DELIVERED,2026-01-15T00:44:57,2026-01-15T01:02:57,2026-01-15T15:44:57,2026-01-16T04:44:57,
ORD-250803-0621,CUST-0033,Bùi Hoàng Tùng,0830162720,"470 Đường Mậu Thân, Quận Cái Răng, TP. Cần Thơ",Cần Thơ,12980000,2020000,0,12980000,MOMO,PAID,DELIVERED,2025-08-03T08:14:41,2025-08-03T08:41:41,2025-08-03T21:14:41,2025-08-04T10:14:41,
ORD-260514-0622,CUST-0199,Hoàng Anh Kiệt,0854186256,"274 Đường Nguyễn Trãi, Quận Hai Bà Trưng, TP. Hà Nội",Hà Nội,990000,210000,30000,1020000,BANK_TRANSFER,PAID,DELIVERED,2026-05-14T14:31:36,2026-05-14T15:11:36,2026-05-14T17:31:36,2026-05-15T18:31:36,
ORD-260205-0623,CUST-0245,Vũ Thảo Trang,0772832684,"16 Đường Tràng Tiền, Quận Đống Đa, TP. Hà Nội",Hà Nội,3990000,510000,30000,4020000,MOMO,PAID,DELIVERED,2026-02-05T18:15:30,2026-02-05T18:32:30,2026-02-06T05:15:30,2026-02-07T22:15:30,
ORD-260224-0624,CUST-0442,Hồ Thành Duy,0860767899,"545 Đường Đại lộ Hòa Bình, Quận Ninh Kiều, TP. Cần Thơ",Cần Thơ,2290000,310000,30000,2320000,COD,PAID,DELIVERED,2026-02-24T14:29:24,2026-02-24T15:14:24,2026-02-25T03:29:24,2026-02-25T14:29:24,
ORD-260209-0625,CUST-0161,Hồ Lâm Phong,0860745171,"443 Đường Tràng Tiền, Quận Nam Từ Liêm, TP. Hà Nội",Hà Nội,52990000,5010000,0,52990000,BANK_TRANSFER,PAID,DELIVERED,2026-02-09T14:18:06,2026-02-09T14:59:06,2026-02-09T20:18:06,2026-02-10T15:18:06,
ORD-251116-0626,CUST-0036,Bùi Hoàng Anh,0931931491,"384 Đường Nguyễn Kiệm, Quận Tân Bình, TP. Hồ Chí Minh",Hồ Chí Minh,12990000,1510000,0,12990000,BANK_TRANSFER,PAID,DELIVERED,2025-11-16T07:15:00,2025-11-16T07:35:00,2025-11-16T09:15:00,2025-11-17T07:15:00,
ORD-260227-0627,CUST-0228,Đặng Hoàng Phong,0917797177,"110 Đường Nguyễn Thị Minh Khai, Quận Phú Nhuận, TP. Hồ Chí Minh",Hồ Chí Minh,1890000,310000,30000,1920000,MOMO,PAID,DELIVERED,2026-02-27T17:00:18,2026-02-27T17:41:18,2026-02-28T09:00:18,2026-03-01T21:00:18,
ORD-250820-0628,CUST-0088,Lý Minh Tùng,0777468862,"58 Đường Lê Hồng Phong, Quận Hồng Bàng, TP. Hải Phòng",Hải Phòng,3490000,410000,30000,3520000,VNPAY,PAID,DELIVERED,2025-08-20T19:19:10,2025-08-20T19:35:10,2025-08-20T21:19:10,2025-08-23T20:19:10,
ORD-260316-0629,CUST-0267,Phạm Quốc Bách,0389042681,"124 Đường Quang Trung, Quận Gò Vấp, TP. Hồ Chí Minh",Hồ Chí Minh,13480000,2020000,0,13480000,BANK_TRANSFER,PAID,DELIVERED,2026-03-16T15:29:56,2026-03-16T15:39:56,2026-03-17T04:29:56,2026-03-17T16:29:56,
ORD-250812-0630,CUST-0221,Hoàng Ngọc Chi,0939348356,"217 Đường Trần Duy Hưng, Quận Cầu Giấy, TP. Hà Nội",Hà Nội,990000,210000,30000,1020000,BANK_TRANSFER,PAID,DELIVERED,2025-08-12T10:22:58,2025-08-12T10:27:58,2025-08-12T23:22:58,2025-08-15T10:22:58,
ORD-251108-0631,CUST-0258,Bùi Đình Hải,0855799136,"212 Đường Nguyễn Trãi, Quận Cầu Giấy, TP. Hà Nội",Hà Nội,5980000,720000,0,5980000,BANK_TRANSFER,PAID,DELIVERED,2025-11-08T13:35:35,2025-11-08T14:10:35,2025-11-08T20:35:35,2025-11-11T18:35:35,
ORD-251228-0632,CUST-0385,Phan Thị Ngọc,0975478137,"172 Đường Nguyễn Văn Cừ, Quận Cái Răng, TP. Cần Thơ",Cần Thơ,6890000,610000,0,6890000,COD,PAID,DELIVERED,2025-12-28T15:48:51,2025-12-28T16:02:51,2025-12-29T09:48:51,2025-12-31T18:48:51,
ORD-260111-0633,CUST-0170,Bùi Minh Khoa,0972341389,"313 Đường Lạch Tray, Quận Ngô Quyền, TP. Hải Phòng",Hải Phòng,3480000,520000,30000,3510000,COD,PAID,DELIVERED,2026-01-11T17:32:08,2026-01-11T17:50:08,2026-01-12T04:32:08,2026-01-14T18:32:08,
ORD-260210-0634,CUST-0031,Hồ Diệu Trúc,0978760366,"11 Đường Võ Văn Tần, Thành phố Thủ Đức, TP. Hồ Chí Minh",Hồ Chí Minh,4980000,720000,30000,5010000,COD,PAID,DELIVERED,2026-02-10T12:17:41,2026-02-10T12:45:41,2026-02-10T20:17:41,2026-02-13T12:17:41,
ORD-250628-0635,CUST-0026,Vũ Văn Việt,0863699577,"178 Đường Trần Duy Hưng, Quận Ba Đình, TP. Hà Nội",Hà Nội,3990000,510000,30000,4020000,COD,PAID,DELIVERED,2025-06-28T21:08:45,2025-06-28T21:36:45,2025-06-29T05:08:45,2025-06-29T22:08:45,
ORD-251129-0636,CUST-0172,Phan Đức Kiệt,0910910430,"518 Đường Nguyễn Văn Cừ, Quận Bình Thủy, TP. Cần Thơ",Cần Thơ,32480000,3520000,0,32480000,BANK_TRANSFER,PAID,DELIVERED,2025-11-29T18:52:03,2025-11-29T19:26:03,2025-11-30T07:52:03,2025-12-01T22:52:03,
ORD-250817-0637,CUST-0351,Phạm Hồng Phương,0774286047,"104 Đường Lạch Tray, Quận Lê Chân, TP. Hải Phòng",Hải Phòng,2190000,310000,30000,2220000,VNPAY,PAID,DELIVERED,2025-08-17T18:52:43,2025-08-17T18:59:43,2025-08-18T01:52:43,2025-08-20T23:52:43,
ORD-260605-0638,CUST-0062,Ngô Mai Mai,0771236851,"470 Đường Lê Lợi, Quận Gò Vấp, TP. Hồ Chí Minh",Hồ Chí Minh,6490000,1010000,0,6490000,COD,PAID,DELIVERED,2026-06-05T21:47:34,2026-06-05T22:28:34,2026-06-06T01:47:34,2026-06-06T21:47:34,
ORD-260522-0639,CUST-0257,Lý Diệu Anh,0830413797,"151 Đường Tố Hữu, Quận Thanh Xuân, TP. Hà Nội",Hà Nội,1890000,310000,30000,1920000,MOMO,PAID,DELIVERED,2026-05-22T16:23:53,2026-05-22T16:30:53,2026-05-23T06:23:53,2026-05-23T21:23:53,
ORD-250831-0640,CUST-0044,Bùi Duy Phong,0796774964,"217 Đường Lạch Tray, Quận Hồng Bàng, TP. Hải Phòng",Hải Phòng,7180000,820000,0,7180000,COD,PAID,DELIVERED,2025-08-31T14:23:03,2025-08-31T14:55:03,2025-09-01T04:23:03,2025-09-01T19:23:03,
ORD-251225-0641,CUST-0214,Võ Thảo Trinh,0839173816,"159 Đường Lê Duẩn, Quận Ngũ Hành Sơn, TP. Đà Nẵng",Đà Nẵng,1290000,210000,30000,1320000,BANK_TRANSFER,PAID,DELIVERED,2025-12-25T17:24:10,2025-12-25T17:36:10,2025-12-25T21:24:10,2025-12-27T18:24:10,
ORD-251226-0642,CUST-0341,Võ Hoàng Long,0837335494,"13 Đường Hùng Vương, Quận Hải Châu, TP. Đà Nẵng",Đà Nẵng,1490000,310000,30000,1520000,BANK_TRANSFER,PAID,DELIVERED,2025-12-26T16:20:17,2025-12-26T16:27:17,2025-12-27T09:20:17,2025-12-29T21:20:17,
ORD-251123-0643,CUST-0477,Trần Hoàng Phong,0839076769,"469 Đường Nguyễn Thị Minh Khai, Quận Tân Bình, TP. Hồ Chí Minh",Hồ Chí Minh,1490000,310000,30000,1520000,BANK_TRANSFER,PAID,DELIVERED,2025-11-23T11:19:58,2025-11-23T11:40:58,2025-11-23T20:19:58,2025-11-24T15:19:58,
ORD-250713-0644,CUST-0455,Dương Anh Nam,0986611062,"536 Đường Nguyễn Kiệm, Quận Tân Bình, TP. Hồ Chí Minh",Hồ Chí Minh,32480000,3720000,0,32480000,COD,PAID,DELIVERED,2025-07-13T16:14:15,2025-07-13T16:24:15,2025-07-14T05:14:15,2025-07-16T20:14:15,
ORD-251202-0645,CUST-0190,Ngô Minh Tùng,0905992937,"43 Đường Võ Nguyên Giáp, Quận Thanh Khê, TP. Đà Nẵng",Đà Nẵng,14880000,2320000,0,14880000,MOMO,PAID,DELIVERED,2025-12-02T16:17:31,2025-12-02T16:39:31,2025-12-03T04:17:31,2025-12-03T18:17:31,
ORD-260201-0646,CUST-0439,Võ Ngọc Long,0774995641,"119 Đường Bà Triệu, Quận Cầu Giấy, TP. Hà Nội",Hà Nội,3290000,510000,30000,3320000,COD,PAID,DELIVERED,2026-02-01T22:38:49,2026-02-01T22:48:49,2026-02-02T05:38:49,2026-02-04T00:38:49,
ORD-260114-0647,CUST-0358,Võ Hồng Lan,0793067198,"61 Đường Võ Nguyên Giáp, Quận Sơn Trà, TP. Đà Nẵng",Đà Nẵng,3490000,410000,30000,3520000,COD,PAID,DELIVERED,2026-01-14T20:11:48,2026-01-14T20:40:48,2026-01-15T10:11:48,2026-01-16T23:11:48,
ORD-260129-0648,CUST-0007,Dương Ngọc Nam,0858451462,"524 Đường 3 Tháng 2, Quận Gò Vấp, TP. Hồ Chí Minh",Hồ Chí Minh,52990000,5010000,0,52990000,MOMO,PAID,DELIVERED,2026-01-29T13:45:37,2026-01-29T14:08:37,2026-01-29T16:45:37,2026-02-01T15:45:37,
ORD-260213-0649,CUST-0101,Dương Quỳnh Yến,0915518844,"525 Đường Tràng Tiền, Quận Nam Từ Liêm, TP. Hà Nội",Hà Nội,6780000,920000,0,6780000,VNPAY,PAID,DELIVERED,2026-02-13T10:26:52,2026-02-13T10:59:52,2026-02-14T01:26:52,2026-02-14T15:26:52,
ORD-250919-0650,CUST-0016,Bùi Thảo Trinh,0838543534,"473 Đường Kim Mã, Quận Hoàn Kiếm, TP. Hà Nội",Hà Nội,3690000,510000,30000,3720000,COD,PAID,DELIVERED,2025-09-19T19:31:33,2025-09-19T20:11:33,2025-09-20T11:31:33,2025-09-20T23:31:33,
ORD-251216-0651,CUST-0108,Nguyễn Diệu Anh,0383259532,"320 Đường Tô Hiệu, Quận Ngô Quyền, TP. Hải Phòng",Hải Phòng,3380000,620000,30000,3410000,VNPAY,PAID,DELIVERED,2025-12-16T17:47:57,2025-12-16T18:23:57,2025-12-16T20:47:57,2025-12-17T20:47:57,
ORD-250922-0652,CUST-0355,Đỗ Khánh Trúc,0855421406,"276 Đường Trần Hưng Đạo, Quận Hải Châu, TP. Đà Nẵng",Đà Nẵng,5280000,720000,0,5280000,BANK_TRANSFER,PAID,DELIVERED,2025-09-22T13:47:52,2025-09-22T14:17:52,2025-09-23T01:47:52,2025-09-24T14:47:52,
ORD-250801-0653,CUST-0331,Ngô Phương Lan,0778078235,"151 Đường Lê Hồng Phong, Quận Ngô Quyền, TP. Hải Phòng",Hải Phòng,8490000,1010000,0,8490000,COD,PAID,DELIVERED,2025-08-01T20:52:28,2025-08-01T21:30:28,2025-08-01T23:52:28,2025-08-02T20:52:28,
ORD-250705-0654,CUST-0439,Võ Ngọc Long,0774995641,"119 Đường Bà Triệu, Quận Cầu Giấy, TP. Hà Nội",Hà Nội,28480000,3320000,0,28480000,COD,PAID,DELIVERED,2025-07-05T09:19:11,2025-07-05T09:43:11,2025-07-05T18:19:11,2025-07-08T14:19:11,
ORD-250802-0655,CUST-0413,Ngô Anh Kiệt,0796603242,"185 Đường Hùng Vương, Quận Sơn Trà, TP. Đà Nẵng",Đà Nẵng,38480000,4520000,0,38480000,COD,PAID,DELIVERED,2025-08-02T15:10:58,2025-08-02T15:24:58,2025-08-03T09:10:58,2025-08-04T16:10:58,
ORD-260213-0656,CUST-0295,Trần Thảo Phương,0857899405,"18 Đường Lạch Tray, Quận Lê Chân, TP. Hải Phòng",Hải Phòng,16490000,2010000,0,16490000,COD,PAID,DELIVERED,2026-02-13T19:39:22,2026-02-13T19:53:22,2026-02-14T11:39:22,2026-02-15T00:39:22,
ORD-250812-0657,CUST-0309,Phạm Quang Nam,0977981238,"547 Đường Điện Biên Phủ, Quận 1, TP. Hồ Chí Minh",Hồ Chí Minh,4490000,510000,30000,4520000,COD,PAID,DELIVERED,2025-08-12T12:54:30,2025-08-12T13:26:30,2025-08-12T16:54:30,2025-08-15T14:54:30,
ORD-251202-0658,CUST-0204,Vũ Duy Long,0770246299,"344 Đường Trần Văn Khéo, Quận Ninh Kiều, TP. Cần Thơ",Cần Thơ,26990000,3010000,0,26990000,COD,PAID,DELIVERED,2025-12-02T20:07:48,2025-12-02T20:43:48,2025-12-03T01:07:48,2025-12-03T23:07:48,
ORD-250907-0659,CUST-0114,Lê Quốc Dũng,0831307562,"68 Đường Trần Duy Hưng, Quận Hai Bà Trưng, TP. Hà Nội",Hà Nội,5980000,1020000,0,5980000,BANK_TRANSFER,PAID,DELIVERED,2025-09-07T17:11:45,2025-09-07T17:32:45,2025-09-08T03:11:45,2025-09-09T20:11:45,
ORD-260402-0660,CUST-0075,Bùi Thị Vy,0989014767,"225 Đường Nguyễn Văn Cừ, Quận Cái Răng, TP. Cần Thơ",Cần Thơ,16480000,2320000,0,16480000,CREDIT_CARD,PAID,DELIVERED,2026-04-02T10:45:32,2026-04-02T11:12:32,2026-04-02T16:45:32,2026-04-05T15:45:32,
ORD-251220-0661,CUST-0376,Lê Quốc Duy,0917933554,"69 Đường Đại lộ Hòa Bình, Quận Cái Răng, TP. Cần Thơ",Cần Thơ,16490000,2010000,0,16490000,COD,PAID,DELIVERED,2025-12-20T13:52:56,2025-12-20T14:21:56,2025-12-20T22:52:56,2025-12-23T18:52:56,
ORD-250723-0662,CUST-0035,Phạm Thảo Mai,0833745299,"115 Đường Phan Đăng Lưu, Quận 10, TP. Hồ Chí Minh",Hồ Chí Minh,6990000,810000,0,6990000,COD,PAID,DELIVERED,2025-07-23T08:25:43,2025-07-23T08:50:43,2025-07-23T17:25:43,2025-07-26T10:25:43,
ORD-260404-0663,CUST-0166,Nguyễn Quỳnh Yến,0770632424,"385 Đường Lê Duẩn, Quận Sơn Trà, TP. Đà Nẵng",Đà Nẵng,1490000,310000,30000,1520000,VNPAY,PAID,DELIVERED,2026-04-04T18:14:49,2026-04-04T18:44:49,2026-04-05T03:14:49,2026-04-07T23:14:49,
ORD-260518-0664,CUST-0198,Dương Thị Vân,0906149731,"88 Đường Kim Mã, Quận Thanh Xuân, TP. Hà Nội",Hà Nội,3990000,510000,30000,4020000,COD,PAID,DELIVERED,2026-05-18T12:30:02,2026-05-18T13:15:02,2026-05-18T16:30:02,2026-05-20T12:30:02,
ORD-250710-0665,CUST-0037,Nguyễn Anh Nam,0385726284,"451 Đường Tô Hiệu, Quận Ngô Quyền, TP. Hải Phòng",Hải Phòng,3990000,510000,30000,4020000,BANK_TRANSFER,PAID,DELIVERED,2025-07-10T14:01:36,2025-07-10T14:19:36,2025-07-11T02:01:36,2025-07-12T18:01:36,
ORD-260410-0666,CUST-0031,Hồ Diệu Trúc,0978760366,"11 Đường Võ Văn Tần, Thành phố Thủ Đức, TP. Hồ Chí Minh",Hồ Chí Minh,7480000,1220000,0,7480000,COD,PAID,DELIVERED,2026-04-10T10:10:42,2026-04-10T10:20:42,2026-04-10T16:10:42,2026-04-12T10:10:42,
ORD-250806-0667,CUST-0464,Nguyễn Trúc Anh,0833788614,"421 Đường Hùng Vương, Quận Ngũ Hành Sơn, TP. Đà Nẵng",Đà Nẵng,16490000,2010000,0,16490000,BANK_TRANSFER,PAID,DELIVERED,2025-08-06T16:41:29,2025-08-06T17:16:29,2025-08-07T01:41:29,2025-08-07T20:41:29,
ORD-251107-0668,CUST-0068,Nguyễn Diệu Nhi,0911775891,"538 Đường Lạch Tray, Quận Hồng Bàng, TP. Hải Phòng",Hải Phòng,3990000,510000,30000,4020000,BANK_TRANSFER,REFUNDED,CANCELLED,2025-11-07T18:01:29,2025-11-07T18:40:29,,,2025-11-08T08:01:29
ORD-260218-0669,CUST-0181,Vũ Minh Bách,0919182619,"247 Đường 3 Tháng 2, Thành phố Thủ Đức, TP. Hồ Chí Minh",Hồ Chí Minh,3290000,510000,30000,3320000,BANK_TRANSFER,PAID,DELIVERED,2026-02-18T22:40:43,2026-02-18T23:25:43,2026-02-19T12:40:43,2026-02-21T00:40:43,
ORD-250827-0670,CUST-0345,Lê Thị Trinh,0773846895,"120 Đường Quang Trung, Quận Phú Nhuận, TP. Hồ Chí Minh",Hồ Chí Minh,13980000,1820000,0,13980000,VNPAY,PAID,DELIVERED,2025-08-27T10:07:09,2025-08-27T10:34:09,2025-08-28T03:07:09,2025-08-29T12:07:09,
ORD-260619-0671,CUST-0246,Lê Thị Trinh,0836881435,"169 Đường Mậu Thân, Quận Bình Thủy, TP. Cần Thơ",Cần Thơ,5780000,1020000,0,5780000,BANK_TRANSFER,PAID,DELIVERED,2026-06-19T22:29:25,2026-06-19T22:53:25,2026-06-20T14:29:25,2026-06-23T01:29:25,
ORD-251224-0672,CUST-0198,Dương Thị Vân,0906149731,"88 Đường Kim Mã, Quận Thanh Xuân, TP. Hà Nội",Hà Nội,13980000,1520000,0,13980000,COD,PAID,DELIVERED,2025-12-24T23:16:54,2025-12-24T23:35:54,2025-12-25T16:16:54,2025-12-25T23:16:54,
ORD-250808-0673,CUST-0219,Lê Hồng Hoa,0384890901,"431 Đường Lê Lợi, Quận 1, TP. Hồ Chí Minh",Hồ Chí Minh,990000,210000,30000,1020000,BANK_TRANSFER,PAID,DELIVERED,2025-08-08T15:05:07,2025-08-08T15:34:07,2025-08-09T00:05:07,2025-08-10T16:05:07,
ORD-260320-0674,CUST-0304,Đặng Ngọc Phương,0796227837,"253 Đường Trần Hưng Đạo, Quận Hồng Bàng, TP. Hải Phòng",Hải Phòng,3290000,510000,30000,3320000,CREDIT_CARD,PAID,DELIVERED,2026-03-20T09:33:10,2026-03-20T09:58:10,2026-03-20T20:33:10,2026-03-23T13:33:10,
ORD-251230-0675,CUST-0391,Hoàng Thành Hoàng,0918952028,"353 Đường Võ Nguyên Giáp, Quận Ngũ Hành Sơn, TP. Đà Nẵng",Đà Nẵng,3290000,510000,30000,3320000,VNPAY,REFUNDED,CANCELLED,2025-12-30T13:18:26,2025-12-30T13:41:26,,,2025-12-31T13:18:26
ORD-260113-0676,CUST-0114,Lê Quốc Dũng,0831307562,"68 Đường Trần Duy Hưng, Quận Hai Bà Trưng, TP. Hà Nội",Hà Nội,24480000,3520000,0,24480000,BANK_TRANSFER,PAID,DELIVERED,2026-01-13T20:50:57,2026-01-13T21:10:57,2026-01-14T05:50:57,2026-01-16T22:50:57,
ORD-260201-0677,CUST-0452,Ngô Khánh Lan,0908562884,"168 Đường Quang Trung, Quận Gò Vấp, TP. Hồ Chí Minh",Hồ Chí Minh,12990000,1510000,0,12990000,COD,PAID,DELIVERED,2026-02-01T11:33:48,2026-02-01T12:15:48,2026-02-01T23:33:48,2026-02-04T14:33:48,
ORD-250925-0678,CUST-0371,Phạm Duy Hải,0859298316,"478 Đường Trần Văn Khéo, Quận Ninh Kiều, TP. Cần Thơ",Cần Thơ,16980000,2020000,0,16980000,COD,PAID,DELIVERED,2025-09-25T22:06:15,2025-09-25T22:22:15,2025-09-26T03:06:15,2025-09-27T22:06:15,
ORD-260124-0679,CUST-0099,Nguyễn Phương Vân,0976909275,"547 Đường Mậu Thân, Quận Ninh Kiều, TP. Cần Thơ",Cần Thơ,3990000,510000,30000,4020000,COD,PAID,DELIVERED,2026-01-24T20:23:21,2026-01-24T20:47:21,2026-01-25T06:23:21,2026-01-27T23:23:21,
ORD-260518-0680,CUST-0476,Nguyễn Hoàng Trung,0912070496,"306 Đường Nguyễn Thị Minh Khai, Quận 1, TP. Hồ Chí Minh",Hồ Chí Minh,4490000,510000,30000,4520000,VNPAY,PAID,DELIVERED,2026-05-18T17:36:03,2026-05-18T17:54:03,2026-05-19T09:36:03,2026-05-20T20:36:03,
ORD-250819-0681,CUST-0362,Phạm Đức Hùng,0980417929,"230 Đường Võ Văn Tần, Quận 3, TP. Hồ Chí Minh",Hồ Chí Minh,12990000,1510000,0,12990000,BANK_TRANSFER,PAID,DELIVERED,2025-08-19T12:21:40,2025-08-19T12:31:40,2025-08-19T20:21:40,2025-08-20T14:21:40,
ORD-260315-0682,CUST-0153,Vũ Hữu Nam,0985457387,"468 Đường Trần Văn Khéo, Quận Ninh Kiều, TP. Cần Thơ",Cần Thơ,27280000,2720000,0,27280000,COD,PAID,DELIVERED,2026-03-15T12:24:14,2026-03-15T12:42:14,2026-03-15T23:24:14,2026-03-16T13:24:14,
ORD-260212-0683,CUST-0018,Bùi Lâm Khánh,0908412411,"293 Đường Lê Hồng Phong, Quận Hồng Bàng, TP. Hải Phòng",Hải Phòng,8490000,1010000,0,8490000,BANK_TRANSFER,PAID,DELIVERED,2026-02-12T15:11:16,2026-02-12T15:53:16,2026-02-13T06:11:16,2026-02-15T20:11:16,
ORD-250721-0684,CUST-0401,Ngô Ngọc Anh,0977967842,"506 Đường Phan Đăng Lưu, Quận 3, TP. Hồ Chí Minh",Hồ Chí Minh,2490000,310000,30000,2520000,COD,PAID,DELIVERED,2025-07-21T18:09:36,2025-07-21T18:19:36,2025-07-22T11:09:36,2025-07-23T20:09:36,
ORD-260531-0685,CUST-0097,Hoàng Thành Khoa,0916928451,"461 Đường Trần Hưng Đạo, Quận Sơn Trà, TP. Đà Nẵng",Đà Nẵng,14480000,1720000,0,14480000,VNPAY,PAID,DELIVERED,2026-05-31T21:03:09,2026-05-31T21:47:09,2026-06-01T07:03:09,2026-06-03T00:03:09,
ORD-260309-0686,CUST-0102,Ngô Trúc Chi,0905895782,"412 Đường Phan Đăng Lưu, Quận 3, TP. Hồ Chí Minh",Hồ Chí Minh,12480000,1520000,0,12480000,BANK_TRANSFER,PAID,DELIVERED,2026-03-09T23:39:50,2026-03-09T23:50:50,2026-03-10T07:39:50,2026-03-10T23:39:50,
ORD-251106-0687,CUST-0240,Trần Phương Hà,0975439878,"461 Đường Quang Trung, Quận 3, TP. Hồ Chí Minh",Hồ Chí Minh,990000,210000,30000,1020000,COD,PAID,DELIVERED,2025-11-06T18:42:57,2025-11-06T19:14:57,2025-11-07T00:42:57,2025-11-08T22:42:57,
ORD-260521-0688,CUST-0128,Dương Thị Ngọc,0778686337,"37 Đường Xuân Thủy, Quận Hoàn Kiếm, TP. Hà Nội",Hà Nội,75980000,7020000,0,75980000,BANK_TRANSFER,PAID,DELIVERED,2026-05-21T17:13:03,2026-05-21T17:34:03,2026-05-22T10:13:03,2026-05-22T18:13:03,
ORD-251028-0689,CUST-0024,Hồ Hoàng Long,0791693406,"377 Đường Trần Hưng Đạo, Quận Lê Chân, TP. Hải Phòng",Hải Phòng,15990000,2010000,0,15990000,COD,PAID,DELIVERED,2025-10-28T22:37:51,2025-10-28T22:52:51,2025-10-29T04:37:51,2025-10-30T22:37:51,
ORD-251120-0690,CUST-0225,Trần Vy Chi,0837296590,"120 Đường Trần Duy Hưng, Quận Hai Bà Trưng, TP. Hà Nội",Hà Nội,2190000,310000,30000,2220000,BANK_TRANSFER,PAID,DELIVERED,2025-11-20T11:56:34,2025-11-20T12:21:34,2025-11-20T21:56:34,2025-11-22T11:56:34,
ORD-260525-0691,CUST-0480,Bùi Đức Dũng,0938806533,"483 Đường Võ Nguyên Giáp, Quận Thanh Khê, TP. Đà Nẵng",Đà Nẵng,3690000,510000,30000,3720000,BANK_TRANSFER,PAID,DELIVERED,2026-05-25T17:14:34,2026-05-25T17:28:34,2026-05-26T05:14:34,2026-05-28T17:14:34,
ORD-250824-0692,CUST-0307,Nguyễn Hồng Hạnh,0933884879,"390 Đường Nguyễn Trãi, Quận Hoàn Kiếm, TP. Hà Nội",Hà Nội,2190000,310000,30000,2220000,BANK_TRANSFER,PAID,DELIVERED,2025-08-24T13:25:48,2025-08-24T13:39:48,2025-08-24T22:25:48,2025-08-26T14:25:48,
ORD-260429-0693,CUST-0294,Ngô Duy Việt,0976511810,"211 Đường Nguyễn Trãi, Quận Nam Từ Liêm, TP. Hà Nội",Hà Nội,5490000,710000,0,5490000,COD,PAID,DELIVERED,2026-04-29T08:03:07,2026-04-29T08:43:07,2026-04-29T23:03:07,2026-05-02T12:03:07,
ORD-251014-0694,CUST-0233,Vũ Thành Phong,0866547226,"227 Đường Lê Hồng Phong, Quận Ngô Quyền, TP. Hải Phòng",Hải Phòng,8180000,1020000,0,8180000,CREDIT_CARD,PAID,DELIVERED,2025-10-14T07:40:59,2025-10-14T08:24:59,2025-10-14T17:40:59,2025-10-17T09:40:59,
ORD-260428-0695,CUST-0253,Phạm Phương Nhi,0976770051,"274 Đường Lê Hồng Phong, Quận Lê Chân, TP. Hải Phòng",Hải Phòng,22990000,2010000,0,22990000,COD,PAID,DELIVERED,2026-04-28T09:31:24,2026-04-28T09:37:24,2026-04-28T22:31:24,2026-04-30T10:31:24,
ORD-251209-0696,CUST-0091,Ngô Anh Long,0901043289,"248 Đường Nguyễn Văn Cừ, Quận Ninh Kiều, TP. Cần Thơ",Cần Thơ,26990000,3010000,0,26990000,BANK_TRANSFER,PAID,DELIVERED,2025-12-09T18:16:37,2025-12-09T18:21:37,2025-12-10T02:16:37,2025-12-10T20:16:37,
ORD-260610-0697,CUST-0450,Hồ Hữu Tuấn,0975626060,"537 Đường Nguyễn Trãi, Quận Ba Đình, TP. Hà Nội",Hà Nội,12990000,1510000,0,12990000,COD,PAID,DELIVERED,2026-06-10T21:31:32,2026-06-10T21:46:32,2026-06-10T23:31:32,2026-06-13T01:31:32,
ORD-251223-0698,CUST-0351,Phạm Hồng Phương,0774286047,"104 Đường Lạch Tray, Quận Lê Chân, TP. Hải Phòng",Hải Phòng,4490000,710000,30000,4520000,BANK_TRANSFER,PAID,DELIVERED,2025-12-23T19:20:12,2025-12-23T19:36:12,2025-12-24T09:20:12,2025-12-26T00:20:12,
ORD-250817-0699,CUST-0486,Dương Thu Trinh,0773179128,"536 Đường Tô Hiệu, Quận Ngô Quyền, TP. Hải Phòng",Hải Phòng,2190000,310000,30000,2220000,COD,PAID,DELIVERED,2025-08-17T14:17:11,2025-08-17T14:44:11,2025-08-17T20:17:11,2025-08-18T17:17:11,
ORD-250915-0700,CUST-0179,Hồ Anh Hoàng,0837383206,"14 Đường Tràng Tiền, Quận Ba Đình, TP. Hà Nội",Hà Nội,1290000,210000,30000,1320000,COD,PAID,DELIVERED,2025-09-15T20:08:01,2025-09-15T20:17:01,2025-09-16T08:08:01,2025-09-17T21:08:01,
ORD-260109-0701,CUST-0163,Lý Hữu Minh,0380422325,"280 Đường Mậu Thân, Quận Cái Răng, TP. Cần Thơ",Cần Thơ,1490000,310000,30000,1520000,COD,PAID,DELIVERED,2026-01-09T18:25:14,2026-01-09T18:56:14,2026-01-10T01:25:14,2026-01-12T23:25:14,
ORD-251111-0702,CUST-0022,Ngô Lâm Phong,0862160733,"233 Đường Nguyễn Văn Linh, Quận Sơn Trà, TP. Đà Nẵng",Đà Nẵng,1490000,310000,30000,1520000,COD,PAID,DELIVERED,2025-11-11T12:16:39,2025-11-11T12:34:39,2025-11-11T17:16:39,2025-11-12T17:16:39,
ORD-260131-0703,CUST-0023,Vũ Ngọc Thảo,0978685014,"116 Đường Lạch Tray, Quận Ngô Quyền, TP. Hải Phòng",Hải Phòng,990000,210000,30000,1020000,VNPAY,PAID,DELIVERED,2026-01-31T21:14:45,2026-01-31T21:25:45,2026-02-01T04:14:45,2026-02-01T23:14:45,
ORD-250917-0704,CUST-0340,Dương Khánh Phương,0919196570,"5 Đường Chùa Bộc, Quận Nam Từ Liêm, TP. Hà Nội",Hà Nội,3290000,510000,30000,3320000,COD,PAID,DELIVERED,2025-09-17T14:26:34,2025-09-17T15:08:34,2025-09-17T19:26:34,2025-09-20T16:26:34,
ORD-251202-0705,CUST-0030,Ngô Anh Phong,0867143455,"241 Đường 3 Tháng 2, Quận 10, TP. Hồ Chí Minh",Hồ Chí Minh,5490000,710000,0,5490000,COD,PAID,DELIVERED,2025-12-02T12:08:53,2025-12-02T12:45:53,2025-12-03T05:08:53,2025-12-04T17:08:53,
ORD-260110-0706,CUST-0426,Phan Anh Hoàng,0839004896,"140 Đường Nguyễn Văn Cừ, Quận Bình Thủy, TP. Cần Thơ",Cần Thơ,3290000,510000,30000,3320000,COD,PAID,DELIVERED,2026-01-10T20:24:40,2026-01-10T20:56:40,2026-01-11T02:24:40,2026-01-11T22:24:40,
ORD-251108-0707,CUST-0313,Hồ Mai Trúc,0384742312,"242 Đường Điện Biên Phủ, Quận Gò Vấp, TP. Hồ Chí Minh",Hồ Chí Minh,12380000,1320000,0,12380000,BANK_TRANSFER,PAID,DELIVERED,2025-11-08T10:12:11,2025-11-08T10:51:11,2025-11-08T18:12:11,2025-11-09T12:12:11,
ORD-251103-0708,CUST-0047,Võ Hồng Ngọc,0384887719,"261 Đường Nguyễn Văn Cừ, Quận Bình Thủy, TP. Cần Thơ",Cần Thơ,1890000,310000,30000,1920000,BANK_TRANSFER,PAID,DELIVERED,2025-11-03T19:37:39,2025-11-03T19:52:39,2025-11-04T13:37:39,2025-11-06T20:37:39,
ORD-260521-0709,CUST-0011,Phạm Thị Hà,0918347382,"253 Đường Tô Hiệu, Quận Lê Chân, TP. Hải Phòng",Hải Phòng,1290000,210000,30000,1320000,COD,PAID,DELIVERED,2026-05-21T14:26:01,2026-05-21T14:53:01,2026-05-21T22:26:01,2026-05-24T15:26:01,
ORD-251129-0710,CUST-0279,Bùi Đình Bách,0979876220,"86 Đường Kim Mã, Quận Hoàn Kiếm, TP. Hà Nội",Hà Nội,54880000,5320000,0,54880000,BANK_TRANSFER,PAID,DELIVERED,2025-11-29T09:20:40,2025-11-29T09:40:40,2025-11-29T11:20:40,2025-12-01T13:20:40,
ORD-250810-0711,CUST-0088,Lý Minh Tùng,0777468862,"58 Đường Lê Hồng Phong, Quận Hồng Bàng, TP. Hải Phòng",Hải Phòng,3290000,510000,30000,3320000,VNPAY,PAID,DELIVERED,2025-08-10T15:34:44,2025-08-10T15:50:44,2025-08-10T23:34:44,2025-08-13T19:34:44,
ORD-250729-0712,CUST-0110,Hồ Diệu Vân,0906098358,"291 Đường Võ Văn Tần, Thành phố Thủ Đức, TP. Hồ Chí Minh",Hồ Chí Minh,52990000,5010000,0,52990000,COD,PAID,DELIVERED,2025-07-29T17:34:58,2025-07-29T18:06:58,2025-07-30T04:34:58,2025-07-30T17:34:58,
ORD-260331-0713,CUST-0080,Phạm Khánh Giang,0989212779,"328 Đường Nguyễn Văn Cừ, Quận Bình Thủy, TP. Cần Thơ",Cần Thơ,5780000,1020000,0,5780000,COD,PAID,DELIVERED,2026-03-31T11:38:09,2026-03-31T11:54:09,2026-04-01T03:38:09,2026-04-03T15:38:09,
ORD-250626-0714,CUST-0363,Vũ Hồng Phương,0971982530,"128 Đường Xuân Thủy, Quận Đống Đa, TP. Hà Nội",Hà Nội,3290000,510000,30000,3320000,BANK_TRANSFER,PAID,DELIVERED,2025-06-26T22:30:31,2025-06-26T23:12:31,2025-06-27T05:30:31,2025-06-28T03:30:31,
ORD-260213-0715,CUST-0439,Võ Ngọc Long,0774995641,"119 Đường Bà Triệu, Quận Cầu Giấy, TP. Hà Nội",Hà Nội,11490000,1510000,0,11490000,BANK_TRANSFER,PAID,DELIVERED,2026-02-13T17:29:38,2026-02-13T17:41:38,2026-02-14T06:29:38,2026-02-16T20:29:38,
ORD-260213-0716,CUST-0330,Lê Lâm Việt,0970461735,"314 Đường Hùng Vương, Quận Thanh Khê, TP. Đà Nẵng",Đà Nẵng,12180000,1520000,0,12180000,COD,PAID,DELIVERED,2026-02-13T12:42:31,2026-02-13T13:12:31,2026-02-14T02:42:31,2026-02-14T16:42:31,
ORD-251102-0717,CUST-0166,Nguyễn Quỳnh Yến,0770632424,"385 Đường Lê Duẩn, Quận Sơn Trà, TP. Đà Nẵng",Đà Nẵng,2290000,310000,30000,2320000,BANK_TRANSFER,PAID,DELIVERED,2025-11-02T17:37:36,2025-11-02T18:09:36,2025-11-02T19:37:36,2025-11-04T22:37:36,
ORD-250812-0718,CUST-0297,Đặng Hồng Hương,0796338392,"442 Đường Võ Văn Tần, Quận Tân Bình, TP. Hồ Chí Minh",Hồ Chí Minh,3290000,510000,30000,3320000,CREDIT_CARD,PAID,DELIVERED,2025-08-12T11:30:09,2025-08-12T11:39:09,2025-08-13T03:30:09,2025-08-15T15:30:09,
ORD-250819-0719,CUST-0288,Ngô Hoàng Bách,0930371837,"48 Đường Nguyễn Văn Linh, Quận Sơn Trà, TP. Đà Nẵng",Đà Nẵng,6490000,1010000,0,6490000,COD,PAID,DELIVERED,2025-08-19T18:31:16,2025-08-19T18:53:16,2025-08-19T22:31:16,2025-08-22T19:31:16,
ORD-260116-0720,CUST-0434,Lý Đức Hoàng,0851583776,"437 Đường Lê Duẩn, Quận Ngũ Hành Sơn, TP. Đà Nẵng",Đà Nẵng,16490000,2010000,0,16490000,BANK_TRANSFER,PAID,DELIVERED,2026-01-16T15:18:53,2026-01-16T15:57:53,2026-01-16T20:18:53,2026-01-18T17:18:53,
ORD-260204-0721,CUST-0015,Nguyễn Quang Khánh,0980812191,"257 Đường Xuân Thủy, Quận Hai Bà Trưng, TP. Hà Nội",Hà Nội,12990000,2010000,0,12990000,COD,PAID,DELIVERED,2026-02-04T00:38:10,2026-02-04T00:53:10,2026-02-04T05:38:10,2026-02-05T01:38:10,
ORD-251128-0722,CUST-0021,Lý Thảo Hương,0851586923,"188 Đường Nguyễn Trãi, Quận Hai Bà Trưng, TP. Hà Nội",Hà Nội,57280000,5720000,0,57280000,VNPAY,PAID,DELIVERED,2025-11-28T16:57:03,2025-11-28T17:24:03,2025-11-29T10:57:03,2025-11-29T17:57:03,
ORD-260102-0723,CUST-0448,Hồ Linh Nhi,0771255213,"354 Đường Trần Duy Hưng, Quận Nam Từ Liêm, TP. Hà Nội",Hà Nội,11680000,1820000,0,11680000,VNPAY,PAID,DELIVERED,2026-01-02T18:34:35,2026-01-02T18:45:35,2026-01-03T07:34:35,2026-01-04T19:34:35,
ORD-260619-0724,CUST-0025,Bùi Ngọc Ngọc,0794656482,"183 Đường Trần Văn Khéo, Quận Bình Thủy, TP. Cần Thơ",Cần Thơ,6990000,810000,0,6990000,VNPAY,PAID,SHIPPED,2026-06-19T18:46:24,2026-06-19T19:29:24,2026-06-20T07:46:24,,
ORD-260307-0725,CUST-0331,Ngô Phương Lan,0778078235,"151 Đường Lê Hồng Phong, Quận Ngô Quyền, TP. Hải Phòng",Hải Phòng,15180000,1820000,0,15180000,COD,PAID,DELIVERED,2026-03-07T22:22:24,2026-03-07T22:55:24,2026-03-08T09:22:24,2026-03-10T01:22:24,
ORD-260604-0726,CUST-0335,Đặng Quỳnh Trang,0770160166,"369 Đường Tô Hiệu, Quận Lê Chân, TP. Hải Phòng",Hải Phòng,13490000,1510000,0,13490000,MOMO,PAID,DELIVERED,2026-06-04T19:27:23,2026-06-04T19:51:23,2026-06-05T05:27:23,2026-06-05T23:27:23,
ORD-251015-0727,CUST-0202,Đỗ Thảo Vy,0834511686,"474 Đường Hùng Vương, Quận Sơn Trà, TP. Đà Nẵng",Đà Nẵng,990000,210000,30000,1020000,MOMO,PAID,DELIVERED,2025-10-15T13:27:35,2025-10-15T13:56:35,2025-10-15T19:27:35,2025-10-16T13:27:35,
ORD-250818-0728,CUST-0313,Hồ Mai Trúc,0384742312,"242 Đường Điện Biên Phủ, Quận Gò Vấp, TP. Hồ Chí Minh",Hồ Chí Minh,52990000,5010000,0,52990000,COD,PAID,DELIVERED,2025-08-18T15:20:59,2025-08-18T16:03:59,2025-08-18T17:20:59,2025-08-20T16:20:59,
ORD-260604-0729,CUST-0226,Nguyễn Thảo Hà,0908993588,"259 Đường Tô Hiệu, Quận Hồng Bàng, TP. Hải Phòng",Hải Phòng,8480000,920000,0,8480000,COD,PAID,DELIVERED,2026-06-04T12:57:24,2026-06-04T13:29:24,2026-06-05T00:57:24,2026-06-05T12:57:24,
ORD-260410-0730,CUST-0004,Lê Phương Thảo,0851928327,"62 Đường Trần Hưng Đạo, Quận Thanh Khê, TP. Đà Nẵng",Đà Nẵng,22980000,3020000,0,22980000,COD,PAID,DELIVERED,2026-04-10T19:13:06,2026-04-10T19:26:06,2026-04-11T02:13:06,2026-04-11T19:13:06,
ORD-251114-0731,CUST-0325,Bùi Ngọc Khánh,0917946954,"137 Đường Lê Hồng Phong, Quận Lê Chân, TP. Hải Phòng",Hải Phòng,17480000,2020000,0,17480000,BANK_TRANSFER,PAID,DELIVERED,2025-11-14T16:34:46,2025-11-14T17:14:46,2025-11-15T04:34:46,2025-11-15T17:34:46,
ORD-251005-0732,CUST-0072,Dương Văn Việt,0834519832,"363 Đường Đại lộ Hòa Bình, Quận Ninh Kiều, TP. Cần Thơ",Cần Thơ,15780000,1820000,0,15780000,BANK_TRANSFER,PAID,DELIVERED,2025-10-05T13:05:28,2025-10-05T13:33:28,2025-10-06T00:05:28,2025-10-08T13:05:28,
ORD-251214-0733,CUST-0118,Phạm Văn Nam,0385712082,"299 Đường Mậu Thân, Quận Cái Răng, TP. Cần Thơ",Cần Thơ,11490000,1510000,0,11490000,VNPAY,PAID,DELIVERED,2025-12-14T13:09:19,2025-12-14T13:21:19,2025-12-15T02:09:19,2025-12-17T15:09:19,
ORD-260309-0734,CUST-0236,Nguyễn Linh Mai,0838386384,"431 Đường Nguyễn Kiệm, Thành phố Thủ Đức, TP. Hồ Chí Minh",Hồ Chí Minh,27480000,2720000,0,27480000,COD,PAID,DELIVERED,2026-03-09T21:38:13,2026-03-09T21:55:13,2026-03-10T02:38:13,2026-03-12T22:38:13,
ORD-251113-0735,CUST-0423,Trần Đức Tùng,0910867713,"299 Đường Kim Mã, Quận Thanh Xuân, TP. Hà Nội",Hà Nội,6890000,610000,0,6890000,COD,PAID,DELIVERED,2025-11-13T15:32:34,2025-11-13T16:11:34,2025-11-14T08:32:34,2025-11-14T15:32:34,
ORD-260317-0736,CUST-0223,Dương Thị Ngọc,0975611002,"453 Đường Tràng Tiền, Quận Đống Đa, TP. Hà Nội",Hà Nội,5490000,510000,0,5490000,BANK_TRANSFER,PAID,DELIVERED,2026-03-17T08:11:07,2026-03-17T08:36:07,2026-03-17T17:11:07,2026-03-19T12:11:07,
ORD-260426-0737,CUST-0290,Nguyễn Duy Kiệt,0832513271,"66 Đường Lạch Tray, Quận Ngô Quyền, TP. Hải Phòng",Hải Phòng,13480000,2220000,0,13480000,BANK_TRANSFER,PAID,DELIVERED,2026-04-26T18:12:18,2026-04-26T18:41:18,2026-04-27T01:12:18,2026-04-29T21:12:18,
ORD-251129-0738,CUST-0108,Nguyễn Diệu Anh,0383259532,"320 Đường Tô Hiệu, Quận Ngô Quyền, TP. Hải Phòng",Hải Phòng,2190000,310000,30000,2220000,COD,CANCELLED,CANCELLED,2025-11-29T17:16:56,2025-11-29T18:00:56,,,2025-11-30T12:16:56
ORD-250824-0739,CUST-0295,Trần Thảo Phương,0857899405,"18 Đường Lạch Tray, Quận Lê Chân, TP. Hải Phòng",Hải Phòng,2290000,310000,30000,2320000,BANK_TRANSFER,PAID,DELIVERED,2025-08-24T18:07:03,2025-08-24T18:46:03,2025-08-25T03:07:03,2025-08-27T23:07:03,
ORD-251122-0740,CUST-0361,Ngô Hoàng Nam,0938782931,"487 Đường Nguyễn Trãi, Quận Hai Bà Trưng, TP. Hà Nội",Hà Nội,1890000,310000,30000,1920000,BANK_TRANSFER,PAID,DELIVERED,2025-11-22T12:18:10,2025-11-22T12:56:10,2025-11-22T23:18:10,2025-11-25T17:18:10,
ORD-251212-0741,CUST-0299,Đặng Trúc Hạnh,0865776004,"312 Đường Nguyễn Trãi, Quận Đống Đa, TP. Hà Nội",Hà Nội,2290000,310000,30000,2320000,BANK_TRANSFER,PAID,DELIVERED,2025-12-12T16:56:23,2025-12-12T17:34:23,2025-12-12T22:56:23,2025-12-15T21:56:23,
ORD-260320-0742,CUST-0027,Đặng Duy Trung,0913433200,"471 Đường Đại lộ Hòa Bình, Quận Bình Thủy, TP. Cần Thơ",Cần Thơ,1490000,310000,30000,1520000,VNPAY,PAID,DELIVERED,2026-03-20T14:37:29,2026-03-20T14:46:29,2026-03-20T20:37:29,2026-03-22T18:37:29,
ORD-251026-0743,CUST-0465,Vũ Văn Huy,0799138249,"387 Đường Trần Hưng Đạo, Quận Hồng Bàng, TP. Hải Phòng",Hải Phòng,4480000,620000,30000,4510000,VNPAY,PAID,DELIVERED,2025-10-26T12:37:33,2025-10-26T12:55:33,2025-10-27T03:37:33,2025-10-28T13:37:33,
ORD-250728-0744,CUST-0043,Nguyễn Linh Mai,0916719022,"126 Đường Nguyễn Văn Linh, Quận Hải Châu, TP. Đà Nẵng",Đà Nẵng,15990000,2010000,0,15990000,BANK_TRANSFER,PAID,DELIVERED,2025-07-28T16:21:48,2025-07-28T16:57:48,2025-07-28T20:21:48,2025-07-30T18:21:48,
ORD-250807-0745,CUST-0378,Trần Ngọc Vy,0772380468,"459 Đường Trần Văn Khéo, Quận Cái Răng, TP. Cần Thơ",Cần Thơ,6990000,810000,0,6990000,BANK_TRANSFER,PAID,DELIVERED,2025-08-07T21:53:46,2025-08-07T22:21:46,2025-08-08T09:53:46,2025-08-09T01:53:46,
ORD-260305-0746,CUST-0300,Dương Trúc Thảo,0798899210,"276 Đường Nguyễn Văn Linh, Quận Thanh Khê, TP. Đà Nẵng",Đà Nẵng,1490000,310000,30000,1520000,COD,PAID,DELIVERED,2026-03-05T20:05:40,2026-03-05T20:39:40,2026-03-05T22:05:40,2026-03-08T22:05:40,
ORD-260418-0747,CUST-0011,Phạm Thị Hà,0918347382,"253 Đường Tô Hiệu, Quận Lê Chân, TP. Hải Phòng",Hải Phòng,8280000,1220000,0,8280000,CREDIT_CARD,PAID,DELIVERED,2026-04-18T11:37:05,2026-04-18T12:01:05,2026-04-18T17:37:05,2026-04-21T13:37:05,
ORD-260103-0748,CUST-0294,Ngô Duy Việt,0976511810,"211 Đường Nguyễn Trãi, Quận Nam Từ Liêm, TP. Hà Nội",Hà Nội,4990000,510000,30000,5020000,MOMO,PAID,DELIVERED,2026-01-03T20:54:32,2026-01-03T21:18:32,2026-01-04T04:54:32,2026-01-06T23:54:32,
ORD-251226-0749,CUST-0464,Nguyễn Trúc Anh,0833788614,"421 Đường Hùng Vương, Quận Ngũ Hành Sơn, TP. Đà Nẵng",Đà Nẵng,16980000,2520000,0,16980000,COD,PAID,DELIVERED,2025-12-26T20:33:31,2025-12-26T21:00:31,2025-12-27T14:33:31,2025-12-30T00:33:31,
ORD-250807-0750,CUST-0409,Dương Quốc Việt,0860496391,"73 Đường Lê Hồng Phong, Quận Ngô Quyền, TP. Hải Phòng",Hải Phòng,19280000,2520000,0,19280000,MOMO,PAID,DELIVERED,2025-08-07T00:21:34,2025-08-07T00:54:34,2025-08-07T09:21:34,2025-08-08T05:21:34,
ORD-251219-0751,CUST-0300,Dương Trúc Thảo,0798899210,"276 Đường Nguyễn Văn Linh, Quận Thanh Khê, TP. Đà Nẵng",Đà Nẵng,19480000,3020000,0,19480000,COD,PAID,DELIVERED,2025-12-19T21:06:24,2025-12-19T21:43:24,2025-12-20T06:06:24,2025-12-22T00:06:24,
ORD-251116-0752,CUST-0305,Phan Duy Tuấn,0916655355,"363 Đường 3 Tháng 2, Quận Gò Vấp, TP. Hồ Chí Minh",Hồ Chí Minh,8480000,920000,0,8480000,COD,PAID,DELIVERED,2025-11-16T17:26:00,2025-11-16T17:47:00,2025-11-17T03:26:00,2025-11-17T22:26:00,
ORD-260105-0753,CUST-0320,Ngô Mai Trinh,0852222064,"125 Đường Mậu Thân, Quận Cái Răng, TP. Cần Thơ",Cần Thơ,5490000,510000,0,5490000,COD,PAID,DELIVERED,2026-01-05T10:34:55,2026-01-05T11:02:55,2026-01-05T15:34:55,2026-01-06T11:34:55,
ORD-260302-0754,CUST-0001,Vũ Ngọc Giang,0938908386,"11 Đường Nguyễn Văn Cừ, Quận Bình Thủy, TP. Cần Thơ",Cần Thơ,2190000,310000,30000,2220000,BANK_TRANSFER,PAID,DELIVERED,2026-03-02T09:26:13,2026-03-02T10:00:13,2026-03-02T14:26:13,2026-03-05T13:26:13,
ORD-250829-0755,CUST-0407,Dương Mai Linh,0908507698,"27 Đường Võ Nguyên Giáp, Quận Hải Châu, TP. Đà Nẵng",Đà Nẵng,3990000,510000,30000,4020000,BANK_TRANSFER,PAID,DELIVERED,2025-08-29T20:26:31,2025-08-29T20:48:31,2025-08-30T14:26:31,2025-08-31T22:26:31,
ORD-250623-0756,CUST-0058,Bùi Anh Tùng,0983747407,"358 Đường Trần Duy Hưng, Quận Cầu Giấy, TP. Hà Nội",Hà Nội,3990000,510000,30000,4020000,COD,PAID,DELIVERED,2025-06-23T20:21:34,2025-06-23T20:43:34,2025-06-24T04:21:34,2025-06-25T01:21:34,
ORD-260201-0757,CUST-0492,Võ Vy Hạnh,0777515366,"388 Đường Đại lộ Hòa Bình, Quận Cái Răng, TP. Cần Thơ",Cần Thơ,18980000,2320000,0,18980000,BANK_TRANSFER,PAID,DELIVERED,2026-02-01T19:02:12,2026-02-01T19:11:12,2026-02-02T13:02:12,2026-02-03T20:02:12,
ORD-250930-0758,CUST-0493,Hoàng Văn Kiệt,0855536668,"162 Đường 3 Tháng 2, Quận 1, TP. Hồ Chí Minh",Hồ Chí Minh,12990000,1510000,0,12990000,COD,PAID,DELIVERED,2025-09-30T11:25:18,2025-09-30T11:30:18,2025-09-30T13:25:18,2025-10-03T11:25:18,
ORD-251117-0759,CUST-0099,Nguyễn Phương Vân,0976909275,"547 Đường Mậu Thân, Quận Ninh Kiều, TP. Cần Thơ",Cần Thơ,3480000,520000,30000,3510000,MOMO,CANCELLED,CANCELLED,2025-11-17T10:08:25,2025-11-17T10:23:25,,,2025-11-17T18:08:25
ORD-250720-0760,CUST-0458,Nguyễn Đức Tùng,0380443270,"50 Đường Lạch Tray, Quận Ngô Quyền, TP. Hải Phòng",Hải Phòng,8490000,1010000,0,8490000,BANK_TRANSFER,PAID,DELIVERED,2025-07-20T15:00:17,2025-07-20T15:42:17,2025-07-21T01:00:17,2025-07-21T19:00:17,
ORD-260217-0761,CUST-0191,Bùi Thu Chi,0905932525,"118 Đường 3 Tháng 2, Quận 10, TP. Hồ Chí Minh",Hồ Chí Minh,6990000,810000,0,6990000,MOMO,PAID,DELIVERED,2026-02-17T17:03:39,2026-02-17T17:17:39,2026-02-18T03:03:39,2026-02-20T20:03:39,
ORD-260209-0762,CUST-0244,Phan Thảo Mai,0790919015,"93 Đường Phan Đăng Lưu, Quận Gò Vấp, TP. Hồ Chí Minh",Hồ Chí Minh,20480000,2720000,0,20480000,VNPAY,PAID,DELIVERED,2026-02-09T16:13:11,2026-02-09T16:29:11,2026-02-10T03:13:11,2026-02-10T18:13:11,
ORD-260524-0763,CUST-0056,Vũ Ngọc Kiệt,0790913431,"175 Đường Võ Văn Tần, Quận 3, TP. Hồ Chí Minh",Hồ Chí Minh,25480000,3520000,0,25480000,COD,PAID,DELIVERED,2026-05-24T12:33:27,2026-05-24T13:12:27,2026-05-25T02:33:27,2026-05-26T17:33:27,
ORD-260602-0764,CUST-0399,Hoàng Hoàng Sơn,0917520716,"127 Đường Lạch Tray, Quận Lê Chân, TP. Hải Phòng",Hải Phòng,3990000,510000,30000,4020000,COD,PAID,DELIVERED,2026-06-02T12:50:15,2026-06-02T13:21:15,2026-06-02T14:50:15,2026-06-03T14:50:15,
ORD-260604-0765,CUST-0161,Hồ Lâm Phong,0860745171,"443 Đường Tràng Tiền, Quận Nam Từ Liêm, TP. Hà Nội",Hà Nội,12990000,1510000,0,12990000,BANK_TRANSFER,PAID,DELIVERED,2026-06-04T15:08:21,2026-06-04T15:52:21,2026-06-05T07:08:21,2026-06-05T16:08:21,
ORD-251031-0766,CUST-0336,Hồ Lâm Duy,0917921717,"234 Đường Mậu Thân, Quận Cái Răng, TP. Cần Thơ",Cần Thơ,5490000,710000,0,5490000,BANK_TRANSFER,PAID,DELIVERED,2025-10-31T08:13:34,2025-10-31T08:22:34,2025-10-31T22:13:34,2025-11-02T09:13:34,
ORD-260210-0767,CUST-0412,Dương Mai Lan,0853644249,"158 Đường Đại lộ Hòa Bình, Quận Ninh Kiều, TP. Cần Thơ",Cần Thơ,4490000,710000,30000,4520000,COD,PAID,DELIVERED,2026-02-10T22:49:17,2026-02-10T22:58:17,2026-02-11T15:49:17,2026-02-12T01:49:17,
ORD-260116-0768,CUST-0209,Hoàng Quang Hùng,0850722903,"362 Đường Võ Nguyên Giáp, Quận Ngũ Hành Sơn, TP. Đà Nẵng",Đà Nẵng,19680000,2520000,0,19680000,COD,PAID,DELIVERED,2026-01-16T20:57:08,2026-01-16T21:23:08,2026-01-17T03:57:08,2026-01-18T00:57:08,
ORD-260131-0769,CUST-0299,Đặng Trúc Hạnh,0865776004,"312 Đường Nguyễn Trãi, Quận Đống Đa, TP. Hà Nội",Hà Nội,8990000,1510000,0,8990000,COD,PAID,DELIVERED,2026-01-31T20:51:53,2026-01-31T21:07:53,2026-02-01T11:51:53,2026-02-04T01:51:53,
ORD-250907-0770,CUST-0116,Phạm Đình Việt,0937575844,"409 Đường Tô Hiệu, Quận Lê Chân, TP. Hải Phòng",Hải Phòng,4490000,510000,30000,4520000,COD,PAID,DELIVERED,2025-09-07T22:08:17,2025-09-07T22:37:17,2025-09-08T01:08:17,2025-09-08T22:08:17,
ORD-250918-0771,CUST-0164,Võ Trúc Lan,0388457759,"69 Đường Quang Trung, Quận Phú Nhuận, TP. Hồ Chí Minh",Hồ Chí Minh,4990000,510000,30000,5020000,VNPAY,PAID,DELIVERED,2025-09-18T21:10:51,2025-09-18T21:41:51,2025-09-19T07:10:51,2025-09-21T01:10:51,
ORD-251116-0772,CUST-0346,Lê Quang Huy,0778189137,"356 Đường Nguyễn Thị Minh Khai, Quận Gò Vấp, TP. Hồ Chí Minh",Hồ Chí Minh,2880000,520000,30000,2910000,COD,PAID,DELIVERED,2025-11-16T15:03:58,2025-11-16T15:40:58,2025-11-17T00:03:58,2025-11-18T20:03:58,
ORD-260414-0773,CUST-0293,Hoàng Quang Hoàng,0770862095,"401 Đường Xuân Thủy, Quận Đống Đa, TP. Hà Nội",Hà Nội,990000,210000,30000,1020000,VNPAY,PAID,DELIVERED,2026-04-14T12:03:25,2026-04-14T12:20:25,2026-04-15T02:03:25,2026-04-17T17:03:25,
ORD-260128-0774,CUST-0403,Phạm Linh Chi,0794858800,"458 Đường Trần Văn Khéo, Quận Cái Răng, TP. Cần Thơ",Cần Thơ,1490000,310000,30000,1520000,COD,PAID,DELIVERED,2026-01-28T15:17:28,2026-01-28T15:55:28,2026-01-29T06:17:28,2026-01-30T17:17:28,
ORD-260615-0775,CUST-0366,Phan Thu Hương,0931819588,"288 Đường Mậu Thân, Quận Bình Thủy, TP. Cần Thơ",Cần Thơ,3690000,510000,30000,3720000,COD,PAID,DELIVERED,2026-06-15T23:12:47,2026-06-15T23:38:47,2026-06-16T01:12:47,2026-06-17T00:12:47,
ORD-250912-0776,CUST-0010,Hồ Thảo Vân,0778713315,"230 Đường Trần Hưng Đạo, Quận Lê Chân, TP. Hải Phòng",Hải Phòng,1890000,310000,30000,1920000,COD,PAID,DELIVERED,2025-09-12T11:18:47,2025-09-12T11:23:47,2025-09-12T13:18:47,2025-09-15T15:18:47,
ORD-260418-0777,CUST-0047,Võ Hồng Ngọc,0384887719,"261 Đường Nguyễn Văn Cừ, Quận Bình Thủy, TP. Cần Thơ",Cần Thơ,8990000,1510000,0,8990000,BANK_TRANSFER,PAID,DELIVERED,2026-04-18T14:00:01,2026-04-18T14:14:01,2026-04-18T23:00:01,2026-04-19T19:00:01,
ORD-250826-0778,CUST-0380,Lê Quốc Kiệt,0974025472,"191 Đường Kim Mã, Quận Hoàn Kiếm, TP. Hà Nội",Hà Nội,8990000,1510000,0,8990000,VNPAY,PAID,DELIVERED,2025-08-26T22:36:46,2025-08-26T23:02:46,2025-08-27T09:36:46,2025-08-29T22:36:46,
ORD-260207-0779,CUST-0246,Lê Thị Trinh,0836881435,"169 Đường Mậu Thân, Quận Bình Thủy, TP. Cần Thơ",Cần Thơ,1490000,310000,30000,1520000,COD,PAID,DELIVERED,2026-02-07T07:01:58,2026-02-07T07:33:58,2026-02-07T12:01:58,2026-02-08T12:01:58,
ORD-260507-0780,CUST-0043,Nguyễn Linh Mai,0916719022,"126 Đường Nguyễn Văn Linh, Quận Hải Châu, TP. Đà Nẵng",Đà Nẵng,2290000,310000,30000,2320000,VNPAY,PAID,DELIVERED,2026-05-07T18:35:41,2026-05-07T18:59:41,2026-05-08T00:35:41,2026-05-08T19:35:41,
ORD-251216-0781,CUST-0036,Bùi Hoàng Anh,0931931491,"384 Đường Nguyễn Kiệm, Quận Tân Bình, TP. Hồ Chí Minh",Hồ Chí Minh,3490000,410000,30000,3520000,BANK_TRANSFER,PAID,DELIVERED,2025-12-16T19:17:26,2025-12-16T20:00:26,2025-12-17T05:17:26,2025-12-18T23:17:26,
ORD-251124-0782,CUST-0442,Hồ Thành Duy,0860767899,"545 Đường Đại lộ Hòa Bình, Quận Ninh Kiều, TP. Cần Thơ",Cần Thơ,5880000,820000,0,5880000,BANK_TRANSFER,PAID,DELIVERED,2025-11-24T09:03:06,2025-11-24T09:16:06,2025-11-24T13:03:06,2025-11-27T13:03:06,
ORD-251201-0783,CUST-0229,Đặng Hữu Long,0834883755,"344 Đường Trần Duy Hưng, Quận Nam Từ Liêm, TP. Hà Nội",Hà Nội,5680000,720000,0,5680000,BANK_TRANSFER,PAID,DELIVERED,2025-12-01T16:32:56,2025-12-01T16:59:56,2025-12-02T00:32:56,2025-12-03T18:32:56,
ORD-260615-0784,CUST-0009,Lý Hữu Tuấn,0771822782,"221 Đường Tô Hiệu, Quận Lê Chân, TP. Hải Phòng",Hải Phòng,12990000,1510000,0,12990000,COD,PAID,DELIVERED,2026-06-15T10:06:49,2026-06-15T10:18:49,2026-06-16T01:06:49,2026-06-16T15:06:49,
ORD-250903-0785,CUST-0178,Lê Thu Hoa,0381744518,"303 Đường Điện Biên Phủ, Quận Tân Bình, TP. Hồ Chí Minh",Hồ Chí Minh,18980000,2220000,0,18980000,COD,PAID,DELIVERED,2025-09-03T18:57:25,2025-09-03T19:05:25,2025-09-04T04:57:25,2025-09-05T21:57:25,
ORD-260604-0786,CUST-0268,Lý Lâm Tùng,0867697357,"498 Đường Đại lộ Hòa Bình, Quận Bình Thủy, TP. Cần Thơ",Cần Thơ,7980000,1020000,0,7980000,MOMO,PAID,DELIVERED,2026-06-04T21:58:11,2026-06-04T22:30:11,2026-06-05T01:58:11,2026-06-06T21:58:11,
ORD-251109-0787,CUST-0006,Phan Quỳnh Nhi,0771012269,"546 Đường Trần Văn Khéo, Quận Cái Răng, TP. Cần Thơ",Cần Thơ,3290000,510000,30000,3320000,COD,PAID,DELIVERED,2025-11-09T11:52:49,2025-11-09T12:16:49,2025-11-09T18:52:49,2025-11-10T14:52:49,
ORD-250730-0788,CUST-0437,Phan Ngọc Nhi,0901722601,"470 Đường Hùng Vương, Quận Sơn Trà, TP. Đà Nẵng",Đà Nẵng,3490000,410000,30000,3520000,BANK_TRANSFER,PAID,DELIVERED,2025-07-30T20:01:06,2025-07-30T20:46:06,2025-07-31T04:01:06,2025-08-02T22:01:06,
ORD-260219-0789,CUST-0133,Dương Thu Giang,0904699013,"218 Đường Tô Hiệu, Quận Hồng Bàng, TP. Hải Phòng",Hải Phòng,1290000,210000,30000,1320000,COD,PAID,DELIVERED,2026-02-19T22:05:31,2026-02-19T22:16:31,2026-02-20T04:05:31,2026-02-22T03:05:31,
ORD-251117-0790,CUST-0232,Lê Văn Khánh,0908697829,"334 Đường Tố Hữu, Quận Cầu Giấy, TP. Hà Nội",Hà Nội,3690000,510000,30000,3720000,COD,PAID,DELIVERED,2025-11-17T13:22:59,2025-11-17T13:31:59,2025-11-18T05:22:59,2025-11-19T17:22:59,
ORD-250804-0791,CUST-0405,Đặng Khánh Chi,0836954500,"362 Đường Quang Trung, Quận 10, TP. Hồ Chí Minh",Hồ Chí Minh,15980000,1920000,0,15980000,COD,PAID,DELIVERED,2025-08-04T15:05:42,2025-08-04T15:36:42,2025-08-04T20:05:42,2025-08-07T17:05:42,
ORD-260219-0792,CUST-0065,Bùi Khánh Hoa,0973773515,"287 Đường Võ Nguyên Giáp, Quận Hải Châu, TP. Đà Nẵng",Đà Nẵng,14480000,2020000,0,14480000,MOMO,PAID,DELIVERED,2026-02-19T11:13:19,2026-02-19T11:27:19,2026-02-19T15:13:19,2026-02-21T16:13:19,
ORD-251219-0793,CUST-0084,Ngô Minh Tuấn,0971864492,"322 Đường Quang Trung, Quận 10, TP. Hồ Chí Minh",Hồ Chí Minh,4990000,510000,30000,5020000,COD,PAID,DELIVERED,2025-12-19T20:01:25,2025-12-19T20:13:25,2025-12-20T01:01:25,2025-12-23T01:01:25,
ORD-250911-0794,CUST-0280,Trần Linh Hạnh,0900681149,"239 Đường Phan Đăng Lưu, Thành phố Thủ Đức, TP. Hồ Chí Minh",Hồ Chí Minh,22990000,2010000,0,22990000,COD,PAID,DELIVERED,2025-09-11T09:15:00,2025-09-11T09:57:00,2025-09-11T20:15:00,2025-09-14T13:15:00,
ORD-250928-0795,CUST-0271,Lý Thảo Chi,0830807595,"192 Đường Tô Hiệu, Quận Ngô Quyền, TP. Hải Phòng",Hải Phòng,2190000,310000,30000,2220000,COD,PAID,DELIVERED,2025-09-28T20:34:01,2025-09-28T20:45:01,2025-09-29T01:34:01,2025-09-29T21:34:01,
ORD-260128-0796,CUST-0160,Đặng Trúc Yến,0837881914,"228 Đường Võ Nguyên Giáp, Quận Hải Châu, TP. Đà Nẵng",Đà Nẵng,26480000,3520000,0,26480000,BANK_TRANSFER,PAID,DELIVERED,2026-01-28T19:15:55,2026-01-28T19:53:55,2026-01-29T10:15:55,2026-01-29T20:15:55,
ORD-260308-0797,CUST-0198,Dương Thị Vân,0906149731,"88 Đường Kim Mã, Quận Thanh Xuân, TP. Hà Nội",Hà Nội,2490000,310000,30000,2520000,MOMO,PAID,DELIVERED,2026-03-08T23:12:06,2026-03-08T23:20:06,2026-03-09T03:12:06,2026-03-10T01:12:06,
ORD-260216-0798,CUST-0108,Nguyễn Diệu Anh,0383259532,"320 Đường Tô Hiệu, Quận Ngô Quyền, TP. Hải Phòng",Hải Phòng,990000,210000,30000,1020000,COD,PAID,DELIVERED,2026-02-16T18:47:06,2026-02-16T18:58:06,2026-02-17T08:47:06,2026-02-17T20:47:06,
ORD-260207-0799,CUST-0385,Phan Thị Ngọc,0975478137,"172 Đường Nguyễn Văn Cừ, Quận Cái Răng, TP. Cần Thơ",Cần Thơ,990000,210000,30000,1020000,BANK_TRANSFER,PAID,DELIVERED,2026-02-07T17:54:40,2026-02-07T18:03:40,2026-02-08T01:54:40,2026-02-09T19:54:40,
ORD-250623-0800,CUST-0085,Lê Hữu Việt,0796528168,"189 Đường Phan Đăng Lưu, Quận Tân Bình, TP. Hồ Chí Minh",Hồ Chí Minh,990000,210000,30000,1020000,BANK_TRANSFER,PAID,DELIVERED,2025-06-23T15:10:35,2025-06-23T15:44:35,2025-06-23T18:10:35,2025-06-26T16:10:35,
ORD-251113-0801,CUST-0055,Dương Linh Mai,0797026217,"341 Đường Lê Duẩn, Quận Ngũ Hành Sơn, TP. Đà Nẵng",Đà Nẵng,3990000,510000,30000,4020000,BANK_TRANSFER,PAID,DELIVERED,2025-11-13T18:07:49,2025-11-13T18:49:49,2025-11-14T08:07:49,2025-11-15T21:07:49,
ORD-260223-0802,CUST-0275,Đặng Diệu Giang,0982702672,"503 Đường Lê Hồng Phong, Quận Lê Chân, TP. Hải Phòng",Hải Phòng,65980000,6520000,0,65980000,BANK_TRANSFER,PAID,DELIVERED,2026-02-23T21:35:55,2026-02-23T22:15:55,2026-02-24T10:35:55,2026-02-26T00:35:55,
ORD-260208-0803,CUST-0334,Hoàng Vy Hạnh,0791385854,"77 Đường Nguyễn Văn Linh, Quận Thanh Khê, TP. Đà Nẵng",Đà Nẵng,65980000,7020000,0,65980000,VNPAY,PAID,DELIVERED,2026-02-08T12:51:49,2026-02-08T13:21:49,2026-02-08T15:51:49,2026-02-10T16:51:49,
ORD-251128-0804,CUST-0133,Dương Thu Giang,0904699013,"218 Đường Tô Hiệu, Quận Hồng Bàng, TP. Hải Phòng",Hải Phòng,6890000,610000,0,6890000,BANK_TRANSFER,PAID,DELIVERED,2025-11-28T01:51:28,2025-11-28T02:11:28,2025-11-28T14:51:28,2025-12-01T06:51:28,
ORD-260106-0805,CUST-0046,Trần Đình Tùng,0853618324,"319 Đường 3 Tháng 2, Quận 1, TP. Hồ Chí Minh",Hồ Chí Minh,12680000,2020000,0,12680000,BANK_TRANSFER,PAID,DELIVERED,2026-01-06T09:26:57,2026-01-06T09:31:57,2026-01-06T17:26:57,2026-01-07T11:26:57,
ORD-250629-0806,CUST-0145,Trần Quỳnh Trúc,0778886101,"399 Đường Lê Hồng Phong, Quận Hồng Bàng, TP. Hải Phòng",Hải Phòng,9280000,1220000,0,9280000,COD,PAID,DELIVERED,2025-06-29T16:14:36,2025-06-29T16:19:36,2025-06-30T03:14:36,2025-06-30T21:14:36,
ORD-260222-0807,CUST-0440,Dương Linh Vy,0853683147,"124 Đường Đại lộ Hòa Bình, Quận Cái Răng, TP. Cần Thơ",Cần Thơ,12990000,1510000,0,12990000,BANK_TRANSFER,REFUNDED,CANCELLED,2026-02-22T09:58:04,2026-02-22T10:18:04,,,2026-02-22T17:58:04
ORD-260220-0808,CUST-0342,Vũ Đình Dũng,0978008514,"330 Đường Tố Hữu, Quận Hai Bà Trưng, TP. Hà Nội",Hà Nội,13380000,1820000,0,13380000,BANK_TRANSFER,PAID,DELIVERED,2026-02-20T08:00:20,2026-02-20T08:14:20,2026-02-21T01:00:20,2026-02-23T12:00:20,
ORD-251229-0809,CUST-0283,Nguyễn Lâm Minh,0974780774,"12 Đường Mậu Thân, Quận Cái Răng, TP. Cần Thơ",Cần Thơ,10280000,1020000,0,10280000,COD,PAID,DELIVERED,2025-12-29T19:55:07,2025-12-29T20:06:07,2025-12-30T01:55:07,2025-12-30T23:55:07,
ORD-251216-0810,CUST-0175,Lê Mai Nhi,0794252410,"274 Đường Đại lộ Hòa Bình, Quận Cái Răng, TP. Cần Thơ",Cần Thơ,1890000,310000,30000,1920000,BANK_TRANSFER,PAID,DELIVERED,2025-12-16T13:40:02,2025-12-16T13:46:02,2025-12-16T19:40:02,2025-12-18T15:40:02,
ORD-260127-0811,CUST-0396,Ngô Quốc Khánh,0831190833,"106 Đường Nguyễn Trãi, Quận Nam Từ Liêm, TP. Hà Nội",Hà Nội,6990000,810000,0,6990000,COD,PAID,DELIVERED,2026-01-27T15:09:02,2026-01-27T15:46:02,2026-01-28T07:09:02,2026-01-28T17:09:02,
ORD-260519-0812,CUST-0387,Vũ Linh Trinh,0983264870,"479 Đường Tô Hiệu, Quận Ngô Quyền, TP. Hải Phòng",Hải Phòng,3390000,410000,30000,3420000,COD,PAID,DELIVERED,2026-05-19T15:19:14,2026-05-19T15:43:14,2026-05-20T09:19:14,2026-05-21T20:19:14,
ORD-260525-0813,CUST-0197,Đỗ Diệu Linh,0901533688,"55 Đường Lê Duẩn, Quận Thanh Khê, TP. Đà Nẵng",Đà Nẵng,990000,210000,30000,1020000,COD,PAID,DELIVERED,2026-05-25T10:16:49,2026-05-25T10:49:49,2026-05-25T17:16:49,2026-05-28T14:16:49,
ORD-251118-0814,CUST-0230,Hồ Thành Bách,0911305548,"173 Đường Lê Duẩn, Quận Hải Châu, TP. Đà Nẵng",Đà Nẵng,16490000,2010000,0,16490000,MOMO,PAID,DELIVERED,2025-11-18T09:28:41,2025-11-18T09:46:41,2025-11-18T21:28:41,2025-11-19T14:28:41,
ORD-251118-0815,CUST-0244,Phan Thảo Mai,0790919015,"93 Đường Phan Đăng Lưu, Quận Gò Vấp, TP. Hồ Chí Minh",Hồ Chí Minh,1490000,310000,30000,1520000,BANK_TRANSFER,PAID,DELIVERED,2025-11-18T13:08:13,2025-11-18T13:39:13,2025-11-18T15:08:13,2025-11-20T17:08:13,
ORD-250707-0816,CUST-0303,Lê Hồng Phương,0779981364,"89 Đường Tràng Tiền, Quận Thanh Xuân, TP. Hà Nội",Hà Nội,2190000,310000,30000,2220000,VNPAY,PAID,DELIVERED,2025-07-07T08:21:49,2025-07-07T08:59:49,2025-07-07T14:21:49,2025-07-09T09:21:49,
ORD-260103-0817,CUST-0490,Đặng Hữu Huy,0931115083,"261 Đường Tràng Tiền, Quận Hoàn Kiếm, TP. Hà Nội",Hà Nội,27980000,3220000,0,27980000,BANK_TRANSFER,PAID,DELIVERED,2026-01-03T14:16:49,2026-01-03T14:24:49,2026-01-04T07:16:49,2026-01-06T18:16:49,
ORD-260605-0818,CUST-0131,Bùi Đức Khoa,0797056856,"193 Đường Tố Hữu, Quận Đống Đa, TP. Hà Nội",Hà Nội,16490000,2010000,0,16490000,BANK_TRANSFER,PAID,DELIVERED,2026-06-05T20:16:09,2026-06-05T20:29:09,2026-06-06T12:16:09,2026-06-08T21:16:09,
ORD-250725-0819,CUST-0090,Nguyễn Mai Hương,0381530515,"488 Đường Kim Mã, Quận Cầu Giấy, TP. Hà Nội",Hà Nội,990000,210000,30000,1020000,BANK_TRANSFER,PAID,DELIVERED,2025-07-25T09:48:04,2025-07-25T10:00:04,2025-07-26T02:48:04,2025-07-26T12:48:04,
ORD-251211-0820,CUST-0081,Võ Khánh Thảo,0830581477,"83 Đường Phan Đăng Lưu, Quận Tân Bình, TP. Hồ Chí Minh",Hồ Chí Minh,5490000,710000,0,5490000,MOMO,PAID,DELIVERED,2025-12-11T11:35:25,2025-12-11T12:07:25,2025-12-11T13:35:25,2025-12-12T15:35:25,
ORD-251120-0821,CUST-0096,Hoàng Trúc Hoa,0855415667,"514 Đường Võ Nguyên Giáp, Quận Thanh Khê, TP. Đà Nẵng",Đà Nẵng,54880000,5320000,0,54880000,COD,PAID,DELIVERED,2025-11-20T23:50:35,2025-11-20T23:59:35,2025-11-21T02:50:35,2025-11-23T03:50:35,
ORD-250704-0822,CUST-0472,Hồ Khánh Trinh,0938430894,"442 Đường Lạch Tray, Quận Ngô Quyền, TP. Hải Phòng",Hải Phòng,7380000,820000,0,7380000,MOMO,PAID,DELIVERED,2025-07-04T06:37:12,2025-07-04T07:06:12,2025-07-04T15:37:12,2025-07-05T09:37:12,
ORD-250908-0823,CUST-0124,Ngô Ngọc Sơn,0939187851,"158 Đường Điện Biên Phủ, Quận 1, TP. Hồ Chí Minh",Hồ Chí Minh,2190000,310000,30000,2220000,MOMO,PAID,DELIVERED,2025-09-08T11:36:02,2025-09-08T12:20:02,2025-09-08T23:36:02,2025-09-09T16:36:02,
ORD-251010-0824,CUST-0116,Phạm Đình Việt,0937575844,"409 Đường Tô Hiệu, Quận Lê Chân, TP. Hải Phòng",Hải Phòng,22990000,2010000,0,22990000,COD,PAID,DELIVERED,2025-10-10T21:10:57,2025-10-10T21:51:57,2025-10-11T12:10:57,2025-10-11T22:10:57,
ORD-251129-0825,CUST-0232,Lê Văn Khánh,0908697829,"334 Đường Tố Hữu, Quận Cầu Giấy, TP. Hà Nội",Hà Nội,4280000,720000,30000,4310000,COD,PAID,DELIVERED,2025-11-29T20:29:55,2025-11-29T21:05:55,2025-11-30T06:29:55,2025-12-03T01:29:55,
ORD-250913-0826,CUST-0259,Đỗ Quỳnh Anh,0912799088,"6 Đường 3 Tháng 2, Quận Phú Nhuận, TP. Hồ Chí Minh",Hồ Chí Minh,5490000,510000,0,5490000,COD,PAID,DELIVERED,2025-09-13T20:26:47,2025-09-13T20:33:47,2025-09-13T22:26:47,2025-09-17T01:26:47,
ORD-260527-0827,CUST-0305,Phan Duy Tuấn,0916655355,"363 Đường 3 Tháng 2, Quận Gò Vấp, TP. Hồ Chí Minh",Hồ Chí Minh,3490000,410000,30000,3520000,COD,PAID,DELIVERED,2026-05-27T19:57:23,2026-05-27T20:36:23,2026-05-27T22:57:23,2026-05-30T20:57:23,
ORD-260313-0828,CUST-0179,Hồ Anh Hoàng,0837383206,"14 Đường Tràng Tiền, Quận Ba Đình, TP. Hà Nội",Hà Nội,3690000,510000,30000,3720000,MOMO,PAID,DELIVERED,2026-03-13T10:10:15,2026-03-13T10:36:15,2026-03-13T23:10:15,2026-03-14T10:10:15,
ORD-260125-0829,CUST-0173,Hồ Thảo Hạnh,0799241418,"405 Đường Tràng Tiền, Quận Ba Đình, TP. Hà Nội",Hà Nội,15480000,2320000,0,15480000,BANK_TRANSFER,PAID,DELIVERED,2026-01-25T18:57:02,2026-01-25T19:37:02,2026-01-26T05:57:02,2026-01-28T19:57:02,
ORD-260213-0830,CUST-0151,Đặng Mai Hạnh,0831135290,"113 Đường Trần Văn Khéo, Quận Cái Răng, TP. Cần Thơ",Cần Thơ,12780000,1720000,0,12780000,BANK_TRANSFER,PAID,DELIVERED,2026-02-13T10:27:08,2026-02-13T11:06:08,2026-02-13T19:27:08,2026-02-14T11:27:08,
ORD-250827-0831,CUST-0083,Hồ Thảo Linh,0903778892,"423 Đường Võ Nguyên Giáp, Quận Sơn Trà, TP. Đà Nẵng",Đà Nẵng,13490000,1510000,0,13490000,COD,PAID,DELIVERED,2025-08-27T20:48:38,2025-08-27T21:24:38,2025-08-28T10:48:38,2025-08-28T20:48:38,
ORD-251211-0832,CUST-0302,Trần Lâm Trung,0976613906,"158 Đường Trần Hưng Đạo, Quận Hải Châu, TP. Đà Nẵng",Đà Nẵng,2880000,520000,30000,2910000,COD,PAID,DELIVERED,2025-12-11T08:00:24,2025-12-11T08:33:24,2025-12-11T20:00:24,2025-12-14T08:00:24,
ORD-260222-0833,CUST-0360,Hồ Thị Giang,0909376184,"42 Đường Lạch Tray, Quận Ngô Quyền, TP. Hải Phòng",Hải Phòng,5180000,820000,0,5180000,COD,PAID,DELIVERED,2026-02-22T13:46:25,2026-02-22T14:23:25,2026-02-23T03:46:25,2026-02-24T16:46:25,
ORD-260222-0834,CUST-0218,Hồ Quang Trung,0382575326,"221 Đường Chùa Bộc, Quận Thanh Xuân, TP. Hà Nội",Hà Nội,1890000,310000,30000,1920000,COD,PAID,DELIVERED,2026-02-22T16:10:42,2026-02-22T16:18:42,2026-02-23T00:10:42,2026-02-23T21:10:42,
ORD-260222-0835,CUST-0354,Nguyễn Ngọc Sơn,0831119269,"306 Đường Phan Đăng Lưu, Quận 10, TP. Hồ Chí Minh",Hồ Chí Minh,10980000,1320000,0,10980000,COD,PAID,DELIVERED,2026-02-22T13:20:06,2026-02-22T13:40:06,2026-02-22T16:20:06,2026-02-25T16:20:06,
ORD-260416-0836,CUST-0134,Hoàng Văn Sơn,0931739363,"482 Đường Võ Nguyên Giáp, Quận Sơn Trà, TP. Đà Nẵng",Đà Nẵng,17480000,2320000,0,17480000,BANK_TRANSFER,PAID,DELIVERED,2026-04-16T19:55:08,2026-04-16T20:16:08,2026-04-17T07:55:08,2026-04-19T23:55:08,
ORD-250915-0837,CUST-0155,Lê Hoàng Anh,0909379660,"69 Đường Kim Mã, Quận Thanh Xuân, TP. Hà Nội",Hà Nội,16490000,2010000,0,16490000,VNPAY,PAID,DELIVERED,2025-09-15T07:31:40,2025-09-15T08:13:40,2025-09-15T22:31:40,2025-09-17T07:31:40,
ORD-260521-0838,CUST-0483,Nguyễn Quốc Sơn,0862342583,"108 Đường Kim Mã, Quận Nam Từ Liêm, TP. Hà Nội",Hà Nội,5180000,820000,0,5180000,BANK_TRANSFER,PAID,DELIVERED,2026-05-21T15:34:42,2026-05-21T16:19:42,2026-05-22T09:34:42,2026-05-23T20:34:42,
ORD-260106-0839,CUST-0088,Lý Minh Tùng,0777468862,"58 Đường Lê Hồng Phong, Quận Hồng Bàng, TP. Hải Phòng",Hải Phòng,8490000,1010000,0,8490000,COD,PAID,DELIVERED,2026-01-06T18:30:08,2026-01-06T19:05:08,2026-01-07T00:30:08,2026-01-09T22:30:08,
ORD-251210-0840,CUST-0157,Dương Lâm Việt,0839125134,"528 Đường Chùa Bộc, Quận Đống Đa, TP. Hà Nội",Hà Nội,57480000,5520000,0,57480000,COD,PAID,DELIVERED,2025-12-10T16:10:35,2025-12-10T16:26:35,2025-12-11T05:10:35,2025-12-13T21:10:35,
ORD-250724-0841,CUST-0229,Đặng Hữu Long,0834883755,"344 Đường Trần Duy Hưng, Quận Nam Từ Liêm, TP. Hà Nội",Hà Nội,17880000,2320000,0,17880000,BANK_TRANSFER,PAID,DELIVERED,2025-07-24T21:10:50,2025-07-24T21:53:50,2025-07-24T23:10:50,2025-07-26T01:10:50,
ORD-260619-0842,CUST-0021,Lý Thảo Hương,0851586923,"188 Đường Nguyễn Trãi, Quận Hai Bà Trưng, TP. Hà Nội",Hà Nội,990000,210000,30000,1020000,COD,PENDING,PROCESSING,2026-06-19T20:21:52,2026-06-19T20:56:52,,,
ORD-260125-0843,CUST-0429,Phạm Linh Thảo,0987617075,"509 Đường Tô Hiệu, Quận Ngô Quyền, TP. Hải Phòng",Hải Phòng,19980000,2520000,0,19980000,COD,PAID,DELIVERED,2026-01-25T01:14:39,2026-01-25T01:31:39,2026-01-25T08:14:39,2026-01-26T02:14:39,
ORD-251206-0844,CUST-0114,Lê Quốc Dũng,0831307562,"68 Đường Trần Duy Hưng, Quận Hai Bà Trưng, TP. Hà Nội",Hà Nội,1890000,310000,30000,1920000,COD,PAID,DELIVERED,2025-12-06T18:26:01,2025-12-06T18:56:01,2025-12-07T04:26:01,2025-12-08T18:26:01,
ORD-251108-0845,CUST-0426,Phan Anh Hoàng,0839004896,"140 Đường Nguyễn Văn Cừ, Quận Bình Thủy, TP. Cần Thơ",Cần Thơ,12990000,1510000,0,12990000,COD,PAID,DELIVERED,2025-11-08T14:13:45,2025-11-08T14:47:45,2025-11-08T21:13:45,2025-11-09T16:13:45,
ORD-251114-0846,CUST-0423,Trần Đức Tùng,0910867713,"299 Đường Kim Mã, Quận Thanh Xuân, TP. Hà Nội",Hà Nội,32480000,3520000,0,32480000,BANK_TRANSFER,PAID,DELIVERED,2025-11-14T21:43:07,2025-11-14T22:27:07,2025-11-15T07:43:07,2025-11-17T02:43:07,
ORD-260430-0847,CUST-0367,Ngô Linh Chi,0982005436,"111 Đường Lê Duẩn, Quận Ngũ Hành Sơn, TP. Đà Nẵng",Đà Nẵng,28880000,3320000,0,28880000,BANK_TRANSFER,PAID,DELIVERED,2026-04-30T11:52:18,2026-04-30T12:21:18,2026-05-01T05:52:18,2026-05-02T14:52:18,
ORD-260211-0848,CUST-0405,Đặng Khánh Chi,0836954500,"362 Đường Quang Trung, Quận 10, TP. Hồ Chí Minh",Hồ Chí Minh,10180000,1120000,0,10180000,VNPAY,PAID,DELIVERED,2026-02-11T10:02:52,2026-02-11T10:13:52,2026-02-12T04:02:52,2026-02-14T13:02:52,
ORD-250808-0849,CUST-0318,Võ Anh Tuấn,0791298266,"469 Đường Mậu Thân, Quận Ninh Kiều, TP. Cần Thơ",Cần Thơ,6280000,720000,0,6280000,BANK_TRANSFER,PAID,DELIVERED,2025-08-08T10:44:11,2025-08-08T11:06:11,2025-08-08T20:44:11,2025-08-09T13:44:11,
ORD-251202-0850,CUST-0408,Bùi Vy Mai,0771357852,"211 Đường Võ Nguyên Giáp, Quận Sơn Trà, TP. Đà Nẵng",Đà Nẵng,9280000,1220000,0,9280000,COD,PAID,DELIVERED,2025-12-02T14:48:00,2025-12-02T15:01:00,2025-12-03T05:48:00,2025-12-05T18:48:00,
ORD-250623-0851,CUST-0223,Dương Thị Ngọc,0975611002,"453 Đường Tràng Tiền, Quận Đống Đa, TP. Hà Nội",Hà Nội,3780000,620000,30000,3810000,COD,PAID,DELIVERED,2025-06-23T17:00:38,2025-06-23T17:22:38,2025-06-24T00:00:38,2025-06-24T20:00:38,
ORD-260227-0852,CUST-0309,Phạm Quang Nam,0977981238,"547 Đường Điện Biên Phủ, Quận 1, TP. Hồ Chí Minh",Hồ Chí Minh,5480000,920000,0,5480000,BANK_TRANSFER,PAID,DELIVERED,2026-02-27T08:43:27,2026-02-27T09:06:27,2026-02-27T17:43:27,2026-03-01T12:43:27,
ORD-260524-0853,CUST-0235,Ngô Ngọc Trang,0382003424,"307 Đường Lê Duẩn, Quận Thanh Khê, TP. Đà Nẵng",Đà Nẵng,5490000,510000,0,5490000,BANK_TRANSFER,PAID,DELIVERED,2026-05-24T13:34:48,2026-05-24T14:08:48,2026-05-24T19:34:48,2026-05-27T16:34:48,
ORD-260516-0854,CUST-0284,Vũ Hoàng Anh,0932663416,"296 Đường Kim Mã, Quận Ba Đình, TP. Hà Nội",Hà Nội,9490000,1510000,0,9490000,MOMO,PAID,DELIVERED,2026-05-16T12:44:05,2026-05-16T12:58:05,2026-05-17T04:44:05,2026-05-18T17:44:05,
ORD-250928-0855,CUST-0006,Phan Quỳnh Nhi,0771012269,"546 Đường Trần Văn Khéo, Quận Cái Răng, TP. Cần Thơ",Cần Thơ,8990000,1510000,0,8990000,CREDIT_CARD,PAID,DELIVERED,2025-09-28T07:29:41,2025-09-28T07:57:41,2025-09-28T22:29:41,2025-09-30T07:29:41,
ORD-250623-0856,CUST-0117,Hoàng Hồng Lan,0977473384,"250 Đường Lê Duẩn, Quận Thanh Khê, TP. Đà Nẵng",Đà Nẵng,8490000,1010000,0,8490000,BANK_TRANSFER,PAID,DELIVERED,2025-06-23T11:27:37,2025-06-23T11:45:37,2025-06-23T13:27:37,2025-06-25T14:27:37,
ORD-260411-0857,CUST-0281,Võ Đức Khánh,0980055778,"186 Đường Trần Hưng Đạo, Quận Ngô Quyền, TP. Hải Phòng",Hải Phòng,990000,210000,30000,1020000,COD,PAID,DELIVERED,2026-04-11T10:26:56,2026-04-11T10:32:56,2026-04-12T04:26:56,2026-04-13T14:26:56,
ORD-260228-0858,CUST-0169,Trần Văn Long,0852753269,"107 Đường Đại lộ Hòa Bình, Quận Ninh Kiều, TP. Cần Thơ",Cần Thơ,2190000,310000,30000,2220000,BANK_TRANSFER,PAID,DELIVERED,2026-02-28T12:38:51,2026-02-28T12:56:51,2026-02-28T23:38:51,2026-03-03T13:38:51,
ORD-251127-0859,CUST-0445,Lê Vy Chi,0916743380,"167 Đường Trần Hưng Đạo, Quận Sơn Trà, TP. Đà Nẵng",Đà Nẵng,9980000,1320000,0,9980000,BANK_TRANSFER,PAID,DELIVERED,2025-11-27T21:51:40,2025-11-27T22:04:40,2025-11-28T02:51:40,2025-12-01T00:51:40,
ORD-251126-0860,CUST-0280,Trần Linh Hạnh,0900681149,"239 Đường Phan Đăng Lưu, Thành phố Thủ Đức, TP. Hồ Chí Minh",Hồ Chí Minh,20380000,2120000,0,20380000,COD,PAID,DELIVERED,2025-11-26T14:26:25,2025-11-26T14:31:25,2025-11-27T07:26:25,2025-11-27T18:26:25,
ORD-250905-0861,CUST-0345,Lê Thị Trinh,0773846895,"120 Đường Quang Trung, Quận Phú Nhuận, TP. Hồ Chí Minh",Hồ Chí Minh,24880000,2320000,0,24880000,BANK_TRANSFER,PAID,DELIVERED,2025-09-05T18:56:49,2025-09-05T19:01:49,2025-09-06T09:56:49,2025-09-07T22:56:49,
ORD-250821-0862,CUST-0016,Bùi Thảo Trinh,0838543534,"473 Đường Kim Mã, Quận Hoàn Kiếm, TP. Hà Nội",Hà Nội,6980000,820000,0,6980000,CREDIT_CARD,PAID,DELIVERED,2025-08-21T22:15:56,2025-08-21T22:58:56,2025-08-22T00:15:56,2025-08-23T00:15:56,
ORD-250817-0863,CUST-0231,Trần Phương Giang,0916373516,"473 Đường Tô Hiệu, Quận Hồng Bàng, TP. Hải Phòng",Hải Phòng,990000,210000,30000,1020000,BANK_TRANSFER,PAID,DELIVERED,2025-08-17T17:52:34,2025-08-17T18:07:34,2025-08-18T03:52:34,2025-08-18T21:52:34,
ORD-260214-0864,CUST-0338,Đặng Hồng Mai,0978148769,"167 Đường Bà Triệu, Quận Ba Đình, TP. Hà Nội",Hà Nội,6890000,610000,0,6890000,BANK_TRANSFER,PAID,DELIVERED,2026-02-14T18:50:55,2026-02-14T19:21:55,2026-02-15T11:50:55,2026-02-17T18:50:55,
ORD-250726-0865,CUST-0489,Vũ Diệu Trúc,0977546027,"89 Đường Trần Hưng Đạo, Quận Hải Châu, TP. Đà Nẵng",Đà Nẵng,2490000,310000,30000,2520000,VNPAY,PAID,DELIVERED,2025-07-26T11:07:21,2025-07-26T11:15:21,2025-07-26T16:07:21,2025-07-28T16:07:21,
ORD-250718-0866,CUST-0472,Hồ Khánh Trinh,0938430894,"442 Đường Lạch Tray, Quận Ngô Quyền, TP. Hải Phòng",Hải Phòng,30380000,3420000,0,30380000,COD,PAID,DELIVERED,2025-07-18T21:32:05,2025-07-18T21:40:05,2025-07-19T03:32:05,2025-07-21T02:32:05,
ORD-250930-0867,CUST-0016,Bùi Thảo Trinh,0838543534,"473 Đường Kim Mã, Quận Hoàn Kiếm, TP. Hà Nội",Hà Nội,1890000,310000,30000,1920000,COD,PAID,DELIVERED,2025-09-30T06:40:57,2025-09-30T06:55:57,2025-09-30T21:40:57,2025-10-03T07:40:57,
ORD-260117-0868,CUST-0427,Nguyễn Đình Hải,0797572158,"325 Đường Xuân Thủy, Quận Đống Đa, TP. Hà Nội",Hà Nội,3690000,510000,30000,3720000,BANK_TRANSFER,PAID,DELIVERED,2026-01-17T12:01:42,2026-01-17T12:27:42,2026-01-17T19:01:42,2026-01-20T17:01:42,
ORD-250820-0869,CUST-0046,Trần Đình Tùng,0853618324,"319 Đường 3 Tháng 2, Quận 1, TP. Hồ Chí Minh",Hồ Chí Minh,1290000,210000,30000,1320000,BANK_TRANSFER,PAID,DELIVERED,2025-08-20T19:56:57,2025-08-20T20:09:57,2025-08-20T21:56:57,2025-08-23T19:56:57,
ORD-250804-0870,CUST-0123,Hoàng Thảo Nhi,0861459332,"430 Đường Tràng Tiền, Quận Hai Bà Trưng, TP. Hà Nội",Hà Nội,32480000,3520000,0,32480000,MOMO,PAID,DELIVERED,2025-08-04T08:48:51,2025-08-04T09:10:51,2025-08-04T18:48:51,2025-08-05T10:48:51,
ORD-260210-0871,CUST-0329,Bùi Minh Duy,0790395512,"174 Đường Nguyễn Kiệm, Quận Tân Bình, TP. Hồ Chí Minh",Hồ Chí Minh,15990000,2010000,0,15990000,BANK_TRANSFER,PAID,DELIVERED,2026-02-10T16:52:56,2026-02-10T17:15:56,2026-02-10T22:52:56,2026-02-12T17:52:56,
ORD-251123-0872,CUST-0111,Lê Hoàng Hoàng,0978523986,"145 Đường Nguyễn Thị Minh Khai, Quận 1, TP. Hồ Chí Minh",Hồ Chí Minh,990000,210000,30000,1020000,COD,PAID,DELIVERED,2025-11-23T16:59:09,2025-11-23T17:21:09,2025-11-24T08:59:09,2025-11-25T21:59:09,
ORD-260619-0873,CUST-0193,Hồ Duy Hoàng,0939264422,"191 Đường Nguyễn Thị Minh Khai, Thành phố Thủ Đức, TP. Hồ Chí Minh",Hồ Chí Minh,8780000,1220000,0,8780000,COD,PENDING,PROCESSING,2026-06-19T19:15:24,2026-06-19T19:47:24,,,
ORD-251106-0874,CUST-0131,Bùi Đức Khoa,0797056856,"193 Đường Tố Hữu, Quận Đống Đa, TP. Hà Nội",Hà Nội,16480000,2420000,0,16480000,COD,PAID,DELIVERED,2025-11-06T20:17:43,2025-11-06T20:54:43,2025-11-07T02:17:43,2025-11-07T22:17:43,
ORD-250927-0875,CUST-0128,Dương Thị Ngọc,0778686337,"37 Đường Xuân Thủy, Quận Hoàn Kiếm, TP. Hà Nội",Hà Nội,30980000,3520000,0,30980000,COD,PAID,DELIVERED,2025-09-27T22:25:26,2025-09-27T22:55:26,2025-09-28T14:25:26,2025-10-01T02:25:26,
ORD-251211-0876,CUST-0067,Ngô Văn Huy,0982842102,"336 Đường Hùng Vương, Quận Thanh Khê, TP. Đà Nẵng",Đà Nẵng,52990000,5010000,0,52990000,COD,PAID,DELIVERED,2025-12-11T16:31:58,2025-12-11T16:52:58,2025-12-11T23:31:58,2025-12-14T20:31:58,
ORD-251121-0877,CUST-0493,Hoàng Văn Kiệt,0855536668,"162 Đường 3 Tháng 2, Quận 1, TP. Hồ Chí Minh",Hồ Chí Minh,3990000,510000,30000,4020000,COD,PAID,DELIVERED,2025-11-21T09:24:26,2025-11-21T09:51:26,2025-11-21T23:24:26,2025-11-24T13:24:26,
ORD-250815-0878,CUST-0302,Trần Lâm Trung,0976613906,"158 Đường Trần Hưng Đạo, Quận Hải Châu, TP. Đà Nẵng",Đà Nẵng,15180000,1820000,0,15180000,COD,PAID,DELIVERED,2025-08-15T19:15:13,2025-08-15T19:52:13,2025-08-16T11:15:13,2025-08-18T22:15:13,
ORD-260116-0879,CUST-0007,Dương Ngọc Nam,0858451462,"524 Đường 3 Tháng 2, Quận Gò Vấp, TP. Hồ Chí Minh",Hồ Chí Minh,9490000,1510000,0,9490000,COD,PAID,DELIVERED,2026-01-16T11:11:03,2026-01-16T11:28:03,2026-01-17T05:11:03,2026-01-19T12:11:03,
ORD-251125-0880,CUST-0044,Bùi Duy Phong,0796774964,"217 Đường Lạch Tray, Quận Hồng Bàng, TP. Hải Phòng",Hải Phòng,2480000,520000,30000,2510000,MOMO,PAID,DELIVERED,2025-11-25T00:04:18,2025-11-25T00:18:18,2025-11-25T04:04:18,2025-11-27T05:04:18,
ORD-250904-0881,CUST-0375,Bùi Thành Dũng,0795016579,"73 Đường Nguyễn Văn Linh, Quận Sơn Trà, TP. Đà Nẵng",Đà Nẵng,4490000,710000,30000,4520000,MOMO,PAID,DELIVERED,2025-09-04T12:01:13,2025-09-04T12:40:13,2025-09-05T05:01:13,2025-09-05T12:01:13,
ORD-250725-0882,CUST-0223,Dương Thị Ngọc,0975611002,"453 Đường Tràng Tiền, Quận Đống Đa, TP. Hà Nội",Hà Nội,3990000,510000,30000,4020000,COD,PAID,DELIVERED,2025-07-25T18:19:10,2025-07-25T19:03:10,2025-07-26T00:19:10,2025-07-26T22:19:10,
ORD-260221-0883,CUST-0426,Phan Anh Hoàng,0839004896,"140 Đường Nguyễn Văn Cừ, Quận Bình Thủy, TP. Cần Thơ",Cần Thơ,6490000,1010000,0,6490000,BANK_TRANSFER,PAID,DELIVERED,2026-02-21T22:27:27,2026-02-21T23:11:27,2026-02-22T12:27:27,2026-02-23T02:27:27,
ORD-251212-0884,CUST-0333,Đặng Thành Việt,0909435334,"125 Đường Tô Hiệu, Quận Ngô Quyền, TP. Hải Phòng",Hải Phòng,3490000,410000,30000,3520000,COD,PAID,DELIVERED,2025-12-12T09:00:05,2025-12-12T09:44:05,2025-12-13T00:00:05,2025-12-14T09:00:05,
ORD-251231-0885,CUST-0293,Hoàng Quang Hoàng,0770862095,"401 Đường Xuân Thủy, Quận Đống Đa, TP. Hà Nội",Hà Nội,4990000,510000,30000,5020000,COD,PAID,DELIVERED,2025-12-31T10:48:41,2025-12-31T11:08:41,2025-12-31T21:48:41,2026-01-02T12:48:41,
ORD-250718-0886,CUST-0163,Lý Hữu Minh,0380422325,"280 Đường Mậu Thân, Quận Cái Răng, TP. Cần Thơ",Cần Thơ,13490000,1510000,0,13490000,BANK_TRANSFER,PAID,DELIVERED,2025-07-18T18:20:54,2025-07-18T18:35:54,2025-07-18T22:20:54,2025-07-20T20:20:54,
ORD-250829-0887,CUST-0045,Đỗ Phương Linh,0791206797,"294 Đường Phan Đăng Lưu, Quận Bình Thạnh, TP. Hồ Chí Minh",Hồ Chí Minh,2490000,310000,30000,2520000,COD,PAID,DELIVERED,2025-08-29T10:02:09,2025-08-29T10:19:09,2025-08-30T04:02:09,2025-08-31T11:02:09,
ORD-260118-0888,CUST-0098,Lê Minh Bách,0905964016,"36 Đường Trần Hưng Đạo, Quận Lê Chân, TP. Hải Phòng",Hải Phòng,8380000,920000,0,8380000,COD,PAID,DELIVERED,2026-01-18T20:54:19,2026-01-18T21:16:19,2026-01-19T13:54:19,2026-01-20T20:54:19,
ORD-260224-0889,CUST-0397,Dương Minh Tùng,0987125663,"326 Đường Xuân Thủy, Quận Hai Bà Trưng, TP. Hà Nội",Hà Nội,5490000,510000,0,5490000,VNPAY,PAID,DELIVERED,2026-02-24T08:56:00,2026-02-24T09:39:00,2026-02-24T12:56:00,2026-02-26T13:56:00,
ORD-251219-0890,CUST-0437,Phan Ngọc Nhi,0901722601,"470 Đường Hùng Vương, Quận Sơn Trà, TP. Đà Nẵng",Đà Nẵng,4490000,510000,30000,4520000,COD,PAID,DELIVERED,2025-12-19T18:42:10,2025-12-19T18:59:10,2025-12-20T04:42:10,2025-12-20T22:42:10,
ORD-251220-0891,CUST-0407,Dương Mai Linh,0908507698,"27 Đường Võ Nguyên Giáp, Quận Hải Châu, TP. Đà Nẵng",Đà Nẵng,10480000,1220000,0,10480000,BANK_TRANSFER,PAID,DELIVERED,2025-12-20T13:34:47,2025-12-20T13:56:47,2025-12-21T03:34:47,2025-12-23T15:34:47,
ORD-260618-0892,CUST-0332,Dương Quang Minh,0930768104,"483 Đường Lê Hồng Phong, Quận Hồng Bàng, TP. Hải Phòng",Hải Phòng,3290000,510000,30000,3320000,COD,PENDING,PROCESSING,2026-06-18T00:15:57,2026-06-18T00:54:57,,,
ORD-260212-0893,CUST-0142,Bùi Hồng Phương,0914293968,"85 Đường Mậu Thân, Quận Bình Thủy, TP. Cần Thơ",Cần Thơ,12780000,1720000,0,12780000,BANK_TRANSFER,PAID,DELIVERED,2026-02-12T20:34:09,2026-02-12T21:04:09,2026-02-13T03:34:09,2026-02-16T01:34:09,
ORD-251127-0894,CUST-0284,Vũ Hoàng Anh,0932663416,"296 Đường Kim Mã, Quận Ba Đình, TP. Hà Nội",Hà Nội,7680000,1120000,0,7680000,COD,PAID,DELIVERED,2025-11-27T12:44:47,2025-11-27T13:09:47,2025-11-27T19:44:47,2025-11-30T17:44:47,
ORD-250816-0895,CUST-0364,Lê Quang Hải,0773902196,"11 Đường Lê Lợi, Quận Phú Nhuận, TP. Hồ Chí Minh",Hồ Chí Minh,26990000,3010000,0,26990000,COD,PAID,DELIVERED,2025-08-16T10:15:21,2025-08-16T10:49:21,2025-08-16T21:15:21,2025-08-18T10:15:21,
ORD-251110-0896,CUST-0461,Phạm Quang Hùng,0918204339,"51 Đường Nguyễn Kiệm, Quận Tân Bình, TP. Hồ Chí Minh",Hồ Chí Minh,9490000,1510000,0,9490000,CREDIT_CARD,PAID,DELIVERED,2025-11-10T15:38:35,2025-11-10T15:50:35,2025-11-10T19:38:35,2025-11-13T20:38:35,
ORD-260226-0897,CUST-0444,Phạm Ngọc Trung,0837246657,"93 Đường Lê Hồng Phong, Quận Hồng Bàng, TP. Hải Phòng",Hải Phòng,17980000,3020000,0,17980000,COD,PAID,DELIVERED,2026-02-26T10:54:58,2026-02-26T11:16:58,2026-02-26T22:54:58,2026-03-01T10:54:58,
ORD-250819-0898,CUST-0058,Bùi Anh Tùng,0983747407,"358 Đường Trần Duy Hưng, Quận Cầu Giấy, TP. Hà Nội",Hà Nội,3690000,510000,30000,3720000,COD,PAID,DELIVERED,2025-08-19T06:29:51,2025-08-19T07:04:51,2025-08-19T08:29:51,2025-08-21T09:29:51,
ORD-260128-0899,CUST-0365,Hồ Đình Khoa,0772324876,"95 Đường Võ Văn Tần, Quận 10, TP. Hồ Chí Minh",Hồ Chí Minh,3990000,510000,30000,4020000,MOMO,PAID,DELIVERED,2026-01-28T19:50:03,2026-01-28T20:00:03,2026-01-29T11:50:03,2026-01-29T21:50:03,
ORD-250807-0900,CUST-0422,Dương Quốc Hùng,0908931734,"444 Đường Tố Hữu, Quận Cầu Giấy, TP. Hà Nội",Hà Nội,8990000,1510000,0,8990000,COD,CANCELLED,CANCELLED,2025-08-07T19:36:17,2025-08-07T20:07:17,,,2025-08-08T01:36:17
ORD-260103-0901,CUST-0128,Dương Thị Ngọc,0778686337,"37 Đường Xuân Thủy, Quận Hoàn Kiếm, TP. Hà Nội",Hà Nội,3990000,510000,30000,4020000,COD,PAID,DELIVERED,2026-01-03T16:59:00,2026-01-03T17:38:00,2026-01-04T03:59:00,2026-01-04T17:59:00,
ORD-251102-0902,CUST-0465,Vũ Văn Huy,0799138249,"387 Đường Trần Hưng Đạo, Quận Hồng Bàng, TP. Hải Phòng",Hải Phòng,26480000,3520000,0,26480000,COD,PAID,DELIVERED,2025-11-02T21:33:25,2025-11-02T21:53:25,2025-11-03T12:33:25,2025-11-03T23:33:25,
ORD-250823-0903,CUST-0332,Dương Quang Minh,0930768104,"483 Đường Lê Hồng Phong, Quận Hồng Bàng, TP. Hải Phòng",Hải Phòng,13490000,1510000,0,13490000,COD,PAID,DELIVERED,2025-08-23T21:37:02,2025-08-23T21:43:02,2025-08-24T03:37:02,2025-08-25T22:37:02,
ORD-250901-0904,CUST-0174,Hoàng Thành Phong,0903161799,"17 Đường Lê Duẩn, Quận Thanh Khê, TP. Đà Nẵng",Đà Nẵng,53980000,5220000,0,53980000,COD,CANCELLED,CANCELLED,2025-09-01T17:14:54,2025-09-01T17:58:54,,,2025-09-02T16:14:54
ORD-251111-0905,CUST-0274,Phan Diệu Giang,0385564729,"107 Đường Trần Hưng Đạo, Quận Lê Chân, TP. Hải Phòng",Hải Phòng,4990000,510000,30000,5020000,COD,PAID,DELIVERED,2025-11-11T21:29:22,2025-11-11T21:51:22,2025-11-12T03:29:22,2025-11-12T23:29:22,
ORD-250814-0906,CUST-0493,Hoàng Văn Kiệt,0855536668,"162 Đường 3 Tháng 2, Quận 1, TP. Hồ Chí Minh",Hồ Chí Minh,12990000,1510000,0,12990000,BANK_TRANSFER,PAID,DELIVERED,2025-08-14T12:21:14,2025-08-14T13:01:14,2025-08-15T02:21:14,2025-08-16T17:21:14,
ORD-260126-0907,CUST-0146,Vũ Thành Duy,0939826224,"69 Đường Nguyễn Văn Linh, Quận Ngũ Hành Sơn, TP. Đà Nẵng",Đà Nẵng,990000,210000,30000,1020000,BANK_TRANSFER,PAID,DELIVERED,2026-01-26T14:25:10,2026-01-26T15:01:10,2026-01-26T17:25:10,2026-01-28T19:25:10,
ORD-251122-0908,CUST-0121,Hồ Khánh Trinh,0853296685,"194 Đường Đại lộ Hòa Bình, Quận Bình Thủy, TP. Cần Thơ",Cần Thơ,3390000,410000,30000,3420000,BANK_TRANSFER,PAID,DELIVERED,2025-11-22T14:08:19,2025-11-22T14:53:19,2025-11-22T20:08:19,2025-11-24T17:08:19,
ORD-260518-0909,CUST-0181,Vũ Minh Bách,0919182619,"247 Đường 3 Tháng 2, Thành phố Thủ Đức, TP. Hồ Chí Minh",Hồ Chí Minh,12990000,1510000,0,12990000,COD,PAID,DELIVERED,2026-05-18T13:04:23,2026-05-18T13:49:23,2026-05-18T17:04:23,2026-05-20T16:04:23,
ORD-260523-0910,CUST-0217,Phạm Thị Hương,0935421689,"310 Đường Nguyễn Trãi, Quận Cầu Giấy, TP. Hà Nội",Hà Nội,5480000,820000,0,5480000,COD,PAID,DELIVERED,2026-05-23T14:03:23,2026-05-23T14:28:23,2026-05-24T01:03:23,2026-05-25T18:03:23,
ORD-251214-0911,CUST-0382,Lê Hữu Hùng,0387275208,"301 Đường Võ Nguyên Giáp, Quận Sơn Trà, TP. Đà Nẵng",Đà Nẵng,2490000,310000,30000,2520000,BANK_TRANSFER,PAID,DELIVERED,2025-12-14T18:20:44,2025-12-14T18:32:44,2025-12-14T22:20:44,2025-12-17T22:20:44,
ORD-251109-0912,CUST-0204,Vũ Duy Long,0770246299,"344 Đường Trần Văn Khéo, Quận Ninh Kiều, TP. Cần Thơ",Cần Thơ,3290000,510000,30000,3320000,MOMO,PAID,DELIVERED,2025-11-09T22:54:45,2025-11-09T23:34:45,2025-11-10T07:54:45,2025-11-11T00:54:45,
ORD-250802-0913,CUST-0136,Hoàng Mai Hương,0389378547,"365 Đường Mậu Thân, Quận Cái Răng, TP. Cần Thơ",Cần Thơ,13490000,1510000,0,13490000,CREDIT_CARD,PAID,DELIVERED,2025-08-02T15:35:00,2025-08-02T16:10:00,2025-08-03T08:35:00,2025-08-05T15:35:00,
ORD-260328-0914,CUST-0439,Võ Ngọc Long,0774995641,"119 Đường Bà Triệu, Quận Cầu Giấy, TP. Hà Nội",Hà Nội,13180000,2020000,0,13180000,COD,PAID,DELIVERED,2026-03-28T13:31:15,2026-03-28T13:44:15,2026-03-28T21:31:15,2026-03-31T16:31:15,
ORD-260412-0915,CUST-0472,Hồ Khánh Trinh,0938430894,"442 Đường Lạch Tray, Quận Ngô Quyền, TP. Hải Phòng",Hải Phòng,8990000,1510000,0,8990000,BANK_TRANSFER,PAID,DELIVERED,2026-04-12T19:52:25,2026-04-12T20:08:25,2026-04-13T05:52:25,2026-04-13T22:52:25,
ORD-250621-0916,CUST-0319,Lý Khánh Hà,0852111751,"392 Đường Mậu Thân, Quận Bình Thủy, TP. Cần Thơ",Cần Thơ,3990000,510000,30000,4020000,COD,PAID,DELIVERED,2025-06-21T19:55:21,2025-06-21T20:36:21,2025-06-22T00:55:21,2025-06-24T00:55:21,
ORD-250808-0917,CUST-0217,Phạm Thị Hương,0935421689,"310 Đường Nguyễn Trãi, Quận Cầu Giấy, TP. Hà Nội",Hà Nội,20480000,2520000,0,20480000,BANK_TRANSFER,CANCELLED,CANCELLED,2025-08-08T19:11:33,2025-08-08T19:53:33,,,2025-08-09T12:11:33
ORD-250812-0918,CUST-0077,Phan Linh Trúc,0982683885,"451 Đường Đại lộ Hòa Bình, Quận Bình Thủy, TP. Cần Thơ",Cần Thơ,18280000,2320000,0,18280000,BANK_TRANSFER,PAID,DELIVERED,2025-08-12T18:21:52,2025-08-12T18:34:52,2025-08-13T08:21:52,2025-08-13T21:21:52,
ORD-260226-0919,CUST-0036,Bùi Hoàng Anh,0931931491,"384 Đường Nguyễn Kiệm, Quận Tân Bình, TP. Hồ Chí Minh",Hồ Chí Minh,16490000,2010000,0,16490000,COD,PAID,DELIVERED,2026-02-26T00:53:25,2026-02-26T01:25:25,2026-02-26T06:53:25,2026-02-27T03:53:25,
ORD-251119-0920,CUST-0112,Đặng Vy Nhi,0985952694,"311 Đường Hùng Vương, Quận Ngũ Hành Sơn, TP. Đà Nẵng",Đà Nẵng,2190000,310000,30000,2220000,VNPAY,PAID,DELIVERED,2025-11-19T15:02:25,2025-11-19T15:07:25,2025-11-19T23:02:25,2025-11-22T17:02:25,
ORD-260602-0921,CUST-0409,Dương Quốc Việt,0860496391,"73 Đường Lê Hồng Phong, Quận Ngô Quyền, TP. Hải Phòng",Hải Phòng,2490000,410000,30000,2520000,BANK_TRANSFER,PAID,DELIVERED,2026-06-02T12:39:32,2026-06-02T12:46:32,2026-06-03T05:39:32,2026-06-05T14:39:32,
ORD-251009-0922,CUST-0460,Phan Ngọc Bách,0861209481,"59 Đường Trần Hưng Đạo, Quận Hồng Bàng, TP. Hải Phòng",Hải Phòng,1490000,310000,30000,1520000,BANK_TRANSFER,PAID,DELIVERED,2025-10-09T18:55:27,2025-10-09T19:08:27,2025-10-10T07:55:27,2025-10-12T18:55:27,
ORD-260330-0923,CUST-0426,Phan Anh Hoàng,0839004896,"140 Đường Nguyễn Văn Cừ, Quận Bình Thủy, TP. Cần Thơ",Cần Thơ,2980000,620000,30000,3010000,BANK_TRANSFER,REFUNDED,CANCELLED,2026-03-30T07:45:25,2026-03-30T08:15:25,,,2026-03-30T16:45:25
ORD-251121-0924,CUST-0485,Ngô Thu Phương,0975963099,"340 Đường Trần Hưng Đạo, Quận Ngô Quyền, TP. Hải Phòng",Hải Phòng,5480000,920000,0,5480000,COD,PAID,DELIVERED,2025-11-21T12:28:17,2025-11-21T12:46:17,2025-11-22T05:28:17,2025-11-24T16:28:17,
ORD-260511-0925,CUST-0405,Đặng Khánh Chi,0836954500,"362 Đường Quang Trung, Quận 10, TP. Hồ Chí Minh",Hồ Chí Minh,9980000,1420000,0,9980000,COD,PAID,DELIVERED,2026-05-11T22:32:27,2026-05-11T22:55:27,2026-05-12T06:32:27,2026-05-13T01:32:27,
ORD-260429-0926,CUST-0068,Nguyễn Diệu Nhi,0911775891,"538 Đường Lạch Tray, Quận Hồng Bàng, TP. Hải Phòng",Hải Phòng,990000,210000,30000,1020000,VNPAY,PAID,DELIVERED,2026-04-29T10:35:37,2026-04-29T10:46:37,2026-04-29T22:35:37,2026-05-02T12:35:37,
ORD-260211-0927,CUST-0117,Hoàng Hồng Lan,0977473384,"250 Đường Lê Duẩn, Quận Thanh Khê, TP. Đà Nẵng",Đà Nẵng,3990000,510000,30000,4020000,VNPAY,PAID,DELIVERED,2026-02-11T18:11:43,2026-02-11T18:49:43,2026-02-12T05:11:43,2026-02-13T20:11:43,
ORD-251128-0928,CUST-0175,Lê Mai Nhi,0794252410,"274 Đường Đại lộ Hòa Bình, Quận Cái Răng, TP. Cần Thơ",Cần Thơ,2980000,620000,30000,3010000,MOMO,PAID,DELIVERED,2025-11-28T19:44:31,2025-11-28T19:57:31,2025-11-29T03:44:31,2025-11-30T23:44:31,
ORD-260122-0929,CUST-0498,Trần Duy Phong,0795977790,"360 Đường Võ Văn Tần, Quận Gò Vấp, TP. Hồ Chí Minh",Hồ Chí Minh,29180000,3320000,0,29180000,COD,PAID,DELIVERED,2026-01-22T16:24:44,2026-01-22T16:48:44,2026-01-23T08:24:44,2026-01-25T20:24:44,
ORD-251112-0930,CUST-0264,Ngô Quỳnh Chi,0836114351,"63 Đường Nguyễn Văn Cừ, Quận Cái Răng, TP. Cần Thơ",Cần Thơ,4290000,710000,30000,4320000,COD,PAID,DELIVERED,2025-11-12T17:36:49,2025-11-12T18:20:49,2025-11-13T09:36:49,2025-11-13T18:36:49,
ORD-250914-0931,CUST-0026,Vũ Văn Việt,0863699577,"178 Đường Trần Duy Hưng, Quận Ba Đình, TP. Hà Nội",Hà Nội,12990000,1510000,0,12990000,COD,PAID,DELIVERED,2025-09-14T21:26:05,2025-09-14T21:51:05,2025-09-15T13:26:05,2025-09-18T01:26:05,
ORD-260105-0932,CUST-0170,Bùi Minh Khoa,0972341389,"313 Đường Lạch Tray, Quận Ngô Quyền, TP. Hải Phòng",Hải Phòng,2190000,310000,30000,2220000,COD,PAID,DELIVERED,2026-01-05T19:56:31,2026-01-05T20:01:31,2026-01-05T22:56:31,2026-01-07T23:56:31,
ORD-251119-0933,CUST-0403,Phạm Linh Chi,0794858800,"458 Đường Trần Văn Khéo, Quận Cái Răng, TP. Cần Thơ",Cần Thơ,12380000,1120000,0,12380000,COD,PAID,DELIVERED,2025-11-19T21:18:43,2025-11-19T21:29:43,2025-11-20T03:18:43,2025-11-20T23:18:43,
ORD-250810-0934,CUST-0302,Trần Lâm Trung,0976613906,"158 Đường Trần Hưng Đạo, Quận Hải Châu, TP. Đà Nẵng",Đà Nẵng,26990000,3010000,0,26990000,MOMO,PAID,DELIVERED,2025-08-10T12:09:51,2025-08-10T12:41:51,2025-08-10T14:09:51,2025-08-13T13:09:51,
ORD-251031-0935,CUST-0445,Lê Vy Chi,0916743380,"167 Đường Trần Hưng Đạo, Quận Sơn Trà, TP. Đà Nẵng",Đà Nẵng,1890000,310000,30000,1920000,COD,PAID,DELIVERED,2025-10-31T11:12:02,2025-10-31T11:43:02,2025-10-31T14:12:02,2025-11-01T11:12:02,
ORD-250919-0936,CUST-0375,Bùi Thành Dũng,0795016579,"73 Đường Nguyễn Văn Linh, Quận Sơn Trà, TP. Đà Nẵng",Đà Nẵng,23380000,2620000,0,23380000,BANK_TRANSFER,PAID,DELIVERED,2025-09-19T23:49:55,2025-09-20T00:31:55,2025-09-20T14:49:55,2025-09-22T23:49:55,
ORD-251013-0937,CUST-0450,Hồ Hữu Tuấn,0975626060,"537 Đường Nguyễn Trãi, Quận Ba Đình, TP. Hà Nội",Hà Nội,17480000,2220000,0,17480000,COD,PAID,DELIVERED,2025-10-13T11:09:35,2025-10-13T11:14:35,2025-10-13T22:09:35,2025-10-15T11:09:35,
ORD-260225-0938,CUST-0385,Phan Thị Ngọc,0975478137,"172 Đường Nguyễn Văn Cừ, Quận Cái Răng, TP. Cần Thơ",Cần Thơ,12990000,1510000,0,12990000,BANK_TRANSFER,PAID,DELIVERED,2026-02-25T18:56:21,2026-02-25T19:28:21,2026-02-25T20:56:21,2026-02-26T23:56:21,
ORD-260504-0939,CUST-0076,Phan Khánh Trinh,0778403690,"145 Đường Bà Triệu, Quận Đống Đa, TP. Hà Nội",Hà Nội,8380000,1320000,0,8380000,COD,PAID,DELIVERED,2026-05-04T16:48:08,2026-05-04T17:05:08,2026-05-05T03:48:08,2026-05-05T16:48:08,
ORD-260124-0940,CUST-0242,Phan Hữu Hải,0798013361,"78 Đường Tô Hiệu, Quận Lê Chân, TP. Hải Phòng",Hải Phòng,1490000,310000,30000,1520000,BANK_TRANSFER,PAID,DELIVERED,2026-01-24T15:39:23,2026-01-24T16:11:23,2026-01-25T01:39:23,2026-01-27T19:39:23,
ORD-260107-0941,CUST-0002,Hồ Khánh Vy,0935116155,"132 Đường Võ Nguyên Giáp, Quận Hải Châu, TP. Đà Nẵng",Đà Nẵng,6990000,810000,0,6990000,COD,PAID,DELIVERED,2026-01-07T16:25:44,2026-01-07T16:44:44,2026-01-07T23:25:44,2026-01-09T16:25:44,
ORD-250912-0942,CUST-0370,Võ Ngọc Hoàng,0863520904,"433 Đường Võ Văn Tần, Quận Phú Nhuận, TP. Hồ Chí Minh",Hồ Chí Minh,4990000,510000,30000,5020000,COD,PAID,DELIVERED,2025-09-12T17:17:10,2025-09-12T17:50:10,2025-09-13T01:17:10,2025-09-15T17:17:10,
ORD-250821-0943,CUST-0432,Bùi Minh Dũng,0859759230,"77 Đường Lê Duẩn, Quận Sơn Trà, TP. Đà Nẵng",Đà Nẵng,16980000,2220000,0,16980000,VNPAY,PAID,DELIVERED,2025-08-21T22:58:43,2025-08-21T23:08:43,2025-08-22T14:58:43,2025-08-25T02:58:43,
ORD-251227-0944,CUST-0421,Dương Hoàng Trung,0777242954,"191 Đường Quang Trung, Thành phố Thủ Đức, TP. Hồ Chí Minh",Hồ Chí Minh,3690000,510000,30000,3720000,BANK_TRANSFER,PAID,DELIVERED,2025-12-27T14:35:37,2025-12-27T14:49:37,2025-12-27T23:35:37,2025-12-30T17:35:37,
ORD-250827-0945,CUST-0258,Bùi Đình Hải,0855799136,"212 Đường Nguyễn Trãi, Quận Cầu Giấy, TP. Hà Nội",Hà Nội,5490000,710000,0,5490000,VNPAY,PAID,DELIVERED,2025-08-27T10:10:14,2025-08-27T10:42:14,2025-08-27T22:10:14,2025-08-29T15:10:14,
ORD-260127-0946,CUST-0029,Đỗ Quang Long,0977986872,"258 Đường Nguyễn Văn Cừ, Quận Cái Răng, TP. Cần Thơ",Cần Thơ,2490000,410000,30000,2520000,BANK_TRANSFER,PAID,DELIVERED,2026-01-27T23:37:20,2026-01-28T00:02:20,2026-01-28T11:37:20,2026-01-29T03:37:20,
ORD-250804-0947,CUST-0277,Trần Thảo Anh,0939982455,"85 Đường Tô Hiệu, Quận Ngô Quyền, TP. Hải Phòng",Hải Phòng,4490000,510000,30000,4520000,COD,PAID,DELIVERED,2025-08-04T21:47:13,2025-08-04T22:30:13,2025-08-05T00:47:13,2025-08-08T01:47:13,
ORD-250911-0948,CUST-0312,Bùi Lâm Sơn,0984826292,"330 Đường 3 Tháng 2, Quận 3, TP. Hồ Chí Minh",Hồ Chí Minh,3690000,510000,30000,3720000,BANK_TRANSFER,PAID,DELIVERED,2025-09-11T11:32:28,2025-09-11T12:02:28,2025-09-11T15:32:28,2025-09-12T12:32:28,
ORD-250913-0949,CUST-0093,Phạm Đức Tuấn,0795188888,"401 Đường Đại lộ Hòa Bình, Quận Cái Răng, TP. Cần Thơ",Cần Thơ,8990000,1510000,0,8990000,VNPAY,PAID,DELIVERED,2025-09-13T22:41:50,2025-09-13T22:52:50,2025-09-14T16:41:50,2025-09-14T22:41:50,
ORD-251126-0950,CUST-0004,Lê Phương Thảo,0851928327,"62 Đường Trần Hưng Đạo, Quận Thanh Khê, TP. Đà Nẵng",Đà Nẵng,1890000,310000,30000,1920000,COD,PAID,DELIVERED,2025-11-26T19:38:02,2025-11-26T19:52:02,2025-11-27T01:38:02,2025-11-28T23:38:02,
ORD-251108-0951,CUST-0115,Phạm Ngọc Kiệt,0796527858,"257 Đường Nguyễn Văn Linh, Quận Ngũ Hành Sơn, TP. Đà Nẵng",Đà Nẵng,8980000,1120000,0,8980000,COD,PAID,DELIVERED,2025-11-08T17:29:58,2025-11-08T18:06:58,2025-11-09T08:29:58,2025-11-11T22:29:58,
ORD-260228-0952,CUST-0007,Dương Ngọc Nam,0858451462,"524 Đường 3 Tháng 2, Quận Gò Vấp, TP. Hồ Chí Minh",Hồ Chí Minh,3390000,410000,30000,3420000,COD,PAID,DELIVERED,2026-02-28T12:40:02,2026-02-28T12:53:02,2026-02-28T16:40:02,2026-03-03T15:40:02,
ORD-260130-0953,CUST-0265,Đỗ Thị Giang,0858430988,"41 Đường Chùa Bộc, Quận Ba Đình, TP. Hà Nội",Hà Nội,6990000,810000,0,6990000,COD,CANCELLED,CANCELLED,2026-01-30T12:02:19,2026-01-30T12:26:19,,,2026-01-31T04:02:19
ORD-250625-0954,CUST-0487,Hồ Hồng Chi,0777496903,"410 Đường Bà Triệu, Quận Hai Bà Trưng, TP. Hà Nội",Hà Nội,26990000,3010000,0,26990000,CREDIT_CARD,PAID,DELIVERED,2025-06-25T10:14:41,2025-06-25T10:26:41,2025-06-25T22:14:41,2025-06-28T13:14:41,
ORD-250825-0955,CUST-0309,Phạm Quang Nam,0977981238,"547 Đường Điện Biên Phủ, Quận 1, TP. Hồ Chí Minh",Hồ Chí Minh,3690000,510000,30000,3720000,CREDIT_CARD,PAID,DELIVERED,2025-08-25T21:28:39,2025-08-25T22:13:39,2025-08-26T07:28:39,2025-08-28T00:28:39,
ORD-260120-0956,CUST-0211,Đỗ Khánh Thảo,0854328309,"514 Đường Lê Duẩn, Quận Thanh Khê, TP. Đà Nẵng",Đà Nẵng,3290000,510000,30000,3320000,VNPAY,PAID,DELIVERED,2026-01-20T19:14:52,2026-01-20T19:23:52,2026-01-21T10:14:52,2026-01-21T20:14:52,
ORD-251220-0957,CUST-0112,Đặng Vy Nhi,0985952694,"311 Đường Hùng Vương, Quận Ngũ Hành Sơn, TP. Đà Nẵng",Đà Nẵng,1490000,310000,30000,1520000,BANK_TRANSFER,PAID,DELIVERED,2025-12-20T15:28:45,2025-12-20T15:39:45,2025-12-21T09:28:45,2025-12-22T19:28:45,
ORD-260531-0958,CUST-0364,Lê Quang Hải,0773902196,"11 Đường Lê Lợi, Quận Phú Nhuận, TP. Hồ Chí Minh",Hồ Chí Minh,990000,210000,30000,1020000,VNPAY,PAID,DELIVERED,2026-05-31T20:21:35,2026-05-31T20:40:35,2026-06-01T03:21:35,2026-06-02T20:21:35,
ORD-250911-0959,CUST-0036,Bùi Hoàng Anh,0931931491,"384 Đường Nguyễn Kiệm, Quận Tân Bình, TP. Hồ Chí Minh",Hồ Chí Minh,8490000,1010000,0,8490000,MOMO,PAID,DELIVERED,2025-09-11T19:34:15,2025-09-11T19:58:15,2025-09-12T06:34:15,2025-09-13T22:34:15,
ORD-260418-0960,CUST-0091,Ngô Anh Long,0901043289,"248 Đường Nguyễn Văn Cừ, Quận Ninh Kiều, TP. Cần Thơ",Cần Thơ,18480000,2420000,0,18480000,BANK_TRANSFER,PAID,DELIVERED,2026-04-18T17:22:34,2026-04-18T18:06:34,2026-04-18T22:22:34,2026-04-20T17:22:34,
ORD-260327-0961,CUST-0460,Phan Ngọc Bách,0861209481,"59 Đường Trần Hưng Đạo, Quận Hồng Bàng, TP. Hải Phòng",Hải Phòng,4990000,510000,30000,5020000,COD,PAID,DELIVERED,2026-03-27T18:25:36,2026-03-27T18:49:36,2026-03-28T04:25:36,2026-03-30T21:25:36,
ORD-250821-0962,CUST-0362,Phạm Đức Hùng,0980417929,"230 Đường Võ Văn Tần, Quận 3, TP. Hồ Chí Minh",Hồ Chí Minh,8490000,1010000,0,8490000,COD,PAID,DELIVERED,2025-08-21T16:44:31,2025-08-21T16:57:31,2025-08-22T06:44:31,2025-08-23T21:44:31,
ORD-251114-0963,CUST-0498,Trần Duy Phong,0795977790,"360 Đường Võ Văn Tần, Quận Gò Vấp, TP. Hồ Chí Minh",Hồ Chí Minh,3480000,520000,30000,3510000,VNPAY,PAID,DELIVERED,2025-11-14T17:59:47,2025-11-14T18:11:47,2025-11-15T01:59:47,2025-11-16T20:59:47,
ORD-251120-0964,CUST-0213,Lê Thành Duy,0985135346,"306 Đường Hùng Vương, Quận Sơn Trà, TP. Đà Nẵng",Đà Nẵng,1890000,310000,30000,1920000,MOMO,PAID,DELIVERED,2025-11-20T08:08:20,2025-11-20T08:15:20,2025-11-20T14:08:20,2025-11-21T09:08:20,
ORD-250809-0965,CUST-0138,Bùi Duy Kiệt,0857008860,"298 Đường Lê Hồng Phong, Quận Lê Chân, TP. Hải Phòng",Hải Phòng,12990000,1510000,0,12990000,BANK_TRANSFER,PAID,DELIVERED,2025-08-09T07:57:13,2025-08-09T08:24:13,2025-08-09T09:57:13,2025-08-10T10:57:13,
ORD-260103-0966,CUST-0037,Nguyễn Anh Nam,0385726284,"451 Đường Tô Hiệu, Quận Ngô Quyền, TP. Hải Phòng",Hải Phòng,13480000,1520000,0,13480000,COD,PAID,DELIVERED,2026-01-03T12:52:25,2026-01-03T13:19:25,2026-01-03T16:52:25,2026-01-05T14:52:25,
ORD-251209-0967,CUST-0072,Dương Văn Việt,0834519832,"363 Đường Đại lộ Hòa Bình, Quận Ninh Kiều, TP. Cần Thơ",Cần Thơ,8990000,1510000,0,8990000,BANK_TRANSFER,PAID,DELIVERED,2025-12-09T09:24:15,2025-12-09T09:51:15,2025-12-09T23:24:15,2025-12-12T14:24:15,
ORD-251209-0968,CUST-0389,Đỗ Thành Nam,0978904290,"370 Đường Nguyễn Văn Linh, Quận Ngũ Hành Sơn, TP. Đà Nẵng",Đà Nẵng,16490000,2010000,0,16490000,MOMO,PAID,DELIVERED,2025-12-09T11:05:19,2025-12-09T11:45:19,2025-12-09T23:05:19,2025-12-10T12:05:19,
ORD-260201-0969,CUST-0176,Võ Mai Hoa,0779252419,"50 Đường Nguyễn Thị Minh Khai, Quận Bình Thạnh, TP. Hồ Chí Minh",Hồ Chí Minh,3690000,510000,30000,3720000,MOMO,PAID,DELIVERED,2026-02-01T22:16:56,2026-02-01T22:35:56,2026-02-02T00:16:56,2026-02-04T01:16:56,
ORD-260129-0970,CUST-0034,Hoàng Hoàng Huy,0917080531,"209 Đường Điện Biên Phủ, Quận 1, TP. Hồ Chí Minh",Hồ Chí Minh,2490000,310000,30000,2520000,COD,PAID,DELIVERED,2026-01-29T19:05:23,2026-01-29T19:15:23,2026-01-30T00:05:23,2026-02-01T00:05:23,
ORD-250928-0971,CUST-0270,Võ Phương Trinh,0862373334,"164 Đường Tràng Tiền, Quận Nam Từ Liêm, TP. Hà Nội",Hà Nội,17980000,2020000,0,17980000,COD,PAID,DELIVERED,2025-09-28T20:13:04,2025-09-28T20:33:04,2025-09-29T12:13:04,2025-10-01T01:13:04,
ORD-251005-0972,CUST-0358,Võ Hồng Lan,0793067198,"61 Đường Võ Nguyên Giáp, Quận Sơn Trà, TP. Đà Nẵng",Đà Nẵng,15990000,2010000,0,15990000,BANK_TRANSFER,PAID,DELIVERED,2025-10-05T09:44:34,2025-10-05T10:09:34,2025-10-05T13:44:34,2025-10-06T11:44:34,
ORD-251120-0973,CUST-0274,Phan Diệu Giang,0385564729,"107 Đường Trần Hưng Đạo, Quận Lê Chân, TP. Hải Phòng",Hải Phòng,12990000,1510000,0,12990000,COD,PAID,DELIVERED,2025-11-20T09:51:00,2025-11-20T10:21:00,2025-11-21T03:51:00,2025-11-22T12:51:00,
ORD-251123-0974,CUST-0390,Phan Mai Hoa,0864818321,"328 Đường Tràng Tiền, Quận Ba Đình, TP. Hà Nội",Hà Nội,1490000,310000,30000,1520000,MOMO,PAID,DELIVERED,2025-11-23T17:00:09,2025-11-23T17:09:09,2025-11-24T06:00:09,2025-11-25T18:00:09,
ORD-251125-0975,CUST-0007,Dương Ngọc Nam,0858451462,"524 Đường 3 Tháng 2, Quận Gò Vấp, TP. Hồ Chí Minh",Hồ Chí Minh,2290000,310000,30000,2320000,BANK_TRANSFER,REFUNDED,CANCELLED,2025-11-25T10:03:11,2025-11-25T10:09:11,,,2025-11-26T08:03:11
ORD-260410-0976,CUST-0168,Dương Diệu Vy,0771361115,"141 Đường Võ Nguyên Giáp, Quận Thanh Khê, TP. Đà Nẵng",Đà Nẵng,12990000,2010000,0,12990000,COD,PAID,DELIVERED,2026-04-10T19:06:18,2026-04-10T19:31:18,2026-04-10T23:06:18,2026-04-12T21:06:18,
ORD-260610-0977,CUST-0073,Trần Duy Phong,0388998094,"352 Đường Kim Mã, Quận Đống Đa, TP. Hà Nội",Hà Nội,4680000,720000,30000,4710000,VNPAY,PAID,DELIVERED,2026-06-10T21:27:57,2026-06-10T21:49:57,2026-06-11T00:27:57,2026-06-11T23:27:57,
ORD-251211-0978,CUST-0025,Bùi Ngọc Ngọc,0794656482,"183 Đường Trần Văn Khéo, Quận Bình Thủy, TP. Cần Thơ",Cần Thơ,6890000,610000,0,6890000,COD,PAID,DELIVERED,2025-12-11T17:06:42,2025-12-11T17:45:42,2025-12-12T04:06:42,2025-12-12T18:06:42,
ORD-250726-0979,CUST-0117,Hoàng Hồng Lan,0977473384,"250 Đường Lê Duẩn, Quận Thanh Khê, TP. Đà Nẵng",Đà Nẵng,3490000,410000,30000,3520000,COD,PAID,DELIVERED,2025-07-26T10:24:07,2025-07-26T10:55:07,2025-07-26T21:24:07,2025-07-28T11:24:07,
ORD-251127-0980,CUST-0257,Lý Diệu Anh,0830413797,"151 Đường Tố Hữu, Quận Thanh Xuân, TP. Hà Nội",Hà Nội,52990000,5010000,0,52990000,BANK_TRANSFER,PAID,DELIVERED,2025-11-27T20:39:28,2025-11-27T21:11:28,2025-11-28T04:39:28,2025-11-29T21:39:28,
ORD-251219-0981,CUST-0487,Hồ Hồng Chi,0777496903,"410 Đường Bà Triệu, Quận Hai Bà Trưng, TP. Hà Nội",Hà Nội,1890000,310000,30000,1920000,BANK_TRANSFER,PAID,DELIVERED,2025-12-19T19:40:42,2025-12-19T20:25:42,2025-12-20T08:40:42,2025-12-20T23:40:42,
ORD-251124-0982,CUST-0183,Trần Lâm Sơn,0774741124,"340 Đường Trần Hưng Đạo, Quận Hồng Bàng, TP. Hải Phòng",Hải Phòng,990000,210000,30000,1020000,BANK_TRANSFER,PAID,DELIVERED,2025-11-24T08:44:11,2025-11-24T08:53:11,2025-11-24T18:44:11,2025-11-26T11:44:11,
ORD-260213-0983,CUST-0404,Lê Lâm Việt,0987624671,"492 Đường Trần Văn Khéo, Quận Bình Thủy, TP. Cần Thơ",Cần Thơ,6990000,810000,0,6990000,VNPAY,PAID,DELIVERED,2026-02-13T15:39:58,2026-02-13T16:07:58,2026-02-14T00:39:58,2026-02-14T18:39:58,
ORD-260123-0984,CUST-0082,Bùi Hoàng Bách,0838079359,"466 Đường Lạch Tray, Quận Hồng Bàng, TP. Hải Phòng",Hải Phòng,3490000,410000,30000,3520000,COD,PAID,DELIVERED,2026-01-23T20:17:59,2026-01-23T20:57:59,2026-01-24T11:17:59,2026-01-25T01:17:59,
ORD-260212-0985,CUST-0383,Ngô Anh Trung,0917028140,"370 Đường Tô Hiệu, Quận Hồng Bàng, TP. Hải Phòng",Hải Phòng,4490000,710000,30000,4520000,COD,PAID,DELIVERED,2026-02-12T10:58:45,2026-02-12T11:09:45,2026-02-12T22:58:45,2026-02-14T10:58:45,
ORD-251117-0986,CUST-0443,Đặng Thảo Trúc,0771795760,"357 Đường Võ Nguyên Giáp, Quận Thanh Khê, TP. Đà Nẵng",Đà Nẵng,18380000,2320000,0,18380000,COD,PAID,DELIVERED,2025-11-17T19:35:59,2025-11-17T20:15:59,2025-11-18T07:35:59,2025-11-21T00:35:59,
ORD-250917-0987,CUST-0202,Đỗ Thảo Vy,0834511686,"474 Đường Hùng Vương, Quận Sơn Trà, TP. Đà Nẵng",Đà Nẵng,13780000,2220000,0,13780000,COD,PAID,DELIVERED,2025-09-17T16:37:40,2025-09-17T16:48:40,2025-09-18T05:37:40,2025-09-18T21:37:40,
ORD-260505-0988,CUST-0336,Hồ Lâm Duy,0917921717,"234 Đường Mậu Thân, Quận Cái Răng, TP. Cần Thơ",Cần Thơ,13490000,1510000,0,13490000,COD,PAID,DELIVERED,2026-05-05T03:51:13,2026-05-05T03:56:13,2026-05-05T08:51:13,2026-05-07T07:51:13,
ORD-260409-0989,CUST-0491,Phạm Đức Duy,0860445669,"238 Đường Tô Hiệu, Quận Hồng Bàng, TP. Hải Phòng",Hải Phòng,16480000,2020000,0,16480000,COD,PAID,DELIVERED,2026-04-09T11:13:07,2026-04-09T11:37:07,2026-04-10T03:13:07,2026-04-11T12:13:07,
ORD-250730-0990,CUST-0426,Phan Anh Hoàng,0839004896,"140 Đường Nguyễn Văn Cừ, Quận Bình Thủy, TP. Cần Thơ",Cần Thơ,26990000,3010000,0,26990000,BANK_TRANSFER,PAID,DELIVERED,2025-07-30T21:18:22,2025-07-30T22:00:22,2025-07-31T08:18:22,2025-07-31T22:18:22,
ORD-260424-0991,CUST-0135,Hoàng Thu Chi,0771753556,"21 Đường Trần Hưng Đạo, Quận Hồng Bàng, TP. Hải Phòng",Hải Phòng,1890000,310000,30000,1920000,BANK_TRANSFER,PAID,DELIVERED,2026-04-24T14:58:24,2026-04-24T15:04:24,2026-04-25T05:58:24,2026-04-27T18:58:24,
ORD-250816-0992,CUST-0113,Phan Ngọc Trúc,0834097499,"541 Đường 3 Tháng 2, Quận Phú Nhuận, TP. Hồ Chí Minh",Hồ Chí Minh,12480000,1520000,0,12480000,VNPAY,PAID,DELIVERED,2025-08-16T09:24:06,2025-08-16T09:44:06,2025-08-16T19:24:06,2025-08-19T13:24:06,
ORD-260131-0993,CUST-0140,Bùi Hồng Hương,0861016668,"89 Đường 3 Tháng 2, Quận 1, TP. Hồ Chí Minh",Hồ Chí Minh,1890000,310000,30000,1920000,COD,PAID,DELIVERED,2026-01-31T22:26:53,2026-01-31T22:33:53,2026-02-01T08:26:53,2026-02-02T03:26:53,
ORD-251109-0994,CUST-0443,Đặng Thảo Trúc,0771795760,"357 Đường Võ Nguyên Giáp, Quận Thanh Khê, TP. Đà Nẵng",Đà Nẵng,6990000,810000,0,6990000,CREDIT_CARD,PAID,DELIVERED,2025-11-09T11:04:16,2025-11-09T11:46:16,2025-11-09T15:04:16,2025-11-10T11:04:16,
ORD-260531-0995,CUST-0458,Nguyễn Đức Tùng,0380443270,"50 Đường Lạch Tray, Quận Ngô Quyền, TP. Hải Phòng",Hải Phòng,12990000,2010000,0,12990000,CREDIT_CARD,PAID,DELIVERED,2026-05-31T16:56:26,2026-05-31T17:05:26,2026-05-31T19:56:26,2026-06-01T18:56:26,
ORD-260102-0996,CUST-0133,Dương Thu Giang,0904699013,"218 Đường Tô Hiệu, Quận Hồng Bàng, TP. Hải Phòng",Hải Phòng,33880000,3620000,0,33880000,BANK_TRANSFER,PAID,DELIVERED,2026-01-02T11:09:03,2026-01-02T11:50:03,2026-01-02T16:09:03,2026-01-04T15:09:03,
ORD-251016-0997,CUST-0166,Nguyễn Quỳnh Yến,0770632424,"385 Đường Lê Duẩn, Quận Sơn Trà, TP. Đà Nẵng",Đà Nẵng,3990000,510000,30000,4020000,COD,PAID,DELIVERED,2025-10-16T18:05:50,2025-10-16T18:29:50,2025-10-16T20:05:50,2025-10-17T20:05:50,
ORD-250926-0998,CUST-0083,Hồ Thảo Linh,0903778892,"423 Đường Võ Nguyên Giáp, Quận Sơn Trà, TP. Đà Nẵng",Đà Nẵng,6180000,1020000,0,6180000,COD,PAID,DELIVERED,2025-09-26T17:18:05,2025-09-26T17:31:05,2025-09-27T10:18:05,2025-09-29T17:18:05,
ORD-251001-0999,CUST-0244,Phan Thảo Mai,0790919015,"93 Đường Phan Đăng Lưu, Quận Gò Vấp, TP. Hồ Chí Minh",Hồ Chí Minh,10380000,1020000,0,10380000,MOMO,PAID,DELIVERED,2025-10-01T13:55:27,2025-10-01T14:02:27,2025-10-02T06:55:27,2025-10-03T17:55:27,
ORD-260325-1000,CUST-0401,Ngô Ngọc Anh,0977967842,"506 Đường Phan Đăng Lưu, Quận 3, TP. Hồ Chí Minh",Hồ Chí Minh,3490000,410000,30000,3520000,COD,PAID,DELIVERED,2026-03-25T10:22:18,2026-03-25T10:48:18,2026-03-25T13:22:18,2026-03-27T14:22:18,
ORD-260210-1001,CUST-0199,Hoàng Anh Kiệt,0854186256,"274 Đường Nguyễn Trãi, Quận Hai Bà Trưng, TP. Hà Nội",Hà Nội,3290000,510000,30000,3320000,COD,PAID,DELIVERED,2026-02-10T13:20:11,2026-02-10T14:05:11,2026-02-11T02:20:11,2026-02-12T16:20:11,
ORD-250915-1002,CUST-0479,Nguyễn Vy Trúc,0795498227,"382 Đường Lê Hồng Phong, Quận Ngô Quyền, TP. Hải Phòng",Hải Phòng,3290000,510000,30000,3320000,COD,PAID,DELIVERED,2025-09-15T17:33:33,2025-09-15T18:14:33,2025-09-16T02:33:33,2025-09-16T17:33:33,
ORD-251110-1003,CUST-0322,Bùi Quốc Duy,0869830220,"310 Đường Nguyễn Trãi, Quận Nam Từ Liêm, TP. Hà Nội",Hà Nội,2480000,520000,30000,2510000,COD,PAID,DELIVERED,2025-11-10T22:58:25,2025-11-10T23:14:25,2025-11-11T14:58:25,2025-11-14T03:58:25,
ORD-250720-1004,CUST-0390,Phan Mai Hoa,0864818321,"328 Đường Tràng Tiền, Quận Ba Đình, TP. Hà Nội",Hà Nội,8490000,1010000,0,8490000,COD,PAID,DELIVERED,2025-07-20T13:16:24,2025-07-20T13:38:24,2025-07-20T18:16:24,2025-07-21T13:16:24,
ORD-251116-1005,CUST-0261,Hoàng Quang Khoa,0863009818,"423 Đường Tràng Tiền, Quận Hoàn Kiếm, TP. Hà Nội",Hà Nội,12990000,1510000,0,12990000,BANK_TRANSFER,PAID,DELIVERED,2025-11-16T11:50:44,2025-11-16T12:21:44,2025-11-17T02:50:44,2025-11-19T15:50:44,
ORD-250918-1006,CUST-0498,Trần Duy Phong,0795977790,"360 Đường Võ Văn Tần, Quận Gò Vấp, TP. Hồ Chí Minh",Hồ Chí Minh,11490000,1510000,0,11490000,VNPAY,PAID,DELIVERED,2025-09-18T15:10:12,2025-09-18T15:25:12,2025-09-18T21:10:12,2025-09-19T16:10:12,
ORD-250908-1007,CUST-0090,Nguyễn Mai Hương,0381530515,"488 Đường Kim Mã, Quận Cầu Giấy, TP. Hà Nội",Hà Nội,4680000,720000,30000,4710000,CREDIT_CARD,PAID,DELIVERED,2025-09-08T00:17:30,2025-09-08T00:59:30,2025-09-08T11:17:30,2025-09-09T00:17:30,
ORD-260421-1008,CUST-0138,Bùi Duy Kiệt,0857008860,"298 Đường Lê Hồng Phong, Quận Lê Chân, TP. Hải Phòng",Hải Phòng,7980000,920000,0,7980000,VNPAY,PAID,DELIVERED,2026-04-21T21:06:45,2026-04-21T21:31:45,2026-04-22T05:06:45,2026-04-24T00:06:45,
ORD-251108-1009,CUST-0304,Đặng Ngọc Phương,0796227837,"253 Đường Trần Hưng Đạo, Quận Hồng Bàng, TP. Hải Phòng",Hải Phòng,12990000,1510000,0,12990000,BANK_TRANSFER,REFUNDED,CANCELLED,2025-11-08T17:59:42,2025-11-08T18:19:42,,,2025-11-08T18:59:42
ORD-250916-1010,CUST-0066,Dương Hữu Sơn,0859005329,"243 Đường Điện Biên Phủ, Quận Bình Thạnh, TP. Hồ Chí Minh",Hồ Chí Minh,7280000,820000,0,7280000,COD,PAID,DELIVERED,2025-09-16T08:57:19,2025-09-16T09:23:19,2025-09-16T14:57:19,2025-09-19T08:57:19,
ORD-251030-1011,CUST-0210,Võ Thu Anh,0389108589,"498 Đường Lê Duẩn, Quận Sơn Trà, TP. Đà Nẵng",Đà Nẵng,16980000,2220000,0,16980000,BANK_TRANSFER,PAID,DELIVERED,2025-10-30T21:08:35,2025-10-30T21:52:35,2025-10-31T06:08:35,2025-11-01T00:08:35,
ORD-260501-1012,CUST-0329,Bùi Minh Duy,0790395512,"174 Đường Nguyễn Kiệm, Quận Tân Bình, TP. Hồ Chí Minh",Hồ Chí Minh,3490000,410000,30000,3520000,BANK_TRANSFER,PAID,DELIVERED,2026-05-01T18:46:57,2026-05-01T19:27:57,2026-05-01T20:46:57,2026-05-03T20:46:57,
ORD-250820-1013,CUST-0469,Đỗ Thu Chi,0388118071,"401 Đường Nguyễn Văn Cừ, Quận Bình Thủy, TP. Cần Thơ",Cần Thơ,3990000,510000,30000,4020000,COD,PAID,DELIVERED,2025-08-20T18:01:34,2025-08-20T18:32:34,2025-08-21T09:01:34,2025-08-23T23:01:34,
ORD-250914-1014,CUST-0184,Phan Thị Ngọc,0862067883,"129 Đường Mậu Thân, Quận Ninh Kiều, TP. Cần Thơ",Cần Thơ,1890000,310000,30000,1920000,BANK_TRANSFER,PAID,DELIVERED,2025-09-14T13:46:03,2025-09-14T14:08:03,2025-09-15T02:46:03,2025-09-16T13:46:03,
ORD-251104-1015,CUST-0074,Dương Thảo Phương,0912018366,"324 Đường Trần Hưng Đạo, Quận Thanh Khê, TP. Đà Nẵng",Đà Nẵng,2490000,310000,30000,2520000,COD,PAID,DELIVERED,2025-11-04T22:26:42,2025-11-04T22:53:42,2025-11-05T07:26:42,2025-11-07T22:26:42,
ORD-251127-1016,CUST-0246,Lê Thị Trinh,0836881435,"169 Đường Mậu Thân, Quận Bình Thủy, TP. Cần Thơ",Cần Thơ,3290000,510000,30000,3320000,VNPAY,PAID,DELIVERED,2025-11-27T10:39:54,2025-11-27T10:55:54,2025-11-27T22:39:54,2025-11-28T14:39:54,
ORD-260322-1017,CUST-0124,Ngô Ngọc Sơn,0939187851,"158 Đường Điện Biên Phủ, Quận 1, TP. Hồ Chí Minh",Hồ Chí Minh,5880000,820000,0,5880000,BANK_TRANSFER,PAID,DELIVERED,2026-03-22T15:49:02,2026-03-22T16:15:02,2026-03-23T00:49:02,2026-03-24T19:49:02,
ORD-251205-1018,CUST-0145,Trần Quỳnh Trúc,0778886101,"399 Đường Lê Hồng Phong, Quận Hồng Bàng, TP. Hải Phòng",Hải Phòng,3180000,520000,30000,3210000,COD,PAID,DELIVERED,2025-12-05T15:51:24,2025-12-05T16:09:24,2025-12-06T00:51:24,2025-12-08T16:51:24,
ORD-260508-1019,CUST-0184,Phan Thị Ngọc,0862067883,"129 Đường Mậu Thân, Quận Ninh Kiều, TP. Cần Thơ",Cần Thơ,5490000,710000,0,5490000,MOMO,PAID,DELIVERED,2026-05-08T16:51:08,2026-05-08T17:04:08,2026-05-09T07:51:08,2026-05-10T17:51:08,
ORD-260331-1020,CUST-0227,Lê Quang Long,0900287721,"289 Đường Trần Hưng Đạo, Quận Thanh Khê, TP. Đà Nẵng",Đà Nẵng,12480000,1520000,0,12480000,BANK_TRANSFER,PAID,DELIVERED,2026-03-31T12:10:38,2026-03-31T12:49:38,2026-03-31T19:10:38,2026-04-01T14:10:38,
ORD-250814-1021,CUST-0196,Lê Trúc Hoa,0860541152,"499 Đường Quang Trung, Quận 3, TP. Hồ Chí Minh",Hồ Chí Minh,4490000,510000,30000,4520000,CREDIT_CARD,PAID,DELIVERED,2025-08-14T21:53:00,2025-08-14T22:05:00,2025-08-15T06:53:00,2025-08-17T22:53:00,
ORD-251218-1022,CUST-0273,Võ Thị Trang,0853691559,"247 Đường Kim Mã, Quận Ba Đình, TP. Hà Nội",Hà Nội,6990000,810000,0,6990000,BANK_TRANSFER,PAID,DELIVERED,2025-12-18T10:26:06,2025-12-18T10:44:06,2025-12-18T23:26:06,2025-12-21T11:26:06,
ORD-250814-1023,CUST-0044,Bùi Duy Phong,0796774964,"217 Đường Lạch Tray, Quận Hồng Bàng, TP. Hải Phòng",Hải Phòng,2290000,310000,30000,2320000,COD,PAID,DELIVERED,2025-08-14T08:01:11,2025-08-14T08:17:11,2025-08-14T20:01:11,2025-08-16T13:01:11,
ORD-251010-1024,CUST-0359,Phan Minh Tuấn,0774328063,"503 Đường Nguyễn Văn Cừ, Quận Ninh Kiều, TP. Cần Thơ",Cần Thơ,5880000,720000,0,5880000,VNPAY,CANCELLED,CANCELLED,2025-10-10T19:22:38,2025-10-10T19:27:38,,,2025-10-11T05:22:38
ORD-251225-1025,CUST-0407,Dương Mai Linh,0908507698,"27 Đường Võ Nguyên Giáp, Quận Hải Châu, TP. Đà Nẵng",Đà Nẵng,9980000,1720000,0,9980000,BANK_TRANSFER,PAID,DELIVERED,2025-12-25T23:08:47,2025-12-25T23:47:47,2025-12-26T03:08:47,2025-12-28T01:08:47,
ORD-251221-1026,CUST-0228,Đặng Hoàng Phong,0917797177,"110 Đường Nguyễn Thị Minh Khai, Quận Phú Nhuận, TP. Hồ Chí Minh",Hồ Chí Minh,3390000,410000,30000,3420000,BANK_TRANSFER,REFUNDED,CANCELLED,2025-12-21T17:58:06,2025-12-21T18:30:06,,,2025-12-22T04:58:06
ORD-251225-1027,CUST-0030,Ngô Anh Phong,0867143455,"241 Đường 3 Tháng 2, Quận 10, TP. Hồ Chí Minh",Hồ Chí Minh,8490000,1010000,0,8490000,COD,PAID,DELIVERED,2025-12-25T15:57:48,2025-12-25T16:07:48,2025-12-26T03:57:48,2025-12-27T19:57:48,
ORD-250804-1028,CUST-0409,Dương Quốc Việt,0860496391,"73 Đường Lê Hồng Phong, Quận Ngô Quyền, TP. Hải Phòng",Hải Phòng,4680000,720000,30000,4710000,MOMO,PAID,DELIVERED,2025-08-04T09:04:43,2025-08-04T09:10:43,2025-08-04T23:04:43,2025-08-07T12:04:43,
ORD-250824-1029,CUST-0078,Dương Diệu Trinh,0386416052,"95 Đường Nguyễn Văn Cừ, Quận Bình Thủy, TP. Cần Thơ",Cần Thơ,4990000,510000,30000,5020000,COD,PAID,DELIVERED,2025-08-24T21:24:52,2025-08-24T21:43:52,2025-08-25T14:24:52,2025-08-25T21:24:52,
ORD-260111-1030,CUST-0311,Lý Quỳnh Lan,0388936392,"139 Đường Võ Nguyên Giáp, Quận Sơn Trà, TP. Đà Nẵng",Đà Nẵng,3490000,410000,30000,3520000,BANK_TRANSFER,PAID,DELIVERED,2026-01-11T07:47:15,2026-01-11T08:01:15,2026-01-11T16:47:15,2026-01-14T12:47:15,
ORD-251108-1031,CUST-0133,Dương Thu Giang,0904699013,"218 Đường Tô Hiệu, Quận Hồng Bàng, TP. Hải Phòng",Hải Phòng,3990000,510000,30000,4020000,VNPAY,REFUNDED,CANCELLED,2025-11-08T18:32:54,2025-11-08T18:53:54,,,2025-11-08T22:32:54
ORD-251226-1032,CUST-0252,Dương Duy Hải,0792722992,"242 Đường Võ Văn Tần, Quận Bình Thạnh, TP. Hồ Chí Minh",Hồ Chí Minh,4980000,720000,30000,5010000,COD,PAID,DELIVERED,2025-12-26T21:21:57,2025-12-26T21:43:57,2025-12-26T23:21:57,2025-12-28T23:21:57,
ORD-251104-1033,CUST-0221,Hoàng Ngọc Chi,0939348356,"217 Đường Trần Duy Hưng, Quận Cầu Giấy, TP. Hà Nội",Hà Nội,4490000,710000,30000,4520000,COD,PAID,DELIVERED,2025-11-04T21:55:56,2025-11-04T22:22:56,2025-11-05T06:55:56,2025-11-06T00:55:56,
ORD-251201-1034,CUST-0345,Lê Thị Trinh,0773846895,"120 Đường Quang Trung, Quận Phú Nhuận, TP. Hồ Chí Minh",Hồ Chí Minh,990000,210000,30000,1020000,COD,PAID,DELIVERED,2025-12-01T19:39:30,2025-12-01T20:11:30,2025-12-02T02:39:30,2025-12-02T21:39:30,
ORD-250622-1035,CUST-0148,Ngô Anh Trung,0389245937,"303 Đường Tràng Tiền, Quận Hai Bà Trưng, TP. Hà Nội",Hà Nội,12990000,1510000,0,12990000,BANK_TRANSFER,PAID,DELIVERED,2025-06-22T09:19:26,2025-06-22T10:00:26,2025-06-23T00:19:26,2025-06-24T12:19:26,
ORD-260424-1036,CUST-0440,Dương Linh Vy,0853683147,"124 Đường Đại lộ Hòa Bình, Quận Cái Răng, TP. Cần Thơ",Cần Thơ,5490000,510000,0,5490000,COD,PAID,DELIVERED,2026-04-24T18:55:26,2026-04-24T19:14:26,2026-04-25T06:55:26,2026-04-27T18:55:26,
ORD-260301-1037,CUST-0399,Hoàng Hoàng Sơn,0917520716,"127 Đường Lạch Tray, Quận Lê Chân, TP. Hải Phòng",Hải Phòng,15480000,2020000,0,15480000,VNPAY,PAID,DELIVERED,2026-03-01T21:55:08,2026-03-01T22:23:08,2026-03-01T23:55:08,2026-03-02T22:55:08,
ORD-250627-1038,CUST-0282,Đỗ Duy Khoa,0798457831,"271 Đường Võ Nguyên Giáp, Quận Sơn Trà, TP. Đà Nẵng",Đà Nẵng,990000,210000,30000,1020000,BANK_TRANSFER,PAID,DELIVERED,2025-06-27T21:31:46,2025-06-27T21:39:46,2025-06-28T13:31:46,2025-06-28T22:31:46,
ORD-260412-1039,CUST-0272,Hoàng Trúc Trinh,0980867808,"473 Đường Mậu Thân, Quận Bình Thủy, TP. Cần Thơ",Cần Thơ,3490000,410000,30000,3520000,BANK_TRANSFER,PAID,DELIVERED,2026-04-12T15:43:53,2026-04-12T15:57:53,2026-04-12T18:43:53,2026-04-15T20:43:53,
ORD-251129-1040,CUST-0033,Bùi Hoàng Tùng,0830162720,"470 Đường Mậu Thân, Quận Cái Răng, TP. Cần Thơ",Cần Thơ,2490000,410000,30000,2520000,COD,PAID,DELIVERED,2025-11-29T19:28:00,2025-11-29T20:06:00,2025-11-30T10:28:00,2025-11-30T19:28:00,
ORD-260403-1041,CUST-0453,Bùi Trúc Ngọc,0388105485,"310 Đường Võ Văn Tần, Quận 3, TP. Hồ Chí Minh",Hồ Chí Minh,990000,210000,30000,1020000,MOMO,PAID,DELIVERED,2026-04-03T22:03:57,2026-04-03T22:16:57,2026-04-04T12:03:57,2026-04-06T02:03:57,
ORD-251206-1042,CUST-0217,Phạm Thị Hương,0935421689,"310 Đường Nguyễn Trãi, Quận Cầu Giấy, TP. Hà Nội",Hà Nội,4490000,710000,30000,4520000,BANK_TRANSFER,PAID,DELIVERED,2025-12-06T20:10:44,2025-12-06T20:28:44,2025-12-07T10:10:44,2025-12-07T22:10:44,
ORD-250817-1043,CUST-0311,Lý Quỳnh Lan,0388936392,"139 Đường Võ Nguyên Giáp, Quận Sơn Trà, TP. Đà Nẵng",Đà Nẵng,11490000,1510000,0,11490000,COD,PAID,DELIVERED,2025-08-17T16:23:58,2025-08-17T17:07:58,2025-08-18T05:23:58,2025-08-18T20:23:58,
ORD-260619-1044,CUST-0026,Vũ Văn Việt,0863699577,"178 Đường Trần Duy Hưng, Quận Ba Đình, TP. Hà Nội",Hà Nội,5480000,720000,0,5480000,MOMO,PAID,DELIVERED,2026-06-19T21:18:25,2026-06-19T21:26:25,2026-06-20T00:18:25,2026-06-21T01:18:25,
ORD-260209-1045,CUST-0147,Vũ Trúc Lan,0974379937,"410 Đường Nguyễn Trãi, Quận Đống Đa, TP. Hà Nội",Hà Nội,17480000,2520000,0,17480000,BANK_TRANSFER,PAID,DELIVERED,2026-02-09T08:03:17,2026-02-09T08:12:17,2026-02-09T16:03:17,2026-02-11T09:03:17,
ORD-260112-1046,CUST-0245,Vũ Thảo Trang,0772832684,"16 Đường Tràng Tiền, Quận Đống Đa, TP. Hà Nội",Hà Nội,15480000,1920000,0,15480000,BANK_TRANSFER,PAID,DELIVERED,2026-01-12T13:03:12,2026-01-12T13:28:12,2026-01-13T03:03:12,2026-01-14T16:03:12,
ORD-250812-1047,CUST-0047,Võ Hồng Ngọc,0384887719,"261 Đường Nguyễn Văn Cừ, Quận Bình Thủy, TP. Cần Thơ",Cần Thơ,9490000,1510000,0,9490000,BANK_TRANSFER,PAID,DELIVERED,2025-08-12T21:50:58,2025-08-12T22:08:58,2025-08-13T14:50:58,2025-08-15T21:50:58,
ORD-251114-1048,CUST-0188,Võ Anh Hoàng,0838564205,"64 Đường Kim Mã, Quận Cầu Giấy, TP. Hà Nội",Hà Nội,6180000,820000,0,6180000,COD,PAID,DELIVERED,2025-11-14T15:27:07,2025-11-14T15:54:07,2025-11-15T09:27:07,2025-11-15T20:27:07,
ORD-260106-1049,CUST-0369,Phạm Hồng Trúc,0936317970,"187 Đường Trần Duy Hưng, Quận Thanh Xuân, TP. Hà Nội",Hà Nội,4490000,510000,30000,4520000,COD,PAID,DELIVERED,2026-01-06T12:34:13,2026-01-06T13:01:13,2026-01-07T03:34:13,2026-01-08T15:34:13,
ORD-260213-1050,CUST-0190,Ngô Minh Tùng,0905992937,"43 Đường Võ Nguyên Giáp, Quận Thanh Khê, TP. Đà Nẵng",Đà Nẵng,1290000,210000,30000,1320000,COD,PAID,DELIVERED,2026-02-13T11:15:37,2026-02-13T11:29:37,2026-02-13T16:15:37,2026-02-15T16:15:37,
ORD-251114-1051,CUST-0023,Vũ Ngọc Thảo,0978685014,"116 Đường Lạch Tray, Quận Ngô Quyền, TP. Hải Phòng",Hải Phòng,39980000,4520000,0,39980000,BANK_TRANSFER,PAID,DELIVERED,2025-11-14T15:55:13,2025-11-14T16:13:13,2025-11-14T22:55:13,2025-11-16T16:55:13,
ORD-250723-1052,CUST-0416,Lê Khánh Yến,0384907851,"257 Đường Tô Hiệu, Quận Ngô Quyền, TP. Hải Phòng",Hải Phòng,13490000,1510000,0,13490000,COD,PAID,DELIVERED,2025-07-23T12:40:23,2025-07-23T13:18:23,2025-07-24T01:40:23,2025-07-25T15:40:23,
ORD-250914-1053,CUST-0003,Trần Ngọc Long,0979310341,"469 Đường Phan Đăng Lưu, Thành phố Thủ Đức, TP. Hồ Chí Minh",Hồ Chí Minh,2190000,310000,30000,2220000,BANK_TRANSFER,PAID,DELIVERED,2025-09-14T10:58:00,2025-09-14T11:03:00,2025-09-15T02:58:00,2025-09-15T14:58:00,
ORD-260421-1054,CUST-0487,Hồ Hồng Chi,0777496903,"410 Đường Bà Triệu, Quận Hai Bà Trưng, TP. Hà Nội",Hà Nội,3180000,520000,30000,3210000,COD,PAID,DELIVERED,2026-04-21T19:18:08,2026-04-21T19:23:08,2026-04-21T22:18:08,2026-04-22T22:18:08,
ORD-260128-1055,CUST-0367,Ngô Linh Chi,0982005436,"111 Đường Lê Duẩn, Quận Ngũ Hành Sơn, TP. Đà Nẵng",Đà Nẵng,17980000,2020000,0,17980000,BANK_TRANSFER,PAID,DELIVERED,2026-01-28T12:18:31,2026-01-28T12:51:31,2026-01-29T05:18:31,2026-01-29T16:18:31,
ORD-251209-1056,CUST-0056,Vũ Ngọc Kiệt,0790913431,"175 Đường Võ Văn Tần, Quận 3, TP. Hồ Chí Minh",Hồ Chí Minh,5490000,510000,0,5490000,BANK_TRANSFER,PAID,DELIVERED,2025-12-09T17:22:49,2025-12-09T17:51:49,2025-12-10T11:22:49,2025-12-10T18:22:49,
ORD-251214-1057,CUST-0009,Lý Hữu Tuấn,0771822782,"221 Đường Tô Hiệu, Quận Lê Chân, TP. Hải Phòng",Hải Phòng,8990000,1510000,0,8990000,COD,PAID,DELIVERED,2025-12-14T22:53:18,2025-12-14T23:27:18,2025-12-15T06:53:18,2025-12-17T23:53:18,
ORD-250624-1058,CUST-0297,Đặng Hồng Hương,0796338392,"442 Đường Võ Văn Tần, Quận Tân Bình, TP. Hồ Chí Minh",Hồ Chí Minh,5490000,510000,0,5490000,COD,PAID,DELIVERED,2025-06-24T02:44:18,2025-06-24T03:20:18,2025-06-24T07:44:18,2025-06-25T04:44:18,
ORD-260515-1059,CUST-0023,Vũ Ngọc Thảo,0978685014,"116 Đường Lạch Tray, Quận Ngô Quyền, TP. Hải Phòng",Hải Phòng,6980000,1020000,0,6980000,COD,PAID,DELIVERED,2026-05-15T20:09:26,2026-05-15T20:50:26,2026-05-16T04:09:26,2026-05-18T22:09:26,
ORD-260307-1060,CUST-0471,Hoàng Hồng Anh,0930361498,"184 Đường Bà Triệu, Quận Ba Đình, TP. Hà Nội",Hà Nội,20480000,2720000,0,20480000,COD,PAID,DELIVERED,2026-03-07T12:32:45,2026-03-07T13:13:45,2026-03-08T02:32:45,2026-03-09T16:32:45,
ORD-251120-1061,CUST-0474,Nguyễn Mai Lan,0830361332,"33 Đường Lê Duẩn, Quận Hải Châu, TP. Đà Nẵng",Đà Nẵng,8490000,1010000,0,8490000,COD,PAID,DELIVERED,2025-11-20T13:18:43,2025-11-20T13:54:43,2025-11-20T19:18:43,2025-11-23T16:18:43,
ORD-250927-1062,CUST-0399,Hoàng Hoàng Sơn,0917520716,"127 Đường Lạch Tray, Quận Lê Chân, TP. Hải Phòng",Hải Phòng,1290000,210000,30000,1320000,BANK_TRANSFER,CANCELLED,CANCELLED,2025-09-27T14:21:16,2025-09-27T14:26:16,,,2025-09-27T16:21:16
ORD-250714-1063,CUST-0416,Lê Khánh Yến,0384907851,"257 Đường Tô Hiệu, Quận Ngô Quyền, TP. Hải Phòng",Hải Phòng,15990000,2010000,0,15990000,BANK_TRANSFER,PAID,DELIVERED,2025-07-14T12:47:24,2025-07-14T13:13:24,2025-07-14T22:47:24,2025-07-15T13:47:24,
ORD-250721-1064,CUST-0206,Phạm Diệu Chi,0795082148,"182 Đường Nguyễn Trãi, Quận Nam Từ Liêm, TP. Hà Nội",Hà Nội,3490000,410000,30000,3520000,VNPAY,PAID,DELIVERED,2025-07-21T08:41:44,2025-07-21T08:59:44,2025-07-21T22:41:44,2025-07-24T13:41:44,
ORD-260613-1065,CUST-0416,Lê Khánh Yến,0384907851,"257 Đường Tô Hiệu, Quận Ngô Quyền, TP. Hải Phòng",Hải Phòng,9490000,1510000,0,9490000,COD,PAID,DELIVERED,2026-06-13T08:46:02,2026-06-13T09:19:02,2026-06-14T02:46:02,2026-06-14T13:46:02,
ORD-260221-1066,CUST-0438,Bùi Minh Hải,0932194168,"18 Đường Lê Lợi, Thành phố Thủ Đức, TP. Hồ Chí Minh",Hồ Chí Minh,52990000,5010000,0,52990000,COD,PAID,DELIVERED,2026-02-21T22:04:21,2026-02-21T22:23:21,2026-02-22T01:04:21,2026-02-24T03:04:21,
ORD-251114-1067,CUST-0214,Võ Thảo Trinh,0839173816,"159 Đường Lê Duẩn, Quận Ngũ Hành Sơn, TP. Đà Nẵng",Đà Nẵng,8490000,1010000,0,8490000,VNPAY,PAID,DELIVERED,2025-11-14T19:25:10,2025-11-14T19:38:10,2025-11-15T01:25:10,2025-11-18T00:25:10,
ORD-250831-1068,CUST-0179,Hồ Anh Hoàng,0837383206,"14 Đường Tràng Tiền, Quận Ba Đình, TP. Hà Nội",Hà Nội,4490000,510000,30000,4520000,COD,PAID,DELIVERED,2025-08-31T15:44:16,2025-08-31T15:54:16,2025-08-31T18:44:16,2025-09-02T20:44:16,
ORD-260214-1069,CUST-0346,Lê Quang Huy,0778189137,"356 Đường Nguyễn Thị Minh Khai, Quận Gò Vấp, TP. Hồ Chí Minh",Hồ Chí Minh,9880000,1420000,0,9880000,CREDIT_CARD,PAID,DELIVERED,2026-02-14T17:31:59,2026-02-14T17:42:59,2026-02-14T22:31:59,2026-02-17T19:31:59,
ORD-251219-1070,CUST-0209,Hoàng Quang Hùng,0850722903,"362 Đường Võ Nguyên Giáp, Quận Ngũ Hành Sơn, TP. Đà Nẵng",Đà Nẵng,2190000,310000,30000,2220000,COD,PAID,DELIVERED,2025-12-19T19:06:25,2025-12-19T19:42:25,2025-12-20T12:06:25,2025-12-21T20:06:25,
ORD-260219-1071,CUST-0415,Đỗ Lâm Khánh,0867139155,"438 Đường Mậu Thân, Quận Bình Thủy, TP. Cần Thơ",Cần Thơ,990000,210000,30000,1020000,VNPAY,PAID,DELIVERED,2026-02-19T16:42:42,2026-02-19T17:27:42,2026-02-19T23:42:42,2026-02-21T19:42:42,
ORD-251114-1072,CUST-0095,Trần Anh Dũng,0863030548,"42 Đường Lê Hồng Phong, Quận Ngô Quyền, TP. Hải Phòng",Hải Phòng,26990000,3010000,0,26990000,COD,PAID,DELIVERED,2025-11-14T14:53:44,2025-11-14T15:23:44,2025-11-15T02:53:44,2025-11-15T15:53:44,
ORD-250812-1073,CUST-0347,Võ Linh Trinh,0976544209,"489 Đường Lê Duẩn, Quận Sơn Trà, TP. Đà Nẵng",Đà Nẵng,4290000,710000,30000,4320000,COD,PAID,DELIVERED,2025-08-12T12:37:15,2025-08-12T13:21:15,2025-08-13T05:37:15,2025-08-14T15:37:15,
ORD-251207-1074,CUST-0499,Vũ Lâm Hải,0383296762,"49 Đường Tô Hiệu, Quận Hồng Bàng, TP. Hải Phòng",Hải Phòng,4290000,710000,30000,4320000,COD,PAID,DELIVERED,2025-12-07T16:12:58,2025-12-07T16:21:58,2025-12-08T03:12:58,2025-12-08T19:12:58,
ORD-251221-1075,CUST-0169,Trần Văn Long,0852753269,"107 Đường Đại lộ Hòa Bình, Quận Ninh Kiều, TP. Cần Thơ",Cần Thơ,990000,210000,30000,1020000,CREDIT_CARD,PAID,DELIVERED,2025-12-21T13:05:34,2025-12-21T13:43:34,2025-12-22T04:05:34,2025-12-22T13:05:34,
ORD-260528-1076,CUST-0397,Dương Minh Tùng,0987125663,"326 Đường Xuân Thủy, Quận Hai Bà Trưng, TP. Hà Nội",Hà Nội,52990000,5010000,0,52990000,BANK_TRANSFER,PAID,DELIVERED,2026-05-28T17:16:17,2026-05-28T17:52:17,2026-05-29T06:16:17,2026-05-31T20:16:17,
ORD-250726-1077,CUST-0120,Bùi Mai Ngọc,0778872874,"268 Đường Trần Duy Hưng, Quận Hoàn Kiếm, TP. Hà Nội",Hà Nội,5980000,820000,0,5980000,COD,PAID,DELIVERED,2025-07-26T09:12:01,2025-07-26T09:49:01,2025-07-26T23:12:01,2025-07-29T09:12:01,
ORD-251225-1078,CUST-0206,Phạm Diệu Chi,0795082148,"182 Đường Nguyễn Trãi, Quận Nam Từ Liêm, TP. Hà Nội",Hà Nội,25980000,3520000,0,25980000,BANK_TRANSFER,PAID,DELIVERED,2025-12-25T10:14:54,2025-12-25T10:20:54,2025-12-26T00:14:54,2025-12-26T10:14:54,
ORD-260409-1079,CUST-0482,Võ Minh Anh,0936205015,"302 Đường Trần Hưng Đạo, Quận Hồng Bàng, TP. Hải Phòng",Hải Phòng,7480000,920000,0,7480000,BANK_TRANSFER,REFUNDED,CANCELLED,2026-04-09T20:28:23,2026-04-09T20:38:23,,,2026-04-10T17:28:23
ORD-260129-1080,CUST-0391,Hoàng Thành Hoàng,0918952028,"353 Đường Võ Nguyên Giáp, Quận Ngũ Hành Sơn, TP. Đà Nẵng",Đà Nẵng,4490000,710000,30000,4520000,BANK_TRANSFER,PAID,DELIVERED,2026-01-29T22:38:23,2026-01-29T23:17:23,2026-01-30T15:38:23,2026-01-31T00:38:23,
ORD-251211-1081,CUST-0482,Võ Minh Anh,0936205015,"302 Đường Trần Hưng Đạo, Quận Hồng Bàng, TP. Hải Phòng",Hải Phòng,12990000,1510000,0,12990000,BANK_TRANSFER,REFUNDED,CANCELLED,2025-12-11T12:04:17,2025-12-11T12:41:17,,,2025-12-11T19:04:17
ORD-260202-1082,CUST-0342,Vũ Đình Dũng,0978008514,"330 Đường Tố Hữu, Quận Hai Bà Trưng, TP. Hà Nội",Hà Nội,4490000,510000,30000,4520000,MOMO,PAID,DELIVERED,2026-02-02T20:35:47,2026-02-02T21:20:47,2026-02-03T03:35:47,2026-02-04T23:35:47,
ORD-260117-1083,CUST-0425,Bùi Anh Tuấn,0907256366,"102 Đường Lạch Tray, Quận Ngô Quyền, TP. Hải Phòng",Hải Phòng,2190000,310000,30000,2220000,BANK_TRANSFER,PAID,DELIVERED,2026-01-17T11:01:55,2026-01-17T11:38:55,2026-01-17T22:01:55,2026-01-18T12:01:55,
ORD-250811-1084,CUST-0395,Nguyễn Thảo Trang,0911939325,"361 Đường Phan Đăng Lưu, Quận 10, TP. Hồ Chí Minh",Hồ Chí Minh,12780000,2020000,0,12780000,VNPAY,PAID,DELIVERED,2025-08-11T17:41:16,2025-08-11T17:48:16,2025-08-12T06:41:16,2025-08-12T22:41:16,
ORD-250920-1085,CUST-0370,Võ Ngọc Hoàng,0863520904,"433 Đường Võ Văn Tần, Quận Phú Nhuận, TP. Hồ Chí Minh",Hồ Chí Minh,28880000,3320000,0,28880000,MOMO,PAID,DELIVERED,2025-09-20T15:46:52,2025-09-20T16:29:52,2025-09-20T23:46:52,2025-09-23T15:46:52,
ORD-250821-1086,CUST-0465,Vũ Văn Huy,0799138249,"387 Đường Trần Hưng Đạo, Quận Hồng Bàng, TP. Hải Phòng",Hải Phòng,12990000,1510000,0,12990000,MOMO,PAID,DELIVERED,2025-08-21T17:59:22,2025-08-21T18:08:22,2025-08-22T08:59:22,2025-08-22T19:59:22,
ORD-251220-1087,CUST-0057,Nguyễn Thị Ngọc,0975623869,"85 Đường Chùa Bộc, Quận Thanh Xuân, TP. Hà Nội",Hà Nội,10780000,1320000,0,10780000,MOMO,PAID,DELIVERED,2025-12-20T09:44:40,2025-12-20T09:55:40,2025-12-20T20:44:40,2025-12-21T11:44:40,
ORD-260204-1088,CUST-0306,Bùi Thị Hương,0935211039,"118 Đường Trần Hưng Đạo, Quận Hải Châu, TP. Đà Nẵng",Đà Nẵng,6490000,1010000,0,6490000,VNPAY,PAID,DELIVERED,2026-02-04T18:43:14,2026-02-04T19:00:14,2026-02-04T22:43:14,2026-02-07T23:43:14,
ORD-260217-1089,CUST-0073,Trần Duy Phong,0388998094,"352 Đường Kim Mã, Quận Đống Đa, TP. Hà Nội",Hà Nội,57480000,5520000,0,57480000,VNPAY,PAID,DELIVERED,2026-02-17T16:17:55,2026-02-17T16:31:55,2026-02-18T07:17:55,2026-02-20T19:17:55,
ORD-251215-1090,CUST-0269,Vũ Quốc Phong,0976588043,"82 Đường Quang Trung, Thành phố Thủ Đức, TP. Hồ Chí Minh",Hồ Chí Minh,4990000,510000,30000,5020000,COD,PAID,DELIVERED,2025-12-15T16:35:45,2025-12-15T17:20:45,2025-12-16T07:35:45,2025-12-16T20:35:45,
ORD-260221-1091,CUST-0300,Dương Trúc Thảo,0798899210,"276 Đường Nguyễn Văn Linh, Quận Thanh Khê, TP. Đà Nẵng",Đà Nẵng,4490000,510000,30000,4520000,BANK_TRANSFER,PAID,DELIVERED,2026-02-21T08:42:57,2026-02-21T09:16:57,2026-02-21T11:42:57,2026-02-23T09:42:57,
ORD-260309-1092,CUST-0433,Trần Quỳnh Hương,0381032664,"447 Đường Võ Văn Tần, Quận Gò Vấp, TP. Hồ Chí Minh",Hồ Chí Minh,17480000,2320000,0,17480000,BANK_TRANSFER,PAID,DELIVERED,2026-03-09T11:06:53,2026-03-09T11:38:53,2026-03-09T18:06:53,2026-03-11T13:06:53,
ORD-260208-1093,CUST-0264,Ngô Quỳnh Chi,0836114351,"63 Đường Nguyễn Văn Cừ, Quận Cái Răng, TP. Cần Thơ",Cần Thơ,12990000,1510000,0,12990000,MOMO,PAID,DELIVERED,2026-02-08T15:50:41,2026-02-08T16:22:41,2026-02-09T00:50:41,2026-02-09T19:50:41,
ORD-250817-1094,CUST-0011,Phạm Thị Hà,0918347382,"253 Đường Tô Hiệu, Quận Lê Chân, TP. Hải Phòng",Hải Phòng,2290000,310000,30000,2320000,COD,PAID,DELIVERED,2025-08-17T08:47:31,2025-08-17T09:31:31,2025-08-17T14:47:31,2025-08-18T13:47:31,
ORD-260223-1095,CUST-0226,Nguyễn Thảo Hà,0908993588,"259 Đường Tô Hiệu, Quận Hồng Bàng, TP. Hải Phòng",Hải Phòng,23980000,2220000,0,23980000,BANK_TRANSFER,PAID,DELIVERED,2026-02-23T09:11:48,2026-02-23T09:18:48,2026-02-23T20:11:48,2026-02-26T11:11:48,
ORD-260406-1096,CUST-0030,Ngô Anh Phong,0867143455,"241 Đường 3 Tháng 2, Quận 10, TP. Hồ Chí Minh",Hồ Chí Minh,12990000,1510000,0,12990000,BANK_TRANSFER,PAID,DELIVERED,2026-04-06T20:25:19,2026-04-06T20:36:19,2026-04-07T05:25:19,2026-04-08T21:25:19,
ORD-251208-1097,CUST-0227,Lê Quang Long,0900287721,"289 Đường Trần Hưng Đạo, Quận Thanh Khê, TP. Đà Nẵng",Đà Nẵng,2490000,310000,30000,2520000,COD,PAID,DELIVERED,2025-12-08T17:04:07,2025-12-08T17:25:07,2025-12-09T01:04:07,2025-12-09T21:04:07,
ORD-260117-1098,CUST-0332,Dương Quang Minh,0930768104,"483 Đường Lê Hồng Phong, Quận Hồng Bàng, TP. Hải Phòng",Hải Phòng,5490000,710000,0,5490000,VNPAY,PAID,DELIVERED,2026-01-17T21:23:14,2026-01-17T22:05:14,2026-01-18T14:23:14,2026-01-19T21:23:14,
ORD-250814-1099,CUST-0165,Phạm Quốc Kiệt,0865458929,"106 Đường Lê Duẩn, Quận Hải Châu, TP. Đà Nẵng",Đà Nẵng,19880000,2420000,0,19880000,BANK_TRANSFER,PAID,DELIVERED,2025-08-14T21:21:51,2025-08-14T21:53:51,2025-08-15T03:21:51,2025-08-18T01:21:51,
ORD-250807-1100,CUST-0118,Phạm Văn Nam,0385712082,"299 Đường Mậu Thân, Quận Cái Răng, TP. Cần Thơ",Cần Thơ,3490000,410000,30000,3520000,BANK_TRANSFER,PAID,DELIVERED,2025-08-07T09:35:15,2025-08-07T10:07:15,2025-08-08T02:35:15,2025-08-08T09:35:15,
ORD-260121-1101,CUST-0264,Ngô Quỳnh Chi,0836114351,"63 Đường Nguyễn Văn Cừ, Quận Cái Răng, TP. Cần Thơ",Cần Thơ,26990000,3010000,0,26990000,COD,PAID,DELIVERED,2026-01-21T17:39:53,2026-01-21T17:47:53,2026-01-21T19:39:53,2026-01-22T17:39:53,
ORD-250926-1102,CUST-0381,Lê Thị Hà,0832745238,"156 Đường Quang Trung, Quận Tân Bình, TP. Hồ Chí Minh",Hồ Chí Minh,3290000,510000,30000,3320000,MOMO,PAID,DELIVERED,2025-09-26T15:39:02,2025-09-26T15:54:02,2025-09-27T03:39:02,2025-09-29T18:39:02,
ORD-260218-1103,CUST-0025,Bùi Ngọc Ngọc,0794656482,"183 Đường Trần Văn Khéo, Quận Bình Thủy, TP. Cần Thơ",Cần Thơ,1890000,310000,30000,1920000,BANK_TRANSFER,PAID,DELIVERED,2026-02-18T07:00:38,2026-02-18T07:27:38,2026-02-18T18:00:38,2026-02-21T07:00:38,
ORD-251114-1104,CUST-0123,Hoàng Thảo Nhi,0861459332,"430 Đường Tràng Tiền, Quận Hai Bà Trưng, TP. Hà Nội",Hà Nội,14480000,1820000,0,14480000,COD,PAID,DELIVERED,2025-11-14T09:04:56,2025-11-14T09:12:56,2025-11-14T21:04:56,2025-11-15T10:04:56,
ORD-260330-1105,CUST-0159,Võ Diệu Hạnh,0797676772,"304 Đường Trần Hưng Đạo, Quận Hồng Bàng, TP. Hải Phòng",Hải Phòng,3490000,410000,30000,3520000,VNPAY,PAID,DELIVERED,2026-03-30T09:34:42,2026-03-30T09:51:42,2026-03-30T13:34:42,2026-04-02T12:34:42,
ORD-251119-1106,CUST-0114,Lê Quốc Dũng,0831307562,"68 Đường Trần Duy Hưng, Quận Hai Bà Trưng, TP. Hà Nội",Hà Nội,990000,210000,30000,1020000,BANK_TRANSFER,PAID,DELIVERED,2025-11-19T11:36:43,2025-11-19T11:56:43,2025-11-20T01:36:43,2025-11-22T11:36:43,
ORD-250623-1107,CUST-0304,Đặng Ngọc Phương,0796227837,"253 Đường Trần Hưng Đạo, Quận Hồng Bàng, TP. Hải Phòng",Hải Phòng,12980000,1520000,0,12980000,COD,PAID,DELIVERED,2025-06-23T15:30:11,2025-06-23T15:41:11,2025-06-23T18:30:11,2025-06-25T15:30:11,
ORD-250813-1108,CUST-0187,Đỗ Diệu Hạnh,0770146263,"396 Đường Lạch Tray, Quận Hồng Bàng, TP. Hải Phòng",Hải Phòng,11490000,1510000,0,11490000,BANK_TRANSFER,PAID,DELIVERED,2025-08-13T10:29:00,2025-08-13T10:39:00,2025-08-13T20:29:00,2025-08-16T12:29:00,
ORD-250813-1109,CUST-0216,Bùi Anh Tuấn,0989666676,"19 Đường Quang Trung, Quận Bình Thạnh, TP. Hồ Chí Minh",Hồ Chí Minh,9490000,1510000,0,9490000,BANK_TRANSFER,PAID,DELIVERED,2025-08-13T17:22:21,2025-08-13T17:32:21,2025-08-14T02:22:21,2025-08-15T20:22:21,
ORD-251119-1110,CUST-0353,Phan Ngọc Hùng,0910618175,"39 Đường Nguyễn Văn Linh, Quận Sơn Trà, TP. Đà Nẵng",Đà Nẵng,3990000,510000,30000,4020000,VNPAY,PAID,DELIVERED,2025-11-19T21:15:37,2025-11-19T21:44:37,2025-11-20T13:15:37,2025-11-22T22:15:37,
ORD-251009-1111,CUST-0187,Đỗ Diệu Hạnh,0770146263,"396 Đường Lạch Tray, Quận Hồng Bàng, TP. Hải Phòng",Hải Phòng,4990000,510000,30000,5020000,COD,PAID,DELIVERED,2025-10-09T09:34:54,2025-10-09T09:47:54,2025-10-09T17:34:54,2025-10-12T14:34:54,
ORD-251207-1112,CUST-0342,Vũ Đình Dũng,0978008514,"330 Đường Tố Hữu, Quận Hai Bà Trưng, TP. Hà Nội",Hà Nội,4490000,710000,30000,4520000,BANK_TRANSFER,PAID,DELIVERED,2025-12-07T12:50:25,2025-12-07T12:55:25,2025-12-07T23:50:25,2025-12-10T12:50:25,
ORD-260428-1113,CUST-0214,Võ Thảo Trinh,0839173816,"159 Đường Lê Duẩn, Quận Ngũ Hành Sơn, TP. Đà Nẵng",Đà Nẵng,5490000,510000,0,5490000,MOMO,PAID,DELIVERED,2026-04-28T12:14:07,2026-04-28T12:35:07,2026-04-29T05:14:07,2026-04-29T14:14:07,
ORD-250903-1114,CUST-0276,Dương Hoàng Nam,0980347175,"268 Đường Hùng Vương, Quận Sơn Trà, TP. Đà Nẵng",Đà Nẵng,21980000,3020000,0,21980000,MOMO,PAID,DELIVERED,2025-09-03T15:30:59,2025-09-03T15:35:59,2025-09-03T17:30:59,2025-09-05T19:30:59,
ORD-260223-1115,CUST-0206,Phạm Diệu Chi,0795082148,"182 Đường Nguyễn Trãi, Quận Nam Từ Liêm, TP. Hà Nội",Hà Nội,3690000,510000,30000,3720000,BANK_TRANSFER,PAID,DELIVERED,2026-02-23T08:22:36,2026-02-23T09:05:36,2026-02-23T13:22:36,2026-02-26T13:22:36,
ORD-260102-1116,CUST-0197,Đỗ Diệu Linh,0901533688,"55 Đường Lê Duẩn, Quận Thanh Khê, TP. Đà Nẵng",Đà Nẵng,12680000,2020000,0,12680000,COD,PAID,DELIVERED,2026-01-02T12:02:58,2026-01-02T12:35:58,2026-01-02T19:02:58,2026-01-03T16:02:58,
ORD-251103-1117,CUST-0011,Phạm Thị Hà,0918347382,"253 Đường Tô Hiệu, Quận Lê Chân, TP. Hải Phòng",Hải Phòng,4480000,620000,30000,4510000,BANK_TRANSFER,PAID,DELIVERED,2025-11-03T20:25:41,2025-11-03T21:03:41,2025-11-04T06:25:41,2025-11-06T23:25:41,
ORD-260411-1118,CUST-0162,Ngô Phương Hoa,0835849825,"278 Đường Hùng Vương, Quận Sơn Trà, TP. Đà Nẵng",Đà Nẵng,5490000,510000,0,5490000,BANK_TRANSFER,PAID,DELIVERED,2026-04-11T09:17:34,2026-04-11T09:57:34,2026-04-11T14:17:34,2026-04-12T12:17:34,
ORD-250623-1119,CUST-0324,Phan Hữu Khoa,0791472145,"219 Đường Mậu Thân, Quận Bình Thủy, TP. Cần Thơ",Cần Thơ,8280000,1020000,0,8280000,CREDIT_CARD,PAID,DELIVERED,2025-06-23T21:06:26,2025-06-23T21:34:26,2025-06-24T10:06:26,2025-06-25T22:06:26,
ORD-250812-1120,CUST-0157,Dương Lâm Việt,0839125134,"528 Đường Chùa Bộc, Quận Đống Đa, TP. Hà Nội",Hà Nội,20480000,2520000,0,20480000,BANK_TRANSFER,PAID,DELIVERED,2025-08-12T15:35:32,2025-08-12T16:17:32,2025-08-12T18:35:32,2025-08-14T19:35:32,
ORD-251113-1121,CUST-0391,Hoàng Thành Hoàng,0918952028,"353 Đường Võ Nguyên Giáp, Quận Ngũ Hành Sơn, TP. Đà Nẵng",Đà Nẵng,8990000,1510000,0,8990000,CREDIT_CARD,PAID,DELIVERED,2025-11-13T13:50:43,2025-11-13T14:07:43,2025-11-14T04:50:43,2025-11-14T14:50:43,
ORD-250923-1122,CUST-0441,Hồ Anh Kiệt,0907933496,"447 Đường Lê Duẩn, Quận Hải Châu, TP. Đà Nẵng",Đà Nẵng,22980000,3020000,0,22980000,BANK_TRANSFER,PAID,DELIVERED,2025-09-23T16:48:54,2025-09-23T17:31:54,2025-09-24T05:48:54,2025-09-26T18:48:54,
ORD-251116-1123,CUST-0356,Võ Quốc Long,0382712863,"110 Đường Phan Đăng Lưu, Quận Phú Nhuận, TP. Hồ Chí Minh",Hồ Chí Minh,12990000,1510000,0,12990000,COD,PAID,DELIVERED,2025-11-16T20:15:43,2025-11-16T20:50:43,2025-11-17T06:15:43,2025-11-19T21:15:43,
ORD-260106-1124,CUST-0075,Bùi Thị Vy,0989014767,"225 Đường Nguyễn Văn Cừ, Quận Cái Răng, TP. Cần Thơ",Cần Thơ,9490000,1510000,0,9490000,COD,PAID,DELIVERED,2026-01-06T21:06:28,2026-01-06T21:46:28,2026-01-07T01:06:28,2026-01-10T02:06:28,
ORD-251124-1125,CUST-0427,Nguyễn Đình Hải,0797572158,"325 Đường Xuân Thủy, Quận Đống Đa, TP. Hà Nội",Hà Nội,11680000,1820000,0,11680000,COD,PAID,DELIVERED,2025-11-24T09:34:25,2025-11-24T09:52:25,2025-11-24T19:34:25,2025-11-26T10:34:25,
ORD-260215-1126,CUST-0309,Phạm Quang Nam,0977981238,"547 Đường Điện Biên Phủ, Quận 1, TP. Hồ Chí Minh",Hồ Chí Minh,6490000,1010000,0,6490000,BANK_TRANSFER,PAID,DELIVERED,2026-02-15T19:30:38,2026-02-15T19:54:38,2026-02-16T08:30:38,2026-02-18T23:30:38,
ORD-250811-1127,CUST-0469,Đỗ Thu Chi,0388118071,"401 Đường Nguyễn Văn Cừ, Quận Bình Thủy, TP. Cần Thơ",Cần Thơ,2290000,310000,30000,2320000,VNPAY,PAID,DELIVERED,2025-08-11T10:06:29,2025-08-11T10:16:29,2025-08-12T01:06:29,2025-08-13T14:06:29,
ORD-250805-1128,CUST-0111,Lê Hoàng Hoàng,0978523986,"145 Đường Nguyễn Thị Minh Khai, Quận 1, TP. Hồ Chí Minh",Hồ Chí Minh,11490000,1510000,0,11490000,COD,PAID,DELIVERED,2025-08-05T22:28:01,2025-08-05T22:51:01,2025-08-06T00:28:01,2025-08-08T23:28:01,
ORD-260201-1129,CUST-0331,Ngô Phương Lan,0778078235,"151 Đường Lê Hồng Phong, Quận Ngô Quyền, TP. Hải Phòng",Hải Phòng,13490000,1510000,0,13490000,MOMO,PAID,DELIVERED,2026-02-01T17:56:50,2026-02-01T18:12:50,2026-02-02T02:56:50,2026-02-03T19:56:50,
ORD-250914-1130,CUST-0049,Phan Mai Mai,0985674680,"336 Đường Phan Đăng Lưu, Quận Tân Bình, TP. Hồ Chí Minh",Hồ Chí Minh,14880000,1820000,0,14880000,CREDIT_CARD,PAID,DELIVERED,2025-09-14T20:18:17,2025-09-14T20:24:17,2025-09-15T03:18:17,2025-09-17T22:18:17,
ORD-251107-1131,CUST-0158,Bùi Quỳnh Chi,0858282742,"59 Đường Hùng Vương, Quận Ngũ Hành Sơn, TP. Đà Nẵng",Đà Nẵng,3290000,510000,30000,3320000,CREDIT_CARD,PAID,DELIVERED,2025-11-07T18:05:07,2025-11-07T18:36:07,2025-11-08T04:05:07,2025-11-08T22:05:07,
ORD-260112-1132,CUST-0053,Phan Quang Huy,0904499727,"391 Đường Nguyễn Văn Cừ, Quận Cái Răng, TP. Cần Thơ",Cần Thơ,1890000,310000,30000,1920000,COD,PAID,DELIVERED,2026-01-12T10:34:39,2026-01-12T11:19:39,2026-01-12T16:34:39,2026-01-14T12:34:39,
ORD-250804-1133,CUST-0325,Bùi Ngọc Khánh,0917946954,"137 Đường Lê Hồng Phong, Quận Lê Chân, TP. Hải Phòng",Hải Phòng,6890000,610000,0,6890000,COD,PAID,DELIVERED,2025-08-04T21:11:24,2025-08-04T21:40:24,2025-08-05T09:11:24,2025-08-07T23:11:24,
ORD-260322-1134,CUST-0304,Đặng Ngọc Phương,0796227837,"253 Đường Trần Hưng Đạo, Quận Hồng Bàng, TP. Hải Phòng",Hải Phòng,3290000,510000,30000,3320000,MOMO,PAID,DELIVERED,2026-03-22T22:15:30,2026-03-22T22:47:30,2026-03-23T05:15:30,2026-03-24T02:15:30,
ORD-251205-1135,CUST-0276,Dương Hoàng Nam,0980347175,"268 Đường Hùng Vương, Quận Sơn Trà, TP. Đà Nẵng",Đà Nẵng,26990000,3010000,0,26990000,COD,PAID,DELIVERED,2025-12-05T11:53:04,2025-12-05T12:37:04,2025-12-05T20:53:04,2025-12-07T12:53:04,
ORD-260618-1136,CUST-0151,Đặng Mai Hạnh,0831135290,"113 Đường Trần Văn Khéo, Quận Cái Răng, TP. Cần Thơ",Cần Thơ,32480000,3520000,0,32480000,COD,PENDING,PROCESSING,2026-06-18T18:32:47,2026-06-18T19:10:47,,,
ORD-250814-1137,CUST-0276,Dương Hoàng Nam,0980347175,"268 Đường Hùng Vương, Quận Sơn Trà, TP. Đà Nẵng",Đà Nẵng,3290000,510000,30000,3320000,COD,PAID,DELIVERED,2025-08-14T11:13:30,2025-08-14T11:20:30,2025-08-15T05:13:30,2025-08-16T13:13:30,
ORD-260212-1138,CUST-0146,Vũ Thành Duy,0939826224,"69 Đường Nguyễn Văn Linh, Quận Ngũ Hành Sơn, TP. Đà Nẵng",Đà Nẵng,8490000,1010000,0,8490000,COD,PAID,DELIVERED,2026-02-12T10:39:08,2026-02-12T10:45:08,2026-02-12T23:39:08,2026-02-13T14:39:08,
ORD-250812-1139,CUST-0414,Hồ Thị Hoa,0915941651,"517 Đường Xuân Thủy, Quận Thanh Xuân, TP. Hà Nội",Hà Nội,3490000,410000,30000,3520000,VNPAY,PAID,DELIVERED,2025-08-12T23:30:53,2025-08-13T00:13:53,2025-08-13T14:30:53,2025-08-15T01:30:53,
ORD-260528-1140,CUST-0050,Dương Văn Duy,0776038597,"278 Đường Mậu Thân, Quận Ninh Kiều, TP. Cần Thơ",Cần Thơ,7980000,1020000,0,7980000,COD,PAID,DELIVERED,2026-05-28T09:35:33,2026-05-28T09:48:33,2026-05-29T03:35:33,2026-05-30T10:35:33,
ORD-251126-1141,CUST-0331,Ngô Phương Lan,0778078235,"151 Đường Lê Hồng Phong, Quận Ngô Quyền, TP. Hải Phòng",Hải Phòng,1890000,310000,30000,1920000,BANK_TRANSFER,PAID,DELIVERED,2025-11-26T15:27:27,2025-11-26T16:01:27,2025-11-26T17:27:27,2025-11-28T19:27:27,
ORD-251106-1142,CUST-0319,Lý Khánh Hà,0852111751,"392 Đường Mậu Thân, Quận Bình Thủy, TP. Cần Thơ",Cần Thơ,3390000,410000,30000,3420000,COD,PAID,DELIVERED,2025-11-06T08:48:13,2025-11-06T09:15:13,2025-11-06T23:48:13,2025-11-08T13:48:13,
ORD-250915-1143,CUST-0040,Trần Diệu Hương,0869578856,"469 Đường Lê Hồng Phong, Quận Ngô Quyền, TP. Hải Phòng",Hải Phòng,5980000,1020000,0,5980000,BANK_TRANSFER,PAID,DELIVERED,2025-09-15T14:01:43,2025-09-15T14:17:43,2025-09-15T22:01:43,2025-09-17T19:01:43,
ORD-250928-1144,CUST-0295,Trần Thảo Phương,0857899405,"18 Đường Lạch Tray, Quận Lê Chân, TP. Hải Phòng",Hải Phòng,9480000,1220000,0,9480000,BANK_TRANSFER,PAID,DELIVERED,2025-09-28T21:59:17,2025-09-28T22:40:17,2025-09-29T06:59:17,2025-09-30T23:59:17,
ORD-251109-1145,CUST-0462,Phan Diệu Trang,0795641118,"266 Đường Nguyễn Văn Linh, Quận Thanh Khê, TP. Đà Nẵng",Đà Nẵng,5680000,720000,0,5680000,MOMO,PAID,DELIVERED,2025-11-09T20:34:37,2025-11-09T20:47:37,2025-11-10T08:34:37,2025-11-11T01:34:37,
ORD-260116-1146,CUST-0220,Đặng Hồng Vy,0930461849,"528 Đường Xuân Thủy, Quận Hai Bà Trưng, TP. Hà Nội",Hà Nội,990000,210000,30000,1020000,BANK_TRANSFER,PAID,DELIVERED,2026-01-16T20:40:26,2026-01-16T21:11:26,2026-01-16T23:40:26,2026-01-19T23:40:26,
ORD-260226-1147,CUST-0180,Ngô Thành Việt,0913836702,"242 Đường Lê Duẩn, Quận Hải Châu, TP. Đà Nẵng",Đà Nẵng,7080000,920000,0,7080000,COD,PAID,DELIVERED,2026-02-26T21:01:49,2026-02-26T21:27:49,2026-02-27T01:01:49,2026-03-02T02:01:49,
ORD-251213-1148,CUST-0441,Hồ Anh Kiệt,0907933496,"447 Đường Lê Duẩn, Quận Hải Châu, TP. Đà Nẵng",Đà Nẵng,2190000,310000,30000,2220000,COD,PAID,DELIVERED,2025-12-13T21:45:31,2025-12-13T22:10:31,2025-12-14T12:45:31,2025-12-14T21:45:31,
ORD-260210-1149,CUST-0111,Lê Hoàng Hoàng,0978523986,"145 Đường Nguyễn Thị Minh Khai, Quận 1, TP. Hồ Chí Minh",Hồ Chí Minh,10980000,1820000,0,10980000,BANK_TRANSFER,PAID,DELIVERED,2026-02-10T12:40:38,2026-02-10T13:00:38,2026-02-10T21:40:38,2026-02-11T16:40:38,
ORD-260227-1150,CUST-0226,Nguyễn Thảo Hà,0908993588,"259 Đường Tô Hiệu, Quận Hồng Bàng, TP. Hải Phòng",Hải Phòng,1890000,310000,30000,1920000,COD,PAID,DELIVERED,2026-02-27T21:19:17,2026-02-27T21:50:17,2026-02-28T03:19:17,2026-03-01T22:19:17,
ORD-260110-1151,CUST-0276,Dương Hoàng Nam,0980347175,"268 Đường Hùng Vương, Quận Sơn Trà, TP. Đà Nẵng",Đà Nẵng,4490000,710000,30000,4520000,COD,PAID,DELIVERED,2026-01-10T15:57:58,2026-01-10T16:33:58,2026-01-11T04:57:58,2026-01-13T17:57:58,
ORD-260124-1152,CUST-0482,Võ Minh Anh,0936205015,"302 Đường Trần Hưng Đạo, Quận Hồng Bàng, TP. Hải Phòng",Hải Phòng,3390000,410000,30000,3420000,VNPAY,PAID,DELIVERED,2026-01-24T18:08:37,2026-01-24T18:14:37,2026-01-25T03:08:37,2026-01-26T21:08:37,
ORD-260126-1153,CUST-0244,Phan Thảo Mai,0790919015,"93 Đường Phan Đăng Lưu, Quận Gò Vấp, TP. Hồ Chí Minh",Hồ Chí Minh,4490000,510000,30000,4520000,BANK_TRANSFER,PAID,DELIVERED,2026-01-26T21:01:55,2026-01-26T21:28:55,2026-01-27T05:01:55,2026-01-28T21:01:55,
ORD-260305-1154,CUST-0393,Hồ Linh Anh,0795240132,"319 Đường Bà Triệu, Quận Hoàn Kiếm, TP. Hà Nội",Hà Nội,3990000,510000,30000,4020000,BANK_TRANSFER,PAID,DELIVERED,2026-03-05T16:50:02,2026-03-05T17:21:02,2026-03-06T05:50:02,2026-03-07T18:50:02,
ORD-260122-1155,CUST-0124,Ngô Ngọc Sơn,0939187851,"158 Đường Điện Biên Phủ, Quận 1, TP. Hồ Chí Minh",Hồ Chí Minh,4780000,820000,30000,4810000,COD,PAID,DELIVERED,2026-01-22T13:33:51,2026-01-22T13:49:51,2026-01-22T21:33:51,2026-01-25T14:33:51,
ORD-260601-1156,CUST-0350,Dương Diệu Phương,0937239504,"313 Đường Trần Văn Khéo, Quận Cái Răng, TP. Cần Thơ",Cần Thơ,16980000,1920000,0,16980000,BANK_TRANSFER,PAID,DELIVERED,2026-06-01T06:36:47,2026-06-01T07:04:47,2026-06-01T21:36:47,2026-06-02T06:36:47,
ORD-251127-1157,CUST-0377,Võ Hữu Kiệt,0798479513,"188 Đường Nguyễn Kiệm, Quận 3, TP. Hồ Chí Minh",Hồ Chí Minh,4980000,720000,30000,5010000,MOMO,PAID,DELIVERED,2025-11-27T23:05:35,2025-11-27T23:27:35,2025-11-28T13:05:35,2025-11-29T23:05:35,
ORD-260127-1158,CUST-0473,Dương Hoàng Khoa,0861877580,"435 Đường Kim Mã, Quận Cầu Giấy, TP. Hà Nội",Hà Nội,12990000,1510000,0,12990000,BANK_TRANSFER,PAID,DELIVERED,2026-01-27T19:26:25,2026-01-27T19:32:25,2026-01-28T08:26:25,2026-01-30T20:26:25,
ORD-250823-1159,CUST-0308,Nguyễn Thị Ngọc,0939407016,"304 Đường Lê Duẩn, Quận Hải Châu, TP. Đà Nẵng",Đà Nẵng,24280000,2220000,0,24280000,COD,PAID,DELIVERED,2025-08-23T16:39:04,2025-08-23T16:55:04,2025-08-23T23:39:04,2025-08-25T19:39:04,
ORD-260216-1160,CUST-0349,Hồ Quỳnh Trinh,0987524372,"153 Đường Lê Lợi, Quận Tân Bình, TP. Hồ Chí Minh",Hồ Chí Minh,17980000,2020000,0,17980000,MOMO,PAID,DELIVERED,2026-02-16T14:58:09,2026-02-16T15:37:09,2026-02-17T04:58:09,2026-02-18T14:58:09,
ORD-250910-1161,CUST-0110,Hồ Diệu Vân,0906098358,"291 Đường Võ Văn Tần, Thành phố Thủ Đức, TP. Hồ Chí Minh",Hồ Chí Minh,1290000,210000,30000,1320000,COD,PAID,DELIVERED,2025-09-10T08:29:46,2025-09-10T08:53:46,2025-09-10T14:29:46,2025-09-11T09:29:46,
ORD-260428-1162,CUST-0145,Trần Quỳnh Trúc,0778886101,"399 Đường Lê Hồng Phong, Quận Hồng Bàng, TP. Hải Phòng",Hải Phòng,24480000,2320000,0,24480000,COD,PAID,DELIVERED,2026-04-28T21:55:43,2026-04-28T22:22:43,2026-04-29T01:55:43,2026-05-02T02:55:43,
ORD-260116-1163,CUST-0246,Lê Thị Trinh,0836881435,"169 Đường Mậu Thân, Quận Bình Thủy, TP. Cần Thơ",Cần Thơ,12990000,1510000,0,12990000,BANK_TRANSFER,PAID,DELIVERED,2026-01-16T08:13:58,2026-01-16T08:30:58,2026-01-16T18:13:58,2026-01-18T10:13:58,
ORD-250923-1164,CUST-0179,Hồ Anh Hoàng,0837383206,"14 Đường Tràng Tiền, Quận Ba Đình, TP. Hà Nội",Hà Nội,22480000,3020000,0,22480000,MOMO,PAID,DELIVERED,2025-09-23T13:10:44,2025-09-23T13:54:44,2025-09-23T16:10:44,2025-09-26T17:10:44,
ORD-251217-1165,CUST-0170,Bùi Minh Khoa,0972341389,"313 Đường Lạch Tray, Quận Ngô Quyền, TP. Hải Phòng",Hải Phòng,6490000,1010000,0,6490000,BANK_TRANSFER,PAID,DELIVERED,2025-12-17T21:55:07,2025-12-17T22:06:07,2025-12-18T06:55:07,2025-12-20T01:55:07,
ORD-251204-1166,CUST-0047,Võ Hồng Ngọc,0384887719,"261 Đường Nguyễn Văn Cừ, Quận Bình Thủy, TP. Cần Thơ",Cần Thơ,8280000,1020000,0,8280000,MOMO,PAID,DELIVERED,2025-12-04T09:38:52,2025-12-04T10:19:52,2025-12-05T01:38:52,2025-12-07T10:38:52,
ORD-260313-1167,CUST-0089,Đặng Thành Khánh,0914124782,"362 Đường Võ Văn Tần, Quận Bình Thạnh, TP. Hồ Chí Minh",Hồ Chí Minh,3490000,410000,30000,3520000,MOMO,PAID,DELIVERED,2026-03-13T23:18:46,2026-03-13T23:45:46,2026-03-14T12:18:46,2026-03-14T23:18:46,
ORD-260531-1168,CUST-0115,Phạm Ngọc Kiệt,0796527858,"257 Đường Nguyễn Văn Linh, Quận Ngũ Hành Sơn, TP. Đà Nẵng",Đà Nẵng,1490000,310000,30000,1520000,MOMO,PAID,DELIVERED,2026-05-31T20:18:00,2026-05-31T21:02:00,2026-06-01T11:18:00,2026-06-03T00:18:00,
ORD-260114-1169,CUST-0164,Võ Trúc Lan,0388457759,"69 Đường Quang Trung, Quận Phú Nhuận, TP. Hồ Chí Minh",Hồ Chí Minh,9490000,1510000,0,9490000,COD,PAID,DELIVERED,2026-01-14T21:07:50,2026-01-14T21:51:50,2026-01-15T07:07:50,2026-01-16T22:07:50,
ORD-260428-1170,CUST-0351,Phạm Hồng Phương,0774286047,"104 Đường Lạch Tray, Quận Lê Chân, TP. Hải Phòng",Hải Phòng,8990000,1510000,0,8990000,COD,PAID,DELIVERED,2026-04-28T22:58:44,2026-04-28T23:06:44,2026-04-29T16:58:44,2026-05-01T23:58:44,
ORD-251219-1171,CUST-0069,Nguyễn Hoàng Khoa,0851771159,"337 Đường Phan Đăng Lưu, Quận 10, TP. Hồ Chí Minh",Hồ Chí Minh,3690000,510000,30000,3720000,COD,PAID,DELIVERED,2025-12-19T14:41:50,2025-12-19T15:03:50,2025-12-20T07:41:50,2025-12-22T19:41:50,
ORD-251225-1172,CUST-0006,Phan Quỳnh Nhi,0771012269,"546 Đường Trần Văn Khéo, Quận Cái Răng, TP. Cần Thơ",Cần Thơ,4490000,510000,30000,4520000,VNPAY,PAID,DELIVERED,2025-12-25T09:51:40,2025-12-25T10:31:40,2025-12-26T01:51:40,2025-12-26T14:51:40,
ORD-260203-1173,CUST-0016,Bùi Thảo Trinh,0838543534,"473 Đường Kim Mã, Quận Hoàn Kiếm, TP. Hà Nội",Hà Nội,39980000,4520000,0,39980000,COD,PAID,DELIVERED,2026-02-03T17:47:08,2026-02-03T18:31:08,2026-02-04T06:47:08,2026-02-04T19:47:08,
ORD-250726-1174,CUST-0453,Bùi Trúc Ngọc,0388105485,"310 Đường Võ Văn Tần, Quận 3, TP. Hồ Chí Minh",Hồ Chí Minh,8490000,1010000,0,8490000,COD,PAID,DELIVERED,2025-07-26T22:58:40,2025-07-26T23:38:40,2025-07-27T00:58:40,2025-07-27T23:58:40,
ORD-251218-1175,CUST-0401,Ngô Ngọc Anh,0977967842,"506 Đường Phan Đăng Lưu, Quận 3, TP. Hồ Chí Minh",Hồ Chí Minh,9490000,1510000,0,9490000,COD,CANCELLED,CANCELLED,2025-12-18T21:16:28,2025-12-18T21:58:28,,,2025-12-18T22:16:28
ORD-250824-1176,CUST-0132,Phạm Đình Minh,0770866882,"343 Đường Bà Triệu, Quận Đống Đa, TP. Hà Nội",Hà Nội,15980000,2320000,0,15980000,VNPAY,PAID,DELIVERED,2025-08-24T14:44:16,2025-08-24T15:16:16,2025-08-24T20:44:16,2025-08-25T18:44:16,
ORD-251206-1177,CUST-0227,Lê Quang Long,0900287721,"289 Đường Trần Hưng Đạo, Quận Thanh Khê, TP. Đà Nẵng",Đà Nẵng,6890000,610000,0,6890000,BANK_TRANSFER,PAID,DELIVERED,2025-12-06T18:58:39,2025-12-06T19:06:39,2025-12-07T09:58:39,2025-12-09T19:58:39,
ORD-250821-1178,CUST-0432,Bùi Minh Dũng,0859759230,"77 Đường Lê Duẩn, Quận Sơn Trà, TP. Đà Nẵng",Đà Nẵng,12990000,1510000,0,12990000,MOMO,PAID,DELIVERED,2025-08-21T08:06:51,2025-08-21T08:41:51,2025-08-21T18:06:51,2025-08-24T11:06:51,
ORD-250828-1179,CUST-0386,Hồ Đức Tùng,0831234785,"11 Đường Lạch Tray, Quận Ngô Quyền, TP. Hải Phòng",Hải Phòng,3180000,520000,30000,3210000,CREDIT_CARD,PAID,DELIVERED,2025-08-28T11:01:13,2025-08-28T11:26:13,2025-08-28T20:01:13,2025-08-31T12:01:13,
ORD-260207-1180,CUST-0302,Trần Lâm Trung,0976613906,"158 Đường Trần Hưng Đạo, Quận Hải Châu, TP. Đà Nẵng",Đà Nẵng,7380000,920000,0,7380000,BANK_TRANSFER,PAID,DELIVERED,2026-02-07T16:03:23,2026-02-07T16:13:23,2026-02-08T07:03:23,2026-02-09T17:03:23,
ORD-251010-1181,CUST-0065,Bùi Khánh Hoa,0973773515,"287 Đường Võ Nguyên Giáp, Quận Hải Châu, TP. Đà Nẵng",Đà Nẵng,2490000,410000,30000,2520000,VNPAY,PAID,DELIVERED,2025-10-10T16:55:32,2025-10-10T17:21:32,2025-10-11T06:55:32,2025-10-13T21:55:32,
ORD-250919-1182,CUST-0189,Đặng Vy Hương,0981334803,"185 Đường Mậu Thân, Quận Cái Răng, TP. Cần Thơ",Cần Thơ,4290000,710000,30000,4320000,VNPAY,PAID,DELIVERED,2025-09-19T21:10:33,2025-09-19T21:22:33,2025-09-20T15:10:33,2025-09-20T22:10:33,
ORD-251108-1183,CUST-0022,Ngô Lâm Phong,0862160733,"233 Đường Nguyễn Văn Linh, Quận Sơn Trà, TP. Đà Nẵng",Đà Nẵng,3290000,510000,30000,3320000,BANK_TRANSFER,PAID,DELIVERED,2025-11-08T15:27:34,2025-11-08T16:03:34,2025-11-09T09:27:34,2025-11-09T19:27:34,
ORD-250910-1184,CUST-0166,Nguyễn Quỳnh Yến,0770632424,"385 Đường Lê Duẩn, Quận Sơn Trà, TP. Đà Nẵng",Đà Nẵng,2190000,310000,30000,2220000,COD,PAID,DELIVERED,2025-09-10T23:46:17,2025-09-11T00:13:17,2025-09-11T07:46:17,2025-09-12T02:46:17,
ORD-250621-1185,CUST-0351,Phạm Hồng Phương,0774286047,"104 Đường Lạch Tray, Quận Lê Chân, TP. Hải Phòng",Hải Phòng,1890000,310000,30000,1920000,BANK_TRANSFER,PAID,DELIVERED,2025-06-21T17:59:32,2025-06-21T18:21:32,2025-06-21T21:59:32,2025-06-24T17:59:32,
ORD-250923-1186,CUST-0498,Trần Duy Phong,0795977790,"360 Đường Võ Văn Tần, Quận Gò Vấp, TP. Hồ Chí Minh",Hồ Chí Minh,11490000,1510000,0,11490000,BANK_TRANSFER,PAID,DELIVERED,2025-09-23T21:59:10,2025-09-23T22:43:10,2025-09-24T14:59:10,2025-09-25T23:59:10,
ORD-251123-1187,CUST-0314,Phan Trúc Chi,0988975267,"236 Đường Bà Triệu, Quận Thanh Xuân, TP. Hà Nội",Hà Nội,3290000,510000,30000,3320000,BANK_TRANSFER,PAID,DELIVERED,2025-11-23T12:49:22,2025-11-23T13:22:22,2025-11-24T06:49:22,2025-11-26T15:49:22,
ORD-260306-1188,CUST-0468,Lý Minh Huy,0774355379,"492 Đường Nguyễn Thị Minh Khai, Quận 10, TP. Hồ Chí Minh",Hồ Chí Minh,26990000,3010000,0,26990000,COD,PAID,DELIVERED,2026-03-06T15:11:03,2026-03-06T15:36:03,2026-03-07T08:11:03,2026-03-09T20:11:03,
ORD-250915-1189,CUST-0075,Bùi Thị Vy,0989014767,"225 Đường Nguyễn Văn Cừ, Quận Cái Răng, TP. Cần Thơ",Cần Thơ,8990000,1510000,0,8990000,COD,PAID,DELIVERED,2025-09-15T11:49:42,2025-09-15T12:34:42,2025-09-16T05:49:42,2025-09-17T14:49:42,
ORD-260130-1190,CUST-0489,Vũ Diệu Trúc,0977546027,"89 Đường Trần Hưng Đạo, Quận Hải Châu, TP. Đà Nẵng",Đà Nẵng,2290000,310000,30000,2320000,BANK_TRANSFER,PAID,DELIVERED,2026-01-30T10:58:19,2026-01-30T11:18:19,2026-01-30T23:58:19,2026-02-02T13:58:19,
ORD-251224-1191,CUST-0054,Dương Hồng Hương,0836360576,"134 Đường Nguyễn Trãi, Quận Hai Bà Trưng, TP. Hà Nội",Hà Nội,6180000,820000,0,6180000,COD,PAID,DELIVERED,2025-12-24T11:56:01,2025-12-24T12:28:01,2025-12-25T04:56:01,2025-12-26T16:56:01,
ORD-260411-1192,CUST-0254,Vũ Minh Tùng,0851846386,"11 Đường Võ Nguyên Giáp, Quận Ngũ Hành Sơn, TP. Đà Nẵng",Đà Nẵng,6490000,1010000,0,6490000,COD,PAID,DELIVERED,2026-04-11T12:13:25,2026-04-11T12:27:25,2026-04-12T06:13:25,2026-04-13T15:13:25,
ORD-251006-1193,CUST-0412,Dương Mai Lan,0853644249,"158 Đường Đại lộ Hòa Bình, Quận Ninh Kiều, TP. Cần Thơ",Cần Thơ,3490000,410000,30000,3520000,VNPAY,PAID,DELIVERED,2025-10-06T07:05:56,2025-10-06T07:23:56,2025-10-06T16:05:56,2025-10-07T12:05:56,
ORD-260107-1194,CUST-0448,Hồ Linh Nhi,0771255213,"354 Đường Trần Duy Hưng, Quận Nam Từ Liêm, TP. Hà Nội",Hà Nội,18680000,2320000,0,18680000,COD,PAID,DELIVERED,2026-01-07T08:10:24,2026-01-07T08:45:24,2026-01-08T02:10:24,2026-01-09T10:10:24,
ORD-251226-1195,CUST-0398,Đặng Trúc Vân,0868015716,"459 Đường Nguyễn Văn Cừ, Quận Bình Thủy, TP. Cần Thơ",Cần Thơ,9490000,1510000,0,9490000,BANK_TRANSFER,PAID,DELIVERED,2025-12-26T20:36:44,2025-12-26T21:04:44,2025-12-27T09:36:44,2025-12-27T21:36:44,
ORD-250814-1196,CUST-0154,Nguyễn Hữu Hùng,0971238282,"242 Đường Tô Hiệu, Quận Ngô Quyền, TP. Hải Phòng",Hải Phòng,6490000,1010000,0,6490000,BANK_TRANSFER,PAID,DELIVERED,2025-08-14T13:43:06,2025-08-14T14:03:06,2025-08-15T07:43:06,2025-08-17T15:43:06,
ORD-251106-1197,CUST-0140,Bùi Hồng Hương,0861016668,"89 Đường 3 Tháng 2, Quận 1, TP. Hồ Chí Minh",Hồ Chí Minh,2190000,310000,30000,2220000,COD,PAID,DELIVERED,2025-11-06T13:49:20,2025-11-06T14:33:20,2025-11-06T23:49:20,2025-11-09T18:49:20,
ORD-251110-1198,CUST-0114,Lê Quốc Dũng,0831307562,"68 Đường Trần Duy Hưng, Quận Hai Bà Trưng, TP. Hà Nội",Hà Nội,52990000,5010000,0,52990000,BANK_TRANSFER,PAID,DELIVERED,2025-11-10T17:06:21,2025-11-10T17:48:21,2025-11-11T03:06:21,2025-11-13T17:06:21,
ORD-260423-1199,CUST-0153,Vũ Hữu Nam,0985457387,"468 Đường Trần Văn Khéo, Quận Ninh Kiều, TP. Cần Thơ",Cần Thơ,14980000,1820000,0,14980000,COD,PAID,DELIVERED,2026-04-23T13:29:29,2026-04-23T13:55:29,2026-04-23T23:29:29,2026-04-25T16:29:29,
ORD-250715-1200,CUST-0124,Ngô Ngọc Sơn,0939187851,"158 Đường Điện Biên Phủ, Quận 1, TP. Hồ Chí Minh",Hồ Chí Minh,52990000,5010000,0,52990000,COD,PAID,DELIVERED,2025-07-15T21:16:44,2025-07-15T21:53:44,2025-07-16T09:16:44,2025-07-17T23:16:44,
ORD-260502-1201,CUST-0139,Ngô Đức Nam,0918233984,"387 Đường Lê Duẩn, Quận Ngũ Hành Sơn, TP. Đà Nẵng",Đà Nẵng,3690000,510000,30000,3720000,COD,PAID,DELIVERED,2026-05-02T12:41:23,2026-05-02T13:09:23,2026-05-03T01:41:23,2026-05-04T16:41:23,
ORD-251225-1202,CUST-0403,Phạm Linh Chi,0794858800,"458 Đường Trần Văn Khéo, Quận Cái Răng, TP. Cần Thơ",Cần Thơ,990000,210000,30000,1020000,COD,PAID,DELIVERED,2025-12-25T17:53:31,2025-12-25T18:31:31,2025-12-26T03:53:31,2025-12-28T22:53:31,
ORD-260326-1203,CUST-0211,Đỗ Khánh Thảo,0854328309,"514 Đường Lê Duẩn, Quận Thanh Khê, TP. Đà Nẵng",Đà Nẵng,3390000,410000,30000,3420000,COD,PAID,DELIVERED,2026-03-26T19:41:50,2026-03-26T19:52:50,2026-03-27T05:41:50,2026-03-28T23:41:50,
ORD-260501-1204,CUST-0325,Bùi Ngọc Khánh,0917946954,"137 Đường Lê Hồng Phong, Quận Lê Chân, TP. Hải Phòng",Hải Phòng,4990000,510000,30000,5020000,COD,PAID,DELIVERED,2026-05-01T23:42:37,2026-05-02T00:07:37,2026-05-02T11:42:37,2026-05-03T03:42:37,
ORD-260125-1205,CUST-0481,Dương Minh Long,0866521707,"482 Đường Điện Biên Phủ, Quận Bình Thạnh, TP. Hồ Chí Minh",Hồ Chí Minh,9490000,1510000,0,9490000,COD,PAID,DELIVERED,2026-01-25T19:02:07,2026-01-25T19:11:07,2026-01-26T11:02:07,2026-01-27T23:02:07,
ORD-250724-1206,CUST-0389,Đỗ Thành Nam,0978904290,"370 Đường Nguyễn Văn Linh, Quận Ngũ Hành Sơn, TP. Đà Nẵng",Đà Nẵng,990000,210000,30000,1020000,BANK_TRANSFER,PAID,DELIVERED,2025-07-24T06:34:27,2025-07-24T07:04:27,2025-07-24T12:34:27,2025-07-25T11:34:27,
ORD-260218-1207,CUST-0415,Đỗ Lâm Khánh,0867139155,"438 Đường Mậu Thân, Quận Bình Thủy, TP. Cần Thơ",Cần Thơ,3490000,410000,30000,3520000,COD,PAID,DELIVERED,2026-02-18T19:59:37,2026-02-18T20:31:37,2026-02-19T12:59:37,2026-02-19T21:59:37,
ORD-250923-1208,CUST-0361,Ngô Hoàng Nam,0938782931,"487 Đường Nguyễn Trãi, Quận Hai Bà Trưng, TP. Hà Nội",Hà Nội,8580000,1420000,0,8580000,VNPAY,PAID,DELIVERED,2025-09-23T07:03:29,2025-09-23T07:21:29,2025-09-23T16:03:29,2025-09-25T07:03:29,
ORD-260112-1209,CUST-0098,Lê Minh Bách,0905964016,"36 Đường Trần Hưng Đạo, Quận Lê Chân, TP. Hải Phòng",Hải Phòng,3490000,410000,30000,3520000,VNPAY,PAID,DELIVERED,2026-01-12T17:39:14,2026-01-12T18:20:14,2026-01-13T08:39:14,2026-01-14T17:39:14,
ORD-260608-1210,CUST-0267,Phạm Quốc Bách,0389042681,"124 Đường Quang Trung, Quận Gò Vấp, TP. Hồ Chí Minh",Hồ Chí Minh,15380000,1820000,0,15380000,COD,PAID,DELIVERED,2026-06-08T19:57:42,2026-06-08T20:25:42,2026-06-09T10:57:42,2026-06-10T23:57:42,
ORD-251226-1211,CUST-0090,Nguyễn Mai Hương,0381530515,"488 Đường Kim Mã, Quận Cầu Giấy, TP. Hà Nội",Hà Nội,2490000,310000,30000,2520000,BANK_TRANSFER,PAID,DELIVERED,2025-12-26T23:26:15,2025-12-26T23:35:15,2025-12-27T05:26:15,2025-12-30T03:26:15,
ORD-250710-1212,CUST-0054,Dương Hồng Hương,0836360576,"134 Đường Nguyễn Trãi, Quận Hai Bà Trưng, TP. Hà Nội",Hà Nội,3980000,720000,30000,4010000,VNPAY,PAID,DELIVERED,2025-07-10T10:51:10,2025-07-10T11:20:10,2025-07-10T14:51:10,2025-07-11T14:51:10,
ORD-251231-1213,CUST-0432,Bùi Minh Dũng,0859759230,"77 Đường Lê Duẩn, Quận Sơn Trà, TP. Đà Nẵng",Đà Nẵng,2190000,310000,30000,2220000,COD,PAID,DELIVERED,2025-12-31T21:25:48,2025-12-31T21:53:48,2026-01-01T05:25:48,2026-01-01T23:25:48,
ORD-250628-1214,CUST-0144,Trần Đình Phong,0911426265,"320 Đường Nguyễn Thị Minh Khai, Quận 3, TP. Hồ Chí Minh",Hồ Chí Minh,10780000,1320000,0,10780000,COD,PAID,DELIVERED,2025-06-28T11:58:28,2025-06-28T12:37:28,2025-06-28T16:58:28,2025-07-01T15:58:28,
ORD-260127-1215,CUST-0275,Đặng Diệu Giang,0982702672,"503 Đường Lê Hồng Phong, Quận Lê Chân, TP. Hải Phòng",Hải Phòng,8490000,1010000,0,8490000,COD,PAID,DELIVERED,2026-01-27T22:16:24,2026-01-27T22:54:24,2026-01-28T07:16:24,2026-01-28T23:16:24,
ORD-260501-1216,CUST-0461,Phạm Quang Hùng,0918204339,"51 Đường Nguyễn Kiệm, Quận Tân Bình, TP. Hồ Chí Minh",Hồ Chí Minh,26990000,3010000,0,26990000,BANK_TRANSFER,PAID,DELIVERED,2026-05-01T14:34:13,2026-05-01T15:04:13,2026-05-02T01:34:13,2026-05-03T17:34:13,
ORD-251116-1217,CUST-0006,Phan Quỳnh Nhi,0771012269,"546 Đường Trần Văn Khéo, Quận Cái Răng, TP. Cần Thơ",Cần Thơ,10880000,1820000,0,10880000,BANK_TRANSFER,PAID,DELIVERED,2025-11-16T15:06:34,2025-11-16T15:11:34,2025-11-17T08:06:34,2025-11-18T20:06:34,
ORD-260529-1218,CUST-0491,Phạm Đức Duy,0860445669,"238 Đường Tô Hiệu, Quận Hồng Bàng, TP. Hải Phòng",Hải Phòng,3290000,510000,30000,3320000,COD,PAID,DELIVERED,2026-05-29T16:33:25,2026-05-29T17:14:25,2026-05-30T01:33:25,2026-05-30T17:33:25,
ORD-260118-1219,CUST-0199,Hoàng Anh Kiệt,0854186256,"274 Đường Nguyễn Trãi, Quận Hai Bà Trưng, TP. Hà Nội",Hà Nội,6990000,810000,0,6990000,COD,PAID,DELIVERED,2026-01-18T20:16:39,2026-01-18T20:23:39,2026-01-19T08:16:39,2026-01-22T01:16:39,
ORD-260609-1220,CUST-0350,Dương Diệu Phương,0937239504,"313 Đường Trần Văn Khéo, Quận Cái Răng, TP. Cần Thơ",Cần Thơ,4490000,710000,30000,4520000,COD,PAID,DELIVERED,2026-06-09T21:50:51,2026-06-09T22:03:51,2026-06-10T09:50:51,2026-06-12T21:50:51,
ORD-250705-1221,CUST-0231,Trần Phương Giang,0916373516,"473 Đường Tô Hiệu, Quận Hồng Bàng, TP. Hải Phòng",Hải Phòng,26990000,3010000,0,26990000,BANK_TRANSFER,PAID,DELIVERED,2025-07-05T16:47:55,2025-07-05T17:29:55,2025-07-06T06:47:55,2025-07-07T16:47:55,
ORD-251231-1222,CUST-0061,Nguyễn Thành Minh,0914562328,"173 Đường Lê Hồng Phong, Quận Lê Chân, TP. Hải Phòng",Hải Phòng,3990000,510000,30000,4020000,COD,PAID,DELIVERED,2025-12-31T08:15:40,2025-12-31T08:30:40,2025-12-31T22:15:40,2026-01-01T09:15:40,
ORD-260129-1223,CUST-0293,Hoàng Quang Hoàng,0770862095,"401 Đường Xuân Thủy, Quận Đống Đa, TP. Hà Nội",Hà Nội,990000,210000,30000,1020000,VNPAY,PAID,DELIVERED,2026-01-29T09:53:59,2026-01-29T10:17:59,2026-01-29T17:53:59,2026-02-01T13:53:59,
ORD-251216-1224,CUST-0210,Võ Thu Anh,0389108589,"498 Đường Lê Duẩn, Quận Sơn Trà, TP. Đà Nẵng",Đà Nẵng,5580000,820000,0,5580000,COD,PAID,DELIVERED,2025-12-16T21:20:54,2025-12-16T21:38:54,2025-12-17T10:20:54,2025-12-17T21:20:54,
ORD-250914-1225,CUST-0078,Dương Diệu Trinh,0386416052,"95 Đường Nguyễn Văn Cừ, Quận Bình Thủy, TP. Cần Thơ",Cần Thơ,2490000,310000,30000,2520000,BANK_TRANSFER,PAID,DELIVERED,2025-09-14T08:21:23,2025-09-14T08:26:23,2025-09-14T17:21:23,2025-09-16T12:21:23,
ORD-251010-1226,CUST-0476,Nguyễn Hoàng Trung,0912070496,"306 Đường Nguyễn Thị Minh Khai, Quận 1, TP. Hồ Chí Minh",Hồ Chí Minh,6980000,820000,0,6980000,COD,PAID,DELIVERED,2025-10-10T15:01:12,2025-10-10T15:42:12,2025-10-11T02:01:12,2025-10-11T16:01:12,
ORD-251201-1227,CUST-0494,Bùi Duy Long,0836636186,"467 Đường Nguyễn Văn Cừ, Quận Ninh Kiều, TP. Cần Thơ",Cần Thơ,3490000,410000,30000,3520000,BANK_TRANSFER,PAID,DELIVERED,2025-12-01T20:48:40,2025-12-01T21:28:40,2025-12-02T06:48:40,2025-12-03T00:48:40,
ORD-251108-1228,CUST-0235,Ngô Ngọc Trang,0382003424,"307 Đường Lê Duẩn, Quận Thanh Khê, TP. Đà Nẵng",Đà Nẵng,3480000,520000,30000,3510000,BANK_TRANSFER,PAID,DELIVERED,2025-11-08T00:17:14,2025-11-08T01:02:14,2025-11-08T09:17:14,2025-11-09T05:17:14,
ORD-260204-1229,CUST-0091,Ngô Anh Long,0901043289,"248 Đường Nguyễn Văn Cừ, Quận Ninh Kiều, TP. Cần Thơ",Cần Thơ,4490000,710000,30000,4520000,COD,PAID,DELIVERED,2026-02-04T14:53:46,2026-02-04T15:19:46,2026-02-04T19:53:46,2026-02-05T16:53:46,
ORD-251107-1230,CUST-0440,Dương Linh Vy,0853683147,"124 Đường Đại lộ Hòa Bình, Quận Cái Răng, TP. Cần Thơ",Cần Thơ,13480000,2020000,0,13480000,COD,PAID,DELIVERED,2025-11-07T11:07:34,2025-11-07T11:30:34,2025-11-07T18:07:34,2025-11-09T11:07:34,
ORD-250827-1231,CUST-0419,Võ Minh Khoa,0912481569,"469 Đường Lê Hồng Phong, Quận Lê Chân, TP. Hải Phòng",Hải Phòng,6990000,810000,0,6990000,MOMO,PAID,DELIVERED,2025-08-27T12:30:26,2025-08-27T13:11:26,2025-08-28T05:30:26,2025-08-29T14:30:26,
ORD-251117-1232,CUST-0149,Bùi Minh Anh,0866519398,"219 Đường Tô Hiệu, Quận Hồng Bàng, TP. Hải Phòng",Hải Phòng,8990000,1510000,0,8990000,COD,PAID,DELIVERED,2025-11-17T10:36:50,2025-11-17T11:13:50,2025-11-17T22:36:50,2025-11-19T15:36:50,
ORD-251207-1233,CUST-0297,Đặng Hồng Hương,0796338392,"442 Đường Võ Văn Tần, Quận Tân Bình, TP. Hồ Chí Minh",Hồ Chí Minh,2490000,310000,30000,2520000,COD,PAID,DELIVERED,2025-12-07T13:26:00,2025-12-07T13:57:00,2025-12-07T17:26:00,2025-12-08T17:26:00,
ORD-250912-1234,CUST-0401,Ngô Ngọc Anh,0977967842,"506 Đường Phan Đăng Lưu, Quận 3, TP. Hồ Chí Minh",Hồ Chí Minh,3390000,410000,30000,3420000,BANK_TRANSFER,PAID,DELIVERED,2025-09-12T17:55:28,2025-09-12T18:13:28,2025-09-13T08:55:28,2025-09-13T20:55:28,
ORD-251104-1235,CUST-0302,Trần Lâm Trung,0976613906,"158 Đường Trần Hưng Đạo, Quận Hải Châu, TP. Đà Nẵng",Đà Nẵng,11490000,1510000,0,11490000,BANK_TRANSFER,PAID,DELIVERED,2025-11-04T20:03:28,2025-11-04T20:19:28,2025-11-05T03:03:28,2025-11-07T20:03:28,
ORD-260308-1236,CUST-0148,Ngô Anh Trung,0389245937,"303 Đường Tràng Tiền, Quận Hai Bà Trưng, TP. Hà Nội",Hà Nội,20180000,2520000,0,20180000,MOMO,PAID,DELIVERED,2026-03-08T10:49:15,2026-03-08T11:10:15,2026-03-08T20:49:15,2026-03-10T10:49:15,
ORD-260207-1237,CUST-0290,Nguyễn Duy Kiệt,0832513271,"66 Đường Lạch Tray, Quận Ngô Quyền, TP. Hải Phòng",Hải Phòng,3990000,510000,30000,4020000,BANK_TRANSFER,PAID,DELIVERED,2026-02-07T18:00:25,2026-02-07T18:30:25,2026-02-08T06:00:25,2026-02-08T22:00:25,
ORD-251226-1238,CUST-0259,Đỗ Quỳnh Anh,0912799088,"6 Đường 3 Tháng 2, Quận Phú Nhuận, TP. Hồ Chí Minh",Hồ Chí Minh,2190000,310000,30000,2220000,VNPAY,PAID,DELIVERED,2025-12-26T18:03:02,2025-12-26T18:29:02,2025-12-27T05:03:02,2025-12-29T21:03:02,
ORD-260426-1239,CUST-0126,Hồ Khánh Trang,0939106518,"298 Đường Nguyễn Thị Minh Khai, Quận Phú Nhuận, TP. Hồ Chí Minh",Hồ Chí Minh,2190000,310000,30000,2220000,COD,PAID,DELIVERED,2026-04-26T16:48:48,2026-04-26T17:12:48,2026-04-26T22:48:48,2026-04-29T16:48:48,
ORD-251215-1240,CUST-0211,Đỗ Khánh Thảo,0854328309,"514 Đường Lê Duẩn, Quận Thanh Khê, TP. Đà Nẵng",Đà Nẵng,12990000,1510000,0,12990000,MOMO,PAID,DELIVERED,2025-12-15T06:35:55,2025-12-15T07:14:55,2025-12-15T20:35:55,2025-12-16T11:35:55,
ORD-260325-1241,CUST-0370,Võ Ngọc Hoàng,0863520904,"433 Đường Võ Văn Tần, Quận Phú Nhuận, TP. Hồ Chí Minh",Hồ Chí Minh,22480000,3020000,0,22480000,MOMO,REFUNDED,CANCELLED,2026-03-25T21:58:30,2026-03-25T22:29:30,,,2026-03-26T04:58:30
ORD-250820-1242,CUST-0488,Lý Quỳnh Vân,0868121478,"481 Đường Nguyễn Trãi, Quận Ba Đình, TP. Hà Nội",Hà Nội,1290000,210000,30000,1320000,BANK_TRANSFER,PAID,DELIVERED,2025-08-20T18:34:51,2025-08-20T18:51:51,2025-08-20T22:34:51,2025-08-22T19:34:51,
ORD-251122-1243,CUST-0186,Nguyễn Vy Trúc,0387066253,"157 Đường Võ Nguyên Giáp, Quận Sơn Trà, TP. Đà Nẵng",Đà Nẵng,3290000,510000,30000,3320000,BANK_TRANSFER,PAID,DELIVERED,2025-11-22T20:30:58,2025-11-22T20:50:58,2025-11-23T04:30:58,2025-11-24T00:30:58,
ORD-260617-1244,CUST-0242,Phan Hữu Hải,0798013361,"78 Đường Tô Hiệu, Quận Lê Chân, TP. Hải Phòng",Hải Phòng,2290000,310000,30000,2320000,COD,PAID,SHIPPED,2026-06-17T08:02:11,2026-06-17T08:08:11,2026-06-17T14:02:11,,
ORD-251012-1245,CUST-0349,Hồ Quỳnh Trinh,0987524372,"153 Đường Lê Lợi, Quận Tân Bình, TP. Hồ Chí Minh",Hồ Chí Minh,6490000,1010000,0,6490000,VNPAY,PAID,DELIVERED,2025-10-12T13:17:04,2025-10-12T13:26:04,2025-10-12T16:17:04,2025-10-14T16:17:04,
ORD-260430-1246,CUST-0164,Võ Trúc Lan,0388457759,"69 Đường Quang Trung, Quận Phú Nhuận, TP. Hồ Chí Minh",Hồ Chí Minh,1290000,210000,30000,1320000,COD,PAID,DELIVERED,2026-04-30T14:43:36,2026-04-30T15:13:36,2026-04-30T17:43:36,2026-05-02T18:43:36,
ORD-260315-1247,CUST-0150,Dương Lâm Khoa,0857243426,"415 Đường Võ Văn Tần, Quận Phú Nhuận, TP. Hồ Chí Minh",Hồ Chí Minh,3490000,410000,30000,3520000,COD,PAID,DELIVERED,2026-03-15T16:23:32,2026-03-15T17:02:32,2026-03-15T18:23:32,2026-03-17T16:23:32,
ORD-251103-1248,CUST-0172,Phan Đức Kiệt,0910910430,"518 Đường Nguyễn Văn Cừ, Quận Bình Thủy, TP. Cần Thơ",Cần Thơ,1490000,310000,30000,1520000,BANK_TRANSFER,PAID,DELIVERED,2025-11-03T10:08:25,2025-11-03T10:19:25,2025-11-04T02:08:25,2025-11-04T10:08:25,
ORD-251110-1249,CUST-0290,Nguyễn Duy Kiệt,0832513271,"66 Đường Lạch Tray, Quận Ngô Quyền, TP. Hải Phòng",Hải Phòng,10480000,1520000,0,10480000,BANK_TRANSFER,PAID,DELIVERED,2025-11-10T23:30:42,2025-11-10T23:37:42,2025-11-11T04:30:42,2025-11-14T00:30:42,
ORD-251101-1250,CUST-0361,Ngô Hoàng Nam,0938782931,"487 Đường Nguyễn Trãi, Quận Hai Bà Trưng, TP. Hà Nội",Hà Nội,2490000,310000,30000,2520000,COD,PAID,DELIVERED,2025-11-01T20:36:41,2025-11-01T20:47:41,2025-11-02T08:36:41,2025-11-05T01:36:41,
ORD-260417-1251,CUST-0416,Lê Khánh Yến,0384907851,"257 Đường Tô Hiệu, Quận Ngô Quyền, TP. Hải Phòng",Hải Phòng,4990000,510000,30000,5020000,CREDIT_CARD,PAID,DELIVERED,2026-04-17T21:51:38,2026-04-17T22:25:38,2026-04-18T09:51:38,2026-04-19T23:51:38,
ORD-260117-1252,CUST-0406,Ngô Minh Anh,0916556503,"91 Đường Kim Mã, Quận Hoàn Kiếm, TP. Hà Nội",Hà Nội,3990000,510000,30000,4020000,COD,PAID,DELIVERED,2026-01-17T15:15:37,2026-01-17T15:54:37,2026-01-18T00:15:37,2026-01-20T15:15:37,
ORD-260219-1253,CUST-0488,Lý Quỳnh Vân,0868121478,"481 Đường Nguyễn Trãi, Quận Ba Đình, TP. Hà Nội",Hà Nội,2190000,310000,30000,2220000,BANK_TRANSFER,PAID,DELIVERED,2026-02-19T17:45:50,2026-02-19T18:02:50,2026-02-20T05:45:50,2026-02-21T21:45:50,
ORD-251209-1254,CUST-0085,Lê Hữu Việt,0796528168,"189 Đường Phan Đăng Lưu, Quận Tân Bình, TP. Hồ Chí Minh",Hồ Chí Minh,22990000,2010000,0,22990000,VNPAY,PAID,DELIVERED,2025-12-09T09:57:25,2025-12-09T10:04:25,2025-12-09T16:57:25,2025-12-12T13:57:25,
ORD-250919-1255,CUST-0139,Ngô Đức Nam,0918233984,"387 Đường Lê Duẩn, Quận Ngũ Hành Sơn, TP. Đà Nẵng",Đà Nẵng,13490000,1510000,0,13490000,BANK_TRANSFER,PAID,DELIVERED,2025-09-19T17:08:18,2025-09-19T17:49:18,2025-09-20T04:08:18,2025-09-20T21:08:18,
ORD-260223-1256,CUST-0248,Trần Ngọc Giang,0977759492,"443 Đường Lê Hồng Phong, Quận Ngô Quyền, TP. Hải Phòng",Hải Phòng,3990000,510000,30000,4020000,BANK_TRANSFER,PAID,DELIVERED,2026-02-23T09:56:10,2026-02-23T10:03:10,2026-02-23T18:56:10,2026-02-25T13:56:10,
ORD-251129-1257,CUST-0390,Phan Mai Hoa,0864818321,"328 Đường Tràng Tiền, Quận Ba Đình, TP. Hà Nội",Hà Nội,16980000,2020000,0,16980000,BANK_TRANSFER,PAID,DELIVERED,2025-11-29T08:31:55,2025-11-29T09:09:55,2025-11-29T18:31:55,2025-11-30T12:31:55,
ORD-260131-1258,CUST-0271,Lý Thảo Chi,0830807595,"192 Đường Tô Hiệu, Quận Ngô Quyền, TP. Hải Phòng",Hải Phòng,990000,210000,30000,1020000,BANK_TRANSFER,PAID,DELIVERED,2026-01-31T12:10:36,2026-01-31T12:41:36,2026-02-01T05:10:36,2026-02-02T12:10:36,
ORD-250819-1259,CUST-0442,Hồ Thành Duy,0860767899,"545 Đường Đại lộ Hòa Bình, Quận Ninh Kiều, TP. Cần Thơ",Cần Thơ,3290000,510000,30000,3320000,VNPAY,PAID,DELIVERED,2025-08-19T10:27:49,2025-08-19T10:57:49,2025-08-19T22:27:49,2025-08-20T10:27:49,
ORD-250904-1260,CUST-0310,Vũ Văn Hoàng,0855543840,"291 Đường Lê Duẩn, Quận Ngũ Hành Sơn, TP. Đà Nẵng",Đà Nẵng,5490000,510000,0,5490000,VNPAY,PAID,DELIVERED,2025-09-04T07:40:03,2025-09-04T08:04:03,2025-09-04T18:40:03,2025-09-05T10:40:03,
ORD-250623-1261,CUST-0432,Bùi Minh Dũng,0859759230,"77 Đường Lê Duẩn, Quận Sơn Trà, TP. Đà Nẵng",Đà Nẵng,990000,210000,30000,1020000,BANK_TRANSFER,PAID,DELIVERED,2025-06-23T11:03:45,2025-06-23T11:39:45,2025-06-23T17:03:45,2025-06-26T16:03:45,
ORD-251215-1262,CUST-0227,Lê Quang Long,0900287721,"289 Đường Trần Hưng Đạo, Quận Thanh Khê, TP. Đà Nẵng",Đà Nẵng,22990000,2010000,0,22990000,BANK_TRANSFER,PAID,DELIVERED,2025-12-15T11:36:14,2025-12-15T11:42:14,2025-12-15T21:36:14,2025-12-17T12:36:14,
ORD-250702-1263,CUST-0443,Đặng Thảo Trúc,0771795760,"357 Đường Võ Nguyên Giáp, Quận Thanh Khê, TP. Đà Nẵng",Đà Nẵng,28880000,3320000,0,28880000,VNPAY,PAID,DELIVERED,2025-07-02T15:35:44,2025-07-02T16:12:44,2025-07-02T20:35:44,2025-07-03T16:35:44,
ORD-250707-1264,CUST-0128,Dương Thị Ngọc,0778686337,"37 Đường Xuân Thủy, Quận Hoàn Kiếm, TP. Hà Nội",Hà Nội,56680000,5520000,0,56680000,BANK_TRANSFER,PAID,DELIVERED,2025-07-07T10:14:27,2025-07-07T10:35:27,2025-07-07T12:14:27,2025-07-10T14:14:27,
ORD-260522-1265,CUST-0081,Võ Khánh Thảo,0830581477,"83 Đường Phan Đăng Lưu, Quận Tân Bình, TP. Hồ Chí Minh",Hồ Chí Minh,17480000,2020000,0,17480000,COD,PAID,DELIVERED,2026-05-22T13:20:58,2026-05-22T13:31:58,2026-05-22T15:20:58,2026-05-24T18:20:58,
ORD-260203-1266,CUST-0028,Hồ Anh Anh,0932016328,"472 Đường Lê Lợi, Quận Bình Thạnh, TP. Hồ Chí Minh",Hồ Chí Minh,4280000,720000,30000,4310000,COD,PAID,DELIVERED,2026-02-03T18:17:09,2026-02-03T18:26:09,2026-02-03T22:17:09,2026-02-06T22:17:09,
ORD-260220-1267,CUST-0165,Phạm Quốc Kiệt,0865458929,"106 Đường Lê Duẩn, Quận Hải Châu, TP. Đà Nẵng",Đà Nẵng,15990000,2010000,0,15990000,VNPAY,PAID,DELIVERED,2026-02-20T20:31:49,2026-02-20T20:58:49,2026-02-20T22:31:49,2026-02-23T01:31:49,
ORD-251022-1268,CUST-0313,Hồ Mai Trúc,0384742312,"242 Đường Điện Biên Phủ, Quận Gò Vấp, TP. Hồ Chí Minh",Hồ Chí Minh,15980000,2220000,0,15980000,COD,PAID,DELIVERED,2025-10-22T18:54:48,2025-10-22T19:13:48,2025-10-23T01:54:48,2025-10-25T23:54:48,
ORD-251111-1269,CUST-0431,Ngô Ngọc Hà,0904165915,"496 Đường Võ Văn Tần, Quận 3, TP. Hồ Chí Minh",Hồ Chí Minh,5780000,1020000,0,5780000,MOMO,PAID,DELIVERED,2025-11-11T14:54:54,2025-11-11T15:26:54,2025-11-11T23:54:54,2025-11-13T15:54:54,
ORD-260529-1270,CUST-0161,Hồ Lâm Phong,0860745171,"443 Đường Tràng Tiền, Quận Nam Từ Liêm, TP. Hà Nội",Hà Nội,4490000,510000,30000,4520000,BANK_TRANSFER,PAID,DELIVERED,2026-05-29T07:38:35,2026-05-29T08:11:35,2026-05-29T23:38:35,2026-05-30T09:38:35,
ORD-251115-1271,CUST-0355,Đỗ Khánh Trúc,0855421406,"276 Đường Trần Hưng Đạo, Quận Hải Châu, TP. Đà Nẵng",Đà Nẵng,6990000,810000,0,6990000,MOMO,PAID,DELIVERED,2025-11-15T22:02:47,2025-11-15T22:33:47,2025-11-16T03:02:47,2025-11-17T03:02:47,
ORD-250930-1272,CUST-0249,Phạm Thành Khoa,0865257775,"184 Đường Đại lộ Hòa Bình, Quận Bình Thủy, TP. Cần Thơ",Cần Thơ,14880000,2320000,0,14880000,COD,PAID,DELIVERED,2025-09-30T16:34:38,2025-09-30T16:54:38,2025-10-01T10:34:38,2025-10-01T19:34:38,
ORD-251221-1273,CUST-0046,Trần Đình Tùng,0853618324,"319 Đường 3 Tháng 2, Quận 1, TP. Hồ Chí Minh",Hồ Chí Minh,2490000,310000,30000,2520000,CREDIT_CARD,PAID,DELIVERED,2025-12-21T22:02:22,2025-12-21T22:42:22,2025-12-22T05:02:22,2025-12-24T01:02:22,
ORD-250909-1274,CUST-0007,Dương Ngọc Nam,0858451462,"524 Đường 3 Tháng 2, Quận Gò Vấp, TP. Hồ Chí Minh",Hồ Chí Minh,1890000,310000,30000,1920000,BANK_TRANSFER,PAID,DELIVERED,2025-09-09T18:55:18,2025-09-09T19:01:18,2025-09-10T10:55:18,2025-09-12T19:55:18,
ORD-250919-1275,CUST-0492,Võ Vy Hạnh,0777515366,"388 Đường Đại lộ Hòa Bình, Quận Cái Răng, TP. Cần Thơ",Cần Thơ,9490000,1510000,0,9490000,CREDIT_CARD,PAID,DELIVERED,2025-09-19T19:38:28,2025-09-19T20:06:28,2025-09-20T00:38:28,2025-09-22T21:38:28,
ORD-250912-1276,CUST-0312,Bùi Lâm Sơn,0984826292,"330 Đường 3 Tháng 2, Quận 3, TP. Hồ Chí Minh",Hồ Chí Minh,3990000,510000,30000,4020000,BANK_TRANSFER,PAID,DELIVERED,2025-09-12T15:05:16,2025-09-12T15:43:16,2025-09-13T09:05:16,2025-09-15T18:05:16,
ORD-250905-1277,CUST-0445,Lê Vy Chi,0916743380,"167 Đường Trần Hưng Đạo, Quận Sơn Trà, TP. Đà Nẵng",Đà Nẵng,3290000,510000,30000,3320000,BANK_TRANSFER,PAID,DELIVERED,2025-09-05T15:06:05,2025-09-05T15:34:05,2025-09-06T05:06:05,2025-09-06T17:06:05,
ORD-260412-1278,CUST-0258,Bùi Đình Hải,0855799136,"212 Đường Nguyễn Trãi, Quận Cầu Giấy, TP. Hà Nội",Hà Nội,19980000,2420000,0,19980000,BANK_TRANSFER,PAID,DELIVERED,2026-04-12T20:22:27,2026-04-12T20:57:27,2026-04-13T05:22:27,2026-04-14T01:22:27,
ORD-260425-1279,CUST-0247,Phạm Thảo Trinh,0908781414,"343 Đường Trần Duy Hưng, Quận Hoàn Kiếm, TP. Hà Nội",Hà Nội,10680000,1320000,0,10680000,COD,PAID,DELIVERED,2026-04-25T16:43:09,2026-04-25T17:11:09,2026-04-26T03:43:09,2026-04-27T18:43:09,
ORD-251028-1280,CUST-0303,Lê Hồng Phương,0779981364,"89 Đường Tràng Tiền, Quận Thanh Xuân, TP. Hà Nội",Hà Nội,16490000,2010000,0,16490000,VNPAY,PAID,DELIVERED,2025-10-28T15:08:19,2025-10-28T15:31:19,2025-10-29T00:08:19,2025-10-31T16:08:19,
ORD-260121-1281,CUST-0015,Nguyễn Quang Khánh,0980812191,"257 Đường Xuân Thủy, Quận Hai Bà Trưng, TP. Hà Nội",Hà Nội,4490000,710000,30000,4520000,BANK_TRANSFER,PAID,DELIVERED,2026-01-21T10:19:39,2026-01-21T10:30:39,2026-01-22T02:19:39,2026-01-24T14:19:39,
ORD-260201-1282,CUST-0161,Hồ Lâm Phong,0860745171,"443 Đường Tràng Tiền, Quận Nam Từ Liêm, TP. Hà Nội",Hà Nội,4490000,510000,30000,4520000,BANK_TRANSFER,PAID,DELIVERED,2026-02-01T13:32:39,2026-02-01T14:01:39,2026-02-01T20:32:39,2026-02-02T15:32:39,
ORD-251125-1283,CUST-0324,Phan Hữu Khoa,0791472145,"219 Đường Mậu Thân, Quận Bình Thủy, TP. Cần Thơ",Cần Thơ,10480000,1220000,0,10480000,BANK_TRANSFER,PAID,DELIVERED,2025-11-25T10:15:02,2025-11-25T10:48:02,2025-11-25T15:15:02,2025-11-26T12:15:02,
ORD-260205-1284,CUST-0423,Trần Đức Tùng,0910867713,"299 Đường Kim Mã, Quận Thanh Xuân, TP. Hà Nội",Hà Nội,12990000,1510000,0,12990000,BANK_TRANSFER,PAID,DELIVERED,2026-02-05T15:40:10,2026-02-05T16:12:10,2026-02-05T18:40:10,2026-02-08T19:40:10,
ORD-250827-1285,CUST-0112,Đặng Vy Nhi,0985952694,"311 Đường Hùng Vương, Quận Ngũ Hành Sơn, TP. Đà Nẵng",Đà Nẵng,8980000,1420000,0,8980000,BANK_TRANSFER,PAID,DELIVERED,2025-08-27T16:18:49,2025-08-27T16:35:49,2025-08-28T07:18:49,2025-08-28T18:18:49,
ORD-260126-1286,CUST-0415,Đỗ Lâm Khánh,0867139155,"438 Đường Mậu Thân, Quận Bình Thủy, TP. Cần Thơ",Cần Thơ,12990000,1510000,0,12990000,BANK_TRANSFER,PAID,DELIVERED,2026-01-26T10:09:10,2026-01-26T10:39:10,2026-01-26T18:09:10,2026-01-29T10:09:10,
ORD-251026-1287,CUST-0121,Hồ Khánh Trinh,0853296685,"194 Đường Đại lộ Hòa Bình, Quận Bình Thủy, TP. Cần Thơ",Cần Thơ,4290000,710000,30000,4320000,COD,PAID,DELIVERED,2025-10-26T13:14:04,2025-10-26T13:43:04,2025-10-26T18:14:04,2025-10-28T13:14:04,
ORD-250830-1288,CUST-0343,Vũ Phương Linh,0772386562,"78 Đường Nguyễn Trãi, Quận Thanh Xuân, TP. Hà Nội",Hà Nội,1490000,310000,30000,1520000,BANK_TRANSFER,PAID,DELIVERED,2025-08-30T13:01:16,2025-08-30T13:12:16,2025-08-30T19:01:16,2025-09-02T15:01:16,
ORD-250910-1289,CUST-0490,Đặng Hữu Huy,0931115083,"261 Đường Tràng Tiền, Quận Hoàn Kiếm, TP. Hà Nội",Hà Nội,17880000,2320000,0,17880000,VNPAY,PAID,DELIVERED,2025-09-10T11:04:02,2025-09-10T11:42:02,2025-09-10T16:04:02,2025-09-11T15:04:02,
ORD-260221-1290,CUST-0472,Hồ Khánh Trinh,0938430894,"442 Đường Lạch Tray, Quận Ngô Quyền, TP. Hải Phòng",Hải Phòng,3290000,510000,30000,3320000,COD,PAID,DELIVERED,2026-02-21T17:28:55,2026-02-21T17:56:55,2026-02-22T08:28:55,2026-02-22T21:28:55,
ORD-251204-1291,CUST-0414,Hồ Thị Hoa,0915941651,"517 Đường Xuân Thủy, Quận Thanh Xuân, TP. Hà Nội",Hà Nội,6890000,610000,0,6890000,COD,PAID,DELIVERED,2025-12-04T12:52:32,2025-12-04T13:19:32,2025-12-05T02:52:32,2025-12-06T14:52:32,
ORD-260103-1292,CUST-0235,Ngô Ngọc Trang,0382003424,"307 Đường Lê Duẩn, Quận Thanh Khê, TP. Đà Nẵng",Đà Nẵng,10380000,1320000,0,10380000,VNPAY,PAID,DELIVERED,2026-01-03T15:17:50,2026-01-03T15:50:50,2026-01-04T01:17:50,2026-01-05T19:17:50,
ORD-260213-1293,CUST-0002,Hồ Khánh Vy,0935116155,"132 Đường Võ Nguyên Giáp, Quận Hải Châu, TP. Đà Nẵng",Đà Nẵng,4990000,510000,30000,5020000,VNPAY,PAID,DELIVERED,2026-02-13T18:25:47,2026-02-13T18:55:47,2026-02-14T05:25:47,2026-02-14T18:25:47,
ORD-251101-1294,CUST-0115,Phạm Ngọc Kiệt,0796527858,"257 Đường Nguyễn Văn Linh, Quận Ngũ Hành Sơn, TP. Đà Nẵng",Đà Nẵng,4490000,710000,30000,4520000,COD,PAID,DELIVERED,2025-11-01T22:44:41,2025-11-01T22:54:41,2025-11-02T01:44:41,2025-11-02T22:44:41,
ORD-250725-1295,CUST-0208,Lê Anh Tùng,0795524140,"231 Đường Điện Biên Phủ, Quận 10, TP. Hồ Chí Minh",Hồ Chí Minh,18480000,2720000,0,18480000,COD,PAID,DELIVERED,2025-07-25T14:06:10,2025-07-25T14:14:10,2025-07-26T00:06:10,2025-07-27T16:06:10,
ORD-250905-1296,CUST-0449,Trần Hồng Trúc,0973286326,"35 Đường Nguyễn Văn Cừ, Quận Cái Răng, TP. Cần Thơ",Cần Thơ,1490000,310000,30000,1520000,COD,PAID,DELIVERED,2025-09-05T17:37:52,2025-09-05T17:42:52,2025-09-06T02:37:52,2025-09-07T17:37:52,
ORD-251104-1297,CUST-0472,Hồ Khánh Trinh,0938430894,"442 Đường Lạch Tray, Quận Ngô Quyền, TP. Hải Phòng",Hải Phòng,3990000,510000,30000,4020000,BANK_TRANSFER,PAID,DELIVERED,2025-11-04T22:55:14,2025-11-04T23:12:14,2025-11-05T01:55:14,2025-11-07T02:55:14,
ORD-251115-1298,CUST-0227,Lê Quang Long,0900287721,"289 Đường Trần Hưng Đạo, Quận Thanh Khê, TP. Đà Nẵng",Đà Nẵng,17880000,2320000,0,17880000,COD,PAID,DELIVERED,2025-11-15T23:17:39,2025-11-15T23:44:39,2025-11-16T11:17:39,2025-11-19T02:17:39,
ORD-251123-1299,CUST-0156,Lê Phương Yến,0914785969,"365 Đường Lê Hồng Phong, Quận Hồng Bàng, TP. Hải Phòng",Hải Phòng,9180000,1120000,0,9180000,COD,PAID,DELIVERED,2025-11-23T22:23:10,2025-11-23T22:41:10,2025-11-24T07:23:10,2025-11-25T23:23:10,
ORD-260319-1300,CUST-0299,Đặng Trúc Hạnh,0865776004,"312 Đường Nguyễn Trãi, Quận Đống Đa, TP. Hà Nội",Hà Nội,11490000,1510000,0,11490000,BANK_TRANSFER,PAID,DELIVERED,2026-03-19T14:22:13,2026-03-19T14:56:13,2026-03-19T23:22:13,2026-03-20T17:22:13,
ORD-260115-1301,CUST-0445,Lê Vy Chi,0916743380,"167 Đường Trần Hưng Đạo, Quận Sơn Trà, TP. Đà Nẵng",Đà Nẵng,3690000,510000,30000,3720000,COD,PAID,DELIVERED,2026-01-15T18:09:17,2026-01-15T18:49:17,2026-01-16T07:09:17,2026-01-18T21:09:17,
ORD-250805-1302,CUST-0428,Võ Đình Hoàng,0384494856,"59 Đường Trần Văn Khéo, Quận Ninh Kiều, TP. Cần Thơ",Cần Thơ,15990000,2010000,0,15990000,COD,PAID,DELIVERED,2025-08-05T15:51:24,2025-08-05T16:11:24,2025-08-06T01:51:24,2025-08-08T16:51:24,
ORD-250812-1303,CUST-0470,Trần Phương Yến,0903045319,"510 Đường Nguyễn Văn Linh, Quận Thanh Khê, TP. Đà Nẵng",Đà Nẵng,2190000,310000,30000,2220000,VNPAY,PAID,DELIVERED,2025-08-12T22:27:00,2025-08-12T23:01:00,2025-08-13T04:27:00,2025-08-14T03:27:00,
ORD-260607-1304,CUST-0174,Hoàng Thành Phong,0903161799,"17 Đường Lê Duẩn, Quận Thanh Khê, TP. Đà Nẵng",Đà Nẵng,3180000,520000,30000,3210000,BANK_TRANSFER,PAID,DELIVERED,2026-06-07T20:35:39,2026-06-07T21:17:39,2026-06-08T12:35:39,2026-06-08T20:35:39,
ORD-260221-1305,CUST-0434,Lý Đức Hoàng,0851583776,"437 Đường Lê Duẩn, Quận Ngũ Hành Sơn, TP. Đà Nẵng",Đà Nẵng,4290000,710000,30000,4320000,COD,CANCELLED,CANCELLED,2026-02-21T11:42:08,2026-02-21T12:24:08,,,2026-02-21T16:42:08
ORD-260106-1306,CUST-0186,Nguyễn Vy Trúc,0387066253,"157 Đường Võ Nguyên Giáp, Quận Sơn Trà, TP. Đà Nẵng",Đà Nẵng,59480000,6020000,0,59480000,COD,PAID,DELIVERED,2026-01-06T20:41:03,2026-01-06T20:49:03,2026-01-07T00:41:03,2026-01-08T01:41:03,
ORD-250824-1307,CUST-0218,Hồ Quang Trung,0382575326,"221 Đường Chùa Bộc, Quận Thanh Xuân, TP. Hà Nội",Hà Nội,6490000,1010000,0,6490000,COD,PAID,DELIVERED,2025-08-24T16:50:16,2025-08-24T17:00:16,2025-08-25T01:50:16,2025-08-25T16:50:16,
ORD-260115-1308,CUST-0263,Võ Khánh Trinh,0976213721,"58 Đường Lê Hồng Phong, Quận Ngô Quyền, TP. Hải Phòng",Hải Phòng,25980000,3520000,0,25980000,COD,PAID,DELIVERED,2026-01-15T13:36:39,2026-01-15T13:54:39,2026-01-15T17:36:39,2026-01-16T15:36:39,
ORD-250802-1309,CUST-0486,Dương Thu Trinh,0773179128,"536 Đường Tô Hiệu, Quận Ngô Quyền, TP. Hải Phòng",Hải Phòng,5490000,510000,0,5490000,COD,PAID,DELIVERED,2025-08-02T23:54:57,2025-08-03T00:03:57,2025-08-03T17:54:57,2025-08-06T00:54:57,
ORD-250923-1310,CUST-0211,Đỗ Khánh Thảo,0854328309,"514 Đường Lê Duẩn, Quận Thanh Khê, TP. Đà Nẵng",Đà Nẵng,2490000,410000,30000,2520000,CREDIT_CARD,PAID,DELIVERED,2025-09-23T14:18:07,2025-09-23T14:37:07,2025-09-23T16:18:07,2025-09-24T15:18:07,
ORD-250802-1311,CUST-0354,Nguyễn Ngọc Sơn,0831119269,"306 Đường Phan Đăng Lưu, Quận 10, TP. Hồ Chí Minh",Hồ Chí Minh,8980000,1420000,0,8980000,BANK_TRANSFER,PAID,DELIVERED,2025-08-02T11:32:12,2025-08-02T12:06:12,2025-08-03T02:32:12,2025-08-04T11:32:12,
ORD-260223-1312,CUST-0342,Vũ Đình Dũng,0978008514,"330 Đường Tố Hữu, Quận Hai Bà Trưng, TP. Hà Nội",Hà Nội,2490000,410000,30000,2520000,VNPAY,PAID,DELIVERED,2026-02-23T23:08:50,2026-02-23T23:19:50,2026-02-24T06:08:50,2026-02-26T03:08:50,
ORD-250902-1313,CUST-0134,Hoàng Văn Sơn,0931739363,"482 Đường Võ Nguyên Giáp, Quận Sơn Trà, TP. Đà Nẵng",Đà Nẵng,11980000,1520000,0,11980000,COD,PAID,DELIVERED,2025-09-02T21:59:11,2025-09-02T22:37:11,2025-09-03T07:59:11,2025-09-04T02:59:11,
ORD-260421-1314,CUST-0447,Bùi Thành Dũng,0777119918,"215 Đường Xuân Thủy, Quận Hoàn Kiếm, TP. Hà Nội",Hà Nội,10680000,1320000,0,10680000,BANK_TRANSFER,PAID,DELIVERED,2026-04-21T20:14:14,2026-04-21T20:39:14,2026-04-22T13:14:14,2026-04-23T20:14:14,
ORD-251203-1315,CUST-0346,Lê Quang Huy,0778189137,"356 Đường Nguyễn Thị Minh Khai, Quận Gò Vấp, TP. Hồ Chí Minh",Hồ Chí Minh,1290000,210000,30000,1320000,BANK_TRANSFER,PAID,DELIVERED,2025-12-03T10:30:33,2025-12-03T10:44:33,2025-12-03T12:30:33,2025-12-06T15:30:33,
ORD-260219-1316,CUST-0489,Vũ Diệu Trúc,0977546027,"89 Đường Trần Hưng Đạo, Quận Hải Châu, TP. Đà Nẵng",Đà Nẵng,12990000,2010000,0,12990000,COD,PAID,DELIVERED,2026-02-19T09:11:56,2026-02-19T09:28:56,2026-02-19T21:11:56,2026-02-22T11:11:56,
ORD-250805-1317,CUST-0090,Nguyễn Mai Hương,0381530515,"488 Đường Kim Mã, Quận Cầu Giấy, TP. Hà Nội",Hà Nội,22990000,2010000,0,22990000,CREDIT_CARD,PAID,DELIVERED,2025-08-05T17:37:36,2025-08-05T18:18:36,2025-08-06T01:37:36,2025-08-08T19:37:36,
ORD-251224-1318,CUST-0162,Ngô Phương Hoa,0835849825,"278 Đường Hùng Vương, Quận Sơn Trà, TP. Đà Nẵng",Đà Nẵng,5280000,720000,0,5280000,COD,PAID,DELIVERED,2025-12-24T22:52:09,2025-12-24T23:27:09,2025-12-25T06:52:09,2025-12-27T01:52:09,
ORD-251111-1319,CUST-0202,Đỗ Thảo Vy,0834511686,"474 Đường Hùng Vương, Quận Sơn Trà, TP. Đà Nẵng",Đà Nẵng,16490000,2010000,0,16490000,VNPAY,PAID,DELIVERED,2025-11-11T10:35:18,2025-11-11T11:14:18,2025-11-11T13:35:18,2025-11-13T13:35:18,
ORD-250802-1320,CUST-0381,Lê Thị Hà,0832745238,"156 Đường Quang Trung, Quận Tân Bình, TP. Hồ Chí Minh",Hồ Chí Minh,11490000,1510000,0,11490000,BANK_TRANSFER,PAID,DELIVERED,2025-08-02T17:08:32,2025-08-02T17:46:32,2025-08-03T11:08:32,2025-08-03T17:08:32,
ORD-251113-1321,CUST-0118,Phạm Văn Nam,0385712082,"299 Đường Mậu Thân, Quận Cái Răng, TP. Cần Thơ",Cần Thơ,65980000,6520000,0,65980000,COD,PAID,DELIVERED,2025-11-13T19:18:34,2025-11-13T20:02:34,2025-11-14T11:18:34,2025-11-14T23:18:34,
ORD-251111-1322,CUST-0224,Lý Minh Trung,0981667467,"65 Đường Chùa Bộc, Quận Cầu Giấy, TP. Hà Nội",Hà Nội,9980000,1420000,0,9980000,COD,PAID,DELIVERED,2025-11-11T11:25:20,2025-11-11T11:31:20,2025-11-11T13:25:20,2025-11-13T11:25:20,
ORD-260208-1323,CUST-0394,Trần Trúc Mai,0910760310,"485 Đường Lạch Tray, Quận Lê Chân, TP. Hải Phòng",Hải Phòng,26480000,3020000,0,26480000,COD,PAID,DELIVERED,2026-02-08T09:56:11,2026-02-08T10:29:11,2026-02-08T15:56:11,2026-02-09T10:56:11,
ORD-250705-1324,CUST-0119,Lý Ngọc Tùng,0938026206,"43 Đường Kim Mã, Quận Hoàn Kiếm, TP. Hà Nội",Hà Nội,16490000,2010000,0,16490000,CREDIT_CARD,PAID,DELIVERED,2025-07-05T20:17:12,2025-07-05T20:58:12,2025-07-06T02:17:12,2025-07-08T20:17:12,
ORD-251119-1325,CUST-0447,Bùi Thành Dũng,0777119918,"215 Đường Xuân Thủy, Quận Hoàn Kiếm, TP. Hà Nội",Hà Nội,6490000,1010000,0,6490000,BANK_TRANSFER,PAID,DELIVERED,2025-11-19T11:27:53,2025-11-19T11:51:53,2025-11-19T13:27:53,2025-11-20T12:27:53,
ORD-251202-1326,CUST-0192,Trần Thảo Phương,0831545226,"183 Đường Nguyễn Văn Cừ, Quận Bình Thủy, TP. Cần Thơ",Cần Thơ,9280000,1220000,0,9280000,BANK_TRANSFER,PAID,DELIVERED,2025-12-02T14:37:29,2025-12-02T15:17:29,2025-12-02T16:37:29,2025-12-03T16:37:29,
ORD-250630-1327,CUST-0074,Dương Thảo Phương,0912018366,"324 Đường Trần Hưng Đạo, Quận Thanh Khê, TP. Đà Nẵng",Đà Nẵng,17480000,2020000,0,17480000,COD,PAID,DELIVERED,2025-06-30T00:08:18,2025-06-30T00:52:18,2025-06-30T15:08:18,2025-07-03T04:08:18,
ORD-260102-1328,CUST-0063,Bùi Thảo Vân,0913709859,"423 Đường Phan Đăng Lưu, Quận Phú Nhuận, TP. Hồ Chí Minh",Hồ Chí Minh,1290000,210000,30000,1320000,VNPAY,PAID,DELIVERED,2026-01-02T18:23:10,2026-01-02T19:03:10,2026-01-02T21:23:10,2026-01-04T22:23:10,
ORD-260115-1329,CUST-0234,Đỗ Thảo Vy,0852885158,"297 Đường Tô Hiệu, Quận Lê Chân, TP. Hải Phòng",Hải Phòng,3290000,510000,30000,3320000,BANK_TRANSFER,PAID,DELIVERED,2026-01-15T22:47:03,2026-01-15T23:13:03,2026-01-16T06:47:03,2026-01-19T00:47:03,
ORD-260107-1330,CUST-0045,Đỗ Phương Linh,0791206797,"294 Đường Phan Đăng Lưu, Quận Bình Thạnh, TP. Hồ Chí Minh",Hồ Chí Minh,12990000,2010000,0,12990000,COD,PAID,DELIVERED,2026-01-07T14:11:29,2026-01-07T14:44:29,2026-01-08T00:11:29,2026-01-10T18:11:29,
ORD-251218-1331,CUST-0011,Phạm Thị Hà,0918347382,"253 Đường Tô Hiệu, Quận Lê Chân, TP. Hải Phòng",Hải Phòng,4680000,620000,30000,4710000,BANK_TRANSFER,PAID,DELIVERED,2025-12-18T16:51:32,2025-12-18T17:00:32,2025-12-19T03:51:32,2025-12-19T17:51:32,
ORD-260527-1332,CUST-0492,Võ Vy Hạnh,0777515366,"388 Đường Đại lộ Hòa Bình, Quận Cái Răng, TP. Cần Thơ",Cần Thơ,4490000,710000,30000,4520000,CREDIT_CARD,PAID,DELIVERED,2026-05-27T20:36:26,2026-05-27T20:46:26,2026-05-28T01:36:26,2026-05-30T21:36:26,
ORD-250912-1333,CUST-0409,Dương Quốc Việt,0860496391,"73 Đường Lê Hồng Phong, Quận Ngô Quyền, TP. Hải Phòng",Hải Phòng,3390000,410000,30000,3420000,COD,PAID,DELIVERED,2025-09-12T18:48:21,2025-09-12T18:59:21,2025-09-12T22:48:21,2025-09-14T18:48:21,
ORD-250921-1334,CUST-0496,Võ Thu Trang,0985662128,"403 Đường Đại lộ Hòa Bình, Quận Bình Thủy, TP. Cần Thơ",Cần Thơ,1490000,310000,30000,1520000,COD,PAID,DELIVERED,2025-09-21T21:02:51,2025-09-21T21:14:51,2025-09-22T05:02:51,2025-09-23T00:02:51,
ORD-251209-1335,CUST-0398,Đặng Trúc Vân,0868015716,"459 Đường Nguyễn Văn Cừ, Quận Bình Thủy, TP. Cần Thơ",Cần Thơ,3990000,510000,30000,4020000,BANK_TRANSFER,PAID,DELIVERED,2025-12-09T22:12:17,2025-12-09T22:50:17,2025-12-10T07:12:17,2025-12-11T03:12:17,
ORD-251202-1336,CUST-0144,Trần Đình Phong,0911426265,"320 Đường Nguyễn Thị Minh Khai, Quận 3, TP. Hồ Chí Minh",Hồ Chí Minh,9490000,1510000,0,9490000,BANK_TRANSFER,PAID,DELIVERED,2025-12-02T19:47:15,2025-12-02T20:30:15,2025-12-03T01:47:15,2025-12-04T19:47:15,
ORD-251130-1337,CUST-0357,Bùi Lâm Bách,0907200642,"8 Đường Hùng Vương, Quận Ngũ Hành Sơn, TP. Đà Nẵng",Đà Nẵng,5480000,920000,0,5480000,MOMO,PAID,DELIVERED,2025-11-30T21:54:54,2025-11-30T22:21:54,2025-12-01T03:54:54,2025-12-03T23:54:54,
ORD-250930-1338,CUST-0204,Vũ Duy Long,0770246299,"344 Đường Trần Văn Khéo, Quận Ninh Kiều, TP. Cần Thơ",Cần Thơ,1890000,310000,30000,1920000,COD,PAID,DELIVERED,2025-09-30T16:49:16,2025-09-30T17:30:16,2025-09-30T18:49:16,2025-10-03T16:49:16,
ORD-260125-1339,CUST-0301,Phạm Khánh Lan,0836931572,"43 Đường Lê Hồng Phong, Quận Hồng Bàng, TP. Hải Phòng",Hải Phòng,3290000,510000,30000,3320000,COD,PAID,DELIVERED,2026-01-25T23:54:50,2026-01-26T00:15:50,2026-01-26T10:54:50,2026-01-27T23:54:50,
ORD-251125-1340,CUST-0232,Lê Văn Khánh,0908697829,"334 Đường Tố Hữu, Quận Cầu Giấy, TP. Hà Nội",Hà Nội,4780000,720000,30000,4810000,COD,PAID,DELIVERED,2025-11-25T20:47:27,2025-11-25T21:20:27,2025-11-26T09:47:27,2025-11-28T20:47:27,
ORD-251227-1341,CUST-0128,Dương Thị Ngọc,0778686337,"37 Đường Xuân Thủy, Quận Hoàn Kiếm, TP. Hà Nội",Hà Nội,2490000,410000,30000,2520000,VNPAY,PAID,DELIVERED,2025-12-27T22:13:58,2025-12-27T22:21:58,2025-12-28T14:13:58,2025-12-31T03:13:58,
ORD-251101-1342,CUST-0187,Đỗ Diệu Hạnh,0770146263,"396 Đường Lạch Tray, Quận Hồng Bàng, TP. Hải Phòng",Hải Phòng,14480000,1820000,0,14480000,BANK_TRANSFER,PAID,DELIVERED,2025-11-01T11:43:31,2025-11-01T12:07:31,2025-11-01T19:43:31,2025-11-03T16:43:31,
ORD-250711-1343,CUST-0334,Hoàng Vy Hạnh,0791385854,"77 Đường Nguyễn Văn Linh, Quận Thanh Khê, TP. Đà Nẵng",Đà Nẵng,2490000,410000,30000,2520000,COD,PAID,DELIVERED,2025-07-11T18:29:29,2025-07-11T18:35:29,2025-07-11T20:29:29,2025-07-13T22:29:29,
ORD-260331-1344,CUST-0299,Đặng Trúc Hạnh,0865776004,"312 Đường Nguyễn Trãi, Quận Đống Đa, TP. Hà Nội",Hà Nội,16480000,1920000,0,16480000,BANK_TRANSFER,PAID,DELIVERED,2026-03-31T10:45:32,2026-03-31T11:27:32,2026-03-31T22:45:32,2026-04-01T14:45:32,
ORD-260109-1345,CUST-0045,Đỗ Phương Linh,0791206797,"294 Đường Phan Đăng Lưu, Quận Bình Thạnh, TP. Hồ Chí Minh",Hồ Chí Minh,11490000,1510000,0,11490000,BANK_TRANSFER,PAID,DELIVERED,2026-01-09T15:20:44,2026-01-09T15:41:44,2026-01-09T18:20:44,2026-01-10T16:20:44,
ORD-260121-1346,CUST-0138,Bùi Duy Kiệt,0857008860,"298 Đường Lê Hồng Phong, Quận Lê Chân, TP. Hải Phòng",Hải Phòng,4490000,510000,30000,4520000,COD,PAID,DELIVERED,2026-01-21T17:56:02,2026-01-21T18:29:02,2026-01-21T20:56:02,2026-01-22T17:56:02,
ORD-260211-1347,CUST-0241,Nguyễn Minh Anh,0916484085,"49 Đường Tô Hiệu, Quận Ngô Quyền, TP. Hải Phòng",Hải Phòng,3990000,510000,30000,4020000,BANK_TRANSFER,PAID,DELIVERED,2026-02-11T14:19:16,2026-02-11T14:49:16,2026-02-11T19:19:16,2026-02-12T14:19:16,
ORD-250729-1348,CUST-0475,Bùi Minh Huy,0931735058,"462 Đường Lê Lợi, Quận Phú Nhuận, TP. Hồ Chí Minh",Hồ Chí Minh,8980000,920000,0,8980000,BANK_TRANSFER,PAID,DELIVERED,2025-07-29T18:48:50,2025-07-29T18:59:50,2025-07-30T00:48:50,2025-07-30T19:48:50,
ORD-251204-1349,CUST-0187,Đỗ Diệu Hạnh,0770146263,"396 Đường Lạch Tray, Quận Hồng Bàng, TP. Hải Phòng",Hải Phòng,15180000,1820000,0,15180000,COD,PAID,DELIVERED,2025-12-04T14:44:22,2025-12-04T15:10:22,2025-12-05T02:44:22,2025-12-05T15:44:22,
ORD-250917-1350,CUST-0004,Lê Phương Thảo,0851928327,"62 Đường Trần Hưng Đạo, Quận Thanh Khê, TP. Đà Nẵng",Đà Nẵng,4980000,720000,30000,5010000,VNPAY,PAID,DELIVERED,2025-09-17T18:59:50,2025-09-17T19:16:50,2025-09-17T21:59:50,2025-09-19T23:59:50,
ORD-260214-1351,CUST-0356,Võ Quốc Long,0382712863,"110 Đường Phan Đăng Lưu, Quận Phú Nhuận, TP. Hồ Chí Minh",Hồ Chí Minh,3990000,510000,30000,4020000,MOMO,PAID,DELIVERED,2026-02-14T13:42:52,2026-02-14T13:58:52,2026-02-14T19:42:52,2026-02-15T17:42:52,
ORD-251026-1352,CUST-0347,Võ Linh Trinh,0976544209,"489 Đường Lê Duẩn, Quận Sơn Trà, TP. Đà Nẵng",Đà Nẵng,18980000,2220000,0,18980000,VNPAY,PAID,DELIVERED,2025-10-26T19:21:43,2025-10-26T19:42:43,2025-10-27T06:21:43,2025-10-29T19:21:43,
ORD-260422-1353,CUST-0468,Lý Minh Huy,0774355379,"492 Đường Nguyễn Thị Minh Khai, Quận 10, TP. Hồ Chí Minh",Hồ Chí Minh,26480000,2420000,0,26480000,BANK_TRANSFER,PAID,DELIVERED,2026-04-22T19:35:41,2026-04-22T19:44:41,2026-04-23T02:35:41,2026-04-25T22:35:41,
ORD-251229-1354,CUST-0436,Đỗ Quốc Khánh,0384908108,"101 Đường Tô Hiệu, Quận Ngô Quyền, TP. Hải Phòng",Hải Phòng,13490000,1510000,0,13490000,COD,PAID,DELIVERED,2025-12-29T15:10:11,2025-12-29T15:24:11,2025-12-30T09:10:11,2025-12-30T20:10:11,
ORD-260109-1355,CUST-0094,Hồ Trúc Lan,0973195205,"495 Đường Võ Nguyên Giáp, Quận Thanh Khê, TP. Đà Nẵng",Đà Nẵng,1290000,210000,30000,1320000,MOMO,PAID,DELIVERED,2026-01-09T16:31:47,2026-01-09T16:39:47,2026-01-10T06:31:47,2026-01-10T17:31:47,
ORD-250828-1356,CUST-0426,Phan Anh Hoàng,0839004896,"140 Đường Nguyễn Văn Cừ, Quận Bình Thủy, TP. Cần Thơ",Cần Thơ,1490000,310000,30000,1520000,COD,PAID,DELIVERED,2025-08-28T21:16:26,2025-08-28T21:38:26,2025-08-29T14:16:26,2025-08-30T21:16:26,
ORD-260204-1357,CUST-0420,Đỗ Ngọc Bách,0852063459,"533 Đường Điện Biên Phủ, Quận 10, TP. Hồ Chí Minh",Hồ Chí Minh,52990000,5010000,0,52990000,COD,PAID,DELIVERED,2026-02-04T18:16:58,2026-02-04T18:56:58,2026-02-05T10:16:58,2026-02-07T20:16:58,
ORD-250918-1358,CUST-0464,Nguyễn Trúc Anh,0833788614,"421 Đường Hùng Vương, Quận Ngũ Hành Sơn, TP. Đà Nẵng",Đà Nẵng,5490000,510000,0,5490000,BANK_TRANSFER,PAID,DELIVERED,2025-09-18T14:51:44,2025-09-18T14:59:44,2025-09-19T05:51:44,2025-09-19T15:51:44,
ORD-260401-1359,CUST-0489,Vũ Diệu Trúc,0977546027,"89 Đường Trần Hưng Đạo, Quận Hải Châu, TP. Đà Nẵng",Đà Nẵng,12990000,2010000,0,12990000,COD,PAID,DELIVERED,2026-04-01T08:38:08,2026-04-01T09:07:08,2026-04-01T18:38:08,2026-04-02T11:38:08,
ORD-251010-1360,CUST-0101,Dương Quỳnh Yến,0915518844,"525 Đường Tràng Tiền, Quận Nam Từ Liêm, TP. Hà Nội",Hà Nội,17280000,2720000,0,17280000,VNPAY,PAID,DELIVERED,2025-10-10T15:27:02,2025-10-10T15:36:02,2025-10-11T05:27:02,2025-10-12T17:27:02,
ORD-260205-1361,CUST-0074,Dương Thảo Phương,0912018366,"324 Đường Trần Hưng Đạo, Quận Thanh Khê, TP. Đà Nẵng",Đà Nẵng,15990000,2010000,0,15990000,VNPAY,PAID,DELIVERED,2026-02-05T18:15:23,2026-02-05T18:25:23,2026-02-05T22:15:23,2026-02-08T22:15:23,
ORD-250925-1362,CUST-0011,Phạm Thị Hà,0918347382,"253 Đường Tô Hiệu, Quận Lê Chân, TP. Hải Phòng",Hải Phòng,14480000,2320000,0,14480000,MOMO,PAID,DELIVERED,2025-09-25T22:07:30,2025-09-25T22:35:30,2025-09-26T05:07:30,2025-09-27T01:07:30,
ORD-260124-1363,CUST-0242,Phan Hữu Hải,0798013361,"78 Đường Tô Hiệu, Quận Lê Chân, TP. Hải Phòng",Hải Phòng,3390000,410000,30000,3420000,BANK_TRANSFER,PAID,DELIVERED,2026-01-24T11:27:35,2026-01-24T11:41:35,2026-01-24T22:27:35,2026-01-26T11:27:35,
ORD-260516-1364,CUST-0499,Vũ Lâm Hải,0383296762,"49 Đường Tô Hiệu, Quận Hồng Bàng, TP. Hải Phòng",Hải Phòng,15680000,1820000,0,15680000,BANK_TRANSFER,PAID,DELIVERED,2026-05-16T22:36:59,2026-05-16T23:04:59,2026-05-17T00:36:59,2026-05-19T23:36:59,
ORD-251020-1365,CUST-0290,Nguyễn Duy Kiệt,0832513271,"66 Đường Lạch Tray, Quận Ngô Quyền, TP. Hải Phòng",Hải Phòng,52990000,5010000,0,52990000,COD,PAID,DELIVERED,2025-10-20T19:40:14,2025-10-20T19:56:14,2025-10-21T12:40:14,2025-10-22T23:40:14,
ORD-251231-1366,CUST-0138,Bùi Duy Kiệt,0857008860,"298 Đường Lê Hồng Phong, Quận Lê Chân, TP. Hải Phòng",Hải Phòng,3390000,410000,30000,3420000,COD,PAID,DELIVERED,2025-12-31T21:27:20,2025-12-31T21:42:20,2026-01-01T10:27:20,2026-01-02T00:27:20,
ORD-260207-1367,CUST-0391,Hoàng Thành Hoàng,0918952028,"353 Đường Võ Nguyên Giáp, Quận Ngũ Hành Sơn, TP. Đà Nẵng",Đà Nẵng,4490000,510000,30000,4520000,COD,PAID,DELIVERED,2026-02-07T10:18:05,2026-02-07T10:41:05,2026-02-07T13:18:05,2026-02-10T12:18:05,
ORD-250810-1368,CUST-0123,Hoàng Thảo Nhi,0861459332,"430 Đường Tràng Tiền, Quận Hai Bà Trưng, TP. Hà Nội",Hà Nội,3990000,510000,30000,4020000,BANK_TRANSFER,PAID,DELIVERED,2025-08-10T21:50:27,2025-08-10T22:23:27,2025-08-11T11:50:27,2025-08-13T21:50:27,
ORD-260107-1369,CUST-0393,Hồ Linh Anh,0795240132,"319 Đường Bà Triệu, Quận Hoàn Kiếm, TP. Hà Nội",Hà Nội,990000,210000,30000,1020000,BANK_TRANSFER,PAID,DELIVERED,2026-01-07T19:51:50,2026-01-07T20:21:50,2026-01-08T13:51:50,2026-01-10T19:51:50,
ORD-251229-1370,CUST-0314,Phan Trúc Chi,0988975267,"236 Đường Bà Triệu, Quận Thanh Xuân, TP. Hà Nội",Hà Nội,2190000,310000,30000,2220000,COD,PAID,DELIVERED,2025-12-29T10:47:02,2025-12-29T11:31:02,2025-12-30T01:47:02,2025-12-30T11:47:02,
ORD-250821-1371,CUST-0163,Lý Hữu Minh,0380422325,"280 Đường Mậu Thân, Quận Cái Răng, TP. Cần Thơ",Cần Thơ,990000,210000,30000,1020000,BANK_TRANSFER,PAID,DELIVERED,2025-08-21T21:05:44,2025-08-21T21:14:44,2025-08-22T07:05:44,2025-08-24T02:05:44,
ORD-250909-1372,CUST-0313,Hồ Mai Trúc,0384742312,"242 Đường Điện Biên Phủ, Quận Gò Vấp, TP. Hồ Chí Minh",Hồ Chí Minh,3490000,410000,30000,3520000,BANK_TRANSFER,PAID,DELIVERED,2025-09-09T19:38:14,2025-09-09T19:50:14,2025-09-10T13:38:14,2025-09-12T20:38:14,
ORD-250629-1373,CUST-0371,Phạm Duy Hải,0859298316,"478 Đường Trần Văn Khéo, Quận Ninh Kiều, TP. Cần Thơ",Cần Thơ,3690000,510000,30000,3720000,VNPAY,PAID,DELIVERED,2025-06-29T11:59:54,2025-06-29T12:20:54,2025-06-29T17:59:54,2025-07-01T15:59:54,
ORD-260412-1374,CUST-0340,Dương Khánh Phương,0919196570,"5 Đường Chùa Bộc, Quận Nam Từ Liêm, TP. Hà Nội",Hà Nội,990000,210000,30000,1020000,MOMO,PAID,DELIVERED,2026-04-12T21:18:34,2026-04-12T21:58:34,2026-04-13T02:18:34,2026-04-16T01:18:34,
ORD-260126-1375,CUST-0438,Bùi Minh Hải,0932194168,"18 Đường Lê Lợi, Thành phố Thủ Đức, TP. Hồ Chí Minh",Hồ Chí Minh,3290000,510000,30000,3320000,COD,PAID,DELIVERED,2026-01-26T18:38:46,2026-01-26T19:20:46,2026-01-27T03:38:46,2026-01-28T18:38:46,
ORD-260210-1376,CUST-0471,Hoàng Hồng Anh,0930361498,"184 Đường Bà Triệu, Quận Ba Đình, TP. Hà Nội",Hà Nội,19280000,2520000,0,19280000,BANK_TRANSFER,PAID,DELIVERED,2026-02-10T23:56:11,2026-02-11T00:35:11,2026-02-11T02:56:11,2026-02-13T01:56:11,
ORD-251103-1377,CUST-0217,Phạm Thị Hương,0935421689,"310 Đường Nguyễn Trãi, Quận Cầu Giấy, TP. Hà Nội",Hà Nội,6490000,1010000,0,6490000,CREDIT_CARD,PAID,DELIVERED,2025-11-03T20:39:58,2025-11-03T21:17:58,2025-11-04T12:39:58,2025-11-05T22:39:58,
ORD-260219-1378,CUST-0263,Võ Khánh Trinh,0976213721,"58 Đường Lê Hồng Phong, Quận Ngô Quyền, TP. Hải Phòng",Hải Phòng,2490000,310000,30000,2520000,CREDIT_CARD,REFUNDED,CANCELLED,2026-02-19T09:39:59,2026-02-19T09:44:59,,,2026-02-20T08:39:59
ORD-250815-1379,CUST-0169,Trần Văn Long,0852753269,"107 Đường Đại lộ Hòa Bình, Quận Ninh Kiều, TP. Cần Thơ",Cần Thơ,2490000,310000,30000,2520000,COD,PAID,DELIVERED,2025-08-15T18:21:42,2025-08-15T18:41:42,2025-08-16T12:21:42,2025-08-18T18:21:42,
ORD-250922-1380,CUST-0431,Ngô Ngọc Hà,0904165915,"496 Đường Võ Văn Tần, Quận 3, TP. Hồ Chí Minh",Hồ Chí Minh,5490000,510000,0,5490000,MOMO,PAID,DELIVERED,2025-09-22T12:38:15,2025-09-22T13:06:15,2025-09-23T03:38:15,2025-09-25T15:38:15,
ORD-260217-1381,CUST-0360,Hồ Thị Giang,0909376184,"42 Đường Lạch Tray, Quận Ngô Quyền, TP. Hải Phòng",Hải Phòng,7780000,820000,0,7780000,BANK_TRANSFER,PAID,DELIVERED,2026-02-17T08:51:29,2026-02-17T09:16:29,2026-02-17T17:51:29,2026-02-18T11:51:29,
ORD-260212-1382,CUST-0124,Ngô Ngọc Sơn,0939187851,"158 Đường Điện Biên Phủ, Quận 1, TP. Hồ Chí Minh",Hồ Chí Minh,4490000,710000,30000,4520000,BANK_TRANSFER,PAID,DELIVERED,2026-02-12T20:43:11,2026-02-12T20:58:11,2026-02-13T07:43:11,2026-02-14T23:43:11,
ORD-260427-1383,CUST-0215,Phan Vy Yến,0985217525,"285 Đường Võ Văn Tần, Quận 1, TP. Hồ Chí Minh",Hồ Chí Minh,57280000,5720000,0,57280000,BANK_TRANSFER,PAID,DELIVERED,2026-04-27T08:34:44,2026-04-27T08:42:44,2026-04-27T22:34:44,2026-04-29T08:34:44,
ORD-250930-1384,CUST-0170,Bùi Minh Khoa,0972341389,"313 Đường Lạch Tray, Quận Ngô Quyền, TP. Hải Phòng",Hải Phòng,15990000,2010000,0,15990000,COD,PAID,DELIVERED,2025-09-30T11:27:20,2025-09-30T12:12:20,2025-10-01T05:27:20,2025-10-01T13:27:20,
ORD-250916-1385,CUST-0469,Đỗ Thu Chi,0388118071,"401 Đường Nguyễn Văn Cừ, Quận Bình Thủy, TP. Cần Thơ",Cần Thơ,8380000,1320000,0,8380000,MOMO,PAID,DELIVERED,2025-09-16T16:58:59,2025-09-16T17:41:59,2025-09-17T10:58:59,2025-09-18T17:58:59,
ORD-251102-1386,CUST-0147,Vũ Trúc Lan,0974379937,"410 Đường Nguyễn Trãi, Quận Đống Đa, TP. Hà Nội",Hà Nội,24280000,2220000,0,24280000,BANK_TRANSFER,PAID,DELIVERED,2025-11-02T12:02:15,2025-11-02T12:36:15,2025-11-02T16:02:15,2025-11-05T13:02:15,
ORD-251110-1387,CUST-0445,Lê Vy Chi,0916743380,"167 Đường Trần Hưng Đạo, Quận Sơn Trà, TP. Đà Nẵng",Đà Nẵng,2190000,310000,30000,2220000,COD,PAID,DELIVERED,2025-11-10T16:18:08,2025-11-10T16:57:08,2025-11-11T04:18:08,2025-11-11T19:18:08,
ORD-251208-1388,CUST-0379,Hoàng Thị Hương,0795695579,"316 Đường Tô Hiệu, Quận Ngô Quyền, TP. Hải Phòng",Hải Phòng,3390000,410000,30000,3420000,VNPAY,PAID,DELIVERED,2025-12-08T19:09:00,2025-12-08T19:42:00,2025-12-08T23:09:00,2025-12-11T19:09:00,
ORD-260226-1389,CUST-0117,Hoàng Hồng Lan,0977473384,"250 Đường Lê Duẩn, Quận Thanh Khê, TP. Đà Nẵng",Đà Nẵng,990000,210000,30000,1020000,COD,PAID,DELIVERED,2026-02-26T17:52:55,2026-02-26T18:24:55,2026-02-27T00:52:55,2026-02-27T22:52:55,
ORD-260601-1390,CUST-0256,Đỗ Phương Trinh,0986030299,"155 Đường Nguyễn Trãi, Quận Hoàn Kiếm, TP. Hà Nội",Hà Nội,16490000,2010000,0,16490000,COD,PAID,DELIVERED,2026-06-01T12:21:33,2026-06-01T12:55:33,2026-06-01T21:21:33,2026-06-04T17:21:33,
ORD-250911-1391,CUST-0088,Lý Minh Tùng,0777468862,"58 Đường Lê Hồng Phong, Quận Hồng Bàng, TP. Hải Phòng",Hải Phòng,1290000,210000,30000,1320000,COD,PAID,DELIVERED,2025-09-11T22:28:59,2025-09-11T22:42:59,2025-09-12T10:28:59,2025-09-14T00:28:59,
ORD-250814-1392,CUST-0267,Phạm Quốc Bách,0389042681,"124 Đường Quang Trung, Quận Gò Vấp, TP. Hồ Chí Minh",Hồ Chí Minh,990000,210000,30000,1020000,COD,PAID,DELIVERED,2025-08-14T18:14:37,2025-08-14T18:45:37,2025-08-15T11:14:37,2025-08-17T22:14:37,
ORD-250825-1393,CUST-0185,Lê Diệu Vân,0851994101,"344 Đường Đại lộ Hòa Bình, Quận Ninh Kiều, TP. Cần Thơ",Cần Thơ,22990000,2010000,0,22990000,VNPAY,PAID,DELIVERED,2025-08-25T20:18:25,2025-08-25T20:44:25,2025-08-26T10:18:25,2025-08-28T20:18:25,
ORD-260204-1394,CUST-0264,Ngô Quỳnh Chi,0836114351,"63 Đường Nguyễn Văn Cừ, Quận Cái Răng, TP. Cần Thơ",Cần Thơ,59480000,6020000,0,59480000,MOMO,PAID,DELIVERED,2026-02-04T14:47:14,2026-02-04T15:02:14,2026-02-05T01:47:14,2026-02-07T18:47:14,
ORD-251115-1395,CUST-0015,Nguyễn Quang Khánh,0980812191,"257 Đường Xuân Thủy, Quận Hai Bà Trưng, TP. Hà Nội",Hà Nội,2490000,310000,30000,2520000,COD,PAID,DELIVERED,2025-11-15T11:39:16,2025-11-15T11:54:16,2025-11-16T02:39:16,2025-11-17T11:39:16,
ORD-250908-1396,CUST-0326,Đặng Anh Kiệt,0989343010,"428 Đường Nguyễn Kiệm, Quận Bình Thạnh, TP. Hồ Chí Minh",Hồ Chí Minh,22990000,2010000,0,22990000,COD,PAID,DELIVERED,2025-09-08T10:05:08,2025-09-08T10:42:08,2025-09-08T12:05:08,2025-09-11T10:05:08,
ORD-251209-1397,CUST-0256,Đỗ Phương Trinh,0986030299,"155 Đường Nguyễn Trãi, Quận Hoàn Kiếm, TP. Hà Nội",Hà Nội,3490000,410000,30000,3520000,BANK_TRANSFER,PAID,DELIVERED,2025-12-09T11:22:27,2025-12-09T11:31:27,2025-12-09T14:22:27,2025-12-12T16:22:27,
ORD-260228-1398,CUST-0188,Võ Anh Hoàng,0838564205,"64 Đường Kim Mã, Quận Cầu Giấy, TP. Hà Nội",Hà Nội,10380000,1320000,0,10380000,BANK_TRANSFER,PAID,DELIVERED,2026-02-28T12:51:12,2026-02-28T13:27:12,2026-02-28T19:51:12,2026-03-03T15:51:12,
ORD-251111-1399,CUST-0312,Bùi Lâm Sơn,0984826292,"330 Đường 3 Tháng 2, Quận 3, TP. Hồ Chí Minh",Hồ Chí Minh,4490000,510000,30000,4520000,COD,CANCELLED,CANCELLED,2025-11-11T13:44:58,2025-11-11T14:10:58,,,2025-11-12T09:44:58
ORD-251212-1400,CUST-0292,Hồ Khánh Hạnh,0773928557,"75 Đường Trần Hưng Đạo, Quận Lê Chân, TP. Hải Phòng",Hải Phòng,2490000,410000,30000,2520000,BANK_TRANSFER,PAID,DELIVERED,2025-12-12T04:21:20,2025-12-12T05:06:20,2025-12-12T08:21:20,2025-12-14T04:21:20,
ORD-250906-1401,CUST-0449,Trần Hồng Trúc,0973286326,"35 Đường Nguyễn Văn Cừ, Quận Cái Răng, TP. Cần Thơ",Cần Thơ,2480000,520000,30000,2510000,MOMO,PAID,DELIVERED,2025-09-06T13:10:44,2025-09-06T13:44:44,2025-09-07T07:10:44,2025-09-09T17:10:44,
ORD-250621-1402,CUST-0050,Dương Văn Duy,0776038597,"278 Đường Mậu Thân, Quận Ninh Kiều, TP. Cần Thơ",Cần Thơ,3490000,410000,30000,3520000,VNPAY,PAID,DELIVERED,2025-06-21T12:58:23,2025-06-21T13:05:23,2025-06-21T18:58:23,2025-06-23T17:58:23,
ORD-260205-1403,CUST-0452,Ngô Khánh Lan,0908562884,"168 Đường Quang Trung, Quận Gò Vấp, TP. Hồ Chí Minh",Hồ Chí Minh,13490000,1510000,0,13490000,BANK_TRANSFER,PAID,DELIVERED,2026-02-05T05:46:49,2026-02-05T06:06:49,2026-02-05T12:46:49,2026-02-08T05:46:49,
ORD-260124-1404,CUST-0450,Hồ Hữu Tuấn,0975626060,"537 Đường Nguyễn Trãi, Quận Ba Đình, TP. Hà Nội",Hà Nội,22990000,2010000,0,22990000,VNPAY,PAID,DELIVERED,2026-01-24T18:37:12,2026-01-24T18:43:12,2026-01-25T04:37:12,2026-01-25T19:37:12,
ORD-251216-1405,CUST-0422,Dương Quốc Hùng,0908931734,"444 Đường Tố Hữu, Quận Cầu Giấy, TP. Hà Nội",Hà Nội,3990000,510000,30000,4020000,COD,PAID,DELIVERED,2025-12-16T18:22:30,2025-12-16T18:57:30,2025-12-17T04:22:30,2025-12-17T19:22:30,
ORD-260402-1406,CUST-0463,Hoàng Ngọc Hải,0909520046,"336 Đường Võ Nguyên Giáp, Quận Thanh Khê, TP. Đà Nẵng",Đà Nẵng,11490000,1510000,0,11490000,COD,PAID,DELIVERED,2026-04-02T14:05:35,2026-04-02T14:24:35,2026-04-03T00:05:35,2026-04-05T19:05:35,
ORD-250630-1407,CUST-0104,Dương Quỳnh Ngọc,0982535841,"133 Đường Kim Mã, Quận Hoàn Kiếm, TP. Hà Nội",Hà Nội,7980000,1120000,0,7980000,COD,PAID,DELIVERED,2025-06-30T15:34:26,2025-06-30T15:46:26,2025-06-30T21:34:26,2025-07-01T16:34:26,
ORD-260503-1408,CUST-0021,Lý Thảo Hương,0851586923,"188 Đường Nguyễn Trãi, Quận Hai Bà Trưng, TP. Hà Nội",Hà Nội,10480000,1720000,0,10480000,BANK_TRANSFER,PAID,DELIVERED,2026-05-03T21:35:02,2026-05-03T22:13:02,2026-05-04T01:35:02,2026-05-07T00:35:02,
ORD-250821-1409,CUST-0097,Hoàng Thành Khoa,0916928451,"461 Đường Trần Hưng Đạo, Quận Sơn Trà, TP. Đà Nẵng",Đà Nẵng,25980000,3520000,0,25980000,BANK_TRANSFER,PAID,DELIVERED,2025-08-21T10:42:13,2025-08-21T10:53:13,2025-08-22T02:42:13,2025-08-22T11:42:13,
ORD-260507-1410,CUST-0499,Vũ Lâm Hải,0383296762,"49 Đường Tô Hiệu, Quận Hồng Bàng, TP. Hải Phòng",Hải Phòng,6490000,1010000,0,6490000,BANK_TRANSFER,PAID,DELIVERED,2026-05-07T17:44:35,2026-05-07T18:19:35,2026-05-08T04:44:35,2026-05-08T19:44:35,
ORD-260217-1411,CUST-0058,Bùi Anh Tùng,0983747407,"358 Đường Trần Duy Hưng, Quận Cầu Giấy, TP. Hà Nội",Hà Nội,1890000,310000,30000,1920000,COD,PAID,DELIVERED,2026-02-17T20:01:48,2026-02-17T20:29:48,2026-02-18T11:01:48,2026-02-18T23:01:48,
ORD-251201-1412,CUST-0244,Phan Thảo Mai,0790919015,"93 Đường Phan Đăng Lưu, Quận Gò Vấp, TP. Hồ Chí Minh",Hồ Chí Minh,8180000,1020000,0,8180000,BANK_TRANSFER,PAID,DELIVERED,2025-12-01T20:31:29,2025-12-01T20:45:29,2025-12-02T05:31:29,2025-12-02T23:31:29,
ORD-260511-1413,CUST-0428,Võ Đình Hoàng,0384494856,"59 Đường Trần Văn Khéo, Quận Ninh Kiều, TP. Cần Thơ",Cần Thơ,3490000,410000,30000,3520000,BANK_TRANSFER,PAID,DELIVERED,2026-05-11T22:42:47,2026-05-11T23:15:47,2026-05-12T00:42:47,2026-05-13T02:42:47,
ORD-251114-1414,CUST-0031,Hồ Diệu Trúc,0978760366,"11 Đường Võ Văn Tần, Thành phố Thủ Đức, TP. Hồ Chí Minh",Hồ Chí Minh,12990000,2010000,0,12990000,VNPAY,PAID,DELIVERED,2025-11-14T15:00:22,2025-11-14T15:30:22,2025-11-15T05:00:22,2025-11-17T19:00:22,
ORD-260213-1415,CUST-0393,Hồ Linh Anh,0795240132,"319 Đường Bà Triệu, Quận Hoàn Kiếm, TP. Hà Nội",Hà Nội,4480000,620000,30000,4510000,VNPAY,PAID,DELIVERED,2026-02-13T15:01:31,2026-02-13T15:43:31,2026-02-14T08:01:31,2026-02-14T17:01:31,
ORD-260301-1416,CUST-0094,Hồ Trúc Lan,0973195205,"495 Đường Võ Nguyên Giáp, Quận Thanh Khê, TP. Đà Nẵng",Đà Nẵng,4990000,510000,30000,5020000,BANK_TRANSFER,PAID,DELIVERED,2026-03-01T21:51:48,2026-03-01T22:29:48,2026-03-02T05:51:48,2026-03-05T02:51:48,
ORD-250816-1417,CUST-0172,Phan Đức Kiệt,0910910430,"518 Đường Nguyễn Văn Cừ, Quận Bình Thủy, TP. Cần Thơ",Cần Thơ,7780000,1120000,0,7780000,COD,PAID,DELIVERED,2025-08-16T21:31:11,2025-08-16T21:59:11,2025-08-17T09:31:11,2025-08-19T23:31:11,
ORD-260111-1418,CUST-0458,Nguyễn Đức Tùng,0380443270,"50 Đường Lạch Tray, Quận Ngô Quyền, TP. Hải Phòng",Hải Phòng,12990000,1510000,0,12990000,COD,PAID,DELIVERED,2026-01-11T10:48:15,2026-01-11T11:29:15,2026-01-11T18:48:15,2026-01-12T11:48:15,
ORD-250629-1419,CUST-0133,Dương Thu Giang,0904699013,"218 Đường Tô Hiệu, Quận Hồng Bàng, TP. Hải Phòng",Hải Phòng,7380000,820000,0,7380000,BANK_TRANSFER,PAID,DELIVERED,2025-06-29T11:23:33,2025-06-29T11:45:33,2025-06-29T16:23:33,2025-07-01T12:23:33,
ORD-251225-1420,CUST-0117,Hoàng Hồng Lan,0977473384,"250 Đường Lê Duẩn, Quận Thanh Khê, TP. Đà Nẵng",Đà Nẵng,6680000,820000,0,6680000,COD,PAID,DELIVERED,2025-12-25T16:30:25,2025-12-25T16:41:25,2025-12-25T21:30:25,2025-12-28T18:30:25,
ORD-250620-1421,CUST-0279,Bùi Đình Bách,0979876220,"86 Đường Kim Mã, Quận Hoàn Kiếm, TP. Hà Nội",Hà Nội,11490000,1510000,0,11490000,COD,PAID,DELIVERED,2025-06-20T13:04:04,2025-06-20T13:10:04,2025-06-20T21:04:04,2025-06-22T13:04:04,
ORD-251127-1422,CUST-0086,Ngô Phương Vy,0981418880,"390 Đường Hùng Vương, Quận Thanh Khê, TP. Đà Nẵng",Đà Nẵng,4380000,720000,30000,4410000,COD,PAID,DELIVERED,2025-11-27T02:21:21,2025-11-27T02:42:21,2025-11-27T09:21:21,2025-11-30T05:21:21,
ORD-260221-1423,CUST-0474,Nguyễn Mai Lan,0830361332,"33 Đường Lê Duẩn, Quận Hải Châu, TP. Đà Nẵng",Đà Nẵng,6880000,820000,0,6880000,COD,PAID,DELIVERED,2026-02-21T08:17:51,2026-02-21T08:43:51,2026-02-21T21:17:51,2026-02-24T11:17:51,
ORD-260506-1424,CUST-0436,Đỗ Quốc Khánh,0384908108,"101 Đường Tô Hiệu, Quận Ngô Quyền, TP. Hải Phòng",Hải Phòng,26680000,2520000,0,26680000,COD,CANCELLED,CANCELLED,2026-05-06T22:41:08,2026-05-06T23:23:08,,,2026-05-07T14:41:08
ORD-260203-1425,CUST-0465,Vũ Văn Huy,0799138249,"387 Đường Trần Hưng Đạo, Quận Hồng Bàng, TP. Hải Phòng",Hải Phòng,16490000,2010000,0,16490000,BANK_TRANSFER,PAID,DELIVERED,2026-02-03T18:41:54,2026-02-03T19:20:54,2026-02-04T07:41:54,2026-02-06T18:41:54,
ORD-250824-1426,CUST-0429,Phạm Linh Thảo,0987617075,"509 Đường Tô Hiệu, Quận Ngô Quyền, TP. Hải Phòng",Hải Phòng,990000,210000,30000,1020000,COD,PAID,DELIVERED,2025-08-24T06:45:38,2025-08-24T07:02:38,2025-08-24T21:45:38,2025-08-27T08:45:38,
ORD-260130-1427,CUST-0124,Ngô Ngọc Sơn,0939187851,"158 Đường Điện Biên Phủ, Quận 1, TP. Hồ Chí Minh",Hồ Chí Minh,4080000,620000,30000,4110000,BANK_TRANSFER,PAID,DELIVERED,2026-01-30T17:35:17,2026-01-30T17:51:17,2026-01-31T10:35:17,2026-02-02T19:35:17,
ORD-251220-1428,CUST-0157,Dương Lâm Việt,0839125134,"528 Đường Chùa Bộc, Quận Đống Đa, TP. Hà Nội",Hà Nội,3990000,510000,30000,4020000,CREDIT_CARD,PAID,DELIVERED,2025-12-20T17:24:27,2025-12-20T17:59:27,2025-12-21T06:24:27,2025-12-22T18:24:27,
ORD-251103-1429,CUST-0257,Lý Diệu Anh,0830413797,"151 Đường Tố Hữu, Quận Thanh Xuân, TP. Hà Nội",Hà Nội,3490000,410000,30000,3520000,COD,PAID,DELIVERED,2025-11-03T12:37:42,2025-11-03T12:49:42,2025-11-04T03:37:42,2025-11-06T13:37:42,
ORD-250929-1430,CUST-0217,Phạm Thị Hương,0935421689,"310 Đường Nguyễn Trãi, Quận Cầu Giấy, TP. Hà Nội",Hà Nội,15990000,2010000,0,15990000,BANK_TRANSFER,PAID,DELIVERED,2025-09-29T18:43:43,2025-09-29T18:54:43,2025-09-30T00:43:43,2025-10-02T23:43:43,
ORD-251124-1431,CUST-0230,Hồ Thành Bách,0911305548,"173 Đường Lê Duẩn, Quận Hải Châu, TP. Đà Nẵng",Đà Nẵng,3290000,510000,30000,3320000,COD,PAID,DELIVERED,2025-11-24T19:15:02,2025-11-24T19:38:02,2025-11-25T02:15:02,2025-11-28T00:15:02,
ORD-250619-1432,CUST-0161,Hồ Lâm Phong,0860745171,"443 Đường Tràng Tiền, Quận Nam Từ Liêm, TP. Hà Nội",Hà Nội,2490000,410000,30000,2520000,COD,PAID,DELIVERED,2025-06-19T10:56:52,2025-06-19T11:35:52,2025-06-20T03:56:52,2025-06-22T12:56:52,
ORD-250908-1433,CUST-0294,Ngô Duy Việt,0976511810,"211 Đường Nguyễn Trãi, Quận Nam Từ Liêm, TP. Hà Nội",Hà Nội,8990000,1510000,0,8990000,BANK_TRANSFER,PAID,DELIVERED,2025-09-08T10:58:08,2025-09-08T11:33:08,2025-09-08T15:58:08,2025-09-09T12:58:08,
ORD-250819-1434,CUST-0453,Bùi Trúc Ngọc,0388105485,"310 Đường Võ Văn Tần, Quận 3, TP. Hồ Chí Minh",Hồ Chí Minh,11490000,1510000,0,11490000,COD,CANCELLED,CANCELLED,2025-08-19T22:59:00,2025-08-19T23:23:00,,,2025-08-20T11:59:00
ORD-260209-1435,CUST-0132,Phạm Đình Minh,0770866882,"343 Đường Bà Triệu, Quận Đống Đa, TP. Hà Nội",Hà Nội,13490000,1510000,0,13490000,BANK_TRANSFER,PAID,DELIVERED,2026-02-09T17:06:37,2026-02-09T17:30:37,2026-02-10T00:06:37,2026-02-12T19:06:37,
ORD-251229-1436,CUST-0109,Vũ Quốc Sơn,0835004797,"446 Đường Lạch Tray, Quận Hồng Bàng, TP. Hải Phòng",Hải Phòng,12990000,1510000,0,12990000,CREDIT_CARD,PAID,DELIVERED,2025-12-29T10:31:46,2025-12-29T11:07:46,2025-12-30T02:31:46,2025-12-30T10:31:46,
ORD-251227-1437,CUST-0455,Dương Anh Nam,0986611062,"536 Đường Nguyễn Kiệm, Quận Tân Bình, TP. Hồ Chí Minh",Hồ Chí Minh,13980000,1720000,0,13980000,BANK_TRANSFER,PAID,DELIVERED,2025-12-27T12:06:10,2025-12-27T12:21:10,2025-12-27T19:06:10,2025-12-29T15:06:10,
ORD-251124-1438,CUST-0341,Võ Hoàng Long,0837335494,"13 Đường Hùng Vương, Quận Hải Châu, TP. Đà Nẵng",Đà Nẵng,12990000,1510000,0,12990000,VNPAY,REFUNDED,CANCELLED,2025-11-24T01:34:27,2025-11-24T02:02:27,,,2025-11-24T16:34:27
ORD-251122-1439,CUST-0033,Bùi Hoàng Tùng,0830162720,"470 Đường Mậu Thân, Quận Cái Răng, TP. Cần Thơ",Cần Thơ,19980000,2320000,0,19980000,COD,PAID,DELIVERED,2025-11-22T19:42:33,2025-11-22T20:17:33,2025-11-22T21:42:33,2025-11-25T23:42:33,
ORD-250926-1440,CUST-0250,Dương Quỳnh Hạnh,0934110809,"42 Đường Mậu Thân, Quận Bình Thủy, TP. Cần Thơ",Cần Thơ,3290000,510000,30000,3320000,MOMO,PAID,DELIVERED,2025-09-26T16:32:48,2025-09-26T16:51:48,2025-09-26T23:32:48,2025-09-27T19:32:48,
ORD-250929-1441,CUST-0293,Hoàng Quang Hoàng,0770862095,"401 Đường Xuân Thủy, Quận Đống Đa, TP. Hà Nội",Hà Nội,3290000,510000,30000,3320000,COD,PAID,DELIVERED,2025-09-29T15:38:09,2025-09-29T16:11:09,2025-09-30T06:38:09,2025-10-02T16:38:09,
ORD-251227-1442,CUST-0031,Hồ Diệu Trúc,0978760366,"11 Đường Võ Văn Tần, Thành phố Thủ Đức, TP. Hồ Chí Minh",Hồ Chí Minh,15990000,2010000,0,15990000,BANK_TRANSFER,PAID,DELIVERED,2025-12-27T14:27:30,2025-12-27T15:04:30,2025-12-27T19:27:30,2025-12-29T18:27:30,
ORD-251222-1443,CUST-0296,Đỗ Ngọc Yến,0850586509,"316 Đường Lạch Tray, Quận Hồng Bàng, TP. Hải Phòng",Hải Phòng,7680000,1020000,0,7680000,BANK_TRANSFER,PAID,DELIVERED,2025-12-22T22:02:12,2025-12-22T22:18:12,2025-12-23T12:02:12,2025-12-25T23:02:12,
ORD-260209-1444,CUST-0340,Dương Khánh Phương,0919196570,"5 Đường Chùa Bộc, Quận Nam Từ Liêm, TP. Hà Nội",Hà Nội,19480000,2520000,0,19480000,VNPAY,PAID,DELIVERED,2026-02-09T22:23:28,2026-02-09T22:57:28,2026-02-10T08:23:28,2026-02-11T03:23:28,
ORD-260131-1445,CUST-0176,Võ Mai Hoa,0779252419,"50 Đường Nguyễn Thị Minh Khai, Quận Bình Thạnh, TP. Hồ Chí Minh",Hồ Chí Minh,39980000,4520000,0,39980000,BANK_TRANSFER,PAID,DELIVERED,2026-01-31T19:23:07,2026-01-31T20:05:07,2026-01-31T21:23:07,2026-02-02T00:23:07,
ORD-260305-1446,CUST-0308,Nguyễn Thị Ngọc,0939407016,"304 Đường Lê Duẩn, Quận Hải Châu, TP. Đà Nẵng",Đà Nẵng,3690000,510000,30000,3720000,COD,PAID,DELIVERED,2026-03-05T15:14:13,2026-03-05T15:44:13,2026-03-05T22:14:13,2026-03-08T16:14:13,
ORD-250709-1447,CUST-0255,Võ Ngọc Nhi,0854322259,"343 Đường Nguyễn Kiệm, Quận Bình Thạnh, TP. Hồ Chí Minh",Hồ Chí Minh,45980000,4020000,0,45980000,VNPAY,PAID,DELIVERED,2025-07-09T13:37:13,2025-07-09T13:45:13,2025-07-09T15:37:13,2025-07-12T18:37:13,
ORD-260602-1448,CUST-0480,Bùi Đức Dũng,0938806533,"483 Đường Võ Nguyên Giáp, Quận Thanh Khê, TP. Đà Nẵng",Đà Nẵng,38480000,4520000,0,38480000,BANK_TRANSFER,PAID,DELIVERED,2026-06-02T14:17:12,2026-06-02T14:54:12,2026-06-02T22:17:12,2026-06-05T16:17:12,
ORD-250912-1449,CUST-0457,Hồ Thu Vân,0919611594,"388 Đường Phan Đăng Lưu, Quận Tân Bình, TP. Hồ Chí Minh",Hồ Chí Minh,11490000,1510000,0,11490000,BANK_TRANSFER,PAID,DELIVERED,2025-09-12T00:29:14,2025-09-12T00:58:14,2025-09-12T02:29:14,2025-09-15T05:29:14,
ORD-250623-1450,CUST-0433,Trần Quỳnh Hương,0381032664,"447 Đường Võ Văn Tần, Quận Gò Vấp, TP. Hồ Chí Minh",Hồ Chí Minh,5480000,920000,0,5480000,BANK_TRANSFER,PAID,DELIVERED,2025-06-23T12:53:44,2025-06-23T13:12:44,2025-06-24T04:53:44,2025-06-26T17:53:44,
ORD-251101-1451,CUST-0366,Phan Thu Hương,0931819588,"288 Đường Mậu Thân, Quận Bình Thủy, TP. Cần Thơ",Cần Thơ,6490000,1010000,0,6490000,BANK_TRANSFER,PAID,DELIVERED,2025-11-01T22:38:27,2025-11-01T22:51:27,2025-11-02T16:38:27,2025-11-04T23:38:27,
ORD-260226-1452,CUST-0020,Hồ Thị Mai,0912805982,"378 Đường Kim Mã, Quận Cầu Giấy, TP. Hà Nội",Hà Nội,990000,210000,30000,1020000,BANK_TRANSFER,PAID,DELIVERED,2026-02-26T17:38:29,2026-02-26T17:48:29,2026-02-27T06:38:29,2026-02-27T18:38:29,
ORD-251210-1453,CUST-0262,Vũ Đình Huy,0796959463,"188 Đường Tô Hiệu, Quận Lê Chân, TP. Hải Phòng",Hải Phòng,8490000,1010000,0,8490000,COD,PAID,DELIVERED,2025-12-10T20:26:22,2025-12-10T20:58:22,2025-12-11T11:26:22,2025-12-14T01:26:22,
ORD-260118-1454,CUST-0207,Dương Thị Yến,0905345786,"386 Đường Điện Biên Phủ, Quận 1, TP. Hồ Chí Minh",Hồ Chí Minh,4290000,710000,30000,4320000,COD,PAID,DELIVERED,2026-01-18T15:55:19,2026-01-18T16:37:19,2026-01-19T04:55:19,2026-01-21T19:55:19,
ORD-250922-1455,CUST-0119,Lý Ngọc Tùng,0938026206,"43 Đường Kim Mã, Quận Hoàn Kiếm, TP. Hà Nội",Hà Nội,6990000,810000,0,6990000,BANK_TRANSFER,PAID,DELIVERED,2025-09-22T12:54:30,2025-09-22T13:24:30,2025-09-22T21:54:30,2025-09-25T15:54:30,
ORD-251119-1456,CUST-0347,Võ Linh Trinh,0976544209,"489 Đường Lê Duẩn, Quận Sơn Trà, TP. Đà Nẵng",Đà Nẵng,12990000,1510000,0,12990000,BANK_TRANSFER,PAID,DELIVERED,2025-11-19T17:39:21,2025-11-19T18:04:21,2025-11-20T04:39:21,2025-11-21T19:39:21,
ORD-250930-1457,CUST-0102,Ngô Trúc Chi,0905895782,"412 Đường Phan Đăng Lưu, Quận 3, TP. Hồ Chí Minh",Hồ Chí Minh,1490000,310000,30000,1520000,VNPAY,PAID,DELIVERED,2025-09-30T06:09:47,2025-09-30T06:43:47,2025-09-30T14:09:47,2025-10-02T11:09:47,
ORD-251202-1458,CUST-0180,Ngô Thành Việt,0913836702,"242 Đường Lê Duẩn, Quận Hải Châu, TP. Đà Nẵng",Đà Nẵng,16490000,2010000,0,16490000,BANK_TRANSFER,PAID,DELIVERED,2025-12-02T15:46:45,2025-12-02T16:08:45,2025-12-02T23:46:45,2025-12-05T15:46:45,
ORD-260116-1459,CUST-0003,Trần Ngọc Long,0979310341,"469 Đường Phan Đăng Lưu, Thành phố Thủ Đức, TP. Hồ Chí Minh",Hồ Chí Minh,19880000,2420000,0,19880000,BANK_TRANSFER,REFUNDED,CANCELLED,2026-01-16T14:46:46,2026-01-16T15:10:46,,,2026-01-17T05:46:46
ORD-250802-1460,CUST-0397,Dương Minh Tùng,0987125663,"326 Đường Xuân Thủy, Quận Hai Bà Trưng, TP. Hà Nội",Hà Nội,1890000,310000,30000,1920000,CREDIT_CARD,PAID,DELIVERED,2025-08-02T18:32:22,2025-08-02T18:40:22,2025-08-02T20:32:22,2025-08-05T19:32:22,
ORD-251214-1461,CUST-0150,Dương Lâm Khoa,0857243426,"415 Đường Võ Văn Tần, Quận Phú Nhuận, TP. Hồ Chí Minh",Hồ Chí Minh,3490000,410000,30000,3520000,BANK_TRANSFER,PAID,DELIVERED,2025-12-14T16:00:18,2025-12-14T16:41:18,2025-12-15T03:00:18,2025-12-16T19:00:18,
ORD-251106-1462,CUST-0277,Trần Thảo Anh,0939982455,"85 Đường Tô Hiệu, Quận Ngô Quyền, TP. Hải Phòng",Hải Phòng,3490000,410000,30000,3520000,MOMO,PAID,DELIVERED,2025-11-06T21:47:49,2025-11-06T21:53:49,2025-11-07T09:47:49,2025-11-09T00:47:49,
ORD-260115-1463,CUST-0284,Vũ Hoàng Anh,0932663416,"296 Đường Kim Mã, Quận Ba Đình, TP. Hà Nội",Hà Nội,1490000,310000,30000,1520000,BANK_TRANSFER,PAID,DELIVERED,2026-01-15T14:37:33,2026-01-15T14:57:33,2026-01-16T00:37:33,2026-01-17T14:37:33,
ORD-260107-1464,CUST-0261,Hoàng Quang Khoa,0863009818,"423 Đường Tràng Tiền, Quận Hoàn Kiếm, TP. Hà Nội",Hà Nội,3690000,510000,30000,3720000,BANK_TRANSFER,PAID,DELIVERED,2026-01-07T15:25:10,2026-01-07T16:06:10,2026-01-08T05:25:10,2026-01-09T18:25:10,
ORD-260226-1465,CUST-0136,Hoàng Mai Hương,0389378547,"365 Đường Mậu Thân, Quận Cái Răng, TP. Cần Thơ",Cần Thơ,2290000,310000,30000,2320000,COD,PAID,DELIVERED,2026-02-26T21:22:16,2026-02-26T21:33:16,2026-02-27T10:22:16,2026-02-28T21:22:16,
ORD-260518-1466,CUST-0232,Lê Văn Khánh,0908697829,"334 Đường Tố Hữu, Quận Cầu Giấy, TP. Hà Nội",Hà Nội,6490000,1010000,0,6490000,BANK_TRANSFER,PAID,DELIVERED,2026-05-18T16:13:21,2026-05-18T16:37:21,2026-05-18T19:13:21,2026-05-19T19:13:21,
ORD-250825-1467,CUST-0142,Bùi Hồng Phương,0914293968,"85 Đường Mậu Thân, Quận Bình Thủy, TP. Cần Thơ",Cần Thơ,64480000,6520000,0,64480000,COD,PAID,DELIVERED,2025-08-25T19:05:27,2025-08-25T19:25:27,2025-08-26T09:05:27,2025-08-28T21:05:27,
ORD-250625-1468,CUST-0365,Hồ Đình Khoa,0772324876,"95 Đường Võ Văn Tần, Quận 10, TP. Hồ Chí Minh",Hồ Chí Minh,14780000,2020000,0,14780000,BANK_TRANSFER,PAID,DELIVERED,2025-06-25T16:40:02,2025-06-25T16:58:02,2025-06-26T00:40:02,2025-06-27T17:40:02,
ORD-250929-1469,CUST-0001,Vũ Ngọc Giang,0938908386,"11 Đường Nguyễn Văn Cừ, Quận Bình Thủy, TP. Cần Thơ",Cần Thơ,4780000,620000,30000,4810000,BANK_TRANSFER,PAID,DELIVERED,2025-09-29T19:49:55,2025-09-29T20:27:55,2025-09-29T21:49:55,2025-09-30T19:49:55,
ORD-250915-1470,CUST-0049,Phan Mai Mai,0985674680,"336 Đường Phan Đăng Lưu, Quận Tân Bình, TP. Hồ Chí Minh",Hồ Chí Minh,15990000,2010000,0,15990000,BANK_TRANSFER,PAID,DELIVERED,2025-09-15T13:03:24,2025-09-15T13:45:24,2025-09-15T18:03:24,2025-09-16T16:03:24,
ORD-251219-1471,CUST-0019,Phạm Đình Khánh,0774016400,"170 Đường Kim Mã, Quận Hoàn Kiếm, TP. Hà Nội",Hà Nội,22990000,2010000,0,22990000,BANK_TRANSFER,PAID,DELIVERED,2025-12-19T16:42:52,2025-12-19T17:21:52,2025-12-20T08:42:52,2025-12-20T20:42:52,
ORD-251015-1472,CUST-0040,Trần Diệu Hương,0869578856,"469 Đường Lê Hồng Phong, Quận Ngô Quyền, TP. Hải Phòng",Hải Phòng,16490000,2010000,0,16490000,VNPAY,PAID,DELIVERED,2025-10-15T00:19:39,2025-10-15T00:59:39,2025-10-15T13:19:39,2025-10-16T03:19:39,
ORD-251115-1473,CUST-0308,Nguyễn Thị Ngọc,0939407016,"304 Đường Lê Duẩn, Quận Hải Châu, TP. Đà Nẵng",Đà Nẵng,26990000,3010000,0,26990000,COD,PAID,DELIVERED,2025-11-15T22:14:13,2025-11-15T22:27:13,2025-11-16T01:14:13,2025-11-19T00:14:13,
ORD-250708-1474,CUST-0484,Vũ Hữu Trung,0934735528,"126 Đường Đại lộ Hòa Bình, Quận Bình Thủy, TP. Cần Thơ",Cần Thơ,8990000,1510000,0,8990000,BANK_TRANSFER,PAID,DELIVERED,2025-07-08T22:31:23,2025-07-08T23:10:23,2025-07-09T00:31:23,2025-07-11T01:31:23,
ORD-251119-1475,CUST-0464,Nguyễn Trúc Anh,0833788614,"421 Đường Hùng Vương, Quận Ngũ Hành Sơn, TP. Đà Nẵng",Đà Nẵng,8990000,1510000,0,8990000,VNPAY,PAID,DELIVERED,2025-11-19T19:46:02,2025-11-19T19:55:02,2025-11-20T10:46:02,2025-11-21T22:46:02,
ORD-260222-1476,CUST-0057,Nguyễn Thị Ngọc,0975623869,"85 Đường Chùa Bộc, Quận Thanh Xuân, TP. Hà Nội",Hà Nội,66480000,6520000,0,66480000,BANK_TRANSFER,PAID,DELIVERED,2026-02-22T17:38:59,2026-02-22T18:15:59,2026-02-23T10:38:59,2026-02-25T22:38:59,
ORD-250715-1477,CUST-0114,Lê Quốc Dũng,0831307562,"68 Đường Trần Duy Hưng, Quận Hai Bà Trưng, TP. Hà Nội",Hà Nội,6990000,810000,0,6990000,MOMO,PAID,DELIVERED,2025-07-15T14:42:44,2025-07-15T15:11:44,2025-07-15T19:42:44,2025-07-18T17:42:44,
ORD-260123-1478,CUST-0496,Võ Thu Trang,0985662128,"403 Đường Đại lộ Hòa Bình, Quận Bình Thủy, TP. Cần Thơ",Cần Thơ,29980000,3520000,0,29980000,COD,PAID,DELIVERED,2026-01-23T13:05:04,2026-01-23T13:17:04,2026-01-24T03:05:04,2026-01-25T13:05:04,
ORD-250625-1479,CUST-0430,Trần Phương Ngọc,0982849939,"431 Đường Trần Hưng Đạo, Quận Lê Chân, TP. Hải Phòng",Hải Phòng,16480000,1920000,0,16480000,BANK_TRANSFER,PAID,DELIVERED,2025-06-25T17:58:06,2025-06-25T18:19:06,2025-06-26T03:58:06,2025-06-28T19:58:06,
ORD-251006-1480,CUST-0425,Bùi Anh Tuấn,0907256366,"102 Đường Lạch Tray, Quận Ngô Quyền, TP. Hải Phòng",Hải Phòng,16280000,2520000,0,16280000,COD,PAID,DELIVERED,2025-10-06T20:44:29,2025-10-06T21:28:29,2025-10-07T09:44:29,2025-10-10T01:44:29,
ORD-260114-1481,CUST-0041,Phạm Phương Hà,0918233749,"203 Đường Lạch Tray, Quận Ngô Quyền, TP. Hải Phòng",Hải Phòng,990000,210000,30000,1020000,BANK_TRANSFER,PAID,DELIVERED,2026-01-14T17:01:18,2026-01-14T17:26:18,2026-01-15T01:01:18,2026-01-17T22:01:18,
ORD-251202-1482,CUST-0208,Lê Anh Tùng,0795524140,"231 Đường Điện Biên Phủ, Quận 10, TP. Hồ Chí Minh",Hồ Chí Minh,19980000,2820000,0,19980000,MOMO,PAID,DELIVERED,2025-12-02T21:51:22,2025-12-02T22:27:22,2025-12-03T03:51:22,2025-12-06T02:51:22,
ORD-251209-1483,CUST-0365,Hồ Đình Khoa,0772324876,"95 Đường Võ Văn Tần, Quận 10, TP. Hồ Chí Minh",Hồ Chí Minh,12980000,2020000,0,12980000,BANK_TRANSFER,PAID,DELIVERED,2025-12-09T12:58:00,2025-12-09T13:27:00,2025-12-09T16:58:00,2025-12-10T15:58:00,
ORD-260314-1484,CUST-0394,Trần Trúc Mai,0910760310,"485 Đường Lạch Tray, Quận Lê Chân, TP. Hải Phòng",Hải Phòng,9490000,1510000,0,9490000,CREDIT_CARD,PAID,DELIVERED,2026-03-14T16:17:51,2026-03-14T16:48:51,2026-03-15T09:17:51,2026-03-17T16:17:51,
ORD-260119-1485,CUST-0194,Đỗ Anh Minh,0971355215,"260 Đường Điện Biên Phủ, Quận Gò Vấp, TP. Hồ Chí Minh",Hồ Chí Minh,16490000,2010000,0,16490000,MOMO,PAID,DELIVERED,2026-01-19T08:23:52,2026-01-19T08:48:52,2026-01-19T14:23:52,2026-01-21T09:23:52,
ORD-251227-1486,CUST-0078,Dương Diệu Trinh,0386416052,"95 Đường Nguyễn Văn Cừ, Quận Bình Thủy, TP. Cần Thơ",Cần Thơ,990000,210000,30000,1020000,COD,PAID,DELIVERED,2025-12-27T14:02:00,2025-12-27T14:31:00,2025-12-27T18:02:00,2025-12-29T15:02:00,
ORD-260404-1487,CUST-0174,Hoàng Thành Phong,0903161799,"17 Đường Lê Duẩn, Quận Thanh Khê, TP. Đà Nẵng",Đà Nẵng,42980000,5020000,0,42980000,COD,PAID,DELIVERED,2026-04-04T13:46:57,2026-04-04T14:08:57,2026-04-05T02:46:57,2026-04-06T13:46:57,
ORD-260404-1488,CUST-0125,Võ Phương Trinh,0771870728,"478 Đường Đại lộ Hòa Bình, Quận Bình Thủy, TP. Cần Thơ",Cần Thơ,2490000,310000,30000,2520000,COD,PAID,DELIVERED,2026-04-04T18:07:00,2026-04-04T18:26:00,2026-04-04T23:07:00,2026-04-06T23:07:00,
ORD-260204-1489,CUST-0144,Trần Đình Phong,0911426265,"320 Đường Nguyễn Thị Minh Khai, Quận 3, TP. Hồ Chí Minh",Hồ Chí Minh,2190000,310000,30000,2220000,BANK_TRANSFER,PAID,DELIVERED,2026-02-04T20:12:43,2026-02-04T20:36:43,2026-02-04T23:12:43,2026-02-05T20:12:43,
ORD-250921-1490,CUST-0477,Trần Hoàng Phong,0839076769,"469 Đường Nguyễn Thị Minh Khai, Quận Tân Bình, TP. Hồ Chí Minh",Hồ Chí Minh,990000,210000,30000,1020000,COD,PAID,DELIVERED,2025-09-21T08:31:39,2025-09-21T08:36:39,2025-09-21T11:31:39,2025-09-24T12:31:39,
ORD-251122-1491,CUST-0084,Ngô Minh Tuấn,0971864492,"322 Đường Quang Trung, Quận 10, TP. Hồ Chí Minh",Hồ Chí Minh,16490000,2010000,0,16490000,COD,PAID,DELIVERED,2025-11-22T15:49:39,2025-11-22T16:24:39,2025-11-23T07:49:39,2025-11-24T17:49:39,
ORD-250625-1492,CUST-0110,Hồ Diệu Vân,0906098358,"291 Đường Võ Văn Tần, Thành phố Thủ Đức, TP. Hồ Chí Minh",Hồ Chí Minh,6980000,1120000,0,6980000,COD,PAID,DELIVERED,2025-06-25T16:34:09,2025-06-25T16:50:09,2025-06-25T22:34:09,2025-06-28T18:34:09,
ORD-250923-1493,CUST-0497,Lê Đình Khoa,0857299493,"12 Đường Mậu Thân, Quận Cái Răng, TP. Cần Thơ",Cần Thơ,5680000,720000,0,5680000,COD,PAID,DELIVERED,2025-09-23T19:35:01,2025-09-23T20:13:01,2025-09-24T02:35:01,2025-09-26T22:35:01,
ORD-251207-1494,CUST-0223,Dương Thị Ngọc,0975611002,"453 Đường Tràng Tiền, Quận Đống Đa, TP. Hà Nội",Hà Nội,3290000,510000,30000,3320000,BANK_TRANSFER,PAID,DELIVERED,2025-12-07T18:34:08,2025-12-07T19:11:08,2025-12-08T10:34:08,2025-12-08T23:34:08,
ORD-251021-1495,CUST-0321,Nguyễn Đình Hùng,0777780973,"469 Đường Tô Hiệu, Quận Lê Chân, TP. Hải Phòng",Hải Phòng,21980000,3020000,0,21980000,COD,PAID,DELIVERED,2025-10-21T08:53:52,2025-10-21T09:21:52,2025-10-21T14:53:52,2025-10-23T09:53:52,
ORD-260508-1496,CUST-0365,Hồ Đình Khoa,0772324876,"95 Đường Võ Văn Tần, Quận 10, TP. Hồ Chí Minh",Hồ Chí Minh,12990000,1510000,0,12990000,COD,PAID,DELIVERED,2026-05-08T22:14:00,2026-05-08T22:37:00,2026-05-09T11:14:00,2026-05-10T02:14:00,
ORD-260114-1497,CUST-0196,Lê Trúc Hoa,0860541152,"499 Đường Quang Trung, Quận 3, TP. Hồ Chí Minh",Hồ Chí Minh,16380000,2120000,0,16380000,VNPAY,PAID,DELIVERED,2026-01-14T15:17:59,2026-01-14T15:28:59,2026-01-14T20:17:59,2026-01-17T17:17:59,
ORD-250805-1498,CUST-0085,Lê Hữu Việt,0796528168,"189 Đường Phan Đăng Lưu, Quận Tân Bình, TP. Hồ Chí Minh",Hồ Chí Minh,21980000,2720000,0,21980000,COD,PAID,DELIVERED,2025-08-05T17:01:05,2025-08-05T17:24:05,2025-08-06T04:01:05,2025-08-08T21:01:05,
ORD-251120-1499,CUST-0368,Lê Thị Chi,0791137995,"240 Đường Tràng Tiền, Quận Hoàn Kiếm, TP. Hà Nội",Hà Nội,3680000,620000,30000,3710000,MOMO,PAID,DELIVERED,2025-11-20T19:33:32,2025-11-20T19:46:32,2025-11-21T00:33:32,2025-11-22T23:33:32,
ORD-251108-1500,CUST-0234,Đỗ Thảo Vy,0852885158,"297 Đường Tô Hiệu, Quận Lê Chân, TP. Hải Phòng",Hải Phòng,5490000,710000,0,5490000,COD,PAID,DELIVERED,2025-11-08T11:08:31,2025-11-08T11:20:31,2025-11-08T18:08:31,2025-11-09T12:08:31,
ORD-260204-1501,CUST-0165,Phạm Quốc Kiệt,0865458929,"106 Đường Lê Duẩn, Quận Hải Châu, TP. Đà Nẵng",Đà Nẵng,27980000,3520000,0,27980000,BANK_TRANSFER,REFUNDED,CANCELLED,2026-02-04T22:28:00,2026-02-04T23:06:00,,,2026-02-05T05:28:00
ORD-251129-1502,CUST-0409,Dương Quốc Việt,0860496391,"73 Đường Lê Hồng Phong, Quận Ngô Quyền, TP. Hải Phòng",Hải Phòng,12990000,1510000,0,12990000,COD,PAID,DELIVERED,2025-11-29T12:30:46,2025-11-29T12:59:46,2025-11-30T03:30:46,2025-12-01T15:30:46,
ORD-260409-1503,CUST-0194,Đỗ Anh Minh,0971355215,"260 Đường Điện Biên Phủ, Quận Gò Vấp, TP. Hồ Chí Minh",Hồ Chí Minh,53980000,5220000,0,53980000,COD,PAID,DELIVERED,2026-04-09T23:54:09,2026-04-10T00:12:09,2026-04-10T17:54:09,2026-04-12T03:54:09,
ORD-251113-1504,CUST-0069,Nguyễn Hoàng Khoa,0851771159,"337 Đường Phan Đăng Lưu, Quận 10, TP. Hồ Chí Minh",Hồ Chí Minh,16280000,2020000,0,16280000,COD,PAID,DELIVERED,2025-11-13T20:38:13,2025-11-13T21:20:13,2025-11-14T11:38:13,2025-11-16T21:38:13,
ORD-251128-1505,CUST-0338,Đặng Hồng Mai,0978148769,"167 Đường Bà Triệu, Quận Ba Đình, TP. Hà Nội",Hà Nội,29180000,3320000,0,29180000,COD,PAID,DELIVERED,2025-11-28T11:22:14,2025-11-28T11:48:14,2025-11-29T05:22:14,2025-12-01T13:22:14,
ORD-251110-1506,CUST-0337,Lý Quỳnh Hà,0977701715,"361 Đường Nguyễn Văn Cừ, Quận Ninh Kiều, TP. Cần Thơ",Cần Thơ,12480000,1920000,0,12480000,BANK_TRANSFER,PAID,DELIVERED,2025-11-10T10:16:11,2025-11-10T10:51:11,2025-11-10T12:16:11,2025-11-12T14:16:11,
ORD-250922-1507,CUST-0321,Nguyễn Đình Hùng,0777780973,"469 Đường Tô Hiệu, Quận Lê Chân, TP. Hải Phòng",Hải Phòng,12990000,1510000,0,12990000,BANK_TRANSFER,PAID,DELIVERED,2025-09-22T18:46:21,2025-09-22T19:27:21,2025-09-23T04:46:21,2025-09-23T18:46:21,
ORD-251122-1508,CUST-0294,Ngô Duy Việt,0976511810,"211 Đường Nguyễn Trãi, Quận Nam Từ Liêm, TP. Hà Nội",Hà Nội,12990000,2010000,0,12990000,BANK_TRANSFER,PAID,DELIVERED,2025-11-22T18:21:36,2025-11-22T18:56:36,2025-11-23T11:21:36,2025-11-24T22:21:36,
ORD-260514-1509,CUST-0218,Hồ Quang Trung,0382575326,"221 Đường Chùa Bộc, Quận Thanh Xuân, TP. Hà Nội",Hà Nội,16380000,2120000,0,16380000,COD,PAID,DELIVERED,2026-05-14T20:05:31,2026-05-14T20:45:31,2026-05-14T22:05:31,2026-05-18T01:05:31,
ORD-260414-1510,CUST-0438,Bùi Minh Hải,0932194168,"18 Đường Lê Lợi, Thành phố Thủ Đức, TP. Hồ Chí Minh",Hồ Chí Minh,11490000,1510000,0,11490000,COD,PAID,DELIVERED,2026-04-14T17:00:43,2026-04-14T17:11:43,2026-04-14T21:00:43,2026-04-15T18:00:43,
ORD-260113-1511,CUST-0158,Bùi Quỳnh Chi,0858282742,"59 Đường Hùng Vương, Quận Ngũ Hành Sơn, TP. Đà Nẵng",Đà Nẵng,6890000,610000,0,6890000,BANK_TRANSFER,PAID,DELIVERED,2026-01-13T19:26:16,2026-01-13T19:31:16,2026-01-13T23:26:16,2026-01-15T00:26:16,
ORD-251205-1512,CUST-0050,Dương Văn Duy,0776038597,"278 Đường Mậu Thân, Quận Ninh Kiều, TP. Cần Thơ",Cần Thơ,3290000,510000,30000,3320000,CREDIT_CARD,PAID,DELIVERED,2025-12-05T21:16:52,2025-12-05T21:59:52,2025-12-06T01:16:52,2025-12-08T00:16:52,
ORD-250830-1513,CUST-0196,Lê Trúc Hoa,0860541152,"499 Đường Quang Trung, Quận 3, TP. Hồ Chí Minh",Hồ Chí Minh,7980000,1020000,0,7980000,COD,PAID,DELIVERED,2025-08-30T18:24:28,2025-08-30T18:40:28,2025-08-31T02:24:28,2025-09-01T19:24:28,
ORD-250902-1514,CUST-0187,Đỗ Diệu Hạnh,0770146263,"396 Đường Lạch Tray, Quận Hồng Bàng, TP. Hải Phòng",Hải Phòng,2190000,310000,30000,2220000,VNPAY,PAID,DELIVERED,2025-09-02T23:57:17,2025-09-03T00:25:17,2025-09-03T12:57:17,2025-09-06T02:57:17,
ORD-260420-1515,CUST-0394,Trần Trúc Mai,0910760310,"485 Đường Lạch Tray, Quận Lê Chân, TP. Hải Phòng",Hải Phòng,6380000,1020000,0,6380000,VNPAY,PAID,DELIVERED,2026-04-20T12:43:39,2026-04-20T13:14:39,2026-04-20T14:43:39,2026-04-23T15:43:39,
ORD-251116-1516,CUST-0445,Lê Vy Chi,0916743380,"167 Đường Trần Hưng Đạo, Quận Sơn Trà, TP. Đà Nẵng",Đà Nẵng,11680000,1820000,0,11680000,COD,PAID,DELIVERED,2025-11-16T07:48:33,2025-11-16T08:17:33,2025-11-17T00:48:33,2025-11-19T09:48:33,
ORD-260524-1517,CUST-0141,Đỗ Duy Nam,0790339740,"327 Đường Nguyễn Văn Linh, Quận Hải Châu, TP. Đà Nẵng",Đà Nẵng,3290000,510000,30000,3320000,VNPAY,PAID,DELIVERED,2026-05-24T10:31:25,2026-05-24T10:58:25,2026-05-25T00:31:25,2026-05-26T15:31:25,
ORD-251203-1518,CUST-0336,Hồ Lâm Duy,0917921717,"234 Đường Mậu Thân, Quận Cái Răng, TP. Cần Thơ",Cần Thơ,19380000,2420000,0,19380000,VNPAY,PAID,DELIVERED,2025-12-03T11:37:40,2025-12-03T11:57:40,2025-12-03T21:37:40,2025-12-05T13:37:40,
ORD-260216-1519,CUST-0130,Lê Đình Phong,0835995342,"312 Đường Tô Hiệu, Quận Hồng Bàng, TP. Hải Phòng",Hải Phòng,990000,210000,30000,1020000,COD,PAID,DELIVERED,2026-02-16T10:41:00,2026-02-16T11:00:00,2026-02-16T20:41:00,2026-02-18T10:41:00,
ORD-251210-1520,CUST-0144,Trần Đình Phong,0911426265,"320 Đường Nguyễn Thị Minh Khai, Quận 3, TP. Hồ Chí Minh",Hồ Chí Minh,2490000,310000,30000,2520000,BANK_TRANSFER,PAID,DELIVERED,2025-12-10T11:46:34,2025-12-10T11:58:34,2025-12-10T20:46:34,2025-12-12T15:46:34,
ORD-251028-1521,CUST-0022,Ngô Lâm Phong,0862160733,"233 Đường Nguyễn Văn Linh, Quận Sơn Trà, TP. Đà Nẵng",Đà Nẵng,21980000,3020000,0,21980000,VNPAY,PAID,DELIVERED,2025-10-28T22:56:17,2025-10-28T23:17:17,2025-10-29T00:56:17,2025-10-30T22:56:17,
ORD-250920-1522,CUST-0118,Phạm Văn Nam,0385712082,"299 Đường Mậu Thân, Quận Cái Răng, TP. Cần Thơ",Cần Thơ,1890000,310000,30000,1920000,BANK_TRANSFER,PAID,DELIVERED,2025-09-20T16:13:12,2025-09-20T16:43:12,2025-09-21T07:13:12,2025-09-23T16:13:12,
ORD-251014-1523,CUST-0463,Hoàng Ngọc Hải,0909520046,"336 Đường Võ Nguyên Giáp, Quận Thanh Khê, TP. Đà Nẵng",Đà Nẵng,11780000,1820000,0,11780000,COD,PAID,DELIVERED,2025-10-14T20:39:30,2025-10-14T21:20:30,2025-10-15T07:39:30,2025-10-15T20:39:30,
ORD-250919-1524,CUST-0224,Lý Minh Trung,0981667467,"65 Đường Chùa Bộc, Quận Cầu Giấy, TP. Hà Nội",Hà Nội,2490000,310000,30000,2520000,BANK_TRANSFER,PAID,DELIVERED,2025-09-19T21:20:07,2025-09-19T22:05:07,2025-09-20T14:20:07,2025-09-21T01:20:07,
ORD-260205-1525,CUST-0442,Hồ Thành Duy,0860767899,"545 Đường Đại lộ Hòa Bình, Quận Ninh Kiều, TP. Cần Thơ",Cần Thơ,2190000,310000,30000,2220000,COD,PAID,DELIVERED,2026-02-05T21:28:55,2026-02-05T21:54:55,2026-02-05T23:28:55,2026-02-08T02:28:55,
ORD-260603-1526,CUST-0210,Võ Thu Anh,0389108589,"498 Đường Lê Duẩn, Quận Sơn Trà, TP. Đà Nẵng",Đà Nẵng,2290000,310000,30000,2320000,BANK_TRANSFER,PAID,DELIVERED,2026-06-03T15:46:25,2026-06-03T16:21:25,2026-06-03T19:46:25,2026-06-06T20:46:25,
ORD-251127-1527,CUST-0483,Nguyễn Quốc Sơn,0862342583,"108 Đường Kim Mã, Quận Nam Từ Liêm, TP. Hà Nội",Hà Nội,6380000,1020000,0,6380000,BANK_TRANSFER,PAID,DELIVERED,2025-11-27T21:36:07,2025-11-27T22:18:07,2025-11-28T15:36:07,2025-11-30T02:36:07,
ORD-251121-1528,CUST-0256,Đỗ Phương Trinh,0986030299,"155 Đường Nguyễn Trãi, Quận Hoàn Kiếm, TP. Hà Nội",Hà Nội,4490000,710000,30000,4520000,VNPAY,PAID,DELIVERED,2025-11-21T14:21:58,2025-11-21T15:06:58,2025-11-22T04:21:58,2025-11-24T16:21:58,
ORD-251113-1529,CUST-0420,Đỗ Ngọc Bách,0852063459,"533 Đường Điện Biên Phủ, Quận 10, TP. Hồ Chí Minh",Hồ Chí Minh,5280000,920000,0,5280000,BANK_TRANSFER,PAID,DELIVERED,2025-11-13T15:29:33,2025-11-13T15:51:33,2025-11-14T09:29:33,2025-11-14T15:29:33,
ORD-260102-1530,CUST-0237,Đặng Hồng Thảo,0939735989,"186 Đường Trần Duy Hưng, Quận Đống Đa, TP. Hà Nội",Hà Nội,8680000,1320000,0,8680000,COD,PAID,DELIVERED,2026-01-02T18:00:55,2026-01-02T18:08:55,2026-01-02T20:00:55,2026-01-03T18:00:55,
ORD-260208-1531,CUST-0126,Hồ Khánh Trang,0939106518,"298 Đường Nguyễn Thị Minh Khai, Quận Phú Nhuận, TP. Hồ Chí Minh",Hồ Chí Minh,6490000,1010000,0,6490000,COD,PAID,DELIVERED,2026-02-08T22:27:31,2026-02-08T22:48:31,2026-02-09T08:27:31,2026-02-10T02:27:31,
ORD-250823-1532,CUST-0462,Phan Diệu Trang,0795641118,"266 Đường Nguyễn Văn Linh, Quận Thanh Khê, TP. Đà Nẵng",Đà Nẵng,3480000,620000,30000,3510000,VNPAY,PAID,DELIVERED,2025-08-23T10:11:40,2025-08-23T10:37:40,2025-08-23T16:11:40,2025-08-25T14:11:40,
ORD-250722-1533,CUST-0082,Bùi Hoàng Bách,0838079359,"466 Đường Lạch Tray, Quận Hồng Bàng, TP. Hải Phòng",Hải Phòng,26990000,3010000,0,26990000,MOMO,PAID,DELIVERED,2025-07-22T09:38:42,2025-07-22T09:53:42,2025-07-22T18:38:42,2025-07-24T12:38:42,
ORD-251221-1534,CUST-0126,Hồ Khánh Trang,0939106518,"298 Đường Nguyễn Thị Minh Khai, Quận Phú Nhuận, TP. Hồ Chí Minh",Hồ Chí Minh,18380000,2320000,0,18380000,COD,PAID,DELIVERED,2025-12-21T20:03:51,2025-12-21T20:17:51,2025-12-22T09:03:51,2025-12-22T20:03:51,
ORD-260309-1535,CUST-0066,Dương Hữu Sơn,0859005329,"243 Đường Điện Biên Phủ, Quận Bình Thạnh, TP. Hồ Chí Minh",Hồ Chí Minh,9980000,1720000,0,9980000,MOMO,PAID,DELIVERED,2026-03-09T22:08:44,2026-03-09T22:32:44,2026-03-10T16:08:44,2026-03-11T03:08:44,
ORD-251224-1536,CUST-0466,Ngô Diệu Hạnh,0770079420,"364 Đường Tô Hiệu, Quận Ngô Quyền, TP. Hải Phòng",Hải Phòng,3390000,410000,30000,3420000,BANK_TRANSFER,PAID,DELIVERED,2025-12-24T12:28:13,2025-12-24T13:01:13,2025-12-24T20:28:13,2025-12-27T16:28:13,
ORD-260102-1537,CUST-0139,Ngô Đức Nam,0918233984,"387 Đường Lê Duẩn, Quận Ngũ Hành Sơn, TP. Đà Nẵng",Đà Nẵng,20280000,2720000,0,20280000,COD,PAID,DELIVERED,2026-01-02T12:33:53,2026-01-02T12:50:53,2026-01-03T06:33:53,2026-01-03T15:33:53,
ORD-251226-1538,CUST-0259,Đỗ Quỳnh Anh,0912799088,"6 Đường 3 Tháng 2, Quận Phú Nhuận, TP. Hồ Chí Minh",Hồ Chí Minh,990000,210000,30000,1020000,COD,PAID,DELIVERED,2025-12-26T13:41:29,2025-12-26T14:07:29,2025-12-26T16:41:29,2025-12-27T13:41:29,
ORD-251115-1539,CUST-0295,Trần Thảo Phương,0857899405,"18 Đường Lạch Tray, Quận Lê Chân, TP. Hải Phòng",Hải Phòng,1490000,310000,30000,1520000,COD,PAID,DELIVERED,2025-11-15T21:39:21,2025-11-15T22:05:21,2025-11-15T23:39:21,2025-11-18T23:39:21,
ORD-260104-1540,CUST-0300,Dương Trúc Thảo,0798899210,"276 Đường Nguyễn Văn Linh, Quận Thanh Khê, TP. Đà Nẵng",Đà Nẵng,10480000,1020000,0,10480000,MOMO,PAID,DELIVERED,2026-01-04T15:08:41,2026-01-04T15:14:41,2026-01-05T07:08:41,2026-01-06T19:08:41,
ORD-260304-1541,CUST-0358,Võ Hồng Lan,0793067198,"61 Đường Võ Nguyên Giáp, Quận Sơn Trà, TP. Đà Nẵng",Đà Nẵng,3990000,510000,30000,4020000,BANK_TRANSFER,PAID,DELIVERED,2026-03-04T12:32:04,2026-03-04T12:58:04,2026-03-04T23:32:04,2026-03-06T15:32:04,
ORD-251211-1542,CUST-0140,Bùi Hồng Hương,0861016668,"89 Đường 3 Tháng 2, Quận 1, TP. Hồ Chí Minh",Hồ Chí Minh,16490000,2010000,0,16490000,COD,PAID,DELIVERED,2025-12-11T10:18:56,2025-12-11T10:41:56,2025-12-11T19:18:56,2025-12-13T14:18:56,
ORD-251010-1543,CUST-0009,Lý Hữu Tuấn,0771822782,"221 Đường Tô Hiệu, Quận Lê Chân, TP. Hải Phòng",Hải Phòng,12990000,1510000,0,12990000,BANK_TRANSFER,PAID,DELIVERED,2025-10-10T12:21:57,2025-10-10T12:52:57,2025-10-11T04:21:57,2025-10-12T17:21:57,
ORD-251113-1544,CUST-0224,Lý Minh Trung,0981667467,"65 Đường Chùa Bộc, Quận Cầu Giấy, TP. Hà Nội",Hà Nội,11490000,1510000,0,11490000,COD,PAID,DELIVERED,2025-11-13T18:21:50,2025-11-13T18:40:50,2025-11-14T06:21:50,2025-11-14T19:21:50,
ORD-260205-1545,CUST-0229,Đặng Hữu Long,0834883755,"344 Đường Trần Duy Hưng, Quận Nam Từ Liêm, TP. Hà Nội",Hà Nội,7380000,1020000,0,7380000,BANK_TRANSFER,PAID,DELIVERED,2026-02-05T20:24:19,2026-02-05T20:54:19,2026-02-06T09:24:19,2026-02-06T20:24:19,
ORD-260522-1546,CUST-0142,Bùi Hồng Phương,0914293968,"85 Đường Mậu Thân, Quận Bình Thủy, TP. Cần Thơ",Cần Thơ,9480000,1020000,0,9480000,MOMO,PAID,DELIVERED,2026-05-22T22:21:35,2026-05-22T22:49:35,2026-05-23T13:21:35,2026-05-23T22:21:35,
ORD-260307-1547,CUST-0110,Hồ Diệu Vân,0906098358,"291 Đường Võ Văn Tần, Thành phố Thủ Đức, TP. Hồ Chí Minh",Hồ Chí Minh,5490000,510000,0,5490000,BANK_TRANSFER,PAID,DELIVERED,2026-03-07T22:42:30,2026-03-07T23:26:30,2026-03-08T11:42:30,2026-03-09T00:42:30,
ORD-260504-1548,CUST-0298,Ngô Diệu Nhi,0972897558,"336 Đường Võ Nguyên Giáp, Quận Ngũ Hành Sơn, TP. Đà Nẵng",Đà Nẵng,18180000,2320000,0,18180000,MOMO,PAID,DELIVERED,2026-05-04T14:45:03,2026-05-04T15:20:03,2026-05-05T02:45:03,2026-05-05T14:45:03,
ORD-251201-1549,CUST-0115,Phạm Ngọc Kiệt,0796527858,"257 Đường Nguyễn Văn Linh, Quận Ngũ Hành Sơn, TP. Đà Nẵng",Đà Nẵng,6890000,610000,0,6890000,BANK_TRANSFER,PAID,DELIVERED,2025-12-01T21:49:39,2025-12-01T22:27:39,2025-12-02T15:49:39,2025-12-05T01:49:39,
ORD-260602-1550,CUST-0046,Trần Đình Tùng,0853618324,"319 Đường 3 Tháng 2, Quận 1, TP. Hồ Chí Minh",Hồ Chí Minh,6990000,810000,0,6990000,COD,PAID,DELIVERED,2026-06-02T20:35:12,2026-06-02T20:42:12,2026-06-03T03:35:12,2026-06-04T22:35:12,
ORD-260218-1551,CUST-0363,Vũ Hồng Phương,0971982530,"128 Đường Xuân Thủy, Quận Đống Đa, TP. Hà Nội",Hà Nội,52990000,5010000,0,52990000,BANK_TRANSFER,PAID,DELIVERED,2026-02-18T22:27:15,2026-02-18T22:47:15,2026-02-19T14:27:15,2026-02-21T23:27:15,
ORD-250920-1552,CUST-0287,Phan Trúc Hoa,0971204618,"395 Đường Kim Mã, Quận Thanh Xuân, TP. Hà Nội",Hà Nội,3390000,410000,30000,3420000,COD,PAID,DELIVERED,2025-09-20T16:18:28,2025-09-20T16:40:28,2025-09-20T22:18:28,2025-09-23T16:18:28,
ORD-250626-1553,CUST-0263,Võ Khánh Trinh,0976213721,"58 Đường Lê Hồng Phong, Quận Ngô Quyền, TP. Hải Phòng",Hải Phòng,2190000,310000,30000,2220000,BANK_TRANSFER,PAID,DELIVERED,2025-06-26T12:47:49,2025-06-26T13:18:49,2025-06-26T23:47:49,2025-06-28T12:47:49,
ORD-251109-1554,CUST-0100,Đỗ Ngọc Trang,0987868144,"507 Đường Nguyễn Văn Cừ, Quận Ninh Kiều, TP. Cần Thơ",Cần Thơ,28980000,3520000,0,28980000,VNPAY,PAID,DELIVERED,2025-11-09T14:50:41,2025-11-09T15:14:41,2025-11-10T00:50:41,2025-11-12T18:50:41,
ORD-260208-1555,CUST-0157,Dương Lâm Việt,0839125134,"528 Đường Chùa Bộc, Quận Đống Đa, TP. Hà Nội",Hà Nội,3490000,410000,30000,3520000,COD,PAID,DELIVERED,2026-02-08T17:50:36,2026-02-08T18:22:36,2026-02-09T07:50:36,2026-02-10T22:50:36,
ORD-250803-1556,CUST-0143,Nguyễn Phương Lan,0979996504,"389 Đường Nguyễn Văn Cừ, Quận Ninh Kiều, TP. Cần Thơ",Cần Thơ,8990000,1510000,0,8990000,MOMO,PAID,DELIVERED,2025-08-03T20:48:00,2025-08-03T21:17:00,2025-08-04T10:48:00,2025-08-06T01:48:00,
ORD-250917-1557,CUST-0033,Bùi Hoàng Tùng,0830162720,"470 Đường Mậu Thân, Quận Cái Răng, TP. Cần Thơ",Cần Thơ,2480000,520000,30000,2510000,MOMO,PAID,DELIVERED,2025-09-17T09:50:50,2025-09-17T10:03:50,2025-09-17T19:50:50,2025-09-19T13:50:50,
ORD-260305-1558,CUST-0240,Trần Phương Hà,0975439878,"461 Đường Quang Trung, Quận 3, TP. Hồ Chí Minh",Hồ Chí Minh,15880000,2120000,0,15880000,BANK_TRANSFER,PAID,DELIVERED,2026-03-05T18:49:17,2026-03-05T19:13:17,2026-03-06T12:49:17,2026-03-07T21:49:17,
ORD-250824-1559,CUST-0168,Dương Diệu Vy,0771361115,"141 Đường Võ Nguyên Giáp, Quận Thanh Khê, TP. Đà Nẵng",Đà Nẵng,1490000,310000,30000,1520000,VNPAY,PAID,DELIVERED,2025-08-24T20:56:20,2025-08-24T21:24:20,2025-08-25T12:56:20,2025-08-27T23:56:20,
ORD-251221-1560,CUST-0028,Hồ Anh Anh,0932016328,"472 Đường Lê Lợi, Quận Bình Thạnh, TP. Hồ Chí Minh",Hồ Chí Minh,990000,210000,30000,1020000,BANK_TRANSFER,PAID,DELIVERED,2025-12-21T21:08:58,2025-12-21T21:51:58,2025-12-22T07:08:58,2025-12-23T00:08:58,
ORD-260601-1561,CUST-0240,Trần Phương Hà,0975439878,"461 Đường Quang Trung, Quận 3, TP. Hồ Chí Minh",Hồ Chí Minh,4380000,620000,30000,4410000,COD,PAID,DELIVERED,2026-06-01T09:27:22,2026-06-01T09:41:22,2026-06-01T13:27:22,2026-06-04T13:27:22,
ORD-251213-1562,CUST-0444,Phạm Ngọc Trung,0837246657,"93 Đường Lê Hồng Phong, Quận Hồng Bàng, TP. Hải Phòng",Hải Phòng,990000,210000,30000,1020000,MOMO,PAID,DELIVERED,2025-12-13T11:05:40,2025-12-13T11:11:40,2025-12-13T23:05:40,2025-12-15T13:05:40,
ORD-260108-1563,CUST-0115,Phạm Ngọc Kiệt,0796527858,"257 Đường Nguyễn Văn Linh, Quận Ngũ Hành Sơn, TP. Đà Nẵng",Đà Nẵng,29180000,3320000,0,29180000,VNPAY,PAID,DELIVERED,2026-01-08T16:03:34,2026-01-08T16:44:34,2026-01-09T10:03:34,2026-01-10T19:03:34,
ORD-250821-1564,CUST-0344,Hồ Ngọc Khoa,0981267969,"465 Đường Trần Văn Khéo, Quận Bình Thủy, TP. Cần Thơ",Cần Thơ,19980000,2320000,0,19980000,COD,PAID,DELIVERED,2025-08-21T07:17:08,2025-08-21T07:54:08,2025-08-21T11:17:08,2025-08-24T10:17:08,
ORD-250922-1565,CUST-0042,Lê Hồng Hạnh,0984008427,"495 Đường Võ Văn Tần, Quận Gò Vấp, TP. Hồ Chí Minh",Hồ Chí Minh,2490000,310000,30000,2520000,BANK_TRANSFER,PAID,DELIVERED,2025-09-22T15:53:41,2025-09-22T16:37:41,2025-09-22T17:53:41,2025-09-24T16:53:41,
ORD-250808-1566,CUST-0180,Ngô Thành Việt,0913836702,"242 Đường Lê Duẩn, Quận Hải Châu, TP. Đà Nẵng",Đà Nẵng,4980000,720000,30000,5010000,COD,PAID,DELIVERED,2025-08-08T09:07:51,2025-08-08T09:12:51,2025-08-09T02:07:51,2025-08-10T14:07:51,
ORD-260511-1567,CUST-0220,Đặng Hồng Vy,0930461849,"528 Đường Xuân Thủy, Quận Hai Bà Trưng, TP. Hà Nội",Hà Nội,12990000,2010000,0,12990000,BANK_TRANSFER,PAID,DELIVERED,2026-05-11T19:57:56,2026-05-11T20:23:56,2026-05-12T03:57:56,2026-05-13T19:57:56,
ORD-260401-1568,CUST-0123,Hoàng Thảo Nhi,0861459332,"430 Đường Tràng Tiền, Quận Hai Bà Trưng, TP. Hà Nội",Hà Nội,15990000,2010000,0,15990000,BANK_TRANSFER,PAID,DELIVERED,2026-04-01T11:39:08,2026-04-01T12:06:08,2026-04-02T01:39:08,2026-04-02T12:39:08,
ORD-251120-1569,CUST-0045,Đỗ Phương Linh,0791206797,"294 Đường Phan Đăng Lưu, Quận Bình Thạnh, TP. Hồ Chí Minh",Hồ Chí Minh,1890000,310000,30000,1920000,COD,PAID,DELIVERED,2025-11-20T13:01:26,2025-11-20T13:32:26,2025-11-21T05:01:26,2025-11-21T13:01:26,
ORD-260110-1570,CUST-0323,Nguyễn Quỳnh Linh,0854999827,"100 Đường Lạch Tray, Quận Ngô Quyền, TP. Hải Phòng",Hải Phòng,3290000,510000,30000,3320000,COD,PAID,DELIVERED,2026-01-10T00:22:57,2026-01-10T01:04:57,2026-01-10T02:22:57,2026-01-12T03:22:57,
ORD-260320-1571,CUST-0498,Trần Duy Phong,0795977790,"360 Đường Võ Văn Tần, Quận Gò Vấp, TP. Hồ Chí Minh",Hồ Chí Minh,52990000,5010000,0,52990000,COD,CANCELLED,CANCELLED,2026-03-20T16:54:24,2026-03-20T17:11:24,,,2026-03-21T11:54:24
ORD-260222-1572,CUST-0412,Dương Mai Lan,0853644249,"158 Đường Đại lộ Hòa Bình, Quận Ninh Kiều, TP. Cần Thơ",Cần Thơ,990000,210000,30000,1020000,BANK_TRANSFER,PAID,DELIVERED,2026-02-22T22:01:40,2026-02-22T22:26:40,2026-02-23T02:01:40,2026-02-25T00:01:40,
ORD-251105-1573,CUST-0459,Bùi Mai Phương,0779228777,"424 Đường Hùng Vương, Quận Hải Châu, TP. Đà Nẵng",Đà Nẵng,5490000,710000,0,5490000,COD,PAID,DELIVERED,2025-11-05T10:55:06,2025-11-05T11:16:06,2025-11-06T01:55:06,2025-11-08T14:55:06,
ORD-260115-1574,CUST-0379,Hoàng Thị Hương,0795695579,"316 Đường Tô Hiệu, Quận Ngô Quyền, TP. Hải Phòng",Hải Phòng,7580000,1220000,0,7580000,VNPAY,PAID,DELIVERED,2026-01-15T20:57:04,2026-01-15T21:08:04,2026-01-15T23:57:04,2026-01-18T21:57:04,
ORD-251118-1575,CUST-0115,Phạm Ngọc Kiệt,0796527858,"257 Đường Nguyễn Văn Linh, Quận Ngũ Hành Sơn, TP. Đà Nẵng",Đà Nẵng,3290000,510000,30000,3320000,BANK_TRANSFER,PAID,DELIVERED,2025-11-18T11:20:30,2025-11-18T11:28:30,2025-11-18T13:20:30,2025-11-21T15:20:30,
ORD-260205-1576,CUST-0208,Lê Anh Tùng,0795524140,"231 Đường Điện Biên Phủ, Quận 10, TP. Hồ Chí Minh",Hồ Chí Minh,1890000,310000,30000,1920000,MOMO,PAID,DELIVERED,2026-02-05T22:02:40,2026-02-05T22:24:40,2026-02-06T14:02:40,2026-02-06T22:02:40,
ORD-260225-1577,CUST-0361,Ngô Hoàng Nam,0938782931,"487 Đường Nguyễn Trãi, Quận Hai Bà Trưng, TP. Hà Nội",Hà Nội,15990000,2010000,0,15990000,VNPAY,PAID,DELIVERED,2026-02-25T22:40:52,2026-02-25T23:19:52,2026-02-26T11:40:52,2026-02-28T02:40:52,
ORD-251104-1578,CUST-0310,Vũ Văn Hoàng,0855543840,"291 Đường Lê Duẩn, Quận Ngũ Hành Sơn, TP. Đà Nẵng",Đà Nẵng,3990000,510000,30000,4020000,VNPAY,PAID,DELIVERED,2025-11-04T13:06:31,2025-11-04T13:15:31,2025-11-04T16:06:31,2025-11-07T15:06:31,
ORD-251208-1579,CUST-0043,Nguyễn Linh Mai,0916719022,"126 Đường Nguyễn Văn Linh, Quận Hải Châu, TP. Đà Nẵng",Đà Nẵng,2490000,310000,30000,2520000,MOMO,PAID,DELIVERED,2025-12-08T16:15:45,2025-12-08T16:38:45,2025-12-09T09:15:45,2025-12-09T20:15:45,
ORD-260117-1580,CUST-0371,Phạm Duy Hải,0859298316,"478 Đường Trần Văn Khéo, Quận Ninh Kiều, TP. Cần Thơ",Cần Thơ,3690000,510000,30000,3720000,COD,CANCELLED,CANCELLED,2026-01-17T13:45:51,2026-01-17T14:02:51,,,2026-01-18T01:45:51
ORD-251206-1581,CUST-0240,Trần Phương Hà,0975439878,"461 Đường Quang Trung, Quận 3, TP. Hồ Chí Minh",Hồ Chí Minh,15180000,1820000,0,15180000,BANK_TRANSFER,PAID,DELIVERED,2025-12-06T00:16:25,2025-12-06T00:48:25,2025-12-06T06:16:25,2025-12-09T05:16:25,
ORD-260517-1582,CUST-0211,Đỗ Khánh Thảo,0854328309,"514 Đường Lê Duẩn, Quận Thanh Khê, TP. Đà Nẵng",Đà Nẵng,19980000,2520000,0,19980000,MOMO,REFUNDED,CANCELLED,2026-05-17T14:55:55,2026-05-17T15:27:55,,,2026-05-17T15:55:55
ORD-250722-1583,CUST-0301,Phạm Khánh Lan,0836931572,"43 Đường Lê Hồng Phong, Quận Hồng Bàng, TP. Hải Phòng",Hải Phòng,990000,210000,30000,1020000,COD,PAID,DELIVERED,2025-07-22T12:36:00,2025-07-22T12:53:00,2025-07-22T18:36:00,2025-07-24T17:36:00,
ORD-260607-1584,CUST-0271,Lý Thảo Chi,0830807595,"192 Đường Tô Hiệu, Quận Ngô Quyền, TP. Hải Phòng",Hải Phòng,1890000,310000,30000,1920000,VNPAY,PAID,DELIVERED,2026-06-07T21:42:42,2026-06-07T21:50:42,2026-06-08T01:42:42,2026-06-10T02:42:42,
ORD-251204-1585,CUST-0358,Võ Hồng Lan,0793067198,"61 Đường Võ Nguyên Giáp, Quận Sơn Trà, TP. Đà Nẵng",Đà Nẵng,990000,210000,30000,1020000,BANK_TRANSFER,PAID,DELIVERED,2025-12-04T21:06:06,2025-12-04T21:36:06,2025-12-05T08:06:06,2025-12-06T21:06:06,
ORD-250729-1586,CUST-0104,Dương Quỳnh Ngọc,0982535841,"133 Đường Kim Mã, Quận Hoàn Kiếm, TP. Hà Nội",Hà Nội,11490000,1510000,0,11490000,VNPAY,CANCELLED,CANCELLED,2025-07-29T17:24:44,2025-07-29T17:51:44,,,2025-07-29T21:24:44
ORD-260307-1587,CUST-0498,Trần Duy Phong,0795977790,"360 Đường Võ Văn Tần, Quận Gò Vấp, TP. Hồ Chí Minh",Hồ Chí Minh,1490000,310000,30000,1520000,COD,PAID,DELIVERED,2026-03-07T11:59:46,2026-03-07T12:37:46,2026-03-07T18:59:46,2026-03-09T11:59:46,
ORD-251114-1588,CUST-0055,Dương Linh Mai,0797026217,"341 Đường Lê Duẩn, Quận Ngũ Hành Sơn, TP. Đà Nẵng",Đà Nẵng,2190000,310000,30000,2220000,BANK_TRANSFER,PAID,DELIVERED,2025-11-14T11:51:46,2025-11-14T12:31:46,2025-11-14T17:51:46,2025-11-17T11:51:46,
ORD-260126-1589,CUST-0135,Hoàng Thu Chi,0771753556,"21 Đường Trần Hưng Đạo, Quận Hồng Bàng, TP. Hải Phòng",Hải Phòng,1490000,310000,30000,1520000,COD,PAID,DELIVERED,2026-01-26T17:23:55,2026-01-26T18:03:55,2026-01-27T04:23:55,2026-01-27T21:23:55,
ORD-250827-1590,CUST-0310,Vũ Văn Hoàng,0855543840,"291 Đường Lê Duẩn, Quận Ngũ Hành Sơn, TP. Đà Nẵng",Đà Nẵng,21480000,2720000,0,21480000,COD,PAID,DELIVERED,2025-08-27T19:11:22,2025-08-27T19:40:22,2025-08-28T05:11:22,2025-08-30T00:11:22,
ORD-250828-1591,CUST-0058,Bùi Anh Tùng,0983747407,"358 Đường Trần Duy Hưng, Quận Cầu Giấy, TP. Hà Nội",Hà Nội,4480000,620000,30000,4510000,COD,PAID,DELIVERED,2025-08-28T14:37:36,2025-08-28T14:46:36,2025-08-28T23:37:36,2025-08-31T17:37:36,
ORD-251018-1592,CUST-0272,Hoàng Trúc Trinh,0980867808,"473 Đường Mậu Thân, Quận Bình Thủy, TP. Cần Thơ",Cần Thơ,14780000,1720000,0,14780000,BANK_TRANSFER,PAID,DELIVERED,2025-10-18T11:53:21,2025-10-18T12:33:21,2025-10-19T04:53:21,2025-10-20T14:53:21,
ORD-250822-1593,CUST-0207,Dương Thị Yến,0905345786,"386 Đường Điện Biên Phủ, Quận 1, TP. Hồ Chí Minh",Hồ Chí Minh,5280000,720000,0,5280000,COD,PAID,DELIVERED,2025-08-22T19:07:28,2025-08-22T19:40:28,2025-08-23T11:07:28,2025-08-25T22:07:28,
ORD-260129-1594,CUST-0334,Hoàng Vy Hạnh,0791385854,"77 Đường Nguyễn Văn Linh, Quận Thanh Khê, TP. Đà Nẵng",Đà Nẵng,990000,210000,30000,1020000,COD,PAID,DELIVERED,2026-01-29T20:28:23,2026-01-29T21:03:23,2026-01-30T13:28:23,2026-02-01T23:28:23,
ORD-251028-1595,CUST-0041,Phạm Phương Hà,0918233749,"203 Đường Lạch Tray, Quận Ngô Quyền, TP. Hải Phòng",Hải Phòng,4280000,720000,30000,4310000,COD,PAID,DELIVERED,2025-10-28T08:08:42,2025-10-28T08:45:42,2025-10-28T12:08:42,2025-10-29T13:08:42,
ORD-251027-1596,CUST-0073,Trần Duy Phong,0388998094,"352 Đường Kim Mã, Quận Đống Đa, TP. Hà Nội",Hà Nội,8990000,1510000,0,8990000,VNPAY,PAID,DELIVERED,2025-10-27T17:32:02,2025-10-27T18:05:02,2025-10-28T06:32:02,2025-10-29T18:32:02,
ORD-251123-1597,CUST-0101,Dương Quỳnh Yến,0915518844,"525 Đường Tràng Tiền, Quận Nam Từ Liêm, TP. Hà Nội",Hà Nội,4290000,710000,30000,4320000,COD,PAID,DELIVERED,2025-11-23T21:50:29,2025-11-23T22:31:29,2025-11-24T07:50:29,2025-11-25T01:50:29,
ORD-260426-1598,CUST-0137,Võ Thu Hoa,0790100623,"522 Đường Bà Triệu, Quận Cầu Giấy, TP. Hà Nội",Hà Nội,6980000,1020000,0,6980000,BANK_TRANSFER,PAID,DELIVERED,2026-04-26T18:01:19,2026-04-26T18:28:19,2026-04-27T04:01:19,2026-04-29T19:01:19,
ORD-250805-1599,CUST-0410,Võ Mai Lan,0854846853,"189 Đường Trần Văn Khéo, Quận Cái Răng, TP. Cần Thơ",Cần Thơ,2490000,310000,30000,2520000,BANK_TRANSFER,PAID,DELIVERED,2025-08-05T11:09:48,2025-08-05T11:34:48,2025-08-05T19:09:48,2025-08-08T13:09:48,
ORD-260505-1600,CUST-0052,Võ Đình Khánh,0866773782,"76 Đường Chùa Bộc, Quận Ba Đình, TP. Hà Nội",Hà Nội,13980000,2220000,0,13980000,COD,PAID,DELIVERED,2026-05-05T15:54:12,2026-05-05T16:25:12,2026-05-06T02:54:12,2026-05-08T16:54:12,
ORD-260105-1601,CUST-0466,Ngô Diệu Hạnh,0770079420,"364 Đường Tô Hiệu, Quận Ngô Quyền, TP. Hải Phòng",Hải Phòng,34480000,3520000,0,34480000,COD,PAID,DELIVERED,2026-01-05T23:00:58,2026-01-05T23:29:58,2026-01-06T06:00:58,2026-01-07T04:00:58,
ORD-251104-1602,CUST-0385,Phan Thị Ngọc,0975478137,"172 Đường Nguyễn Văn Cừ, Quận Cái Răng, TP. Cần Thơ",Cần Thơ,6490000,1010000,0,6490000,VNPAY,PAID,DELIVERED,2025-11-04T12:17:24,2025-11-04T12:38:24,2025-11-05T05:17:24,2025-11-07T12:17:24,
ORD-260511-1603,CUST-0214,Võ Thảo Trinh,0839173816,"159 Đường Lê Duẩn, Quận Ngũ Hành Sơn, TP. Đà Nẵng",Đà Nẵng,29280000,3320000,0,29280000,COD,PAID,DELIVERED,2026-05-11T16:49:22,2026-05-11T16:59:22,2026-05-11T23:49:22,2026-05-12T17:49:22,
ORD-251205-1604,CUST-0035,Phạm Thảo Mai,0833745299,"115 Đường Phan Đăng Lưu, Quận 10, TP. Hồ Chí Minh",Hồ Chí Minh,16980000,2220000,0,16980000,MOMO,PAID,DELIVERED,2025-12-05T21:21:27,2025-12-05T21:43:27,2025-12-06T02:21:27,2025-12-06T22:21:27,
ORD-250927-1605,CUST-0072,Dương Văn Việt,0834519832,"363 Đường Đại lộ Hòa Bình, Quận Ninh Kiều, TP. Cần Thơ",Cần Thơ,6780000,920000,0,6780000,BANK_TRANSFER,PAID,DELIVERED,2025-09-27T22:51:58,2025-09-27T23:35:58,2025-09-28T03:51:58,2025-10-01T00:51:58,
ORD-260102-1606,CUST-0361,Ngô Hoàng Nam,0938782931,"487 Đường Nguyễn Trãi, Quận Hai Bà Trưng, TP. Hà Nội",Hà Nội,13980000,1820000,0,13980000,COD,PAID,DELIVERED,2026-01-02T20:37:11,2026-01-02T21:00:11,2026-01-03T03:37:11,2026-01-06T00:37:11,
ORD-260125-1607,CUST-0057,Nguyễn Thị Ngọc,0975623869,"85 Đường Chùa Bộc, Quận Thanh Xuân, TP. Hà Nội",Hà Nội,12990000,2010000,0,12990000,BANK_TRANSFER,PAID,DELIVERED,2026-01-25T08:52:32,2026-01-25T09:34:32,2026-01-25T13:52:32,2026-01-27T09:52:32,
ORD-250621-1608,CUST-0003,Trần Ngọc Long,0979310341,"469 Đường Phan Đăng Lưu, Thành phố Thủ Đức, TP. Hồ Chí Minh",Hồ Chí Minh,7980000,1320000,0,7980000,BANK_TRANSFER,PAID,DELIVERED,2025-06-21T14:56:02,2025-06-21T15:28:02,2025-06-22T08:56:02,2025-06-24T18:56:02,
ORD-251025-1609,CUST-0038,Phan Hữu Huy,0773799650,"222 Đường Võ Nguyên Giáp, Quận Thanh Khê, TP. Đà Nẵng",Đà Nẵng,1490000,310000,30000,1520000,BANK_TRANSFER,PAID,DELIVERED,2025-10-25T20:07:15,2025-10-25T20:18:15,2025-10-26T11:07:15,2025-10-27T22:07:15,
ORD-260110-1610,CUST-0064,Nguyễn Linh Mai,0913826758,"429 Đường Trần Hưng Đạo, Quận Lê Chân, TP. Hải Phòng",Hải Phòng,6990000,810000,0,6990000,BANK_TRANSFER,PAID,DELIVERED,2026-01-10T10:07:35,2026-01-10T10:20:35,2026-01-10T18:07:35,2026-01-11T12:07:35,
ORD-260219-1611,CUST-0393,Hồ Linh Anh,0795240132,"319 Đường Bà Triệu, Quận Hoàn Kiếm, TP. Hà Nội",Hà Nội,3990000,510000,30000,4020000,BANK_TRANSFER,PAID,DELIVERED,2026-02-19T16:59:45,2026-02-19T17:20:45,2026-02-20T06:59:45,2026-02-20T19:59:45,
ORD-260331-1612,CUST-0323,Nguyễn Quỳnh Linh,0854999827,"100 Đường Lạch Tray, Quận Ngô Quyền, TP. Hải Phòng",Hải Phòng,1290000,210000,30000,1320000,BANK_TRANSFER,PAID,DELIVERED,2026-03-31T09:15:59,2026-03-31T09:22:59,2026-04-01T01:15:59,2026-04-02T12:15:59,
ORD-250918-1613,CUST-0317,Hồ Diệu Nhi,0850347644,"60 Đường Kim Mã, Quận Hai Bà Trưng, TP. Hà Nội",Hà Nội,3290000,510000,30000,3320000,BANK_TRANSFER,PAID,DELIVERED,2025-09-18T18:57:27,2025-09-18T19:33:27,2025-09-19T11:57:27,2025-09-19T18:57:27,
ORD-260121-1614,CUST-0092,Phạm Trúc Anh,0771179808,"303 Đường Chùa Bộc, Quận Hoàn Kiếm, TP. Hà Nội",Hà Nội,6480000,920000,0,6480000,COD,PAID,DELIVERED,2026-01-21T07:15:53,2026-01-21T07:58:53,2026-01-22T00:15:53,2026-01-22T09:15:53,
ORD-251224-1615,CUST-0222,Phan Thị Lan,0919721811,"275 Đường Kim Mã, Quận Hai Bà Trưng, TP. Hà Nội",Hà Nội,2490000,310000,30000,2520000,BANK_TRANSFER,PAID,DELIVERED,2025-12-24T08:47:51,2025-12-24T09:23:51,2025-12-24T23:47:51,2025-12-27T13:47:51,
ORD-260107-1616,CUST-0283,Nguyễn Lâm Minh,0974780774,"12 Đường Mậu Thân, Quận Cái Răng, TP. Cần Thơ",Cần Thơ,1490000,310000,30000,1520000,MOMO,PAID,DELIVERED,2026-01-07T11:42:06,2026-01-07T11:59:06,2026-01-07T18:42:06,2026-01-09T15:42:06,
ORD-260530-1617,CUST-0011,Phạm Thị Hà,0918347382,"253 Đường Tô Hiệu, Quận Lê Chân, TP. Hải Phòng",Hải Phòng,990000,210000,30000,1020000,BANK_TRANSFER,PAID,DELIVERED,2026-05-30T17:14:22,2026-05-30T17:57:22,2026-05-31T06:14:22,2026-06-02T18:14:22,
ORD-251113-1618,CUST-0372,Hồ Quốc Trung,0389392906,"548 Đường Tô Hiệu, Quận Hồng Bàng, TP. Hải Phòng",Hải Phòng,3490000,410000,30000,3520000,BANK_TRANSFER,PAID,DELIVERED,2025-11-13T17:43:05,2025-11-13T17:51:05,2025-11-14T06:43:05,2025-11-14T20:43:05,
ORD-260118-1619,CUST-0002,Hồ Khánh Vy,0935116155,"132 Đường Võ Nguyên Giáp, Quận Hải Châu, TP. Đà Nẵng",Đà Nẵng,26990000,3010000,0,26990000,BANK_TRANSFER,PAID,DELIVERED,2026-01-18T18:39:39,2026-01-18T19:16:39,2026-01-19T09:39:39,2026-01-21T21:39:39,
ORD-251218-1620,CUST-0122,Phan Văn Huy,0383745499,"68 Đường Nguyễn Văn Linh, Quận Sơn Trà, TP. Đà Nẵng",Đà Nẵng,6380000,820000,0,6380000,COD,PAID,DELIVERED,2025-12-18T20:16:35,2025-12-18T20:44:35,2025-12-19T08:16:35,2025-12-20T20:16:35,
ORD-260516-1621,CUST-0314,Phan Trúc Chi,0988975267,"236 Đường Bà Triệu, Quận Thanh Xuân, TP. Hà Nội",Hà Nội,11490000,1510000,0,11490000,BANK_TRANSFER,PAID,DELIVERED,2026-05-16T09:26:13,2026-05-16T09:37:13,2026-05-16T11:26:13,2026-05-19T12:26:13,
ORD-250710-1622,CUST-0055,Dương Linh Mai,0797026217,"341 Đường Lê Duẩn, Quận Ngũ Hành Sơn, TP. Đà Nẵng",Đà Nẵng,13980000,2020000,0,13980000,VNPAY,PAID,DELIVERED,2025-07-10T21:59:27,2025-07-10T22:05:27,2025-07-11T07:59:27,2025-07-12T00:59:27,
ORD-251117-1623,CUST-0069,Nguyễn Hoàng Khoa,0851771159,"337 Đường Phan Đăng Lưu, Quận 10, TP. Hồ Chí Minh",Hồ Chí Minh,26990000,3010000,0,26990000,VNPAY,PAID,DELIVERED,2025-11-17T15:32:50,2025-11-17T15:48:50,2025-11-17T23:32:50,2025-11-20T19:32:50,
ORD-251106-1624,CUST-0042,Lê Hồng Hạnh,0984008427,"495 Đường Võ Văn Tần, Quận Gò Vấp, TP. Hồ Chí Minh",Hồ Chí Minh,3990000,510000,30000,4020000,COD,PAID,DELIVERED,2025-11-06T20:33:52,2025-11-06T20:57:52,2025-11-07T12:33:52,2025-11-10T01:33:52,
ORD-260419-1625,CUST-0450,Hồ Hữu Tuấn,0975626060,"537 Đường Nguyễn Trãi, Quận Ba Đình, TP. Hà Nội",Hà Nội,3490000,410000,30000,3520000,BANK_TRANSFER,PAID,DELIVERED,2026-04-19T10:47:20,2026-04-19T11:05:20,2026-04-19T14:47:20,2026-04-20T12:47:20,
ORD-250919-1626,CUST-0123,Hoàng Thảo Nhi,0861459332,"430 Đường Tràng Tiền, Quận Hai Bà Trưng, TP. Hà Nội",Hà Nội,2290000,310000,30000,2320000,BANK_TRANSFER,PAID,DELIVERED,2025-09-19T10:15:03,2025-09-19T10:36:03,2025-09-19T12:15:03,2025-09-20T11:15:03,
ORD-260215-1627,CUST-0049,Phan Mai Mai,0985674680,"336 Đường Phan Đăng Lưu, Quận Tân Bình, TP. Hồ Chí Minh",Hồ Chí Minh,10980000,1420000,0,10980000,BANK_TRANSFER,PAID,DELIVERED,2026-02-15T12:23:45,2026-02-15T12:47:45,2026-02-15T16:23:45,2026-02-18T14:23:45,
ORD-250911-1628,CUST-0266,Lê Khánh Phương,0976693801,"360 Đường Lê Hồng Phong, Quận Ngô Quyền, TP. Hải Phòng",Hải Phòng,11880000,1120000,0,11880000,BANK_TRANSFER,PAID,DELIVERED,2025-09-11T14:50:40,2025-09-11T14:55:40,2025-09-11T22:50:40,2025-09-14T15:50:40,
ORD-251009-1629,CUST-0341,Võ Hoàng Long,0837335494,"13 Đường Hùng Vương, Quận Hải Châu, TP. Đà Nẵng",Đà Nẵng,10980000,1220000,0,10980000,MOMO,PAID,DELIVERED,2025-10-09T19:19:19,2025-10-09T19:25:19,2025-10-10T06:19:19,2025-10-11T19:19:19,
ORD-251229-1630,CUST-0121,Hồ Khánh Trinh,0853296685,"194 Đường Đại lộ Hòa Bình, Quận Bình Thủy, TP. Cần Thơ",Cần Thơ,15680000,1820000,0,15680000,CREDIT_CARD,PAID,DELIVERED,2025-12-29T22:29:36,2025-12-29T22:42:36,2025-12-30T07:29:36,2026-01-02T00:29:36,
ORD-251208-1631,CUST-0251,Lý Anh Minh,0976394278,"519 Đường Quang Trung, Thành phố Thủ Đức, TP. Hồ Chí Minh",Hồ Chí Minh,2490000,310000,30000,2520000,BANK_TRANSFER,PAID,DELIVERED,2025-12-08T08:33:51,2025-12-08T09:07:51,2025-12-09T01:33:51,2025-12-10T11:33:51,
ORD-260518-1632,CUST-0443,Đặng Thảo Trúc,0771795760,"357 Đường Võ Nguyên Giáp, Quận Thanh Khê, TP. Đà Nẵng",Đà Nẵng,25980000,3520000,0,25980000,BANK_TRANSFER,PAID,DELIVERED,2026-05-18T15:42:04,2026-05-18T16:23:04,2026-05-19T00:42:04,2026-05-21T18:42:04,
ORD-260224-1633,CUST-0244,Phan Thảo Mai,0790919015,"93 Đường Phan Đăng Lưu, Quận Gò Vấp, TP. Hồ Chí Minh",Hồ Chí Minh,6980000,820000,0,6980000,VNPAY,PAID,DELIVERED,2026-02-24T13:37:16,2026-02-24T13:47:16,2026-02-25T05:37:16,2026-02-27T14:37:16,
ORD-250827-1634,CUST-0256,Đỗ Phương Trinh,0986030299,"155 Đường Nguyễn Trãi, Quận Hoàn Kiếm, TP. Hà Nội",Hà Nội,4980000,820000,30000,5010000,COD,PAID,DELIVERED,2025-08-27T20:46:43,2025-08-27T21:22:43,2025-08-28T08:46:43,2025-08-30T22:46:43,
ORD-260104-1635,CUST-0327,Đặng Quốc Hùng,0853441448,"346 Đường Lê Duẩn, Quận Hải Châu, TP. Đà Nẵng",Đà Nẵng,3290000,510000,30000,3320000,VNPAY,PAID,DELIVERED,2026-01-04T14:08:02,2026-01-04T14:50:02,2026-01-04T21:08:02,2026-01-06T14:08:02,
ORD-260223-1636,CUST-0129,Bùi Văn Phong,0931190790,"244 Đường Võ Văn Tần, Thành phố Thủ Đức, TP. Hồ Chí Minh",Hồ Chí Minh,15380000,1820000,0,15380000,COD,CANCELLED,CANCELLED,2026-02-23T21:57:29,2026-02-23T22:24:29,,,2026-02-24T04:57:29
ORD-250906-1637,CUST-0235,Ngô Ngọc Trang,0382003424,"307 Đường Lê Duẩn, Quận Thanh Khê, TP. Đà Nẵng",Đà Nẵng,5480000,720000,0,5480000,VNPAY,PAID,DELIVERED,2025-09-06T10:43:57,2025-09-06T11:08:57,2025-09-06T20:43:57,2025-09-08T10:43:57,
ORD-260129-1638,CUST-0234,Đỗ Thảo Vy,0852885158,"297 Đường Tô Hiệu, Quận Lê Chân, TP. Hải Phòng",Hải Phòng,11490000,1510000,0,11490000,COD,PAID,DELIVERED,2026-01-29T19:19:31,2026-01-29T19:30:31,2026-01-30T11:19:31,2026-02-01T00:19:31,
ORD-260127-1639,CUST-0457,Hồ Thu Vân,0919611594,"388 Đường Phan Đăng Lưu, Quận Tân Bình, TP. Hồ Chí Minh",Hồ Chí Minh,2190000,310000,30000,2220000,BANK_TRANSFER,PAID,DELIVERED,2026-01-27T21:44:19,2026-01-27T22:06:19,2026-01-28T03:44:19,2026-01-29T22:44:19,
ORD-251008-1640,CUST-0422,Dương Quốc Hùng,0908931734,"444 Đường Tố Hữu, Quận Cầu Giấy, TP. Hà Nội",Hà Nội,8490000,1010000,0,8490000,BANK_TRANSFER,REFUNDED,CANCELLED,2025-10-08T11:35:26,2025-10-08T11:40:26,,,2025-10-08T19:35:26
ORD-260331-1641,CUST-0125,Võ Phương Trinh,0771870728,"478 Đường Đại lộ Hòa Bình, Quận Bình Thủy, TP. Cần Thơ",Cần Thơ,8490000,1010000,0,8490000,COD,PAID,DELIVERED,2026-03-31T20:44:18,2026-03-31T21:13:18,2026-04-01T11:44:18,2026-04-04T00:44:18,
ORD-260208-1642,CUST-0337,Lý Quỳnh Hà,0977701715,"361 Đường Nguyễn Văn Cừ, Quận Ninh Kiều, TP. Cần Thơ",Cần Thơ,15680000,1820000,0,15680000,COD,PAID,DELIVERED,2026-02-08T20:03:48,2026-02-08T20:14:48,2026-02-09T12:03:48,2026-02-11T00:03:48,
ORD-251125-1643,CUST-0134,Hoàng Văn Sơn,0931739363,"482 Đường Võ Nguyên Giáp, Quận Sơn Trà, TP. Đà Nẵng",Đà Nẵng,12480000,1720000,0,12480000,MOMO,PAID,DELIVERED,2025-11-25T10:29:01,2025-11-25T10:46:01,2025-11-25T13:29:01,2025-11-26T14:29:01,
ORD-250702-1644,CUST-0043,Nguyễn Linh Mai,0916719022,"126 Đường Nguyễn Văn Linh, Quận Hải Châu, TP. Đà Nẵng",Đà Nẵng,2880000,520000,30000,2910000,MOMO,PAID,DELIVERED,2025-07-02T13:32:50,2025-07-02T14:07:50,2025-07-02T16:32:50,2025-07-03T14:32:50,
ORD-251206-1645,CUST-0182,Lý Thành Trung,0977431329,"465 Đường Chùa Bộc, Quận Cầu Giấy, TP. Hà Nội",Hà Nội,2290000,310000,30000,2320000,COD,PAID,DELIVERED,2025-12-06T15:01:52,2025-12-06T15:11:52,2025-12-06T21:01:52,2025-12-07T15:01:52,
ORD-260605-1646,CUST-0133,Dương Thu Giang,0904699013,"218 Đường Tô Hiệu, Quận Hồng Bàng, TP. Hải Phòng",Hải Phòng,13490000,1510000,0,13490000,COD,PAID,DELIVERED,2026-06-05T15:15:47,2026-06-05T15:28:47,2026-06-05T22:15:47,2026-06-06T20:15:47,
ORD-251114-1647,CUST-0332,Dương Quang Minh,0930768104,"483 Đường Lê Hồng Phong, Quận Hồng Bàng, TP. Hải Phòng",Hải Phòng,12990000,1510000,0,12990000,COD,PAID,DELIVERED,2025-11-14T14:15:47,2025-11-14T14:47:47,2025-11-14T19:15:47,2025-11-15T17:15:47,
ORD-250805-1648,CUST-0343,Vũ Phương Linh,0772386562,"78 Đường Nguyễn Trãi, Quận Thanh Xuân, TP. Hà Nội",Hà Nội,20280000,2720000,0,20280000,VNPAY,PAID,DELIVERED,2025-08-05T17:17:47,2025-08-05T17:42:47,2025-08-06T01:17:47,2025-08-07T19:17:47,
ORD-260201-1649,CUST-0369,Phạm Hồng Trúc,0936317970,"187 Đường Trần Duy Hưng, Quận Thanh Xuân, TP. Hà Nội",Hà Nội,58480000,5720000,0,58480000,COD,PAID,DELIVERED,2026-02-01T16:54:42,2026-02-01T17:21:42,2026-02-02T05:54:42,2026-02-04T17:54:42,
ORD-250802-1650,CUST-0486,Dương Thu Trinh,0773179128,"536 Đường Tô Hiệu, Quận Ngô Quyền, TP. Hải Phòng",Hải Phòng,12980000,1720000,0,12980000,MOMO,PAID,DELIVERED,2025-08-02T17:32:33,2025-08-02T18:09:33,2025-08-02T21:32:33,2025-08-05T22:32:33,
ORD-251218-1651,CUST-0133,Dương Thu Giang,0904699013,"218 Đường Tô Hiệu, Quận Hồng Bàng, TP. Hải Phòng",Hải Phòng,4990000,510000,30000,5020000,COD,PAID,DELIVERED,2025-12-18T18:30:31,2025-12-18T18:59:31,2025-12-19T04:30:31,2025-12-21T19:30:31,
ORD-260523-1652,CUST-0145,Trần Quỳnh Trúc,0778886101,"399 Đường Lê Hồng Phong, Quận Hồng Bàng, TP. Hải Phòng",Hải Phòng,8990000,1510000,0,8990000,BANK_TRANSFER,PAID,DELIVERED,2026-05-23T00:36:34,2026-05-23T01:10:34,2026-05-23T13:36:34,2026-05-25T01:36:34,
ORD-250905-1653,CUST-0117,Hoàng Hồng Lan,0977473384,"250 Đường Lê Duẩn, Quận Thanh Khê, TP. Đà Nẵng",Đà Nẵng,2490000,310000,30000,2520000,COD,PAID,DELIVERED,2025-09-05T17:18:41,2025-09-05T17:39:41,2025-09-05T19:18:41,2025-09-07T18:18:41,
ORD-251220-1654,CUST-0415,Đỗ Lâm Khánh,0867139155,"438 Đường Mậu Thân, Quận Bình Thủy, TP. Cần Thơ",Cần Thơ,3990000,510000,30000,4020000,BANK_TRANSFER,PAID,DELIVERED,2025-12-20T17:02:05,2025-12-20T17:21:05,2025-12-20T23:02:05,2025-12-23T22:02:05,
ORD-250904-1655,CUST-0226,Nguyễn Thảo Hà,0908993588,"259 Đường Tô Hiệu, Quận Hồng Bàng, TP. Hải Phòng",Hải Phòng,2190000,310000,30000,2220000,COD,PAID,DELIVERED,2025-09-04T22:23:42,2025-09-04T22:53:42,2025-09-05T01:23:42,2025-09-05T23:23:42,
ORD-250824-1656,CUST-0384,Bùi Duy Khánh,0934301871,"374 Đường Đại lộ Hòa Bình, Quận Cái Răng, TP. Cần Thơ",Cần Thơ,1890000,310000,30000,1920000,BANK_TRANSFER,PAID,DELIVERED,2025-08-24T18:38:32,2025-08-24T19:19:32,2025-08-25T07:38:32,2025-08-25T23:38:32,
ORD-260204-1657,CUST-0047,Võ Hồng Ngọc,0384887719,"261 Đường Nguyễn Văn Cừ, Quận Bình Thủy, TP. Cần Thơ",Cần Thơ,4490000,510000,30000,4520000,COD,PAID,DELIVERED,2026-02-04T19:21:59,2026-02-04T19:55:59,2026-02-05T13:21:59,2026-02-05T20:21:59,
ORD-260123-1658,CUST-0372,Hồ Quốc Trung,0389392906,"548 Đường Tô Hiệu, Quận Hồng Bàng, TP. Hải Phòng",Hải Phòng,990000,210000,30000,1020000,VNPAY,PAID,DELIVERED,2026-01-23T21:51:09,2026-01-23T22:13:09,2026-01-23T23:51:09,2026-01-24T22:51:09,
ORD-251019-1659,CUST-0202,Đỗ Thảo Vy,0834511686,"474 Đường Hùng Vương, Quận Sơn Trà, TP. Đà Nẵng",Đà Nẵng,9980000,1320000,0,9980000,COD,PAID,DELIVERED,2025-10-19T15:58:52,2025-10-19T16:27:52,2025-10-20T03:58:52,2025-10-22T17:58:52,
ORD-260611-1660,CUST-0259,Đỗ Quỳnh Anh,0912799088,"6 Đường 3 Tháng 2, Quận Phú Nhuận, TP. Hồ Chí Minh",Hồ Chí Minh,9490000,1510000,0,9490000,BANK_TRANSFER,PAID,DELIVERED,2026-06-11T22:45:55,2026-06-11T23:08:55,2026-06-12T10:45:55,2026-06-15T00:45:55,
ORD-251116-1661,CUST-0368,Lê Thị Chi,0791137995,"240 Đường Tràng Tiền, Quận Hoàn Kiếm, TP. Hà Nội",Hà Nội,2190000,310000,30000,2220000,VNPAY,PAID,DELIVERED,2025-11-16T20:11:13,2025-11-16T20:56:13,2025-11-17T12:11:13,2025-11-18T01:11:13,
ORD-250827-1662,CUST-0267,Phạm Quốc Bách,0389042681,"124 Đường Quang Trung, Quận Gò Vấp, TP. Hồ Chí Minh",Hồ Chí Minh,12980000,2020000,0,12980000,BANK_TRANSFER,PAID,DELIVERED,2025-08-27T20:22:07,2025-08-27T20:37:07,2025-08-28T00:22:07,2025-08-29T21:22:07,
ORD-251204-1663,CUST-0268,Lý Lâm Tùng,0867697357,"498 Đường Đại lộ Hòa Bình, Quận Bình Thủy, TP. Cần Thơ",Cần Thơ,16490000,2010000,0,16490000,COD,PAID,DELIVERED,2025-12-04T16:50:24,2025-12-04T17:17:24,2025-12-05T09:50:24,2025-12-05T16:50:24,
ORD-250906-1664,CUST-0093,Phạm Đức Tuấn,0795188888,"401 Đường Đại lộ Hòa Bình, Quận Cái Răng, TP. Cần Thơ",Cần Thơ,990000,210000,30000,1020000,BANK_TRANSFER,PAID,DELIVERED,2025-09-06T16:14:01,2025-09-06T16:33:01,2025-09-07T08:14:01,2025-09-08T17:14:01,
ORD-260111-1665,CUST-0314,Phan Trúc Chi,0988975267,"236 Đường Bà Triệu, Quận Thanh Xuân, TP. Hà Nội",Hà Nội,1490000,310000,30000,1520000,COD,PAID,DELIVERED,2026-01-11T07:49:10,2026-01-11T08:34:10,2026-01-11T09:49:10,2026-01-14T08:49:10,
ORD-250812-1666,CUST-0001,Vũ Ngọc Giang,0938908386,"11 Đường Nguyễn Văn Cừ, Quận Bình Thủy, TP. Cần Thơ",Cần Thơ,15990000,2010000,0,15990000,MOMO,PAID,DELIVERED,2025-08-12T10:01:35,2025-08-12T10:13:35,2025-08-13T04:01:35,2025-08-15T12:01:35,
ORD-250901-1667,CUST-0306,Bùi Thị Hương,0935211039,"118 Đường Trần Hưng Đạo, Quận Hải Châu, TP. Đà Nẵng",Đà Nẵng,9980000,1420000,0,9980000,MOMO,PAID,DELIVERED,2025-09-01T07:15:13,2025-09-01T07:53:13,2025-09-01T23:15:13,2025-09-03T07:15:13,
ORD-260326-1668,CUST-0102,Ngô Trúc Chi,0905895782,"412 Đường Phan Đăng Lưu, Quận 3, TP. Hồ Chí Minh",Hồ Chí Minh,12990000,1510000,0,12990000,COD,PAID,DELIVERED,2026-03-26T20:35:33,2026-03-26T20:44:33,2026-03-27T12:35:33,2026-03-28T20:35:33,
ORD-250803-1669,CUST-0063,Bùi Thảo Vân,0913709859,"423 Đường Phan Đăng Lưu, Quận Phú Nhuận, TP. Hồ Chí Minh",Hồ Chí Minh,3490000,410000,30000,3520000,BANK_TRANSFER,PAID,DELIVERED,2025-08-03T15:22:33,2025-08-03T15:27:33,2025-08-04T03:22:33,2025-08-06T15:22:33,
ORD-251107-1670,CUST-0152,Phạm Quang Duy,0839375679,"30 Đường Lê Hồng Phong, Quận Hồng Bàng, TP. Hải Phòng",Hải Phòng,16980000,2520000,0,16980000,BANK_TRANSFER,PAID,DELIVERED,2025-11-07T11:26:39,2025-11-07T11:52:39,2025-11-07T16:26:39,2025-11-10T11:26:39,
ORD-250909-1671,CUST-0334,Hoàng Vy Hạnh,0791385854,"77 Đường Nguyễn Văn Linh, Quận Thanh Khê, TP. Đà Nẵng",Đà Nẵng,2190000,310000,30000,2220000,COD,PAID,DELIVERED,2025-09-09T18:58:02,2025-09-09T19:34:02,2025-09-10T08:58:02,2025-09-11T23:58:02,
ORD-260124-1672,CUST-0310,Vũ Văn Hoàng,0855543840,"291 Đường Lê Duẩn, Quận Ngũ Hành Sơn, TP. Đà Nẵng",Đà Nẵng,3390000,410000,30000,3420000,COD,PAID,DELIVERED,2026-01-24T20:58:45,2026-01-24T21:38:45,2026-01-25T11:58:45,2026-01-28T00:58:45,
ORD-260109-1673,CUST-0273,Võ Thị Trang,0853691559,"247 Đường Kim Mã, Quận Ba Đình, TP. Hà Nội",Hà Nội,4280000,720000,30000,4310000,COD,PAID,DELIVERED,2026-01-09T17:48:05,2026-01-09T18:20:05,2026-01-10T04:48:05,2026-01-10T21:48:05,
ORD-260524-1674,CUST-0276,Dương Hoàng Nam,0980347175,"268 Đường Hùng Vương, Quận Sơn Trà, TP. Đà Nẵng",Đà Nẵng,3290000,510000,30000,3320000,COD,PAID,DELIVERED,2026-05-24T10:36:13,2026-05-24T11:19:13,2026-05-25T04:36:13,2026-05-25T12:36:13,
ORD-260612-1675,CUST-0280,Trần Linh Hạnh,0900681149,"239 Đường Phan Đăng Lưu, Thành phố Thủ Đức, TP. Hồ Chí Minh",Hồ Chí Minh,8990000,1510000,0,8990000,VNPAY,PAID,DELIVERED,2026-06-12T00:02:30,2026-06-12T00:35:30,2026-06-12T13:02:30,2026-06-14T04:02:30,
ORD-260227-1676,CUST-0461,Phạm Quang Hùng,0918204339,"51 Đường Nguyễn Kiệm, Quận Tân Bình, TP. Hồ Chí Minh",Hồ Chí Minh,4490000,710000,30000,4520000,COD,PAID,DELIVERED,2026-02-27T22:10:30,2026-02-27T22:45:30,2026-02-28T05:10:30,2026-02-28T23:10:30,
ORD-250910-1677,CUST-0014,Lý Diệu Trang,0384746872,"67 Đường Lê Duẩn, Quận Thanh Khê, TP. Đà Nẵng",Đà Nẵng,11490000,1510000,0,11490000,COD,PAID,DELIVERED,2025-09-10T15:32:55,2025-09-10T15:56:55,2025-09-10T22:32:55,2025-09-12T18:32:55,
ORD-250916-1678,CUST-0298,Ngô Diệu Nhi,0972897558,"336 Đường Võ Nguyên Giáp, Quận Ngũ Hành Sơn, TP. Đà Nẵng",Đà Nẵng,8780000,1420000,0,8780000,BANK_TRANSFER,PAID,DELIVERED,2025-09-16T21:56:55,2025-09-16T22:03:55,2025-09-17T05:56:55,2025-09-17T22:56:55,
ORD-250720-1679,CUST-0421,Dương Hoàng Trung,0777242954,"191 Đường Quang Trung, Thành phố Thủ Đức, TP. Hồ Chí Minh",Hồ Chí Minh,1890000,310000,30000,1920000,BANK_TRANSFER,PAID,DELIVERED,2025-07-20T16:20:27,2025-07-20T16:53:27,2025-07-21T08:20:27,2025-07-21T21:20:27,
ORD-260528-1680,CUST-0219,Lê Hồng Hoa,0384890901,"431 Đường Lê Lợi, Quận 1, TP. Hồ Chí Minh",Hồ Chí Minh,3490000,410000,30000,3520000,COD,PAID,DELIVERED,2026-05-28T11:24:06,2026-05-28T11:32:06,2026-05-28T21:24:06,2026-05-31T15:24:06,
ORD-260125-1681,CUST-0159,Võ Diệu Hạnh,0797676772,"304 Đường Trần Hưng Đạo, Quận Hồng Bàng, TP. Hải Phòng",Hải Phòng,3490000,410000,30000,3520000,BANK_TRANSFER,PAID,DELIVERED,2026-01-25T16:05:42,2026-01-25T16:37:42,2026-01-25T23:05:42,2026-01-26T18:05:42,
ORD-260116-1682,CUST-0410,Võ Mai Lan,0854846853,"189 Đường Trần Văn Khéo, Quận Cái Răng, TP. Cần Thơ",Cần Thơ,3290000,510000,30000,3320000,COD,PAID,DELIVERED,2026-01-16T19:16:23,2026-01-16T19:55:23,2026-01-17T12:16:23,2026-01-18T19:16:23,
ORD-251216-1683,CUST-0260,Đặng Thị Nhi,0383765991,"243 Đường Trần Duy Hưng, Quận Đống Đa, TP. Hà Nội",Hà Nội,1490000,310000,30000,1520000,COD,PAID,DELIVERED,2025-12-16T17:16:06,2025-12-16T17:34:06,2025-12-17T03:16:06,2025-12-19T21:16:06,
ORD-260330-1684,CUST-0070,Hoàng Vy Trúc,0911836736,"102 Đường Trần Văn Khéo, Quận Cái Răng, TP. Cần Thơ",Cần Thơ,16490000,2010000,0,16490000,COD,PAID,DELIVERED,2026-03-30T16:01:00,2026-03-30T16:06:00,2026-03-31T03:01:00,2026-04-02T18:01:00,
ORD-251222-1685,CUST-0473,Dương Hoàng Khoa,0861877580,"435 Đường Kim Mã, Quận Cầu Giấy, TP. Hà Nội",Hà Nội,11490000,1510000,0,11490000,BANK_TRANSFER,PAID,DELIVERED,2025-12-22T22:30:04,2025-12-22T22:59:04,2025-12-23T12:30:04,2025-12-24T00:30:04,
ORD-260221-1686,CUST-0302,Trần Lâm Trung,0976613906,"158 Đường Trần Hưng Đạo, Quận Hải Châu, TP. Đà Nẵng",Đà Nẵng,990000,210000,30000,1020000,BANK_TRANSFER,PAID,DELIVERED,2026-02-21T21:25:43,2026-02-21T21:58:43,2026-02-22T11:25:43,2026-02-24T00:25:43,
ORD-260211-1687,CUST-0206,Phạm Diệu Chi,0795082148,"182 Đường Nguyễn Trãi, Quận Nam Từ Liêm, TP. Hà Nội",Hà Nội,2980000,620000,30000,3010000,COD,PAID,DELIVERED,2026-02-11T14:35:22,2026-02-11T14:48:22,2026-02-12T05:35:22,2026-02-13T16:35:22,
ORD-260123-1688,CUST-0032,Ngô Diệu Hạnh,0799373467,"174 Đường Trần Văn Khéo, Quận Cái Răng, TP. Cần Thơ",Cần Thơ,14480000,1820000,0,14480000,COD,PAID,DELIVERED,2026-01-23T16:31:33,2026-01-23T16:59:33,2026-01-24T03:31:33,2026-01-26T18:31:33,
ORD-250630-1689,CUST-0186,Nguyễn Vy Trúc,0387066253,"157 Đường Võ Nguyên Giáp, Quận Sơn Trà, TP. Đà Nẵng",Đà Nẵng,22990000,2010000,0,22990000,BANK_TRANSFER,PAID,DELIVERED,2025-06-30T21:10:38,2025-06-30T21:32:38,2025-07-01T00:10:38,2025-07-02T00:10:38,
ORD-251119-1690,CUST-0157,Dương Lâm Việt,0839125134,"528 Đường Chùa Bộc, Quận Đống Đa, TP. Hà Nội",Hà Nội,18180000,2320000,0,18180000,COD,PAID,DELIVERED,2025-11-19T14:37:02,2025-11-19T15:16:02,2025-11-19T22:37:02,2025-11-22T15:37:02,
ORD-251002-1691,CUST-0472,Hồ Khánh Trinh,0938430894,"442 Đường Lạch Tray, Quận Ngô Quyền, TP. Hải Phòng",Hải Phòng,2290000,310000,30000,2320000,COD,PAID,DELIVERED,2025-10-02T02:22:16,2025-10-02T02:35:16,2025-10-02T13:22:16,2025-10-04T03:22:16,
ORD-260512-1692,CUST-0176,Võ Mai Hoa,0779252419,"50 Đường Nguyễn Thị Minh Khai, Quận Bình Thạnh, TP. Hồ Chí Minh",Hồ Chí Minh,2880000,520000,30000,2910000,COD,PAID,DELIVERED,2026-05-12T14:29:59,2026-05-12T15:02:59,2026-05-12T22:29:59,2026-05-15T18:29:59,
ORD-251128-1693,CUST-0179,Hồ Anh Hoàng,0837383206,"14 Đường Tràng Tiền, Quận Ba Đình, TP. Hà Nội",Hà Nội,20780000,2720000,0,20780000,BANK_TRANSFER,PAID,DELIVERED,2025-11-28T22:27:56,2025-11-28T23:06:56,2025-11-29T13:27:56,2025-12-02T00:27:56,
ORD-250705-1694,CUST-0484,Vũ Hữu Trung,0934735528,"126 Đường Đại lộ Hòa Bình, Quận Bình Thủy, TP. Cần Thơ",Cần Thơ,11490000,1510000,0,11490000,MOMO,PAID,DELIVERED,2025-07-05T07:07:38,2025-07-05T07:39:38,2025-07-05T13:07:38,2025-07-07T10:07:38,
ORD-251130-1695,CUST-0325,Bùi Ngọc Khánh,0917946954,"137 Đường Lê Hồng Phong, Quận Lê Chân, TP. Hải Phòng",Hải Phòng,1980000,420000,30000,2010000,BANK_TRANSFER,PAID,DELIVERED,2025-11-30T18:34:18,2025-11-30T19:16:18,2025-12-01T10:34:18,2025-12-01T21:34:18,
ORD-260617-1696,CUST-0047,Võ Hồng Ngọc,0384887719,"261 Đường Nguyễn Văn Cừ, Quận Bình Thủy, TP. Cần Thơ",Cần Thơ,9490000,1510000,0,9490000,BANK_TRANSFER,PAID,DELIVERED,2026-06-17T23:52:54,2026-06-18T00:36:54,2026-06-18T11:52:54,2026-06-21T04:52:54,
ORD-260615-1697,CUST-0429,Phạm Linh Thảo,0987617075,"509 Đường Tô Hiệu, Quận Ngô Quyền, TP. Hải Phòng",Hải Phòng,15480000,2020000,0,15480000,VNPAY,PAID,DELIVERED,2026-06-15T22:29:10,2026-06-15T23:14:10,2026-06-16T02:29:10,2026-06-18T22:29:10,
ORD-260114-1698,CUST-0088,Lý Minh Tùng,0777468862,"58 Đường Lê Hồng Phong, Quận Hồng Bàng, TP. Hải Phòng",Hải Phòng,12480000,1520000,0,12480000,BANK_TRANSFER,PAID,DELIVERED,2026-01-14T19:26:44,2026-01-14T19:44:44,2026-01-15T04:26:44,2026-01-17T20:26:44,
ORD-251205-1699,CUST-0148,Ngô Anh Trung,0389245937,"303 Đường Tràng Tiền, Quận Hai Bà Trưng, TP. Hà Nội",Hà Nội,3490000,410000,30000,3520000,BANK_TRANSFER,PAID,DELIVERED,2025-12-05T11:34:05,2025-12-05T11:59:05,2025-12-06T05:34:05,2025-12-07T11:34:05,
ORD-250922-1700,CUST-0032,Ngô Diệu Hạnh,0799373467,"174 Đường Trần Văn Khéo, Quận Cái Răng, TP. Cần Thơ",Cần Thơ,12990000,1510000,0,12990000,BANK_TRANSFER,PAID,DELIVERED,2025-09-22T19:22:03,2025-09-22T19:40:03,2025-09-23T04:22:03,2025-09-23T23:22:03,
ORD-250903-1701,CUST-0328,Dương Mai Hà,0857702727,"62 Đường Võ Nguyên Giáp, Quận Ngũ Hành Sơn, TP. Đà Nẵng",Đà Nẵng,30280000,3520000,0,30280000,MOMO,PAID,DELIVERED,2025-09-03T15:08:16,2025-09-03T15:13:16,2025-09-04T07:08:16,2025-09-05T15:08:16,
ORD-250701-1702,CUST-0360,Hồ Thị Giang,0909376184,"42 Đường Lạch Tray, Quận Ngô Quyền, TP. Hải Phòng",Hải Phòng,4490000,710000,30000,4520000,COD,PAID,DELIVERED,2025-07-01T22:48:55,2025-07-01T23:21:55,2025-07-02T12:48:55,2025-07-03T01:48:55,
ORD-260224-1703,CUST-0244,Phan Thảo Mai,0790919015,"93 Đường Phan Đăng Lưu, Quận Gò Vấp, TP. Hồ Chí Minh",Hồ Chí Minh,59980000,5820000,0,59980000,BANK_TRANSFER,PAID,DELIVERED,2026-02-24T12:59:06,2026-02-24T13:10:06,2026-02-25T00:59:06,2026-02-27T13:59:06,
ORD-260203-1704,CUST-0311,Lý Quỳnh Lan,0388936392,"139 Đường Võ Nguyên Giáp, Quận Sơn Trà, TP. Đà Nẵng",Đà Nẵng,13490000,1510000,0,13490000,COD,PAID,DELIVERED,2026-02-03T18:53:08,2026-02-03T19:14:08,2026-02-04T03:53:08,2026-02-06T19:53:08,
ORD-251004-1705,CUST-0081,Võ Khánh Thảo,0830581477,"83 Đường Phan Đăng Lưu, Quận Tân Bình, TP. Hồ Chí Minh",Hồ Chí Minh,10880000,1120000,0,10880000,BANK_TRANSFER,PAID,DELIVERED,2025-10-04T12:28:30,2025-10-04T13:11:30,2025-10-04T15:28:30,2025-10-05T15:28:30,
ORD-250817-1706,CUST-0178,Lê Thu Hoa,0381744518,"303 Đường Điện Biên Phủ, Quận Tân Bình, TP. Hồ Chí Minh",Hồ Chí Minh,4990000,510000,30000,5020000,COD,PAID,DELIVERED,2025-08-17T18:23:20,2025-08-17T18:33:20,2025-08-18T09:23:20,2025-08-20T19:23:20,
ORD-250623-1707,CUST-0427,Nguyễn Đình Hải,0797572158,"325 Đường Xuân Thủy, Quận Đống Đa, TP. Hà Nội",Hà Nội,12990000,1510000,0,12990000,VNPAY,PAID,DELIVERED,2025-06-23T17:43:20,2025-06-23T18:00:20,2025-06-24T07:43:20,2025-06-25T18:43:20,
ORD-251117-1708,CUST-0129,Bùi Văn Phong,0931190790,"244 Đường Võ Văn Tần, Thành phố Thủ Đức, TP. Hồ Chí Minh",Hồ Chí Minh,12990000,1510000,0,12990000,BANK_TRANSFER,PAID,DELIVERED,2025-11-17T11:10:44,2025-11-17T11:24:44,2025-11-17T18:10:44,2025-11-19T14:10:44,
ORD-251103-1709,CUST-0164,Võ Trúc Lan,0388457759,"69 Đường Quang Trung, Quận Phú Nhuận, TP. Hồ Chí Minh",Hồ Chí Minh,43480000,5020000,0,43480000,COD,PAID,DELIVERED,2025-11-03T12:30:06,2025-11-03T12:37:06,2025-11-03T14:30:06,2025-11-04T16:30:06,
ORD-260409-1710,CUST-0325,Bùi Ngọc Khánh,0917946954,"137 Đường Lê Hồng Phong, Quận Lê Chân, TP. Hải Phòng",Hải Phòng,2290000,310000,30000,2320000,COD,PAID,DELIVERED,2026-04-09T19:27:41,2026-04-09T19:58:41,2026-04-10T00:27:41,2026-04-11T20:27:41,
ORD-260216-1711,CUST-0494,Bùi Duy Long,0836636186,"467 Đường Nguyễn Văn Cừ, Quận Ninh Kiều, TP. Cần Thơ",Cần Thơ,13980000,2020000,0,13980000,VNPAY,PAID,DELIVERED,2026-02-16T20:40:13,2026-02-16T21:11:13,2026-02-17T14:40:13,2026-02-18T20:40:13,
ORD-251024-1712,CUST-0062,Ngô Mai Mai,0771236851,"470 Đường Lê Lợi, Quận Gò Vấp, TP. Hồ Chí Minh",Hồ Chí Minh,990000,210000,30000,1020000,BANK_TRANSFER,PAID,DELIVERED,2025-10-24T10:48:04,2025-10-24T11:24:04,2025-10-25T00:48:04,2025-10-27T15:48:04,
ORD-250827-1713,CUST-0185,Lê Diệu Vân,0851994101,"344 Đường Đại lộ Hòa Bình, Quận Ninh Kiều, TP. Cần Thơ",Cần Thơ,22990000,2010000,0,22990000,BANK_TRANSFER,PAID,DELIVERED,2025-08-27T20:00:02,2025-08-27T20:25:02,2025-08-28T02:00:02,2025-08-29T00:00:02,
ORD-260208-1714,CUST-0265,Đỗ Thị Giang,0858430988,"41 Đường Chùa Bộc, Quận Ba Đình, TP. Hà Nội",Hà Nội,7480000,920000,0,7480000,COD,PAID,DELIVERED,2026-02-08T08:36:10,2026-02-08T09:03:10,2026-02-09T01:36:10,2026-02-11T13:36:10,
ORD-251014-1715,CUST-0118,Phạm Văn Nam,0385712082,"299 Đường Mậu Thân, Quận Cái Răng, TP. Cần Thơ",Cần Thơ,6580000,1020000,0,6580000,COD,PAID,DELIVERED,2025-10-14T07:04:18,2025-10-14T07:39:18,2025-10-14T10:04:18,2025-10-17T07:04:18,
ORD-260407-1716,CUST-0287,Phan Trúc Hoa,0971204618,"395 Đường Kim Mã, Quận Thanh Xuân, TP. Hà Nội",Hà Nội,3290000,510000,30000,3320000,BANK_TRANSFER,PAID,DELIVERED,2026-04-07T17:12:23,2026-04-07T17:55:23,2026-04-07T23:12:23,2026-04-08T21:12:23,
ORD-260114-1717,CUST-0045,Đỗ Phương Linh,0791206797,"294 Đường Phan Đăng Lưu, Quận Bình Thạnh, TP. Hồ Chí Minh",Hồ Chí Minh,4280000,720000,30000,4310000,VNPAY,PAID,DELIVERED,2026-01-14T21:35:16,2026-01-14T21:52:16,2026-01-15T00:35:16,2026-01-18T00:35:16,
ORD-251107-1718,CUST-0385,Phan Thị Ngọc,0975478137,"172 Đường Nguyễn Văn Cừ, Quận Cái Răng, TP. Cần Thơ",Cần Thơ,9490000,1510000,0,9490000,BANK_TRANSFER,PAID,DELIVERED,2025-11-07T12:25:27,2025-11-07T12:57:27,2025-11-07T14:25:27,2025-11-10T16:25:27,
ORD-251122-1719,CUST-0266,Lê Khánh Phương,0976693801,"360 Đường Lê Hồng Phong, Quận Ngô Quyền, TP. Hải Phòng",Hải Phòng,990000,210000,30000,1020000,BANK_TRANSFER,PAID,DELIVERED,2025-11-22T21:47:22,2025-11-22T22:13:22,2025-11-23T12:47:22,2025-11-24T01:47:22,
ORD-251207-1720,CUST-0194,Đỗ Anh Minh,0971355215,"260 Đường Điện Biên Phủ, Quận Gò Vấp, TP. Hồ Chí Minh",Hồ Chí Minh,3490000,410000,30000,3520000,VNPAY,PAID,DELIVERED,2025-12-07T21:13:51,2025-12-07T21:49:51,2025-12-08T06:13:51,2025-12-10T23:13:51,
ORD-250813-1721,CUST-0472,Hồ Khánh Trinh,0938430894,"442 Đường Lạch Tray, Quận Ngô Quyền, TP. Hải Phòng",Hải Phòng,52990000,5010000,0,52990000,BANK_TRANSFER,PAID,DELIVERED,2025-08-13T15:03:46,2025-08-13T15:23:46,2025-08-14T01:03:46,2025-08-16T17:03:46,
ORD-251128-1722,CUST-0214,Võ Thảo Trinh,0839173816,"159 Đường Lê Duẩn, Quận Ngũ Hành Sơn, TP. Đà Nẵng",Đà Nẵng,8990000,1510000,0,8990000,COD,PAID,DELIVERED,2025-11-28T13:59:19,2025-11-28T14:28:19,2025-11-29T07:59:19,2025-11-30T14:59:19,
ORD-250926-1723,CUST-0198,Dương Thị Vân,0906149731,"88 Đường Kim Mã, Quận Thanh Xuân, TP. Hà Nội",Hà Nội,11680000,1820000,0,11680000,COD,PAID,DELIVERED,2025-09-26T22:39:10,2025-09-26T22:45:10,2025-09-27T07:39:10,2025-09-30T03:39:10,
ORD-251113-1724,CUST-0491,Phạm Đức Duy,0860445669,"238 Đường Tô Hiệu, Quận Hồng Bàng, TP. Hải Phòng",Hải Phòng,5180000,820000,0,5180000,BANK_TRANSFER,PAID,DELIVERED,2025-11-13T12:51:05,2025-11-13T13:30:05,2025-11-13T21:51:05,2025-11-16T17:51:05,
ORD-260418-1725,CUST-0015,Nguyễn Quang Khánh,0980812191,"257 Đường Xuân Thủy, Quận Hai Bà Trưng, TP. Hà Nội",Hà Nội,3990000,510000,30000,4020000,VNPAY,PAID,DELIVERED,2026-04-18T19:17:30,2026-04-18T19:35:30,2026-04-19T12:17:30,2026-04-20T23:17:30,
ORD-250811-1726,CUST-0324,Phan Hữu Khoa,0791472145,"219 Đường Mậu Thân, Quận Bình Thủy, TP. Cần Thơ",Cần Thơ,8490000,1010000,0,8490000,COD,PAID,DELIVERED,2025-08-11T00:49:43,2025-08-11T01:26:43,2025-08-11T13:49:43,2025-08-12T00:49:43,
ORD-250827-1727,CUST-0124,Ngô Ngọc Sơn,0939187851,"158 Đường Điện Biên Phủ, Quận 1, TP. Hồ Chí Minh",Hồ Chí Minh,15480000,2420000,0,15480000,COD,PAID,DELIVERED,2025-08-27T10:04:59,2025-08-27T10:13:59,2025-08-27T21:04:59,2025-08-28T14:04:59,
ORD-260214-1728,CUST-0094,Hồ Trúc Lan,0973195205,"495 Đường Võ Nguyên Giáp, Quận Thanh Khê, TP. Đà Nẵng",Đà Nẵng,64480000,6520000,0,64480000,BANK_TRANSFER,PAID,DELIVERED,2026-02-14T17:27:30,2026-02-14T17:47:30,2026-02-14T22:27:30,2026-02-17T20:27:30,
ORD-250702-1729,CUST-0358,Võ Hồng Lan,0793067198,"61 Đường Võ Nguyên Giáp, Quận Sơn Trà, TP. Đà Nẵng",Đà Nẵng,15990000,2010000,0,15990000,COD,PAID,DELIVERED,2025-07-02T18:44:06,2025-07-02T19:10:06,2025-07-03T02:44:06,2025-07-03T20:44:06,
ORD-251016-1730,CUST-0123,Hoàng Thảo Nhi,0861459332,"430 Đường Tràng Tiền, Quận Hai Bà Trưng, TP. Hà Nội",Hà Nội,3290000,510000,30000,3320000,COD,PAID,DELIVERED,2025-10-16T22:20:18,2025-10-16T23:05:18,2025-10-17T01:20:18,2025-10-20T03:20:18,
ORD-251015-1731,CUST-0069,Nguyễn Hoàng Khoa,0851771159,"337 Đường Phan Đăng Lưu, Quận 10, TP. Hồ Chí Minh",Hồ Chí Minh,5490000,710000,0,5490000,BANK_TRANSFER,PAID,DELIVERED,2025-10-15T22:57:02,2025-10-15T23:35:02,2025-10-16T00:57:02,2025-10-19T03:57:02,
ORD-260422-1732,CUST-0329,Bùi Minh Duy,0790395512,"174 Đường Nguyễn Kiệm, Quận Tân Bình, TP. Hồ Chí Minh",Hồ Chí Minh,8490000,1010000,0,8490000,BANK_TRANSFER,PAID,DELIVERED,2026-04-22T10:07:24,2026-04-22T10:25:24,2026-04-22T17:07:24,2026-04-24T15:07:24,
ORD-251222-1733,CUST-0072,Dương Văn Việt,0834519832,"363 Đường Đại lộ Hòa Bình, Quận Ninh Kiều, TP. Cần Thơ",Cần Thơ,6780000,920000,0,6780000,COD,PAID,DELIVERED,2025-12-22T15:10:23,2025-12-22T15:42:23,2025-12-23T07:10:23,2025-12-25T17:10:23,
ORD-251204-1734,CUST-0086,Ngô Phương Vy,0981418880,"390 Đường Hùng Vương, Quận Thanh Khê, TP. Đà Nẵng",Đà Nẵng,4880000,720000,30000,4910000,VNPAY,PAID,DELIVERED,2025-12-04T05:47:48,2025-12-04T06:21:48,2025-12-04T20:47:48,2025-12-07T06:47:48,
ORD-260208-1735,CUST-0171,Phạm Đình Dũng,0937613791,"140 Đường Quang Trung, Quận Tân Bình, TP. Hồ Chí Minh",Hồ Chí Minh,6780000,920000,0,6780000,COD,PAID,DELIVERED,2026-02-08T14:14:49,2026-02-08T14:49:49,2026-02-09T02:14:49,2026-02-09T19:14:49,
ORD-260310-1736,CUST-0185,Lê Diệu Vân,0851994101,"344 Đường Đại lộ Hòa Bình, Quận Ninh Kiều, TP. Cần Thơ",Cần Thơ,10780000,1320000,0,10780000,VNPAY,PAID,DELIVERED,2026-03-10T16:49:04,2026-03-10T16:54:04,2026-03-11T10:49:04,2026-03-12T20:49:04,
ORD-260519-1737,CUST-0229,Đặng Hữu Long,0834883755,"344 Đường Trần Duy Hưng, Quận Nam Từ Liêm, TP. Hà Nội",Hà Nội,13490000,1510000,0,13490000,BANK_TRANSFER,PAID,DELIVERED,2026-05-19T15:16:27,2026-05-19T15:35:27,2026-05-19T17:16:27,2026-05-22T18:16:27,
ORD-260530-1738,CUST-0426,Phan Anh Hoàng,0839004896,"140 Đường Nguyễn Văn Cừ, Quận Bình Thủy, TP. Cần Thơ",Cần Thơ,15990000,2010000,0,15990000,COD,PAID,DELIVERED,2026-05-30T15:20:20,2026-05-30T15:35:20,2026-05-31T07:20:20,2026-06-02T19:20:20,
ORD-250903-1739,CUST-0477,Trần Hoàng Phong,0839076769,"469 Đường Nguyễn Thị Minh Khai, Quận Tân Bình, TP. Hồ Chí Minh",Hồ Chí Minh,13980000,1720000,0,13980000,VNPAY,PAID,DELIVERED,2025-09-03T21:35:58,2025-09-03T21:44:58,2025-09-04T05:35:58,2025-09-05T21:35:58,
ORD-250818-1740,CUST-0016,Bùi Thảo Trinh,0838543534,"473 Đường Kim Mã, Quận Hoàn Kiếm, TP. Hà Nội",Hà Nội,6890000,610000,0,6890000,BANK_TRANSFER,PAID,DELIVERED,2025-08-18T06:19:02,2025-08-18T06:41:02,2025-08-18T23:19:02,2025-08-19T11:19:02,
ORD-251130-1741,CUST-0343,Vũ Phương Linh,0772386562,"78 Đường Nguyễn Trãi, Quận Thanh Xuân, TP. Hà Nội",Hà Nội,1490000,310000,30000,1520000,MOMO,PAID,DELIVERED,2025-11-30T13:51:54,2025-11-30T14:36:54,2025-11-30T17:51:54,2025-12-01T15:51:54,
ORD-260113-1742,CUST-0378,Trần Ngọc Vy,0772380468,"459 Đường Trần Văn Khéo, Quận Cái Răng, TP. Cần Thơ",Cần Thơ,990000,210000,30000,1020000,COD,PAID,DELIVERED,2026-01-13T16:05:15,2026-01-13T16:17:15,2026-01-13T21:05:15,2026-01-15T18:05:15,
ORD-251107-1743,CUST-0408,Bùi Vy Mai,0771357852,"211 Đường Võ Nguyên Giáp, Quận Sơn Trà, TP. Đà Nẵng",Đà Nẵng,16980000,2520000,0,16980000,COD,PAID,DELIVERED,2025-11-07T08:55:21,2025-11-07T09:02:21,2025-11-07T14:55:21,2025-11-08T11:55:21,
ORD-260530-1744,CUST-0446,Nguyễn Minh Khoa,0919318374,"278 Đường Hùng Vương, Quận Hải Châu, TP. Đà Nẵng",Đà Nẵng,27480000,2520000,0,27480000,BANK_TRANSFER,PAID,DELIVERED,2026-05-30T10:13:35,2026-05-30T10:28:35,2026-05-31T02:13:35,2026-06-01T15:13:35,
ORD-251221-1745,CUST-0317,Hồ Diệu Nhi,0850347644,"60 Đường Kim Mã, Quận Hai Bà Trưng, TP. Hà Nội",Hà Nội,16980000,2020000,0,16980000,COD,PAID,DELIVERED,2025-12-21T17:11:34,2025-12-21T17:48:34,2025-12-22T10:11:34,2025-12-22T20:11:34,
ORD-250802-1746,CUST-0111,Lê Hoàng Hoàng,0978523986,"145 Đường Nguyễn Thị Minh Khai, Quận 1, TP. Hồ Chí Minh",Hồ Chí Minh,2190000,310000,30000,2220000,VNPAY,PAID,DELIVERED,2025-08-02T18:57:43,2025-08-02T19:17:43,2025-08-03T12:57:43,2025-08-04T23:57:43,
ORD-250922-1747,CUST-0410,Võ Mai Lan,0854846853,"189 Đường Trần Văn Khéo, Quận Cái Răng, TP. Cần Thơ",Cần Thơ,5380000,720000,0,5380000,COD,PAID,DELIVERED,2025-09-22T13:34:18,2025-09-22T14:04:18,2025-09-23T02:34:18,2025-09-23T18:34:18,
ORD-251231-1748,CUST-0214,Võ Thảo Trinh,0839173816,"159 Đường Lê Duẩn, Quận Ngũ Hành Sơn, TP. Đà Nẵng",Đà Nẵng,8990000,1510000,0,8990000,COD,PAID,DELIVERED,2025-12-31T21:53:15,2025-12-31T22:04:15,2026-01-01T12:53:15,2026-01-02T22:53:15,
ORD-260205-1749,CUST-0060,Hoàng Thảo Hoa,0837439533,"45 Đường Lê Duẩn, Quận Thanh Khê, TP. Đà Nẵng",Đà Nẵng,2290000,310000,30000,2320000,MOMO,PAID,DELIVERED,2026-02-05T09:23:25,2026-02-05T09:41:25,2026-02-05T23:23:25,2026-02-06T13:23:25,
ORD-260228-1750,CUST-0455,Dương Anh Nam,0986611062,"536 Đường Nguyễn Kiệm, Quận Tân Bình, TP. Hồ Chí Minh",Hồ Chí Minh,12480000,1720000,0,12480000,MOMO,PAID,DELIVERED,2026-02-28T15:18:17,2026-02-28T15:42:17,2026-02-28T23:18:17,2026-03-02T17:18:17,
ORD-260204-1751,CUST-0174,Hoàng Thành Phong,0903161799,"17 Đường Lê Duẩn, Quận Thanh Khê, TP. Đà Nẵng",Đà Nẵng,18480000,2420000,0,18480000,BANK_TRANSFER,PAID,DELIVERED,2026-02-04T16:30:41,2026-02-04T16:46:41,2026-02-05T03:30:41,2026-02-06T17:30:41,
ORD-251123-1752,CUST-0057,Nguyễn Thị Ngọc,0975623869,"85 Đường Chùa Bộc, Quận Thanh Xuân, TP. Hà Nội",Hà Nội,8990000,1510000,0,8990000,BANK_TRANSFER,PAID,DELIVERED,2025-11-23T15:39:11,2025-11-23T16:16:11,2025-11-24T07:39:11,2025-11-24T17:39:11,
ORD-250805-1753,CUST-0166,Nguyễn Quỳnh Yến,0770632424,"385 Đường Lê Duẩn, Quận Sơn Trà, TP. Đà Nẵng",Đà Nẵng,990000,210000,30000,1020000,COD,PAID,DELIVERED,2025-08-05T21:23:48,2025-08-05T21:57:48,2025-08-06T09:23:48,2025-08-06T23:23:48,
ORD-250922-1754,CUST-0409,Dương Quốc Việt,0860496391,"73 Đường Lê Hồng Phong, Quận Ngô Quyền, TP. Hải Phòng",Hải Phòng,16980000,1920000,0,16980000,BANK_TRANSFER,PAID,DELIVERED,2025-09-22T12:56:36,2025-09-22T13:36:36,2025-09-22T19:56:36,2025-09-24T14:56:36,
ORD-260409-1755,CUST-0047,Võ Hồng Ngọc,0384887719,"261 Đường Nguyễn Văn Cừ, Quận Bình Thủy, TP. Cần Thơ",Cần Thơ,2490000,410000,30000,2520000,CREDIT_CARD,PAID,DELIVERED,2026-04-09T23:57:15,2026-04-10T00:12:15,2026-04-10T10:57:15,2026-04-11T04:57:15,
ORD-260202-1756,CUST-0472,Hồ Khánh Trinh,0938430894,"442 Đường Lạch Tray, Quận Ngô Quyền, TP. Hải Phòng",Hải Phòng,11490000,1510000,0,11490000,COD,PAID,DELIVERED,2026-02-02T00:26:47,2026-02-02T01:09:47,2026-02-02T15:26:47,2026-02-03T05:26:47,
ORD-251204-1757,CUST-0311,Lý Quỳnh Lan,0388936392,"139 Đường Võ Nguyên Giáp, Quận Sơn Trà, TP. Đà Nẵng",Đà Nẵng,20480000,2520000,0,20480000,COD,PAID,DELIVERED,2025-12-04T14:54:49,2025-12-04T15:09:49,2025-12-05T02:54:49,2025-12-05T15:54:49,
ORD-260209-1758,CUST-0001,Vũ Ngọc Giang,0938908386,"11 Đường Nguyễn Văn Cừ, Quận Bình Thủy, TP. Cần Thơ",Cần Thơ,4290000,710000,30000,4320000,CREDIT_CARD,PAID,DELIVERED,2026-02-09T10:30:10,2026-02-09T11:07:10,2026-02-09T19:30:10,2026-02-12T11:30:10,
ORD-250909-1759,CUST-0031,Hồ Diệu Trúc,0978760366,"11 Đường Võ Văn Tần, Thành phố Thủ Đức, TP. Hồ Chí Minh",Hồ Chí Minh,3690000,510000,30000,3720000,VNPAY,PAID,DELIVERED,2025-09-09T08:47:44,2025-09-09T09:31:44,2025-09-09T22:47:44,2025-09-11T12:47:44,
ORD-260206-1760,CUST-0259,Đỗ Quỳnh Anh,0912799088,"6 Đường 3 Tháng 2, Quận Phú Nhuận, TP. Hồ Chí Minh",Hồ Chí Minh,3780000,620000,30000,3810000,COD,PAID,DELIVERED,2026-02-06T22:41:04,2026-02-06T23:16:04,2026-02-07T07:41:04,2026-02-08T23:41:04,
ORD-251220-1761,CUST-0368,Lê Thị Chi,0791137995,"240 Đường Tràng Tiền, Quận Hoàn Kiếm, TP. Hà Nội",Hà Nội,9490000,1510000,0,9490000,BANK_TRANSFER,PAID,DELIVERED,2025-12-20T10:45:59,2025-12-20T11:19:59,2025-12-20T22:45:59,2025-12-23T13:45:59,
ORD-250812-1762,CUST-0459,Bùi Mai Phương,0779228777,"424 Đường Hùng Vương, Quận Hải Châu, TP. Đà Nẵng",Đà Nẵng,6180000,820000,0,6180000,VNPAY,PAID,DELIVERED,2025-08-12T17:01:21,2025-08-12T17:40:21,2025-08-13T01:01:21,2025-08-14T20:01:21,
ORD-251213-1763,CUST-0021,Lý Thảo Hương,0851586923,"188 Đường Nguyễn Trãi, Quận Hai Bà Trưng, TP. Hà Nội",Hà Nội,12990000,1510000,0,12990000,VNPAY,PAID,DELIVERED,2025-12-13T17:46:43,2025-12-13T18:05:43,2025-12-13T20:46:43,2025-12-14T19:46:43,
ORD-250921-1764,CUST-0380,Lê Quốc Kiệt,0974025472,"191 Đường Kim Mã, Quận Hoàn Kiếm, TP. Hà Nội",Hà Nội,3290000,510000,30000,3320000,VNPAY,PAID,DELIVERED,2025-09-21T16:26:39,2025-09-21T16:57:39,2025-09-22T00:26:39,2025-09-23T18:26:39,
ORD-251014-1765,CUST-0009,Lý Hữu Tuấn,0771822782,"221 Đường Tô Hiệu, Quận Lê Chân, TP. Hải Phòng",Hải Phòng,6480000,820000,0,6480000,COD,PAID,DELIVERED,2025-10-14T08:10:05,2025-10-14T08:23:05,2025-10-14T22:10:05,2025-10-16T13:10:05,
ORD-260128-1766,CUST-0438,Bùi Minh Hải,0932194168,"18 Đường Lê Lợi, Thành phố Thủ Đức, TP. Hồ Chí Minh",Hồ Chí Minh,2490000,410000,30000,2520000,BANK_TRANSFER,PAID,DELIVERED,2026-01-28T12:32:22,2026-01-28T12:52:22,2026-01-29T00:32:22,2026-01-29T14:32:22,
ORD-250821-1767,CUST-0396,Ngô Quốc Khánh,0831190833,"106 Đường Nguyễn Trãi, Quận Nam Từ Liêm, TP. Hà Nội",Hà Nội,3490000,410000,30000,3520000,COD,PAID,DELIVERED,2025-08-21T20:46:57,2025-08-21T21:07:57,2025-08-22T09:46:57,2025-08-25T01:46:57,
ORD-251117-1768,CUST-0088,Lý Minh Tùng,0777468862,"58 Đường Lê Hồng Phong, Quận Hồng Bàng, TP. Hải Phòng",Hải Phòng,7980000,1120000,0,7980000,VNPAY,PAID,DELIVERED,2025-11-17T17:40:03,2025-11-17T18:15:03,2025-11-18T00:40:03,2025-11-20T19:40:03,
ORD-250804-1769,CUST-0108,Nguyễn Diệu Anh,0383259532,"320 Đường Tô Hiệu, Quận Ngô Quyền, TP. Hải Phòng",Hải Phòng,6490000,1010000,0,6490000,COD,PAID,DELIVERED,2025-08-04T11:55:37,2025-08-04T12:14:37,2025-08-05T05:55:37,2025-08-06T13:55:37,
ORD-250906-1770,CUST-0031,Hồ Diệu Trúc,0978760366,"11 Đường Võ Văn Tần, Thành phố Thủ Đức, TP. Hồ Chí Minh",Hồ Chí Minh,8980000,1020000,0,8980000,BANK_TRANSFER,PAID,DELIVERED,2025-09-06T08:36:45,2025-09-06T09:01:45,2025-09-07T01:36:45,2025-09-08T09:36:45,
ORD-251209-1771,CUST-0346,Lê Quang Huy,0778189137,"356 Đường Nguyễn Thị Minh Khai, Quận Gò Vấp, TP. Hồ Chí Minh",Hồ Chí Minh,3990000,510000,30000,4020000,BANK_TRANSFER,PAID,DELIVERED,2025-12-09T12:39:18,2025-12-09T12:45:18,2025-12-09T22:39:18,2025-12-10T16:39:18,
ORD-260214-1772,CUST-0204,Vũ Duy Long,0770246299,"344 Đường Trần Văn Khéo, Quận Ninh Kiều, TP. Cần Thơ",Cần Thơ,990000,210000,30000,1020000,BANK_TRANSFER,PAID,DELIVERED,2026-02-14T21:04:04,2026-02-14T21:42:04,2026-02-15T04:04:04,2026-02-18T00:04:04,
ORD-260228-1773,CUST-0338,Đặng Hồng Mai,0978148769,"167 Đường Bà Triệu, Quận Ba Đình, TP. Hà Nội",Hà Nội,2190000,310000,30000,2220000,MOMO,PAID,DELIVERED,2026-02-28T07:06:45,2026-02-28T07:35:45,2026-02-28T10:06:45,2026-03-01T08:06:45,
ORD-250708-1774,CUST-0412,Dương Mai Lan,0853644249,"158 Đường Đại lộ Hòa Bình, Quận Ninh Kiều, TP. Cần Thơ",Cần Thơ,1980000,420000,30000,2010000,BANK_TRANSFER,PAID,DELIVERED,2025-07-08T15:23:18,2025-07-08T15:55:18,2025-07-08T18:23:18,2025-07-11T16:23:18,
ORD-250916-1775,CUST-0114,Lê Quốc Dũng,0831307562,"68 Đường Trần Duy Hưng, Quận Hai Bà Trưng, TP. Hà Nội",Hà Nội,8980000,920000,0,8980000,CREDIT_CARD,PAID,DELIVERED,2025-09-16T10:58:04,2025-09-16T11:29:04,2025-09-17T03:58:04,2025-09-18T13:58:04,
ORD-260111-1776,CUST-0194,Đỗ Anh Minh,0971355215,"260 Đường Điện Biên Phủ, Quận Gò Vấp, TP. Hồ Chí Minh",Hồ Chí Minh,3680000,620000,30000,3710000,COD,PAID,DELIVERED,2026-01-11T12:39:56,2026-01-11T13:00:56,2026-01-11T20:39:56,2026-01-13T17:39:56,
ORD-250804-1777,CUST-0196,Lê Trúc Hoa,0860541152,"499 Đường Quang Trung, Quận 3, TP. Hồ Chí Minh",Hồ Chí Minh,6490000,1010000,0,6490000,COD,PAID,DELIVERED,2025-08-04T12:13:15,2025-08-04T12:33:15,2025-08-04T20:13:15,2025-08-07T12:13:15,
ORD-251229-1778,CUST-0160,Đặng Trúc Yến,0837881914,"228 Đường Võ Nguyên Giáp, Quận Hải Châu, TP. Đà Nẵng",Đà Nẵng,3290000,510000,30000,3320000,VNPAY,PAID,DELIVERED,2025-12-29T06:01:09,2025-12-29T06:06:09,2025-12-29T20:01:09,2025-12-31T08:01:09,
ORD-260118-1779,CUST-0324,Phan Hữu Khoa,0791472145,"219 Đường Mậu Thân, Quận Bình Thủy, TP. Cần Thơ",Cần Thơ,10480000,1020000,0,10480000,COD,PAID,DELIVERED,2026-01-18T15:27:10,2026-01-18T15:48:10,2026-01-18T21:27:10,2026-01-20T20:27:10,
ORD-250825-1780,CUST-0090,Nguyễn Mai Hương,0381530515,"488 Đường Kim Mã, Quận Cầu Giấy, TP. Hà Nội",Hà Nội,4490000,510000,30000,4520000,COD,PAID,DELIVERED,2025-08-25T14:20:52,2025-08-25T14:39:52,2025-08-26T03:20:52,2025-08-28T18:20:52,
ORD-260423-1781,CUST-0394,Trần Trúc Mai,0910760310,"485 Đường Lạch Tray, Quận Lê Chân, TP. Hải Phòng",Hải Phòng,9490000,1510000,0,9490000,BANK_TRANSFER,PAID,DELIVERED,2026-04-23T16:34:16,2026-04-23T17:16:16,2026-04-24T03:34:16,2026-04-26T18:34:16,
ORD-251231-1782,CUST-0348,Đỗ Lâm Long,0904712814,"286 Đường Kim Mã, Quận Ba Đình, TP. Hà Nội",Hà Nội,12990000,2010000,0,12990000,COD,PAID,DELIVERED,2025-12-31T08:45:44,2025-12-31T09:09:44,2025-12-31T23:45:44,2026-01-02T10:45:44,
ORD-260604-1783,CUST-0004,Lê Phương Thảo,0851928327,"62 Đường Trần Hưng Đạo, Quận Thanh Khê, TP. Đà Nẵng",Đà Nẵng,990000,210000,30000,1020000,BANK_TRANSFER,PAID,DELIVERED,2026-06-04T22:10:19,2026-06-04T22:36:19,2026-06-05T08:10:19,2026-06-06T22:10:19,
ORD-250817-1784,CUST-0302,Trần Lâm Trung,0976613906,"158 Đường Trần Hưng Đạo, Quận Hải Châu, TP. Đà Nẵng",Đà Nẵng,3390000,410000,30000,3420000,BANK_TRANSFER,PAID,DELIVERED,2025-08-17T19:07:57,2025-08-17T19:51:57,2025-08-18T04:07:57,2025-08-19T22:07:57,
ORD-260112-1785,CUST-0463,Hoàng Ngọc Hải,0909520046,"336 Đường Võ Nguyên Giáp, Quận Thanh Khê, TP. Đà Nẵng",Đà Nẵng,6980000,1120000,0,6980000,BANK_TRANSFER,PAID,DELIVERED,2026-01-12T15:57:45,2026-01-12T16:29:45,2026-01-12T18:57:45,2026-01-15T16:57:45,
ORD-260506-1786,CUST-0007,Dương Ngọc Nam,0858451462,"524 Đường 3 Tháng 2, Quận Gò Vấp, TP. Hồ Chí Minh",Hồ Chí Minh,4490000,510000,30000,4520000,COD,PAID,DELIVERED,2026-05-06T11:30:20,2026-05-06T12:07:20,2026-05-06T19:30:20,2026-05-07T15:30:20,
ORD-251005-1787,CUST-0352,Dương Thảo Thảo,0974414967,"537 Đường Bà Triệu, Quận Hoàn Kiếm, TP. Hà Nội",Hà Nội,13980000,2220000,0,13980000,COD,PAID,DELIVERED,2025-10-05T08:22:43,2025-10-05T08:49:43,2025-10-06T00:22:43,2025-10-06T13:22:43,
ORD-251116-1788,CUST-0441,Hồ Anh Kiệt,0907933496,"447 Đường Lê Duẩn, Quận Hải Châu, TP. Đà Nẵng",Đà Nẵng,3490000,410000,30000,3520000,BANK_TRANSFER,PAID,DELIVERED,2025-11-16T23:57:19,2025-11-17T00:26:19,2025-11-17T09:57:19,2025-11-19T04:57:19,
ORD-251212-1789,CUST-0452,Ngô Khánh Lan,0908562884,"168 Đường Quang Trung, Quận Gò Vấp, TP. Hồ Chí Minh",Hồ Chí Minh,16490000,2010000,0,16490000,BANK_TRANSFER,PAID,DELIVERED,2025-12-12T18:07:55,2025-12-12T18:24:55,2025-12-13T01:07:55,2025-12-13T20:07:55,
ORD-260404-1790,CUST-0262,Vũ Đình Huy,0796959463,"188 Đường Tô Hiệu, Quận Lê Chân, TP. Hải Phòng",Hải Phòng,4680000,720000,30000,4710000,MOMO,PAID,DELIVERED,2026-04-04T17:04:37,2026-04-04T17:37:37,2026-04-05T04:04:37,2026-04-07T22:04:37,
ORD-251122-1791,CUST-0270,Võ Phương Trinh,0862373334,"164 Đường Tràng Tiền, Quận Nam Từ Liêm, TP. Hà Nội",Hà Nội,5780000,720000,0,5780000,COD,PAID,DELIVERED,2025-11-22T08:27:59,2025-11-22T08:45:59,2025-11-22T22:27:59,2025-11-25T09:27:59,
ORD-260211-1792,CUST-0217,Phạm Thị Hương,0935421689,"310 Đường Nguyễn Trãi, Quận Cầu Giấy, TP. Hà Nội",Hà Nội,2490000,310000,30000,2520000,VNPAY,PAID,DELIVERED,2026-02-11T00:07:08,2026-02-11T00:19:08,2026-02-11T17:07:08,2026-02-13T01:07:08,
ORD-251114-1793,CUST-0047,Võ Hồng Ngọc,0384887719,"261 Đường Nguyễn Văn Cừ, Quận Bình Thủy, TP. Cần Thơ",Cần Thơ,1490000,310000,30000,1520000,VNPAY,PAID,DELIVERED,2025-11-14T23:41:01,2025-11-14T23:46:01,2025-11-15T14:41:01,2025-11-16T00:41:01,
ORD-251223-1794,CUST-0097,Hoàng Thành Khoa,0916928451,"461 Đường Trần Hưng Đạo, Quận Sơn Trà, TP. Đà Nẵng",Đà Nẵng,12990000,2010000,0,12990000,COD,PAID,DELIVERED,2025-12-23T10:47:22,2025-12-23T11:30:22,2025-12-24T04:47:22,2025-12-25T10:47:22,
ORD-250621-1795,CUST-0451,Vũ Thành Duy,0865504892,"457 Đường Mậu Thân, Quận Cái Răng, TP. Cần Thơ",Cần Thơ,20480000,2520000,0,20480000,BANK_TRANSFER,PAID,DELIVERED,2025-06-21T21:10:30,2025-06-21T21:43:30,2025-06-22T08:10:30,2025-06-25T00:10:30,
ORD-251227-1796,CUST-0403,Phạm Linh Chi,0794858800,"458 Đường Trần Văn Khéo, Quận Cái Răng, TP. Cần Thơ",Cần Thơ,12990000,1510000,0,12990000,VNPAY,REFUNDED,CANCELLED,2025-12-27T08:35:32,2025-12-27T09:07:32,,,2025-12-28T06:35:32
ORD-250825-1797,CUST-0361,Ngô Hoàng Nam,0938782931,"487 Đường Nguyễn Trãi, Quận Hai Bà Trưng, TP. Hà Nội",Hà Nội,2290000,310000,30000,2320000,BANK_TRANSFER,PAID,DELIVERED,2025-08-25T18:26:08,2025-08-25T18:35:08,2025-08-25T23:26:08,2025-08-26T23:26:08,
ORD-251114-1798,CUST-0239,Bùi Thảo Anh,0854798515,"430 Đường Trần Hưng Đạo, Quận Hồng Bàng, TP. Hải Phòng",Hải Phòng,2190000,310000,30000,2220000,COD,PAID,DELIVERED,2025-11-14T11:41:46,2025-11-14T12:01:46,2025-11-14T18:41:46,2025-11-16T13:41:46,
ORD-260614-1799,CUST-0173,Hồ Thảo Hạnh,0799241418,"405 Đường Tràng Tiền, Quận Ba Đình, TP. Hà Nội",Hà Nội,54480000,5320000,0,54480000,COD,PAID,SHIPPED,2026-06-14T23:31:39,2026-06-14T23:37:39,2026-06-15T08:31:39,,
ORD-251217-1800,CUST-0252,Dương Duy Hải,0792722992,"242 Đường Võ Văn Tần, Quận Bình Thạnh, TP. Hồ Chí Minh",Hồ Chí Minh,26990000,3010000,0,26990000,COD,PAID,DELIVERED,2025-12-17T17:12:42,2025-12-17T17:38:42,2025-12-17T23:12:42,2025-12-20T20:12:42,
ORD-250825-1801,CUST-0213,Lê Thành Duy,0985135346,"306 Đường Hùng Vương, Quận Sơn Trà, TP. Đà Nẵng",Đà Nẵng,13490000,1510000,0,13490000,BANK_TRANSFER,PAID,DELIVERED,2025-08-25T07:51:53,2025-08-25T08:31:53,2025-08-25T10:51:53,2025-08-27T07:51:53,
ORD-260403-1802,CUST-0169,Trần Văn Long,0852753269,"107 Đường Đại lộ Hòa Bình, Quận Ninh Kiều, TP. Cần Thơ",Cần Thơ,1490000,310000,30000,1520000,VNPAY,PAID,DELIVERED,2026-04-03T21:18:50,2026-04-03T22:01:50,2026-04-04T15:18:50,2026-04-05T01:18:50,
ORD-260513-1803,CUST-0466,Ngô Diệu Hạnh,0770079420,"364 Đường Tô Hiệu, Quận Ngô Quyền, TP. Hải Phòng",Hải Phòng,3990000,510000,30000,4020000,COD,PAID,DELIVERED,2026-05-13T12:29:28,2026-05-13T12:39:28,2026-05-14T03:29:28,2026-05-15T15:29:28,
ORD-251203-1804,CUST-0071,Đỗ Quỳnh Chi,0911116152,"425 Đường Lê Lợi, Quận Tân Bình, TP. Hồ Chí Minh",Hồ Chí Minh,5480000,820000,0,5480000,MOMO,PAID,DELIVERED,2025-12-03T16:20:42,2025-12-03T16:33:42,2025-12-04T03:20:42,2025-12-06T18:20:42,
ORD-260107-1805,CUST-0380,Lê Quốc Kiệt,0974025472,"191 Đường Kim Mã, Quận Hoàn Kiếm, TP. Hà Nội",Hà Nội,4290000,710000,30000,4320000,BANK_TRANSFER,PAID,DELIVERED,2026-01-07T20:26:55,2026-01-07T21:11:55,2026-01-08T08:26:55,2026-01-09T01:26:55,
ORD-250627-1806,CUST-0363,Vũ Hồng Phương,0971982530,"128 Đường Xuân Thủy, Quận Đống Đa, TP. Hà Nội",Hà Nội,3690000,510000,30000,3720000,BANK_TRANSFER,PAID,DELIVERED,2025-06-27T13:25:47,2025-06-27T13:53:47,2025-06-27T21:25:47,2025-06-29T13:25:47,
ORD-260103-1807,CUST-0045,Đỗ Phương Linh,0791206797,"294 Đường Phan Đăng Lưu, Quận Bình Thạnh, TP. Hồ Chí Minh",Hồ Chí Minh,3390000,410000,30000,3420000,BANK_TRANSFER,PAID,DELIVERED,2026-01-03T14:45:33,2026-01-03T14:51:33,2026-01-03T23:45:33,2026-01-06T19:45:33,
ORD-260516-1808,CUST-0052,Võ Đình Khánh,0866773782,"76 Đường Chùa Bộc, Quận Ba Đình, TP. Hà Nội",Hà Nội,3290000,510000,30000,3320000,BANK_TRANSFER,REFUNDED,CANCELLED,2026-05-16T19:36:39,2026-05-16T19:53:39,,,2026-05-17T16:36:39
ORD-260225-1809,CUST-0228,Đặng Hoàng Phong,0917797177,"110 Đường Nguyễn Thị Minh Khai, Quận Phú Nhuận, TP. Hồ Chí Minh",Hồ Chí Minh,2190000,310000,30000,2220000,BANK_TRANSFER,PAID,DELIVERED,2026-02-25T11:14:57,2026-02-25T11:56:57,2026-02-25T13:14:57,2026-02-27T14:14:57,
ORD-260124-1810,CUST-0252,Dương Duy Hải,0792722992,"242 Đường Võ Văn Tần, Quận Bình Thạnh, TP. Hồ Chí Minh",Hồ Chí Minh,3490000,410000,30000,3520000,VNPAY,PAID,DELIVERED,2026-01-24T21:37:26,2026-01-24T21:54:26,2026-01-25T06:37:26,2026-01-26T00:37:26,
ORD-251227-1811,CUST-0003,Trần Ngọc Long,0979310341,"469 Đường Phan Đăng Lưu, Thành phố Thủ Đức, TP. Hồ Chí Minh",Hồ Chí Minh,3490000,410000,30000,3520000,COD,PAID,DELIVERED,2025-12-27T14:35:41,2025-12-27T15:02:41,2025-12-28T08:35:41,2025-12-30T17:35:41,
ORD-260329-1812,CUST-0436,Đỗ Quốc Khánh,0384908108,"101 Đường Tô Hiệu, Quận Ngô Quyền, TP. Hải Phòng",Hải Phòng,5490000,510000,0,5490000,COD,PAID,DELIVERED,2026-03-29T23:08:37,2026-03-29T23:44:37,2026-03-30T17:08:37,2026-03-31T04:08:37,
ORD-260524-1813,CUST-0265,Đỗ Thị Giang,0858430988,"41 Đường Chùa Bộc, Quận Ba Đình, TP. Hà Nội",Hà Nội,9490000,1510000,0,9490000,VNPAY,PAID,DELIVERED,2026-05-24T21:49:18,2026-05-24T21:54:18,2026-05-25T00:49:18,2026-05-25T21:49:18,
ORD-250927-1814,CUST-0495,Trần Thảo Hạnh,0980970231,"303 Đường Nguyễn Văn Linh, Quận Thanh Khê, TP. Đà Nẵng",Đà Nẵng,22990000,2010000,0,22990000,BANK_TRANSFER,PAID,DELIVERED,2025-09-27T12:25:28,2025-09-27T12:48:28,2025-09-27T21:25:28,2025-09-29T16:25:28,
ORD-260129-1815,CUST-0326,Đặng Anh Kiệt,0989343010,"428 Đường Nguyễn Kiệm, Quận Bình Thạnh, TP. Hồ Chí Minh",Hồ Chí Minh,4490000,710000,30000,4520000,COD,PAID,DELIVERED,2026-01-29T09:33:20,2026-01-29T09:44:20,2026-01-29T17:33:20,2026-01-30T11:33:20,
ORD-260210-1816,CUST-0327,Đặng Quốc Hùng,0853441448,"346 Đường Lê Duẩn, Quận Hải Châu, TP. Đà Nẵng",Đà Nẵng,18480000,2320000,0,18480000,COD,PAID,DELIVERED,2026-02-10T18:22:40,2026-02-10T18:49:40,2026-02-11T05:22:40,2026-02-13T18:22:40,
ORD-260319-1817,CUST-0033,Bùi Hoàng Tùng,0830162720,"470 Đường Mậu Thân, Quận Cái Răng, TP. Cần Thơ",Cần Thơ,22990000,2010000,0,22990000,COD,PAID,DELIVERED,2026-03-19T14:39:47,2026-03-19T15:19:47,2026-03-20T06:39:47,2026-03-22T17:39:47,
ORD-251111-1818,CUST-0437,Phan Ngọc Nhi,0901722601,"470 Đường Hùng Vương, Quận Sơn Trà, TP. Đà Nẵng",Đà Nẵng,3990000,510000,30000,4020000,MOMO,PAID,DELIVERED,2025-11-11T17:53:10,2025-11-11T18:02:10,2025-11-12T01:53:10,2025-11-13T17:53:10,
ORD-250919-1819,CUST-0314,Phan Trúc Chi,0988975267,"236 Đường Bà Triệu, Quận Thanh Xuân, TP. Hà Nội",Hà Nội,7980000,1020000,0,7980000,BANK_TRANSFER,PAID,DELIVERED,2025-09-19T12:44:41,2025-09-19T12:59:41,2025-09-19T20:44:41,2025-09-22T16:44:41,
ORD-251206-1820,CUST-0198,Dương Thị Vân,0906149731,"88 Đường Kim Mã, Quận Thanh Xuân, TP. Hà Nội",Hà Nội,16280000,2020000,0,16280000,COD,PAID,DELIVERED,2025-12-06T10:00:30,2025-12-06T10:19:30,2025-12-06T19:00:30,2025-12-07T10:00:30,
ORD-251102-1821,CUST-0225,Trần Vy Chi,0837296590,"120 Đường Trần Duy Hưng, Quận Hai Bà Trưng, TP. Hà Nội",Hà Nội,14480000,1820000,0,14480000,COD,PAID,DELIVERED,2025-11-02T15:04:37,2025-11-02T15:11:37,2025-11-03T00:04:37,2025-11-03T16:04:37,
ORD-260602-1822,CUST-0139,Ngô Đức Nam,0918233984,"387 Đường Lê Duẩn, Quận Ngũ Hành Sơn, TP. Đà Nẵng",Đà Nẵng,29480000,3520000,0,29480000,COD,PAID,DELIVERED,2026-06-02T17:58:11,2026-06-02T18:34:11,2026-06-03T11:58:11,2026-06-04T17:58:11,
ORD-251208-1823,CUST-0242,Phan Hữu Hải,0798013361,"78 Đường Tô Hiệu, Quận Lê Chân, TP. Hải Phòng",Hải Phòng,17980000,2520000,0,17980000,BANK_TRANSFER,PAID,DELIVERED,2025-12-08T19:29:04,2025-12-08T19:50:04,2025-12-09T08:29:04,2025-12-10T00:29:04,
ORD-260321-1824,CUST-0392,Trần Thu Hương,0938988816,"22 Đường 3 Tháng 2, Quận 3, TP. Hồ Chí Minh",Hồ Chí Minh,4290000,710000,30000,4320000,VNPAY,PAID,DELIVERED,2026-03-21T19:51:19,2026-03-21T20:04:19,2026-03-22T10:51:19,2026-03-24T23:51:19,
ORD-251214-1825,CUST-0363,Vũ Hồng Phương,0971982530,"128 Đường Xuân Thủy, Quận Đống Đa, TP. Hà Nội",Hà Nội,5480000,820000,0,5480000,VNPAY,PAID,DELIVERED,2025-12-14T19:06:52,2025-12-14T19:45:52,2025-12-15T08:06:52,2025-12-15T21:06:52,
ORD-250722-1826,CUST-0019,Phạm Đình Khánh,0774016400,"170 Đường Kim Mã, Quận Hoàn Kiếm, TP. Hà Nội",Hà Nội,12990000,1510000,0,12990000,BANK_TRANSFER,REFUNDED,CANCELLED,2025-07-22T18:48:55,2025-07-22T19:06:55,,,2025-07-22T21:48:55
ORD-250825-1827,CUST-0441,Hồ Anh Kiệt,0907933496,"447 Đường Lê Duẩn, Quận Hải Châu, TP. Đà Nẵng",Đà Nẵng,7980000,1120000,0,7980000,BANK_TRANSFER,PAID,DELIVERED,2025-08-25T14:44:03,2025-08-25T15:04:03,2025-08-26T01:44:03,2025-08-28T19:44:03,
ORD-250828-1828,CUST-0438,Bùi Minh Hải,0932194168,"18 Đường Lê Lợi, Thành phố Thủ Đức, TP. Hồ Chí Minh",Hồ Chí Minh,6880000,820000,0,6880000,COD,PAID,DELIVERED,2025-08-28T12:56:23,2025-08-28T13:22:23,2025-08-29T05:56:23,2025-08-31T17:56:23,
ORD-250727-1829,CUST-0422,Dương Quốc Hùng,0908931734,"444 Đường Tố Hữu, Quận Cầu Giấy, TP. Hà Nội",Hà Nội,1890000,310000,30000,1920000,COD,PAID,DELIVERED,2025-07-27T10:17:43,2025-07-27T10:55:43,2025-07-28T00:17:43,2025-07-28T15:17:43,
ORD-260211-1830,CUST-0297,Đặng Hồng Hương,0796338392,"442 Đường Võ Văn Tần, Quận Tân Bình, TP. Hồ Chí Minh",Hồ Chí Minh,2190000,310000,30000,2220000,BANK_TRANSFER,PAID,DELIVERED,2026-02-11T19:11:57,2026-02-11T19:38:57,2026-02-12T05:11:57,2026-02-13T23:11:57,
ORD-250923-1831,CUST-0212,Lý Diệu Hoa,0839353875,"190 Đường Hùng Vương, Quận Thanh Khê, TP. Đà Nẵng",Đà Nẵng,10180000,1520000,0,10180000,BANK_TRANSFER,PAID,DELIVERED,2025-09-23T23:12:58,2025-09-23T23:34:58,2025-09-24T03:12:58,2025-09-27T00:12:58,
ORD-251201-1832,CUST-0444,Phạm Ngọc Trung,0837246657,"93 Đường Lê Hồng Phong, Quận Hồng Bàng, TP. Hải Phòng",Hải Phòng,1490000,310000,30000,1520000,COD,PAID,DELIVERED,2025-12-01T11:37:16,2025-12-01T11:59:16,2025-12-01T15:37:16,2025-12-04T15:37:16,
ORD-260217-1833,CUST-0460,Phan Ngọc Bách,0861209481,"59 Đường Trần Hưng Đạo, Quận Hồng Bàng, TP. Hải Phòng",Hải Phòng,35980000,4020000,0,35980000,MOMO,PAID,DELIVERED,2026-02-17T19:03:56,2026-02-17T19:18:56,2026-02-18T13:03:56,2026-02-18T22:03:56,
ORD-251217-1834,CUST-0005,Ngô Khánh Lan,0939537672,"443 Đường Kim Mã, Quận Thanh Xuân, TP. Hà Nội",Hà Nội,990000,210000,30000,1020000,COD,PAID,DELIVERED,2025-12-17T14:50:32,2025-12-17T15:18:32,2025-12-17T17:50:32,2025-12-20T17:50:32,
ORD-250918-1835,CUST-0209,Hoàng Quang Hùng,0850722903,"362 Đường Võ Nguyên Giáp, Quận Ngũ Hành Sơn, TP. Đà Nẵng",Đà Nẵng,22480000,3020000,0,22480000,BANK_TRANSFER,PAID,DELIVERED,2025-09-18T12:40:13,2025-09-18T13:19:13,2025-09-18T19:40:13,2025-09-19T12:40:13,
ORD-250817-1836,CUST-0267,Phạm Quốc Bách,0389042681,"124 Đường Quang Trung, Quận Gò Vấp, TP. Hồ Chí Minh",Hồ Chí Minh,16490000,2010000,0,16490000,COD,PAID,DELIVERED,2025-08-17T17:25:29,2025-08-17T17:42:29,2025-08-18T02:25:29,2025-08-18T21:25:29,
ORD-251022-1837,CUST-0053,Phan Quang Huy,0904499727,"391 Đường Nguyễn Văn Cừ, Quận Cái Răng, TP. Cần Thơ",Cần Thơ,3490000,410000,30000,3520000,BANK_TRANSFER,PAID,DELIVERED,2025-10-22T14:57:09,2025-10-22T15:27:09,2025-10-23T01:57:09,2025-10-25T14:57:09,
ORD-250831-1838,CUST-0401,Ngô Ngọc Anh,0977967842,"506 Đường Phan Đăng Lưu, Quận 3, TP. Hồ Chí Minh",Hồ Chí Minh,23980000,2220000,0,23980000,BANK_TRANSFER,PAID,DELIVERED,2025-08-31T08:51:15,2025-08-31T09:10:15,2025-08-31T13:51:15,2025-09-01T13:51:15,
ORD-251209-1839,CUST-0394,Trần Trúc Mai,0910760310,"485 Đường Lạch Tray, Quận Lê Chân, TP. Hải Phòng",Hải Phòng,6780000,920000,0,6780000,VNPAY,PAID,DELIVERED,2025-12-09T23:09:33,2025-12-09T23:48:33,2025-12-10T11:09:33,2025-12-12T03:09:33,
ORD-251001-1840,CUST-0181,Vũ Minh Bách,0919182619,"247 Đường 3 Tháng 2, Thành phố Thủ Đức, TP. Hồ Chí Minh",Hồ Chí Minh,5490000,710000,0,5490000,VNPAY,PAID,DELIVERED,2025-10-01T14:02:24,2025-10-01T14:18:24,2025-10-02T04:02:24,2025-10-02T16:02:24,
ORD-250810-1841,CUST-0327,Đặng Quốc Hùng,0853441448,"346 Đường Lê Duẩn, Quận Hải Châu, TP. Đà Nẵng",Đà Nẵng,8990000,1510000,0,8990000,COD,PAID,DELIVERED,2025-08-10T10:53:40,2025-08-10T11:17:40,2025-08-10T20:53:40,2025-08-11T10:53:40,
ORD-250914-1842,CUST-0280,Trần Linh Hạnh,0900681149,"239 Đường Phan Đăng Lưu, Thành phố Thủ Đức, TP. Hồ Chí Minh",Hồ Chí Minh,10580000,1120000,0,10580000,COD,PAID,DELIVERED,2025-09-14T23:55:59,2025-09-15T00:11:59,2025-09-15T09:55:59,2025-09-16T00:55:59,
ORD-260209-1843,CUST-0381,Lê Thị Hà,0832745238,"156 Đường Quang Trung, Quận Tân Bình, TP. Hồ Chí Minh",Hồ Chí Minh,14880000,1820000,0,14880000,BANK_TRANSFER,PAID,DELIVERED,2026-02-09T01:04:51,2026-02-09T01:32:51,2026-02-09T03:04:51,2026-02-10T02:04:51,
ORD-251109-1844,CUST-0477,Trần Hoàng Phong,0839076769,"469 Đường Nguyễn Thị Minh Khai, Quận Tân Bình, TP. Hồ Chí Minh",Hồ Chí Minh,26990000,3010000,0,26990000,BANK_TRANSFER,PAID,DELIVERED,2025-11-09T11:21:14,2025-11-09T11:31:14,2025-11-09T21:21:14,2025-11-11T15:21:14,
ORD-260517-1845,CUST-0131,Bùi Đức Khoa,0797056856,"193 Đường Tố Hữu, Quận Đống Đa, TP. Hà Nội",Hà Nội,2490000,310000,30000,2520000,COD,PAID,DELIVERED,2026-05-17T22:55:35,2026-05-17T23:11:35,2026-05-18T16:55:35,2026-05-21T02:55:35,
ORD-250706-1846,CUST-0025,Bùi Ngọc Ngọc,0794656482,"183 Đường Trần Văn Khéo, Quận Bình Thủy, TP. Cần Thơ",Cần Thơ,11490000,1510000,0,11490000,COD,CANCELLED,CANCELLED,2025-07-06T09:28:55,2025-07-06T10:11:55,,,2025-07-06T23:28:55
ORD-251230-1847,CUST-0086,Ngô Phương Vy,0981418880,"390 Đường Hùng Vương, Quận Thanh Khê, TP. Đà Nẵng",Đà Nẵng,3990000,510000,30000,4020000,MOMO,PAID,DELIVERED,2025-12-30T21:48:03,2025-12-30T21:57:03,2025-12-31T06:48:03,2026-01-02T23:48:03,
ORD-251214-1848,CUST-0419,Võ Minh Khoa,0912481569,"469 Đường Lê Hồng Phong, Quận Lê Chân, TP. Hải Phòng",Hải Phòng,3490000,410000,30000,3520000,BANK_TRANSFER,PAID,DELIVERED,2025-12-14T19:31:16,2025-12-14T19:54:16,2025-12-15T06:31:16,2025-12-16T00:31:16,
ORD-251130-1849,CUST-0329,Bùi Minh Duy,0790395512,"174 Đường Nguyễn Kiệm, Quận Tân Bình, TP. Hồ Chí Minh",Hồ Chí Minh,17480000,2020000,0,17480000,COD,PAID,DELIVERED,2025-11-30T11:37:37,2025-11-30T11:56:37,2025-11-30T13:37:37,2025-12-03T14:37:37,
ORD-260214-1850,CUST-0336,Hồ Lâm Duy,0917921717,"234 Đường Mậu Thân, Quận Cái Răng, TP. Cần Thơ",Cần Thơ,10780000,1320000,0,10780000,VNPAY,REFUNDED,CANCELLED,2026-02-14T16:02:32,2026-02-14T16:39:32,,,2026-02-15T08:02:32
ORD-260426-1851,CUST-0339,Trần Hồng Trinh,0386958321,"479 Đường Lạch Tray, Quận Ngô Quyền, TP. Hải Phòng",Hải Phòng,1890000,310000,30000,1920000,COD,PAID,DELIVERED,2026-04-26T05:20:07,2026-04-26T06:04:07,2026-04-26T08:20:07,2026-04-28T07:20:07,
ORD-250701-1852,CUST-0294,Ngô Duy Việt,0976511810,"211 Đường Nguyễn Trãi, Quận Nam Từ Liêm, TP. Hà Nội",Hà Nội,15180000,1820000,0,15180000,BANK_TRANSFER,PAID,DELIVERED,2025-07-01T09:04:30,2025-07-01T09:31:30,2025-07-01T23:04:30,2025-07-04T14:04:30,
ORD-260128-1853,CUST-0169,Trần Văn Long,0852753269,"107 Đường Đại lộ Hòa Bình, Quận Ninh Kiều, TP. Cần Thơ",Cần Thơ,21980000,3520000,0,21980000,VNPAY,PAID,DELIVERED,2026-01-28T14:00:28,2026-01-28T14:35:28,2026-01-29T00:00:28,2026-01-29T15:00:28,
ORD-250928-1854,CUST-0224,Lý Minh Trung,0981667467,"65 Đường Chùa Bộc, Quận Cầu Giấy, TP. Hà Nội",Hà Nội,4290000,710000,30000,4320000,BANK_TRANSFER,PAID,DELIVERED,2025-09-28T15:09:22,2025-09-28T15:32:22,2025-09-28T17:09:22,2025-09-30T16:09:22,
ORD-251126-1855,CUST-0060,Hoàng Thảo Hoa,0837439533,"45 Đường Lê Duẩn, Quận Thanh Khê, TP. Đà Nẵng",Đà Nẵng,4380000,620000,30000,4410000,MOMO,PAID,DELIVERED,2025-11-26T14:49:45,2025-11-26T15:20:45,2025-11-27T01:49:45,2025-11-29T14:49:45,
ORD-250925-1856,CUST-0241,Nguyễn Minh Anh,0916484085,"49 Đường Tô Hiệu, Quận Ngô Quyền, TP. Hải Phòng",Hải Phòng,3490000,410000,30000,3520000,BANK_TRANSFER,PAID,DELIVERED,2025-09-25T12:16:53,2025-09-25T12:38:53,2025-09-25T19:16:53,2025-09-28T16:16:53,
ORD-260614-1857,CUST-0113,Phan Ngọc Trúc,0834097499,"541 Đường 3 Tháng 2, Quận Phú Nhuận, TP. Hồ Chí Minh",Hồ Chí Minh,12990000,2010000,0,12990000,BANK_TRANSFER,PENDING,PENDING,2026-06-14T17:22:15,,,,
ORD-260315-1858,CUST-0178,Lê Thu Hoa,0381744518,"303 Đường Điện Biên Phủ, Quận Tân Bình, TP. Hồ Chí Minh",Hồ Chí Minh,8490000,1010000,0,8490000,COD,PAID,DELIVERED,2026-03-15T20:53:29,2026-03-15T21:36:29,2026-03-16T13:53:29,2026-03-18T22:53:29,
ORD-251012-1859,CUST-0140,Bùi Hồng Hương,0861016668,"89 Đường 3 Tháng 2, Quận 1, TP. Hồ Chí Minh",Hồ Chí Minh,2490000,310000,30000,2520000,COD,PAID,DELIVERED,2025-10-12T21:28:54,2025-10-12T21:59:54,2025-10-13T13:28:54,2025-10-15T21:28:54,
ORD-251202-1860,CUST-0422,Dương Quốc Hùng,0908931734,"444 Đường Tố Hữu, Quận Cầu Giấy, TP. Hà Nội",Hà Nội,15980000,2320000,0,15980000,COD,PAID,DELIVERED,2025-12-02T12:30:28,2025-12-02T12:47:28,2025-12-02T22:30:28,2025-12-03T14:30:28,
ORD-260609-1861,CUST-0050,Dương Văn Duy,0776038597,"278 Đường Mậu Thân, Quận Ninh Kiều, TP. Cần Thơ",Cần Thơ,3290000,510000,30000,3320000,COD,PAID,DELIVERED,2026-06-09T09:43:31,2026-06-09T10:01:31,2026-06-09T12:43:31,2026-06-11T14:43:31,
ORD-250828-1862,CUST-0460,Phan Ngọc Bách,0861209481,"59 Đường Trần Hưng Đạo, Quận Hồng Bàng, TP. Hải Phòng",Hải Phòng,8980000,920000,0,8980000,COD,PAID,DELIVERED,2025-08-28T13:32:29,2025-08-28T13:39:29,2025-08-28T23:32:29,2025-08-31T15:32:29,
ORD-251204-1863,CUST-0231,Trần Phương Giang,0916373516,"473 Đường Tô Hiệu, Quận Hồng Bàng, TP. Hải Phòng",Hải Phòng,3690000,510000,30000,3720000,BANK_TRANSFER,PAID,DELIVERED,2025-12-04T15:10:35,2025-12-04T15:22:35,2025-12-04T22:10:35,2025-12-06T19:10:35,
ORD-251214-1864,CUST-0261,Hoàng Quang Khoa,0863009818,"423 Đường Tràng Tiền, Quận Hoàn Kiếm, TP. Hà Nội",Hà Nội,12990000,2010000,0,12990000,BANK_TRANSFER,PAID,DELIVERED,2025-12-14T10:36:43,2025-12-14T10:47:43,2025-12-14T23:36:43,2025-12-17T14:36:43,
ORD-260128-1865,CUST-0099,Nguyễn Phương Vân,0976909275,"547 Đường Mậu Thân, Quận Ninh Kiều, TP. Cần Thơ",Cần Thơ,3990000,510000,30000,4020000,BANK_TRANSFER,PAID,DELIVERED,2026-01-28T21:13:07,2026-01-28T21:49:07,2026-01-29T02:13:07,2026-01-31T01:13:07,
ORD-260502-1866,CUST-0281,Võ Đức Khánh,0980055778,"186 Đường Trần Hưng Đạo, Quận Ngô Quyền, TP. Hải Phòng",Hải Phòng,5490000,710000,0,5490000,COD,PAID,DELIVERED,2026-05-02T12:00:03,2026-05-02T12:07:03,2026-05-02T18:00:03,2026-05-03T12:00:03,
ORD-250813-1867,CUST-0160,Đặng Trúc Yến,0837881914,"228 Đường Võ Nguyên Giáp, Quận Hải Châu, TP. Đà Nẵng",Đà Nẵng,14480000,1820000,0,14480000,COD,PAID,DELIVERED,2025-08-13T16:33:47,2025-08-13T16:57:47,2025-08-13T22:33:47,2025-08-15T17:33:47,
ORD-250817-1868,CUST-0249,Phạm Thành Khoa,0865257775,"184 Đường Đại lộ Hòa Bình, Quận Bình Thủy, TP. Cần Thơ",Cần Thơ,2190000,310000,30000,2220000,VNPAY,PAID,DELIVERED,2025-08-17T21:07:51,2025-08-17T21:38:51,2025-08-18T09:07:51,2025-08-20T00:07:51,
ORD-260105-1869,CUST-0261,Hoàng Quang Khoa,0863009818,"423 Đường Tràng Tiền, Quận Hoàn Kiếm, TP. Hà Nội",Hà Nội,3290000,510000,30000,3320000,BANK_TRANSFER,PAID,DELIVERED,2026-01-05T16:44:09,2026-01-05T16:56:09,2026-01-06T04:44:09,2026-01-06T21:44:09,
ORD-250626-1870,CUST-0244,Phan Thảo Mai,0790919015,"93 Đường Phan Đăng Lưu, Quận Gò Vấp, TP. Hồ Chí Minh",Hồ Chí Minh,5490000,710000,0,5490000,COD,PAID,DELIVERED,2025-06-26T08:59:10,2025-06-26T09:10:10,2025-06-26T23:59:10,2025-06-29T11:59:10,
ORD-251107-1871,CUST-0181,Vũ Minh Bách,0919182619,"247 Đường 3 Tháng 2, Thành phố Thủ Đức, TP. Hồ Chí Minh",Hồ Chí Minh,52990000,5010000,0,52990000,BANK_TRANSFER,REFUNDED,CANCELLED,2025-11-07T19:20:00,2025-11-07T20:03:00,,,2025-11-07T20:20:00
ORD-260120-1872,CUST-0353,Phan Ngọc Hùng,0910618175,"39 Đường Nguyễn Văn Linh, Quận Sơn Trà, TP. Đà Nẵng",Đà Nẵng,1890000,310000,30000,1920000,MOMO,PAID,DELIVERED,2026-01-20T16:06:31,2026-01-20T16:21:31,2026-01-21T08:06:31,2026-01-21T17:06:31,
ORD-260514-1873,CUST-0127,Ngô Thành Khoa,0976766182,"407 Đường Nguyễn Văn Linh, Quận Hải Châu, TP. Đà Nẵng",Đà Nẵng,4780000,820000,30000,4810000,COD,CANCELLED,CANCELLED,2026-05-14T23:14:36,2026-05-14T23:49:36,,,2026-05-15T04:14:36
ORD-251117-1874,CUST-0172,Phan Đức Kiệt,0910910430,"518 Đường Nguyễn Văn Cừ, Quận Bình Thủy, TP. Cần Thơ",Cần Thơ,1290000,210000,30000,1320000,COD,CANCELLED,CANCELLED,2025-11-17T12:51:29,2025-11-17T13:09:29,,,2025-11-18T02:51:29
ORD-260609-1875,CUST-0318,Võ Anh Tuấn,0791298266,"469 Đường Mậu Thân, Quận Ninh Kiều, TP. Cần Thơ",Cần Thơ,5490000,710000,0,5490000,COD,PAID,DELIVERED,2026-06-09T21:20:45,2026-06-09T21:29:45,2026-06-10T06:20:45,2026-06-11T21:20:45,
ORD-250710-1876,CUST-0116,Phạm Đình Việt,0937575844,"409 Đường Tô Hiệu, Quận Lê Chân, TP. Hải Phòng",Hải Phòng,3490000,410000,30000,3520000,COD,PAID,DELIVERED,2025-07-10T20:27:24,2025-07-10T20:46:24,2025-07-11T03:27:24,2025-07-12T21:27:24,
ORD-251121-1877,CUST-0355,Đỗ Khánh Trúc,0855421406,"276 Đường Trần Hưng Đạo, Quận Hải Châu, TP. Đà Nẵng",Đà Nẵng,3290000,510000,30000,3320000,BANK_TRANSFER,PAID,DELIVERED,2025-11-21T12:21:14,2025-11-21T12:26:14,2025-11-22T01:21:14,2025-11-24T12:21:14,
ORD-251231-1878,CUST-0017,Nguyễn Vy Mai,0918384251,"453 Đường Nguyễn Văn Linh, Quận Sơn Trà, TP. Đà Nẵng",Đà Nẵng,12990000,1510000,0,12990000,MOMO,PAID,DELIVERED,2025-12-31T10:14:24,2025-12-31T10:54:24,2026-01-01T00:14:24,2026-01-02T12:14:24,
ORD-251122-1879,CUST-0069,Nguyễn Hoàng Khoa,0851771159,"337 Đường Phan Đăng Lưu, Quận 10, TP. Hồ Chí Minh",Hồ Chí Minh,1490000,310000,30000,1520000,BANK_TRANSFER,PAID,DELIVERED,2025-11-22T09:28:00,2025-11-22T09:56:00,2025-11-22T16:28:00,2025-11-25T11:28:00,
ORD-260203-1880,CUST-0273,Võ Thị Trang,0853691559,"247 Đường Kim Mã, Quận Ba Đình, TP. Hà Nội",Hà Nội,2490000,310000,30000,2520000,MOMO,PAID,DELIVERED,2026-02-03T09:12:21,2026-02-03T09:51:21,2026-02-04T00:12:21,2026-02-06T10:12:21,
ORD-251128-1881,CUST-0288,Ngô Hoàng Bách,0930371837,"48 Đường Nguyễn Văn Linh, Quận Sơn Trà, TP. Đà Nẵng",Đà Nẵng,8990000,1510000,0,8990000,COD,PAID,DELIVERED,2025-11-28T21:15:20,2025-11-28T21:42:20,2025-11-29T01:15:20,2025-11-30T21:15:20,
ORD-251103-1882,CUST-0447,Bùi Thành Dũng,0777119918,"215 Đường Xuân Thủy, Quận Hoàn Kiếm, TP. Hà Nội",Hà Nội,3180000,520000,30000,3210000,COD,PAID,DELIVERED,2025-11-03T13:55:37,2025-11-03T14:11:37,2025-11-04T05:55:37,2025-11-04T15:55:37,
ORD-250724-1883,CUST-0272,Hoàng Trúc Trinh,0980867808,"473 Đường Mậu Thân, Quận Bình Thủy, TP. Cần Thơ",Cần Thơ,26990000,3010000,0,26990000,BANK_TRANSFER,PAID,DELIVERED,2025-07-24T08:31:27,2025-07-24T08:41:27,2025-07-24T22:31:27,2025-07-26T13:31:27,
ORD-251111-1884,CUST-0077,Phan Linh Trúc,0982683885,"451 Đường Đại lộ Hòa Bình, Quận Bình Thủy, TP. Cần Thơ",Cần Thơ,5580000,720000,0,5580000,BANK_TRANSFER,PAID,DELIVERED,2025-11-11T11:51:09,2025-11-11T12:02:09,2025-11-11T13:51:09,2025-11-12T13:51:09,
ORD-250808-1885,CUST-0038,Phan Hữu Huy,0773799650,"222 Đường Võ Nguyên Giáp, Quận Thanh Khê, TP. Đà Nẵng",Đà Nẵng,2190000,310000,30000,2220000,VNPAY,PAID,DELIVERED,2025-08-08T11:49:53,2025-08-08T12:13:53,2025-08-08T16:49:53,2025-08-09T14:49:53,
ORD-250816-1886,CUST-0387,Vũ Linh Trinh,0983264870,"479 Đường Tô Hiệu, Quận Ngô Quyền, TP. Hải Phòng",Hải Phòng,5780000,1020000,0,5780000,BANK_TRANSFER,PAID,DELIVERED,2025-08-16T19:33:54,2025-08-16T19:38:54,2025-08-17T07:33:54,2025-08-19T23:33:54,
ORD-260126-1887,CUST-0111,Lê Hoàng Hoàng,0978523986,"145 Đường Nguyễn Thị Minh Khai, Quận 1, TP. Hồ Chí Minh",Hồ Chí Minh,13490000,1510000,0,13490000,CREDIT_CARD,PAID,DELIVERED,2026-01-26T04:02:35,2026-01-26T04:21:35,2026-01-26T16:02:35,2026-01-29T08:02:35,
ORD-250821-1888,CUST-0415,Đỗ Lâm Khánh,0867139155,"438 Đường Mậu Thân, Quận Bình Thủy, TP. Cần Thơ",Cần Thơ,13880000,1420000,0,13880000,BANK_TRANSFER,PAID,DELIVERED,2025-08-21T17:06:49,2025-08-21T17:30:49,2025-08-22T08:06:49,2025-08-22T18:06:49,
ORD-251111-1889,CUST-0464,Nguyễn Trúc Anh,0833788614,"421 Đường Hùng Vương, Quận Ngũ Hành Sơn, TP. Đà Nẵng",Đà Nẵng,15180000,2020000,0,15180000,BANK_TRANSFER,PAID,DELIVERED,2025-11-11T20:49:16,2025-11-11T21:16:16,2025-11-12T14:49:16,2025-11-12T23:49:16,
ORD-260205-1890,CUST-0319,Lý Khánh Hà,0852111751,"392 Đường Mậu Thân, Quận Bình Thủy, TP. Cần Thơ",Cần Thơ,61980000,6520000,0,61980000,BANK_TRANSFER,PAID,DELIVERED,2026-02-05T18:20:38,2026-02-05T18:25:38,2026-02-06T03:20:38,2026-02-06T18:20:38,
ORD-250703-1891,CUST-0214,Võ Thảo Trinh,0839173816,"159 Đường Lê Duẩn, Quận Ngũ Hành Sơn, TP. Đà Nẵng",Đà Nẵng,4490000,510000,30000,4520000,VNPAY,PAID,DELIVERED,2025-07-03T18:55:07,2025-07-03T19:32:07,2025-07-03T23:55:07,2025-07-04T18:55:07,
ORD-251225-1892,CUST-0320,Ngô Mai Trinh,0852222064,"125 Đường Mậu Thân, Quận Cái Răng, TP. Cần Thơ",Cần Thơ,4990000,510000,30000,5020000,COD,PAID,DELIVERED,2025-12-25T12:59:32,2025-12-25T13:26:32,2025-12-25T15:59:32,2025-12-28T15:59:32,
ORD-260105-1893,CUST-0450,Hồ Hữu Tuấn,0975626060,"537 Đường Nguyễn Trãi, Quận Ba Đình, TP. Hà Nội",Hà Nội,2190000,310000,30000,2220000,CREDIT_CARD,REFUNDED,CANCELLED,2026-01-05T21:49:08,2026-01-05T22:29:08,,,2026-01-06T13:49:08
ORD-260209-1894,CUST-0198,Dương Thị Vân,0906149731,"88 Đường Kim Mã, Quận Thanh Xuân, TP. Hà Nội",Hà Nội,4980000,720000,30000,5010000,MOMO,PAID,DELIVERED,2026-02-09T10:06:57,2026-02-09T10:34:57,2026-02-10T03:06:57,2026-02-11T12:06:57,
ORD-260105-1895,CUST-0353,Phan Ngọc Hùng,0910618175,"39 Đường Nguyễn Văn Linh, Quận Sơn Trà, TP. Đà Nẵng",Đà Nẵng,990000,210000,30000,1020000,COD,PAID,DELIVERED,2026-01-05T10:15:19,2026-01-05T10:37:19,2026-01-05T16:15:19,2026-01-08T15:15:19,
ORD-250903-1896,CUST-0181,Vũ Minh Bách,0919182619,"247 Đường 3 Tháng 2, Thành phố Thủ Đức, TP. Hồ Chí Minh",Hồ Chí Minh,15480000,2520000,0,15480000,BANK_TRANSFER,PAID,DELIVERED,2025-09-03T15:37:11,2025-09-03T15:53:11,2025-09-04T04:37:11,2025-09-06T19:37:11,
ORD-260328-1897,CUST-0353,Phan Ngọc Hùng,0910618175,"39 Đường Nguyễn Văn Linh, Quận Sơn Trà, TP. Đà Nẵng",Đà Nẵng,2290000,310000,30000,2320000,COD,PAID,DELIVERED,2026-03-28T14:15:05,2026-03-28T14:54:05,2026-03-28T22:15:05,2026-03-31T19:15:05,
ORD-251228-1898,CUST-0495,Trần Thảo Hạnh,0980970231,"303 Đường Nguyễn Văn Linh, Quận Thanh Khê, TP. Đà Nẵng",Đà Nẵng,1290000,210000,30000,1320000,VNPAY,PAID,DELIVERED,2025-12-28T15:35:52,2025-12-28T15:48:52,2025-12-29T09:35:52,2025-12-29T15:35:52,
ORD-251116-1899,CUST-0042,Lê Hồng Hạnh,0984008427,"495 Đường Võ Văn Tần, Quận Gò Vấp, TP. Hồ Chí Minh",Hồ Chí Minh,10480000,1820000,0,10480000,COD,PAID,DELIVERED,2025-11-16T12:55:58,2025-11-16T13:29:58,2025-11-16T21:55:58,2025-11-18T17:55:58,
ORD-250628-1900,CUST-0145,Trần Quỳnh Trúc,0778886101,"399 Đường Lê Hồng Phong, Quận Hồng Bàng, TP. Hải Phòng",Hải Phòng,14980000,1920000,0,14980000,BANK_TRANSFER,PAID,DELIVERED,2025-06-28T08:47:13,2025-06-28T09:19:13,2025-06-29T00:47:13,2025-07-01T13:47:13,
ORD-260208-1901,CUST-0492,Võ Vy Hạnh,0777515366,"388 Đường Đại lộ Hòa Bình, Quận Cái Răng, TP. Cần Thơ",Cần Thơ,22980000,2820000,0,22980000,COD,PAID,DELIVERED,2026-02-08T17:08:48,2026-02-08T17:13:48,2026-02-09T02:08:48,2026-02-11T19:08:48,
ORD-250806-1902,CUST-0202,Đỗ Thảo Vy,0834511686,"474 Đường Hùng Vương, Quận Sơn Trà, TP. Đà Nẵng",Đà Nẵng,3690000,510000,30000,3720000,COD,PAID,DELIVERED,2025-08-06T17:12:55,2025-08-06T17:31:55,2025-08-06T23:12:55,2025-08-07T19:12:55,
ORD-251101-1903,CUST-0245,Vũ Thảo Trang,0772832684,"16 Đường Tràng Tiền, Quận Đống Đa, TP. Hà Nội",Hà Nội,13490000,1510000,0,13490000,COD,PAID,DELIVERED,2025-11-01T15:16:23,2025-11-01T15:54:23,2025-11-02T09:16:23,2025-11-03T16:16:23,
ORD-260112-1904,CUST-0270,Võ Phương Trinh,0862373334,"164 Đường Tràng Tiền, Quận Nam Từ Liêm, TP. Hà Nội",Hà Nội,25480000,2320000,0,25480000,BANK_TRANSFER,PAID,DELIVERED,2026-01-12T06:45:24,2026-01-12T07:24:24,2026-01-12T23:45:24,2026-01-15T10:45:24,
ORD-250713-1905,CUST-0389,Đỗ Thành Nam,0978904290,"370 Đường Nguyễn Văn Linh, Quận Ngũ Hành Sơn, TP. Đà Nẵng",Đà Nẵng,12990000,1510000,0,12990000,BANK_TRANSFER,PAID,DELIVERED,2025-07-13T12:44:40,2025-07-13T13:27:40,2025-07-13T23:44:40,2025-07-15T15:44:40,
ORD-260214-1906,CUST-0296,Đỗ Ngọc Yến,0850586509,"316 Đường Lạch Tray, Quận Hồng Bàng, TP. Hải Phòng",Hải Phòng,15980000,1920000,0,15980000,CREDIT_CARD,PAID,DELIVERED,2026-02-14T10:21:15,2026-02-14T10:46:15,2026-02-14T21:21:15,2026-02-16T10:21:15,
ORD-251104-1907,CUST-0211,Đỗ Khánh Thảo,0854328309,"514 Đường Lê Duẩn, Quận Thanh Khê, TP. Đà Nẵng",Đà Nẵng,990000,210000,30000,1020000,COD,PAID,DELIVERED,2025-11-04T16:50:04,2025-11-04T17:21:04,2025-11-04T20:50:04,2025-11-05T20:50:04,
ORD-250728-1908,CUST-0400,Hồ Hữu Hải,0915353961,"290 Đường Trần Văn Khéo, Quận Bình Thủy, TP. Cần Thơ",Cần Thơ,12990000,1510000,0,12990000,BANK_TRANSFER,PAID,DELIVERED,2025-07-28T20:08:45,2025-07-28T20:27:45,2025-07-29T08:08:45,2025-07-31T20:08:45,
ORD-250831-1909,CUST-0236,Nguyễn Linh Mai,0838386384,"431 Đường Nguyễn Kiệm, Thành phố Thủ Đức, TP. Hồ Chí Minh",Hồ Chí Minh,8990000,1510000,0,8990000,COD,PAID,DELIVERED,2025-08-31T14:12:32,2025-08-31T14:53:32,2025-09-01T07:12:32,2025-09-03T17:12:32,
ORD-250802-1910,CUST-0284,Vũ Hoàng Anh,0932663416,"296 Đường Kim Mã, Quận Ba Đình, TP. Hà Nội",Hà Nội,13980000,1720000,0,13980000,VNPAY,PAID,DELIVERED,2025-08-02T20:50:08,2025-08-02T21:01:08,2025-08-03T06:50:08,2025-08-04T00:50:08,
ORD-260107-1911,CUST-0094,Hồ Trúc Lan,0973195205,"495 Đường Võ Nguyên Giáp, Quận Thanh Khê, TP. Đà Nẵng",Đà Nẵng,7980000,1020000,0,7980000,COD,PAID,DELIVERED,2026-01-07T15:37:21,2026-01-07T15:48:21,2026-01-07T17:37:21,2026-01-10T19:37:21,
ORD-260318-1912,CUST-0264,Ngô Quỳnh Chi,0836114351,"63 Đường Nguyễn Văn Cừ, Quận Cái Răng, TP. Cần Thơ",Cần Thơ,4990000,510000,30000,5020000,BANK_TRANSFER,PAID,DELIVERED,2026-03-18T18:30:54,2026-03-18T19:12:54,2026-03-19T08:30:54,2026-03-20T20:30:54,
ORD-260118-1913,CUST-0318,Võ Anh Tuấn,0791298266,"469 Đường Mậu Thân, Quận Ninh Kiều, TP. Cần Thơ",Cần Thơ,13980000,1820000,0,13980000,BANK_TRANSFER,PAID,DELIVERED,2026-01-18T10:02:22,2026-01-18T10:11:22,2026-01-18T17:02:22,2026-01-21T11:02:22,
ORD-251025-1914,CUST-0168,Dương Diệu Vy,0771361115,"141 Đường Võ Nguyên Giáp, Quận Thanh Khê, TP. Đà Nẵng",Đà Nẵng,3990000,510000,30000,4020000,VNPAY,PAID,DELIVERED,2025-10-25T14:30:31,2025-10-25T14:56:31,2025-10-26T07:30:31,2025-10-27T14:30:31,
ORD-260117-1915,CUST-0005,Ngô Khánh Lan,0939537672,"443 Đường Kim Mã, Quận Thanh Xuân, TP. Hà Nội",Hà Nội,4380000,620000,30000,4410000,MOMO,PAID,DELIVERED,2026-01-17T16:38:05,2026-01-17T17:23:05,2026-01-17T23:38:05,2026-01-20T16:38:05,
ORD-251130-1916,CUST-0306,Bùi Thị Hương,0935211039,"118 Đường Trần Hưng Đạo, Quận Hải Châu, TP. Đà Nẵng",Đà Nẵng,2190000,310000,30000,2220000,VNPAY,PAID,DELIVERED,2025-11-30T23:38:48,2025-11-30T23:48:48,2025-12-01T15:38:48,2025-12-02T00:38:48,
ORD-251202-1917,CUST-0189,Đặng Vy Hương,0981334803,"185 Đường Mậu Thân, Quận Cái Răng, TP. Cần Thơ",Cần Thơ,16490000,2010000,0,16490000,VNPAY,PAID,DELIVERED,2025-12-02T17:15:50,2025-12-02T17:44:50,2025-12-03T06:15:50,2025-12-05T18:15:50,
ORD-251103-1918,CUST-0273,Võ Thị Trang,0853691559,"247 Đường Kim Mã, Quận Ba Đình, TP. Hà Nội",Hà Nội,15180000,1820000,0,15180000,VNPAY,REFUNDED,CANCELLED,2025-11-03T21:31:13,2025-11-03T22:07:13,,,2025-11-04T03:31:13
ORD-250702-1919,CUST-0268,Lý Lâm Tùng,0867697357,"498 Đường Đại lộ Hòa Bình, Quận Bình Thủy, TP. Cần Thơ",Cần Thơ,5490000,510000,0,5490000,MOMO,PAID,DELIVERED,2025-07-02T17:51:29,2025-07-02T18:00:29,2025-07-03T00:51:29,2025-07-05T20:51:29,
ORD-251129-1920,CUST-0358,Võ Hồng Lan,0793067198,"61 Đường Võ Nguyên Giáp, Quận Sơn Trà, TP. Đà Nẵng",Đà Nẵng,2190000,310000,30000,2220000,VNPAY,PAID,DELIVERED,2025-11-29T22:28:21,2025-11-29T22:35:21,2025-11-30T10:28:21,2025-12-01T03:28:21,
ORD-251126-1921,CUST-0202,Đỗ Thảo Vy,0834511686,"474 Đường Hùng Vương, Quận Sơn Trà, TP. Đà Nẵng",Đà Nẵng,15180000,2020000,0,15180000,COD,PAID,DELIVERED,2025-11-26T01:41:25,2025-11-26T01:50:25,2025-11-26T15:41:25,2025-11-28T01:41:25,
ORD-260117-1922,CUST-0447,Bùi Thành Dũng,0777119918,"215 Đường Xuân Thủy, Quận Hoàn Kiếm, TP. Hà Nội",Hà Nội,26990000,3010000,0,26990000,BANK_TRANSFER,PAID,DELIVERED,2026-01-17T15:05:13,2026-01-17T15:40:13,2026-01-18T00:05:13,2026-01-20T18:05:13,
ORD-250819-1923,CUST-0248,Trần Ngọc Giang,0977759492,"443 Đường Lê Hồng Phong, Quận Ngô Quyền, TP. Hải Phòng",Hải Phòng,2290000,310000,30000,2320000,BANK_TRANSFER,PAID,DELIVERED,2025-08-19T19:25:28,2025-08-19T20:07:28,2025-08-19T22:25:28,2025-08-21T19:25:28,
ORD-250814-1924,CUST-0301,Phạm Khánh Lan,0836931572,"43 Đường Lê Hồng Phong, Quận Hồng Bàng, TP. Hải Phòng",Hải Phòng,65980000,6520000,0,65980000,MOMO,CANCELLED,CANCELLED,2025-08-14T19:59:06,2025-08-14T20:12:06,,,2025-08-15T14:59:06
ORD-260228-1925,CUST-0127,Ngô Thành Khoa,0976766182,"407 Đường Nguyễn Văn Linh, Quận Hải Châu, TP. Đà Nẵng",Đà Nẵng,2190000,310000,30000,2220000,BANK_TRANSFER,PAID,DELIVERED,2026-02-28T20:13:08,2026-02-28T20:28:08,2026-03-01T00:13:08,2026-03-01T23:13:08,
ORD-260512-1926,CUST-0148,Ngô Anh Trung,0389245937,"303 Đường Tràng Tiền, Quận Hai Bà Trưng, TP. Hà Nội",Hà Nội,990000,210000,30000,1020000,BANK_TRANSFER,PAID,DELIVERED,2026-05-12T15:44:08,2026-05-12T16:12:08,2026-05-12T19:44:08,2026-05-15T19:44:08,
ORD-251215-1927,CUST-0386,Hồ Đức Tùng,0831234785,"11 Đường Lạch Tray, Quận Ngô Quyền, TP. Hải Phòng",Hải Phòng,3990000,510000,30000,4020000,COD,PAID,DELIVERED,2025-12-15T17:09:14,2025-12-15T17:45:14,2025-12-15T19:09:14,2025-12-17T18:09:14,
ORD-250619-1928,CUST-0394,Trần Trúc Mai,0910760310,"485 Đường Lạch Tray, Quận Lê Chân, TP. Hải Phòng",Hải Phòng,4290000,710000,30000,4320000,BANK_TRANSFER,PAID,DELIVERED,2025-06-19T22:51:15,2025-06-19T23:27:15,2025-06-20T03:51:15,2025-06-22T03:51:15,
ORD-250817-1929,CUST-0412,Dương Mai Lan,0853644249,"158 Đường Đại lộ Hòa Bình, Quận Ninh Kiều, TP. Cần Thơ",Cần Thơ,4490000,710000,30000,4520000,COD,PAID,DELIVERED,2025-08-17T12:10:26,2025-08-17T12:38:26,2025-08-18T00:10:26,2025-08-18T15:10:26,
ORD-251221-1930,CUST-0126,Hồ Khánh Trang,0939106518,"298 Đường Nguyễn Thị Minh Khai, Quận Phú Nhuận, TP. Hồ Chí Minh",Hồ Chí Minh,3490000,410000,30000,3520000,COD,PAID,DELIVERED,2025-12-21T07:34:03,2025-12-21T08:01:03,2025-12-21T09:34:03,2025-12-24T12:34:03,
ORD-260613-1931,CUST-0334,Hoàng Vy Hạnh,0791385854,"77 Đường Nguyễn Văn Linh, Quận Thanh Khê, TP. Đà Nẵng",Đà Nẵng,5490000,510000,0,5490000,BANK_TRANSFER,PAID,DELIVERED,2026-06-13T00:00:35,2026-06-13T00:21:35,2026-06-13T10:00:35,2026-06-15T03:00:35,
ORD-251209-1932,CUST-0229,Đặng Hữu Long,0834883755,"344 Đường Trần Duy Hưng, Quận Nam Từ Liêm, TP. Hà Nội",Hà Nội,3490000,410000,30000,3520000,COD,PAID,DELIVERED,2025-12-09T13:40:18,2025-12-09T14:13:18,2025-12-10T05:40:18,2025-12-11T18:40:18,
ORD-260405-1933,CUST-0102,Ngô Trúc Chi,0905895782,"412 Đường Phan Đăng Lưu, Quận 3, TP. Hồ Chí Minh",Hồ Chí Minh,1490000,310000,30000,1520000,MOMO,PAID,DELIVERED,2026-04-05T21:44:27,2026-04-05T22:11:27,2026-04-05T23:44:27,2026-04-06T22:44:27,
ORD-260525-1934,CUST-0282,Đỗ Duy Khoa,0798457831,"271 Đường Võ Nguyên Giáp, Quận Sơn Trà, TP. Đà Nẵng",Đà Nẵng,15480000,1920000,0,15480000,COD,PAID,DELIVERED,2026-05-25T10:38:18,2026-05-25T11:09:18,2026-05-25T12:38:18,2026-05-28T13:38:18,
ORD-260201-1935,CUST-0039,Phan Vy Thảo,0790831367,"507 Đường Trần Duy Hưng, Quận Hoàn Kiếm, TP. Hà Nội",Hà Nội,8990000,1510000,0,8990000,BANK_TRANSFER,PAID,DELIVERED,2026-02-01T16:28:15,2026-02-01T16:53:15,2026-02-01T21:28:15,2026-02-04T20:28:15,
ORD-260221-1936,CUST-0249,Phạm Thành Khoa,0865257775,"184 Đường Đại lộ Hòa Bình, Quận Bình Thủy, TP. Cần Thơ",Cần Thơ,4490000,510000,30000,4520000,VNPAY,PAID,DELIVERED,2026-02-21T13:39:28,2026-02-21T14:16:28,2026-02-22T02:39:28,2026-02-24T15:39:28,
ORD-260215-1937,CUST-0058,Bùi Anh Tùng,0983747407,"358 Đường Trần Duy Hưng, Quận Cầu Giấy, TP. Hà Nội",Hà Nội,4380000,620000,30000,4410000,BANK_TRANSFER,PAID,DELIVERED,2026-02-15T12:21:30,2026-02-15T12:36:30,2026-02-15T16:21:30,2026-02-16T13:21:30,
ORD-250806-1938,CUST-0197,Đỗ Diệu Linh,0901533688,"55 Đường Lê Duẩn, Quận Thanh Khê, TP. Đà Nẵng",Đà Nẵng,990000,210000,30000,1020000,MOMO,PAID,DELIVERED,2025-08-06T16:36:53,2025-08-06T17:15:53,2025-08-07T01:36:53,2025-08-07T21:36:53,
ORD-260520-1939,CUST-0021,Lý Thảo Hương,0851586923,"188 Đường Nguyễn Trãi, Quận Hai Bà Trưng, TP. Hà Nội",Hà Nội,22990000,2010000,0,22990000,BANK_TRANSFER,PAID,DELIVERED,2026-05-20T00:18:22,2026-05-20T00:41:22,2026-05-20T03:18:22,2026-05-22T05:18:22,
ORD-260129-1940,CUST-0115,Phạm Ngọc Kiệt,0796527858,"257 Đường Nguyễn Văn Linh, Quận Ngũ Hành Sơn, TP. Đà Nẵng",Đà Nẵng,2190000,310000,30000,2220000,COD,PAID,DELIVERED,2026-01-29T10:26:08,2026-01-29T11:10:08,2026-01-29T19:26:08,2026-01-30T10:26:08,
ORD-260218-1941,CUST-0173,Hồ Thảo Hạnh,0799241418,"405 Đường Tràng Tiền, Quận Ba Đình, TP. Hà Nội",Hà Nội,2190000,310000,30000,2220000,MOMO,PAID,DELIVERED,2026-02-18T21:12:56,2026-02-18T21:54:56,2026-02-18T23:12:56,2026-02-22T00:12:56,
ORD-250906-1942,CUST-0258,Bùi Đình Hải,0855799136,"212 Đường Nguyễn Trãi, Quận Cầu Giấy, TP. Hà Nội",Hà Nội,3690000,510000,30000,3720000,VNPAY,PAID,DELIVERED,2025-09-06T17:40:30,2025-09-06T17:57:30,2025-09-07T09:40:30,2025-09-08T18:40:30,
ORD-260227-1943,CUST-0234,Đỗ Thảo Vy,0852885158,"297 Đường Tô Hiệu, Quận Lê Chân, TP. Hải Phòng",Hải Phòng,5490000,510000,0,5490000,BANK_TRANSFER,PAID,DELIVERED,2026-02-27T20:46:15,2026-02-27T21:27:15,2026-02-28T13:46:15,2026-03-02T22:46:15,
ORD-260121-1944,CUST-0405,Đặng Khánh Chi,0836954500,"362 Đường Quang Trung, Quận 10, TP. Hồ Chí Minh",Hồ Chí Minh,12990000,2010000,0,12990000,BANK_TRANSFER,PAID,DELIVERED,2026-01-21T13:02:28,2026-01-21T13:08:28,2026-01-21T17:02:28,2026-01-22T16:02:28,
ORD-260330-1945,CUST-0354,Nguyễn Ngọc Sơn,0831119269,"306 Đường Phan Đăng Lưu, Quận 10, TP. Hồ Chí Minh",Hồ Chí Minh,15990000,2010000,0,15990000,BANK_TRANSFER,PAID,DELIVERED,2026-03-30T13:01:21,2026-03-30T13:13:21,2026-03-30T17:01:21,2026-04-01T16:01:21,
ORD-251105-1946,CUST-0283,Nguyễn Lâm Minh,0974780774,"12 Đường Mậu Thân, Quận Cái Răng, TP. Cần Thơ",Cần Thơ,15480000,1820000,0,15480000,COD,PAID,DELIVERED,2025-11-05T20:20:35,2025-11-05T20:57:35,2025-11-06T14:20:35,2025-11-07T20:20:35,
ORD-260618-1947,CUST-0413,Ngô Anh Kiệt,0796603242,"185 Đường Hùng Vương, Quận Sơn Trà, TP. Đà Nẵng",Đà Nẵng,3290000,510000,30000,3320000,MOMO,PAID,SHIPPED,2026-06-18T19:21:39,2026-06-18T19:49:39,2026-06-18T22:21:39,,
ORD-260607-1948,CUST-0394,Trần Trúc Mai,0910760310,"485 Đường Lạch Tray, Quận Lê Chân, TP. Hải Phòng",Hải Phòng,3390000,410000,30000,3420000,VNPAY,PAID,DELIVERED,2026-06-07T20:54:02,2026-06-07T21:33:02,2026-06-08T01:54:02,2026-06-09T23:54:02,
ORD-260225-1949,CUST-0231,Trần Phương Giang,0916373516,"473 Đường Tô Hiệu, Quận Hồng Bàng, TP. Hải Phòng",Hải Phòng,8980000,1020000,0,8980000,COD,PAID,DELIVERED,2026-02-25T21:35:49,2026-02-25T22:10:49,2026-02-26T02:35:49,2026-02-27T22:35:49,
ORD-250922-1950,CUST-0019,Phạm Đình Khánh,0774016400,"170 Đường Kim Mã, Quận Hoàn Kiếm, TP. Hà Nội",Hà Nội,17980000,2320000,0,17980000,BANK_TRANSFER,REFUNDED,CANCELLED,2025-09-22T11:26:35,2025-09-22T12:04:35,,,2025-09-22T15:26:35
ORD-251105-1951,CUST-0217,Phạm Thị Hương,0935421689,"310 Đường Nguyễn Trãi, Quận Cầu Giấy, TP. Hà Nội",Hà Nội,12990000,2010000,0,12990000,COD,PAID,DELIVERED,2025-11-05T16:27:21,2025-11-05T16:54:21,2025-11-06T05:27:21,2025-11-07T17:27:21,
ORD-251105-1952,CUST-0149,Bùi Minh Anh,0866519398,"219 Đường Tô Hiệu, Quận Hồng Bàng, TP. Hải Phòng",Hải Phòng,55280000,5320000,0,55280000,VNPAY,PAID,DELIVERED,2025-11-05T18:22:00,2025-11-05T19:01:00,2025-11-06T12:22:00,2025-11-08T18:22:00,
ORD-251102-1953,CUST-0271,Lý Thảo Chi,0830807595,"192 Đường Tô Hiệu, Quận Ngô Quyền, TP. Hải Phòng",Hải Phòng,2490000,410000,30000,2520000,BANK_TRANSFER,PAID,DELIVERED,2025-11-02T13:32:18,2025-11-02T13:46:18,2025-11-03T00:32:18,2025-11-03T13:32:18,
ORD-260115-1954,CUST-0190,Ngô Minh Tùng,0905992937,"43 Đường Võ Nguyên Giáp, Quận Thanh Khê, TP. Đà Nẵng",Đà Nẵng,3290000,510000,30000,3320000,VNPAY,PAID,DELIVERED,2026-01-15T09:24:00,2026-01-15T09:34:00,2026-01-15T21:24:00,2026-01-18T11:24:00,
ORD-260221-1955,CUST-0046,Trần Đình Tùng,0853618324,"319 Đường 3 Tháng 2, Quận 1, TP. Hồ Chí Minh",Hồ Chí Minh,5490000,710000,0,5490000,MOMO,PAID,DELIVERED,2026-02-21T01:17:28,2026-02-21T01:41:28,2026-02-21T13:17:28,2026-02-24T03:17:28,
ORD-260410-1956,CUST-0301,Phạm Khánh Lan,0836931572,"43 Đường Lê Hồng Phong, Quận Hồng Bàng, TP. Hải Phòng",Hải Phòng,5490000,710000,0,5490000,COD,PAID,DELIVERED,2026-04-10T15:25:55,2026-04-10T16:08:55,2026-04-11T02:25:55,2026-04-13T16:25:55,
ORD-260224-1957,CUST-0379,Hoàng Thị Hương,0795695579,"316 Đường Tô Hiệu, Quận Ngô Quyền, TP. Hải Phòng",Hải Phòng,3990000,510000,30000,4020000,COD,PAID,DELIVERED,2026-02-24T14:35:13,2026-02-24T15:00:13,2026-02-25T08:35:13,2026-02-27T14:35:13,
ORD-260226-1958,CUST-0374,Ngô Hồng Phương,0985701658,"217 Đường Trần Hưng Đạo, Quận Ngũ Hành Sơn, TP. Đà Nẵng",Đà Nẵng,2480000,520000,30000,2510000,COD,PAID,DELIVERED,2026-02-26T08:48:49,2026-02-26T09:33:49,2026-02-26T23:48:49,2026-02-28T13:48:49,
ORD-260602-1959,CUST-0374,Ngô Hồng Phương,0985701658,"217 Đường Trần Hưng Đạo, Quận Ngũ Hành Sơn, TP. Đà Nẵng",Đà Nẵng,12990000,1510000,0,12990000,BANK_TRANSFER,PAID,DELIVERED,2026-06-02T11:58:45,2026-06-02T12:29:45,2026-06-03T04:58:45,2026-06-05T12:58:45,
ORD-251209-1960,CUST-0155,Lê Hoàng Anh,0909379660,"69 Đường Kim Mã, Quận Thanh Xuân, TP. Hà Nội",Hà Nội,16490000,2010000,0,16490000,VNPAY,PAID,DELIVERED,2025-12-09T14:36:37,2025-12-09T15:18:37,2025-12-10T08:36:37,2025-12-10T17:36:37,
ORD-250905-1961,CUST-0467,Bùi Đình Dũng,0988914161,"220 Đường Tô Hiệu, Quận Ngô Quyền, TP. Hải Phòng",Hải Phòng,8990000,1510000,0,8990000,BANK_TRANSFER,PAID,DELIVERED,2025-09-05T21:14:54,2025-09-05T21:54:54,2025-09-06T02:14:54,2025-09-07T21:14:54,
ORD-251204-1962,CUST-0167,Nguyễn Khánh Hương,0381103712,"14 Đường Trần Duy Hưng, Quận Ba Đình, TP. Hà Nội",Hà Nội,27480000,2520000,0,27480000,COD,PAID,DELIVERED,2025-12-04T13:14:07,2025-12-04T13:44:07,2025-12-05T07:14:07,2025-12-06T16:14:07,
ORD-260112-1963,CUST-0182,Lý Thành Trung,0977431329,"465 Đường Chùa Bộc, Quận Cầu Giấy, TP. Hà Nội",Hà Nội,1490000,310000,30000,1520000,BANK_TRANSFER,PAID,DELIVERED,2026-01-12T13:35:03,2026-01-12T14:09:03,2026-01-12T22:35:03,2026-01-15T14:35:03,
ORD-251009-1964,CUST-0397,Dương Minh Tùng,0987125663,"326 Đường Xuân Thủy, Quận Hai Bà Trưng, TP. Hà Nội",Hà Nội,18180000,2320000,0,18180000,VNPAY,PAID,DELIVERED,2025-10-09T14:57:17,2025-10-09T15:30:17,2025-10-09T18:57:17,2025-10-11T16:57:17,
ORD-250730-1965,CUST-0190,Ngô Minh Tùng,0905992937,"43 Đường Võ Nguyên Giáp, Quận Thanh Khê, TP. Đà Nẵng",Đà Nẵng,990000,210000,30000,1020000,BANK_TRANSFER,PAID,DELIVERED,2025-07-30T21:26:47,2025-07-30T22:07:47,2025-07-31T02:26:47,2025-08-01T02:26:47,
ORD-260209-1966,CUST-0023,Vũ Ngọc Thảo,0978685014,"116 Đường Lạch Tray, Quận Ngô Quyền, TP. Hải Phòng",Hải Phòng,39980000,4520000,0,39980000,BANK_TRANSFER,PAID,DELIVERED,2026-02-09T15:27:08,2026-02-09T16:10:08,2026-02-10T05:27:08,2026-02-11T20:27:08,
ORD-260126-1967,CUST-0002,Hồ Khánh Vy,0935116155,"132 Đường Võ Nguyên Giáp, Quận Hải Châu, TP. Đà Nẵng",Đà Nẵng,12990000,1510000,0,12990000,BANK_TRANSFER,PAID,DELIVERED,2026-01-26T09:27:16,2026-01-26T09:39:16,2026-01-26T17:27:16,2026-01-28T10:27:16,
ORD-251227-1968,CUST-0181,Vũ Minh Bách,0919182619,"247 Đường 3 Tháng 2, Thành phố Thủ Đức, TP. Hồ Chí Minh",Hồ Chí Minh,3690000,510000,30000,3720000,COD,PAID,DELIVERED,2025-12-27T16:09:52,2025-12-27T16:30:52,2025-12-27T21:09:52,2025-12-30T18:09:52,
ORD-250713-1969,CUST-0295,Trần Thảo Phương,0857899405,"18 Đường Lạch Tray, Quận Lê Chân, TP. Hải Phòng",Hải Phòng,2190000,310000,30000,2220000,COD,PAID,DELIVERED,2025-07-13T22:55:40,2025-07-13T23:34:40,2025-07-14T16:55:40,2025-07-16T22:55:40,
ORD-250628-1970,CUST-0332,Dương Quang Minh,0930768104,"483 Đường Lê Hồng Phong, Quận Hồng Bàng, TP. Hải Phòng",Hải Phòng,3290000,510000,30000,3320000,BANK_TRANSFER,PAID,DELIVERED,2025-06-28T10:04:09,2025-06-28T10:48:09,2025-06-28T18:04:09,2025-06-30T14:04:09,
ORD-251123-1971,CUST-0078,Dương Diệu Trinh,0386416052,"95 Đường Nguyễn Văn Cừ, Quận Bình Thủy, TP. Cần Thơ",Cần Thơ,3390000,410000,30000,3420000,BANK_TRANSFER,PAID,DELIVERED,2025-11-23T15:15:09,2025-11-23T15:48:09,2025-11-24T02:15:09,2025-11-25T19:15:09,
ORD-250826-1972,CUST-0407,Dương Mai Linh,0908507698,"27 Đường Võ Nguyên Giáp, Quận Hải Châu, TP. Đà Nẵng",Đà Nẵng,1890000,310000,30000,1920000,BANK_TRANSFER,PAID,DELIVERED,2025-08-26T12:24:34,2025-08-26T12:38:34,2025-08-26T23:24:34,2025-08-28T16:24:34,
ORD-251118-1973,CUST-0104,Dương Quỳnh Ngọc,0982535841,"133 Đường Kim Mã, Quận Hoàn Kiếm, TP. Hà Nội",Hà Nội,12990000,2010000,0,12990000,COD,PAID,DELIVERED,2025-11-18T17:31:10,2025-11-18T18:14:10,2025-11-18T19:31:10,2025-11-21T19:31:10,
ORD-251107-1974,CUST-0460,Phan Ngọc Bách,0861209481,"59 Đường Trần Hưng Đạo, Quận Hồng Bàng, TP. Hải Phòng",Hải Phòng,24480000,3520000,0,24480000,BANK_TRANSFER,PAID,DELIVERED,2025-11-07T11:11:02,2025-11-07T11:29:02,2025-11-07T16:11:02,2025-11-09T14:11:02,
ORD-250919-1975,CUST-0469,Đỗ Thu Chi,0388118071,"401 Đường Nguyễn Văn Cừ, Quận Bình Thủy, TP. Cần Thơ",Cần Thơ,6990000,810000,0,6990000,COD,PAID,DELIVERED,2025-09-19T10:41:20,2025-09-19T11:11:20,2025-09-19T20:41:20,2025-09-22T10:41:20,
ORD-250917-1976,CUST-0070,Hoàng Vy Trúc,0911836736,"102 Đường Trần Văn Khéo, Quận Cái Răng, TP. Cần Thơ",Cần Thơ,6490000,1010000,0,6490000,COD,PAID,DELIVERED,2025-09-17T09:38:14,2025-09-17T09:55:14,2025-09-17T13:38:14,2025-09-18T11:38:14,
ORD-260502-1977,CUST-0289,Đặng Linh Ngọc,0935031365,"127 Đường Kim Mã, Quận Nam Từ Liêm, TP. Hà Nội",Hà Nội,15990000,2010000,0,15990000,COD,PAID,DELIVERED,2026-05-02T11:51:05,2026-05-02T12:23:05,2026-05-02T13:51:05,2026-05-05T14:51:05,
ORD-251207-1978,CUST-0367,Ngô Linh Chi,0982005436,"111 Đường Lê Duẩn, Quận Ngũ Hành Sơn, TP. Đà Nẵng",Đà Nẵng,3690000,510000,30000,3720000,MOMO,PAID,DELIVERED,2025-12-07T12:02:09,2025-12-07T12:42:09,2025-12-07T18:02:09,2025-12-08T14:02:09,
ORD-251113-1979,CUST-0357,Bùi Lâm Bách,0907200642,"8 Đường Hùng Vương, Quận Ngũ Hành Sơn, TP. Đà Nẵng",Đà Nẵng,10980000,1220000,0,10980000,COD,PAID,DELIVERED,2025-11-13T09:50:49,2025-11-13T10:13:49,2025-11-13T12:50:49,2025-11-14T11:50:49,
ORD-250721-1980,CUST-0473,Dương Hoàng Khoa,0861877580,"435 Đường Kim Mã, Quận Cầu Giấy, TP. Hà Nội",Hà Nội,3990000,510000,30000,4020000,BANK_TRANSFER,REFUNDED,CANCELLED,2025-07-21T09:39:56,2025-07-21T10:11:56,,,2025-07-22T02:39:56
ORD-251117-1981,CUST-0203,Ngô Duy Khánh,0381622999,"357 Đường Phan Đăng Lưu, Quận 3, TP. Hồ Chí Minh",Hồ Chí Minh,12990000,2010000,0,12990000,VNPAY,PAID,DELIVERED,2025-11-17T07:34:13,2025-11-17T07:49:13,2025-11-17T12:34:13,2025-11-19T07:34:13,
ORD-260311-1982,CUST-0242,Phan Hữu Hải,0798013361,"78 Đường Tô Hiệu, Quận Lê Chân, TP. Hải Phòng",Hải Phòng,2490000,310000,30000,2520000,BANK_TRANSFER,PAID,DELIVERED,2026-03-11T18:29:05,2026-03-11T19:12:05,2026-03-12T00:29:05,2026-03-12T18:29:05,
ORD-251128-1983,CUST-0091,Ngô Anh Long,0901043289,"248 Đường Nguyễn Văn Cừ, Quận Ninh Kiều, TP. Cần Thơ",Cần Thơ,4490000,710000,30000,4520000,VNPAY,PAID,DELIVERED,2025-11-28T15:40:11,2025-11-28T16:13:11,2025-11-29T09:40:11,2025-12-01T19:40:11,
ORD-260518-1984,CUST-0088,Lý Minh Tùng,0777468862,"58 Đường Lê Hồng Phong, Quận Hồng Bàng, TP. Hải Phòng",Hải Phòng,3690000,510000,30000,3720000,VNPAY,PAID,DELIVERED,2026-05-18T15:34:07,2026-05-18T15:50:07,2026-05-18T21:34:07,2026-05-21T18:34:07,
ORD-260103-1985,CUST-0494,Bùi Duy Long,0836636186,"467 Đường Nguyễn Văn Cừ, Quận Ninh Kiều, TP. Cần Thơ",Cần Thơ,12990000,1510000,0,12990000,VNPAY,PAID,DELIVERED,2026-01-03T09:37:42,2026-01-03T10:00:42,2026-01-04T02:37:42,2026-01-05T11:37:42,
ORD-250918-1986,CUST-0260,Đặng Thị Nhi,0383765991,"243 Đường Trần Duy Hưng, Quận Đống Đa, TP. Hà Nội",Hà Nội,13490000,1510000,0,13490000,BANK_TRANSFER,PAID,DELIVERED,2025-09-18T12:38:17,2025-09-18T13:19:17,2025-09-18T19:38:17,2025-09-21T14:38:17,
ORD-251121-1987,CUST-0205,Hồ Khánh Vân,0905444713,"280 Đường Trần Hưng Đạo, Quận Ngũ Hành Sơn, TP. Đà Nẵng",Đà Nẵng,2490000,410000,30000,2520000,BANK_TRANSFER,PAID,DELIVERED,2025-11-21T20:15:30,2025-11-21T20:37:30,2025-11-22T08:15:30,2025-11-24T21:15:30,
ORD-260406-1988,CUST-0020,Hồ Thị Mai,0912805982,"378 Đường Kim Mã, Quận Cầu Giấy, TP. Hà Nội",Hà Nội,1490000,310000,30000,1520000,COD,PAID,DELIVERED,2026-04-06T21:50:14,2026-04-06T22:10:14,2026-04-07T02:50:14,2026-04-09T02:50:14,
ORD-260610-1989,CUST-0136,Hoàng Mai Hương,0389378547,"365 Đường Mậu Thân, Quận Cái Răng, TP. Cần Thơ",Cần Thơ,33480000,4020000,0,33480000,MOMO,REFUNDED,CANCELLED,2026-06-10T08:25:01,2026-06-10T08:30:01,,,2026-06-10T22:25:01
ORD-251205-1990,CUST-0086,Ngô Phương Vy,0981418880,"390 Đường Hùng Vương, Quận Thanh Khê, TP. Đà Nẵng",Đà Nẵng,8990000,1510000,0,8990000,MOMO,PAID,DELIVERED,2025-12-05T16:04:24,2025-12-05T16:23:24,2025-12-05T21:04:24,2025-12-07T16:04:24,
ORD-260401-1991,CUST-0489,Vũ Diệu Trúc,0977546027,"89 Đường Trần Hưng Đạo, Quận Hải Châu, TP. Đà Nẵng",Đà Nẵng,9490000,1510000,0,9490000,COD,PAID,DELIVERED,2026-04-01T00:30:05,2026-04-01T01:04:05,2026-04-01T10:30:05,2026-04-02T02:30:05,
ORD-260614-1992,CUST-0341,Võ Hoàng Long,0837335494,"13 Đường Hùng Vương, Quận Hải Châu, TP. Đà Nẵng",Đà Nẵng,22990000,2010000,0,22990000,COD,PAID,SHIPPED,2026-06-14T20:52:21,2026-06-14T21:23:21,2026-06-15T05:52:21,,
ORD-250817-1993,CUST-0187,Đỗ Diệu Hạnh,0770146263,"396 Đường Lạch Tray, Quận Hồng Bàng, TP. Hải Phòng",Hải Phòng,11490000,1510000,0,11490000,MOMO,PAID,DELIVERED,2025-08-17T15:27:15,2025-08-17T15:41:15,2025-08-17T22:27:15,2025-08-20T18:27:15,
ORD-251128-1994,CUST-0028,Hồ Anh Anh,0932016328,"472 Đường Lê Lợi, Quận Bình Thạnh, TP. Hồ Chí Minh",Hồ Chí Minh,28280000,3220000,0,28280000,BANK_TRANSFER,PAID,DELIVERED,2025-11-28T19:01:10,2025-11-28T19:34:10,2025-11-29T06:01:10,2025-11-30T00:01:10,
ORD-251229-1995,CUST-0256,Đỗ Phương Trinh,0986030299,"155 Đường Nguyễn Trãi, Quận Hoàn Kiếm, TP. Hà Nội",Hà Nội,4490000,710000,30000,4520000,BANK_TRANSFER,PAID,DELIVERED,2025-12-29T09:31:55,2025-12-29T09:58:55,2025-12-29T16:31:55,2025-12-31T09:31:55,
ORD-250925-1996,CUST-0484,Vũ Hữu Trung,0934735528,"126 Đường Đại lộ Hòa Bình, Quận Bình Thủy, TP. Cần Thơ",Cần Thơ,11490000,1510000,0,11490000,BANK_TRANSFER,PAID,DELIVERED,2025-09-25T21:59:33,2025-09-25T22:19:33,2025-09-26T02:59:33,2025-09-27T21:59:33,
ORD-260516-1997,CUST-0048,Đỗ Duy Tùng,0904902787,"508 Đường Tố Hữu, Quận Ba Đình, TP. Hà Nội",Hà Nội,4780000,820000,30000,4810000,MOMO,REFUNDED,CANCELLED,2026-05-16T19:07:10,2026-05-16T19:40:10,,,2026-05-17T02:07:10
ORD-251104-1998,CUST-0039,Phan Vy Thảo,0790831367,"507 Đường Trần Duy Hưng, Quận Hoàn Kiếm, TP. Hà Nội",Hà Nội,15990000,2010000,0,15990000,MOMO,PAID,DELIVERED,2025-11-04T19:57:53,2025-11-04T20:28:53,2025-11-05T09:57:53,2025-11-07T21:57:53,
ORD-260617-1999,CUST-0336,Hồ Lâm Duy,0917921717,"234 Đường Mậu Thân, Quận Cái Răng, TP. Cần Thơ",Cần Thơ,4490000,710000,30000,4520000,MOMO,PENDING,PROCESSING,2026-06-17T00:07:41,2026-06-17T00:41:41,,,
ORD-251203-2000,CUST-0015,Nguyễn Quang Khánh,0980812191,"257 Đường Xuân Thủy, Quận Hai Bà Trưng, TP. Hà Nội",Hà Nội,7380000,920000,0,7380000,COD,PAID,DELIVERED,2025-12-03T17:02:07,2025-12-03T17:12:07,2025-12-04T11:02:07,2025-12-06T22:02:07,
ORD-260108-2001,CUST-0494,Bùi Duy Long,0836636186,"467 Đường Nguyễn Văn Cừ, Quận Ninh Kiều, TP. Cần Thơ",Cần Thơ,15380000,1620000,0,15380000,BANK_TRANSFER,PAID,DELIVERED,2026-01-08T13:53:27,2026-01-08T14:18:27,2026-01-09T00:53:27,2026-01-09T16:53:27,
ORD-260122-2002,CUST-0437,Phan Ngọc Nhi,0901722601,"470 Đường Hùng Vương, Quận Sơn Trà, TP. Đà Nẵng",Đà Nẵng,56280000,5520000,0,56280000,BANK_TRANSFER,REFUNDED,CANCELLED,2026-01-22T14:17:13,2026-01-22T14:29:13,,,2026-01-22T23:17:13
ORD-251020-2003,CUST-0450,Hồ Hữu Tuấn,0975626060,"537 Đường Nguyễn Trãi, Quận Ba Đình, TP. Hà Nội",Hà Nội,4680000,720000,30000,4710000,MOMO,PAID,DELIVERED,2025-10-20T12:25:27,2025-10-20T12:33:27,2025-10-21T03:25:27,2025-10-22T13:25:27,
ORD-251127-2004,CUST-0134,Hoàng Văn Sơn,0931739363,"482 Đường Võ Nguyên Giáp, Quận Sơn Trà, TP. Đà Nẵng",Đà Nẵng,4780000,720000,30000,4810000,COD,PAID,DELIVERED,2025-11-27T16:38:51,2025-11-27T17:10:51,2025-11-28T06:38:51,2025-11-29T17:38:51,
ORD-260220-2005,CUST-0167,Nguyễn Khánh Hương,0381103712,"14 Đường Trần Duy Hưng, Quận Ba Đình, TP. Hà Nội",Hà Nội,12990000,1510000,0,12990000,VNPAY,PAID,DELIVERED,2026-02-20T14:55:17,2026-02-20T15:18:17,2026-02-20T19:55:17,2026-02-21T19:55:17,
ORD-250720-2006,CUST-0476,Nguyễn Hoàng Trung,0912070496,"306 Đường Nguyễn Thị Minh Khai, Quận 1, TP. Hồ Chí Minh",Hồ Chí Minh,3490000,410000,30000,3520000,VNPAY,PAID,DELIVERED,2025-07-20T11:43:18,2025-07-20T11:48:18,2025-07-21T04:43:18,2025-07-23T15:43:18,
ORD-260106-2007,CUST-0328,Dương Mai Hà,0857702727,"62 Đường Võ Nguyên Giáp, Quận Ngũ Hành Sơn, TP. Đà Nẵng",Đà Nẵng,22990000,2010000,0,22990000,COD,CANCELLED,CANCELLED,2026-01-06T13:07:35,2026-01-06T13:32:35,,,2026-01-07T10:07:35
ORD-260128-2008,CUST-0440,Dương Linh Vy,0853683147,"124 Đường Đại lộ Hòa Bình, Quận Cái Răng, TP. Cần Thơ",Cần Thơ,24880000,2320000,0,24880000,BANK_TRANSFER,PAID,DELIVERED,2026-01-28T15:53:31,2026-01-28T16:36:31,2026-01-29T08:53:31,2026-01-29T18:53:31,
ORD-251217-2009,CUST-0258,Bùi Đình Hải,0855799136,"212 Đường Nguyễn Trãi, Quận Cầu Giấy, TP. Hà Nội",Hà Nội,5680000,720000,0,5680000,CREDIT_CARD,PAID,DELIVERED,2025-12-17T22:53:15,2025-12-17T23:34:15,2025-12-18T06:53:15,2025-12-19T22:53:15,
ORD-250907-2010,CUST-0204,Vũ Duy Long,0770246299,"344 Đường Trần Văn Khéo, Quận Ninh Kiều, TP. Cần Thơ",Cần Thơ,1290000,210000,30000,1320000,COD,PAID,DELIVERED,2025-09-07T14:41:01,2025-09-07T15:08:01,2025-09-07T17:41:01,2025-09-10T16:41:01,
ORD-251005-2011,CUST-0079,Phạm Diệu Nhi,0916453521,"364 Đường Quang Trung, Quận Bình Thạnh, TP. Hồ Chí Minh",Hồ Chí Minh,12990000,2010000,0,12990000,BANK_TRANSFER,PAID,DELIVERED,2025-10-05T11:46:09,2025-10-05T12:29:09,2025-10-05T18:46:09,2025-10-07T11:46:09,
ORD-250818-2012,CUST-0047,Võ Hồng Ngọc,0384887719,"261 Đường Nguyễn Văn Cừ, Quận Bình Thủy, TP. Cần Thơ",Cần Thơ,8990000,1510000,0,8990000,BANK_TRANSFER,PAID,DELIVERED,2025-08-18T11:51:44,2025-08-18T12:35:44,2025-08-18T13:51:44,2025-08-21T15:51:44,
ORD-260523-2013,CUST-0336,Hồ Lâm Duy,0917921717,"234 Đường Mậu Thân, Quận Cái Răng, TP. Cần Thơ",Cần Thơ,12980000,1820000,0,12980000,BANK_TRANSFER,PAID,DELIVERED,2026-05-23T20:05:48,2026-05-23T20:48:48,2026-05-24T02:05:48,2026-05-26T21:05:48,
ORD-260102-2014,CUST-0095,Trần Anh Dũng,0863030548,"42 Đường Lê Hồng Phong, Quận Ngô Quyền, TP. Hải Phòng",Hải Phòng,16490000,2010000,0,16490000,COD,PAID,DELIVERED,2026-01-02T15:22:00,2026-01-02T15:54:00,2026-01-02T20:22:00,2026-01-04T16:22:00,
ORD-260206-2015,CUST-0491,Phạm Đức Duy,0860445669,"238 Đường Tô Hiệu, Quận Hồng Bàng, TP. Hải Phòng",Hải Phòng,26990000,3010000,0,26990000,COD,PAID,DELIVERED,2026-02-06T12:11:31,2026-02-06T12:47:31,2026-02-06T21:11:31,2026-02-09T15:11:31,
ORD-260112-2016,CUST-0465,Vũ Văn Huy,0799138249,"387 Đường Trần Hưng Đạo, Quận Hồng Bàng, TP. Hải Phòng",Hải Phòng,12980000,1920000,0,12980000,COD,PAID,DELIVERED,2026-01-12T00:16:11,2026-01-12T00:44:11,2026-01-12T18:16:11,2026-01-14T00:16:11,
ORD-250715-2017,CUST-0026,Vũ Văn Việt,0863699577,"178 Đường Trần Duy Hưng, Quận Ba Đình, TP. Hà Nội",Hà Nội,990000,210000,30000,1020000,COD,PAID,DELIVERED,2025-07-15T16:42:54,2025-07-15T17:23:54,2025-07-16T05:42:54,2025-07-17T21:42:54,
ORD-251129-2018,CUST-0252,Dương Duy Hải,0792722992,"242 Đường Võ Văn Tần, Quận Bình Thạnh, TP. Hồ Chí Minh",Hồ Chí Minh,1890000,310000,30000,1920000,BANK_TRANSFER,PAID,DELIVERED,2025-11-29T20:31:13,2025-11-29T21:16:13,2025-11-30T01:31:13,2025-12-02T01:31:13,
ORD-250825-2019,CUST-0066,Dương Hữu Sơn,0859005329,"243 Đường Điện Biên Phủ, Quận Bình Thạnh, TP. Hồ Chí Minh",Hồ Chí Minh,6890000,610000,0,6890000,COD,PAID,DELIVERED,2025-08-25T11:06:06,2025-08-25T11:17:06,2025-08-25T13:06:06,2025-08-27T13:06:06,
ORD-260206-2020,CUST-0092,Phạm Trúc Anh,0771179808,"303 Đường Chùa Bộc, Quận Hoàn Kiếm, TP. Hà Nội",Hà Nội,6990000,810000,0,6990000,COD,PAID,DELIVERED,2026-02-06T16:33:53,2026-02-06T16:46:53,2026-02-06T23:33:53,2026-02-07T17:33:53,
ORD-260212-2021,CUST-0403,Phạm Linh Chi,0794858800,"458 Đường Trần Văn Khéo, Quận Cái Răng, TP. Cần Thơ",Cần Thơ,3990000,510000,30000,4020000,BANK_TRANSFER,PAID,DELIVERED,2026-02-12T12:45:55,2026-02-12T12:56:55,2026-02-12T21:45:55,2026-02-14T12:45:55,
ORD-251106-2022,CUST-0288,Ngô Hoàng Bách,0930371837,"48 Đường Nguyễn Văn Linh, Quận Sơn Trà, TP. Đà Nẵng",Đà Nẵng,14780000,2020000,0,14780000,BANK_TRANSFER,PAID,DELIVERED,2025-11-06T10:39:10,2025-11-06T10:55:10,2025-11-06T16:39:10,2025-11-08T15:39:10,
ORD-251103-2023,CUST-0108,Nguyễn Diệu Anh,0383259532,"320 Đường Tô Hiệu, Quận Ngô Quyền, TP. Hải Phòng",Hải Phòng,3290000,510000,30000,3320000,BANK_TRANSFER,PAID,DELIVERED,2025-11-03T09:14:04,2025-11-03T09:54:04,2025-11-03T18:14:04,2025-11-06T09:14:04,
ORD-251107-2024,CUST-0333,Đặng Thành Việt,0909435334,"125 Đường Tô Hiệu, Quận Ngô Quyền, TP. Hải Phòng",Hải Phòng,19880000,2420000,0,19880000,COD,PAID,DELIVERED,2025-11-07T20:34:07,2025-11-07T20:56:07,2025-11-08T10:34:07,2025-11-08T22:34:07,
ORD-260612-2025,CUST-0439,Võ Ngọc Long,0774995641,"119 Đường Bà Triệu, Quận Cầu Giấy, TP. Hà Nội",Hà Nội,2480000,520000,30000,2510000,COD,PAID,DELIVERED,2026-06-12T22:58:22,2026-06-12T23:19:22,2026-06-13T03:58:22,2026-06-15T22:58:22,
ORD-250919-2026,CUST-0290,Nguyễn Duy Kiệt,0832513271,"66 Đường Lạch Tray, Quận Ngô Quyền, TP. Hải Phòng",Hải Phòng,3780000,620000,30000,3810000,COD,PAID,DELIVERED,2025-09-19T15:35:48,2025-09-19T16:09:48,2025-09-19T19:35:48,2025-09-21T18:35:48,
ORD-260611-2027,CUST-0111,Lê Hoàng Hoàng,0978523986,"145 Đường Nguyễn Thị Minh Khai, Quận 1, TP. Hồ Chí Minh",Hồ Chí Minh,14480000,2320000,0,14480000,MOMO,PAID,DELIVERED,2026-06-11T14:57:31,2026-06-11T15:07:31,2026-06-11T19:57:31,2026-06-14T14:57:31,
ORD-251229-2028,CUST-0171,Phạm Đình Dũng,0937613791,"140 Đường Quang Trung, Quận Tân Bình, TP. Hồ Chí Minh",Hồ Chí Minh,38480000,4520000,0,38480000,COD,PAID,DELIVERED,2025-12-29T05:15:31,2025-12-29T05:51:31,2025-12-29T22:15:31,2026-01-01T05:15:31,
ORD-250831-2029,CUST-0249,Phạm Thành Khoa,0865257775,"184 Đường Đại lộ Hòa Bình, Quận Bình Thủy, TP. Cần Thơ",Cần Thơ,3990000,510000,30000,4020000,MOMO,PAID,DELIVERED,2025-08-31T11:26:06,2025-08-31T11:49:06,2025-09-01T00:26:06,2025-09-03T12:26:06,
ORD-260501-2030,CUST-0413,Ngô Anh Kiệt,0796603242,"185 Đường Hùng Vương, Quận Sơn Trà, TP. Đà Nẵng",Đà Nẵng,6580000,1020000,0,6580000,MOMO,PAID,DELIVERED,2026-05-01T20:28:44,2026-05-01T20:48:44,2026-05-02T02:28:44,2026-05-03T22:28:44,
ORD-251230-2031,CUST-0295,Trần Thảo Phương,0857899405,"18 Đường Lạch Tray, Quận Lê Chân, TP. Hải Phòng",Hải Phòng,2490000,410000,30000,2520000,COD,PAID,DELIVERED,2025-12-30T11:51:58,2025-12-30T12:24:58,2025-12-30T18:51:58,2026-01-02T16:51:58,
ORD-250814-2032,CUST-0245,Vũ Thảo Trang,0772832684,"16 Đường Tràng Tiền, Quận Đống Đa, TP. Hà Nội",Hà Nội,11280000,1520000,0,11280000,VNPAY,PAID,DELIVERED,2025-08-14T11:44:44,2025-08-14T12:15:44,2025-08-14T21:44:44,2025-08-16T13:44:44,
ORD-250917-2033,CUST-0357,Bùi Lâm Bách,0907200642,"8 Đường Hùng Vương, Quận Ngũ Hành Sơn, TP. Đà Nẵng",Đà Nẵng,58480000,5720000,0,58480000,COD,CANCELLED,CANCELLED,2025-09-17T20:28:16,2025-09-17T21:13:16,,,2025-09-18T08:28:16
ORD-251212-2034,CUST-0463,Hoàng Ngọc Hải,0909520046,"336 Đường Võ Nguyên Giáp, Quận Thanh Khê, TP. Đà Nẵng",Đà Nẵng,12990000,1510000,0,12990000,COD,PAID,DELIVERED,2025-12-12T18:26:30,2025-12-12T18:38:30,2025-12-13T08:26:30,2025-12-15T21:26:30,
ORD-250818-2035,CUST-0377,Võ Hữu Kiệt,0798479513,"188 Đường Nguyễn Kiệm, Quận 3, TP. Hồ Chí Minh",Hồ Chí Minh,4680000,720000,30000,4710000,MOMO,PAID,DELIVERED,2025-08-18T07:01:04,2025-08-18T07:28:04,2025-08-18T10:01:04,2025-08-20T12:01:04,
ORD-251218-2036,CUST-0402,Nguyễn Thị Lan,0770269524,"537 Đường Lạch Tray, Quận Hồng Bàng, TP. Hải Phòng",Hải Phòng,10480000,1220000,0,10480000,BANK_TRANSFER,PAID,DELIVERED,2025-12-18T11:03:00,2025-12-18T11:24:00,2025-12-19T00:03:00,2025-12-20T15:03:00,
ORD-251222-2037,CUST-0375,Bùi Thành Dũng,0795016579,"73 Đường Nguyễn Văn Linh, Quận Sơn Trà, TP. Đà Nẵng",Đà Nẵng,3690000,510000,30000,3720000,COD,PAID,DELIVERED,2025-12-22T14:18:57,2025-12-22T14:31:57,2025-12-23T02:18:57,2025-12-24T17:18:57,
ORD-250815-2038,CUST-0272,Hoàng Trúc Trinh,0980867808,"473 Đường Mậu Thân, Quận Bình Thủy, TP. Cần Thơ",Cần Thơ,15980000,2320000,0,15980000,BANK_TRANSFER,PAID,DELIVERED,2025-08-15T08:32:07,2025-08-15T09:00:07,2025-08-15T11:32:07,2025-08-18T13:32:07,
ORD-260216-2039,CUST-0158,Bùi Quỳnh Chi,0858282742,"59 Đường Hùng Vương, Quận Ngũ Hành Sơn, TP. Đà Nẵng",Đà Nẵng,4490000,710000,30000,4520000,BANK_TRANSFER,PAID,DELIVERED,2026-02-16T22:28:55,2026-02-16T22:50:55,2026-02-17T15:28:55,2026-02-19T03:28:55,
ORD-260222-2040,CUST-0420,Đỗ Ngọc Bách,0852063459,"533 Đường Điện Biên Phủ, Quận 10, TP. Hồ Chí Minh",Hồ Chí Minh,2190000,310000,30000,2220000,COD,PAID,DELIVERED,2026-02-22T10:15:07,2026-02-22T10:44:07,2026-02-22T15:15:07,2026-02-24T14:15:07,
ORD-251207-2041,CUST-0143,Nguyễn Phương Lan,0979996504,"389 Đường Nguyễn Văn Cừ, Quận Ninh Kiều, TP. Cần Thơ",Cần Thơ,2190000,310000,30000,2220000,COD,PAID,DELIVERED,2025-12-07T12:48:41,2025-12-07T13:27:41,2025-12-07T21:48:41,2025-12-08T16:48:41,
ORD-260216-2042,CUST-0444,Phạm Ngọc Trung,0837246657,"93 Đường Lê Hồng Phong, Quận Hồng Bàng, TP. Hải Phòng",Hải Phòng,4490000,710000,30000,4520000,BANK_TRANSFER,PAID,DELIVERED,2026-02-16T17:17:47,2026-02-16T17:32:47,2026-02-17T09:17:47,2026-02-19T22:17:47,
ORD-250829-2043,CUST-0048,Đỗ Duy Tùng,0904902787,"508 Đường Tố Hữu, Quận Ba Đình, TP. Hà Nội",Hà Nội,12990000,2010000,0,12990000,CREDIT_CARD,PAID,DELIVERED,2025-08-29T13:54:48,2025-08-29T14:36:48,2025-08-29T19:54:48,2025-09-01T18:54:48,
ORD-250906-2044,CUST-0254,Vũ Minh Tùng,0851846386,"11 Đường Võ Nguyên Giáp, Quận Ngũ Hành Sơn, TP. Đà Nẵng",Đà Nẵng,5490000,510000,0,5490000,VNPAY,PAID,DELIVERED,2025-09-06T22:48:15,2025-09-06T23:23:15,2025-09-07T06:48:15,2025-09-09T02:48:15,
ORD-260405-2045,CUST-0141,Đỗ Duy Nam,0790339740,"327 Đường Nguyễn Văn Linh, Quận Hải Châu, TP. Đà Nẵng",Đà Nẵng,3990000,510000,30000,4020000,BANK_TRANSFER,PAID,DELIVERED,2026-04-05T16:54:34,2026-04-05T17:18:34,2026-04-06T08:54:34,2026-04-07T19:54:34,
ORD-250816-2046,CUST-0386,Hồ Đức Tùng,0831234785,"11 Đường Lạch Tray, Quận Ngô Quyền, TP. Hải Phòng",Hải Phòng,6280000,820000,0,6280000,BANK_TRANSFER,PAID,DELIVERED,2025-08-16T13:24:53,2025-08-16T13:36:53,2025-08-17T05:24:53,2025-08-18T17:24:53,
ORD-251102-2047,CUST-0216,Bùi Anh Tuấn,0989666676,"19 Đường Quang Trung, Quận Bình Thạnh, TP. Hồ Chí Minh",Hồ Chí Minh,16490000,2010000,0,16490000,BANK_TRANSFER,PAID,DELIVERED,2025-11-02T09:40:23,2025-11-02T10:11:23,2025-11-03T02:40:23,2025-11-03T14:40:23,
ORD-251103-2048,CUST-0402,Nguyễn Thị Lan,0770269524,"537 Đường Lạch Tray, Quận Hồng Bàng, TP. Hải Phòng",Hải Phòng,7880000,920000,0,7880000,BANK_TRANSFER,PAID,DELIVERED,2025-11-03T15:52:07,2025-11-03T16:00:07,2025-11-03T21:52:07,2025-11-05T20:52:07,
ORD-250807-2049,CUST-0132,Phạm Đình Minh,0770866882,"343 Đường Bà Triệu, Quận Đống Đa, TP. Hà Nội",Hà Nội,3490000,410000,30000,3520000,COD,PAID,DELIVERED,2025-08-07T17:50:39,2025-08-07T18:18:39,2025-08-08T07:50:39,2025-08-10T18:50:39,
ORD-250911-2050,CUST-0479,Nguyễn Vy Trúc,0795498227,"382 Đường Lê Hồng Phong, Quận Ngô Quyền, TP. Hải Phòng",Hải Phòng,8990000,1510000,0,8990000,MOMO,PAID,DELIVERED,2025-09-11T13:21:45,2025-09-11T13:52:45,2025-09-11T21:21:45,2025-09-12T15:21:45,
ORD-251231-2051,CUST-0002,Hồ Khánh Vy,0935116155,"132 Đường Võ Nguyên Giáp, Quận Hải Châu, TP. Đà Nẵng",Đà Nẵng,3390000,410000,30000,3420000,MOMO,PAID,DELIVERED,2025-12-31T16:21:13,2025-12-31T16:56:13,2025-12-31T22:21:13,2026-01-03T21:21:13,
ORD-251202-2052,CUST-0244,Phan Thảo Mai,0790919015,"93 Đường Phan Đăng Lưu, Quận Gò Vấp, TP. Hồ Chí Minh",Hồ Chí Minh,1290000,210000,30000,1320000,BANK_TRANSFER,PAID,DELIVERED,2025-12-02T18:56:35,2025-12-02T19:28:35,2025-12-03T08:56:35,2025-12-03T19:56:35,
ORD-250811-2053,CUST-0416,Lê Khánh Yến,0384907851,"257 Đường Tô Hiệu, Quận Ngô Quyền, TP. Hải Phòng",Hải Phòng,2190000,310000,30000,2220000,BANK_TRANSFER,PAID,DELIVERED,2025-08-11T20:11:49,2025-08-11T20:54:49,2025-08-12T07:11:49,2025-08-13T01:11:49,
ORD-251128-2054,CUST-0492,Võ Vy Hạnh,0777515366,"388 Đường Đại lộ Hòa Bình, Quận Cái Răng, TP. Cần Thơ",Cần Thơ,990000,210000,30000,1020000,COD,PAID,DELIVERED,2025-11-28T14:14:30,2025-11-28T14:25:30,2025-11-29T05:14:30,2025-11-30T18:14:30,
ORD-251202-2055,CUST-0058,Bùi Anh Tùng,0983747407,"358 Đường Trần Duy Hưng, Quận Cầu Giấy, TP. Hà Nội",Hà Nội,55180000,5320000,0,55180000,COD,PAID,DELIVERED,2025-12-02T18:37:21,2025-12-02T18:44:21,2025-12-02T23:37:21,2025-12-04T22:37:21,
ORD-260408-2056,CUST-0032,Ngô Diệu Hạnh,0799373467,"174 Đường Trần Văn Khéo, Quận Cái Răng, TP. Cần Thơ",Cần Thơ,16490000,2010000,0,16490000,BANK_TRANSFER,PAID,DELIVERED,2026-04-08T15:02:01,2026-04-08T15:44:01,2026-04-08T17:02:01,2026-04-09T16:02:01,
ORD-260221-2057,CUST-0154,Nguyễn Hữu Hùng,0971238282,"242 Đường Tô Hiệu, Quận Ngô Quyền, TP. Hải Phòng",Hải Phòng,6490000,1010000,0,6490000,BANK_TRANSFER,PAID,DELIVERED,2026-02-21T23:36:55,2026-02-21T23:46:55,2026-02-22T13:36:55,2026-02-25T03:36:55,
ORD-260420-2058,CUST-0314,Phan Trúc Chi,0988975267,"236 Đường Bà Triệu, Quận Thanh Xuân, TP. Hà Nội",Hà Nội,7680000,1020000,0,7680000,CREDIT_CARD,PAID,DELIVERED,2026-04-20T18:36:54,2026-04-20T19:15:54,2026-04-21T00:36:54,2026-04-23T21:36:54,
ORD-251223-2059,CUST-0303,Lê Hồng Phương,0779981364,"89 Đường Tràng Tiền, Quận Thanh Xuân, TP. Hà Nội",Hà Nội,3990000,510000,30000,4020000,BANK_TRANSFER,PAID,DELIVERED,2025-12-23T08:09:01,2025-12-23T08:17:01,2025-12-23T21:09:01,2025-12-26T11:09:01,
ORD-260402-2060,CUST-0222,Phan Thị Lan,0919721811,"275 Đường Kim Mã, Quận Hai Bà Trưng, TP. Hà Nội",Hà Nội,18680000,2320000,0,18680000,VNPAY,PAID,DELIVERED,2026-04-02T22:18:52,2026-04-02T22:41:52,2026-04-03T05:18:52,2026-04-06T02:18:52,
ORD-260114-2061,CUST-0124,Ngô Ngọc Sơn,0939187851,"158 Đường Điện Biên Phủ, Quận 1, TP. Hồ Chí Minh",Hồ Chí Minh,52990000,5010000,0,52990000,BANK_TRANSFER,PAID,DELIVERED,2026-01-14T17:20:03,2026-01-14T17:33:03,2026-01-14T21:20:03,2026-01-16T21:20:03,
ORD-260330-2062,CUST-0206,Phạm Diệu Chi,0795082148,"182 Đường Nguyễn Trãi, Quận Nam Từ Liêm, TP. Hà Nội",Hà Nội,6680000,920000,0,6680000,COD,PAID,DELIVERED,2026-03-30T22:21:22,2026-03-30T23:06:22,2026-03-31T09:21:22,2026-04-03T03:21:22,
ORD-260216-2063,CUST-0368,Lê Thị Chi,0791137995,"240 Đường Tràng Tiền, Quận Hoàn Kiếm, TP. Hà Nội",Hà Nội,15990000,2010000,0,15990000,VNPAY,PAID,DELIVERED,2026-02-16T21:33:36,2026-02-16T22:05:36,2026-02-17T13:33:36,2026-02-18T01:33:36,
ORD-250917-2064,CUST-0255,Võ Ngọc Nhi,0854322259,"343 Đường Nguyễn Kiệm, Quận Bình Thạnh, TP. Hồ Chí Minh",Hồ Chí Minh,10280000,1720000,0,10280000,VNPAY,PAID,DELIVERED,2025-09-17T17:03:18,2025-09-17T17:32:18,2025-09-18T05:03:18,2025-09-18T22:03:18,
ORD-250929-2065,CUST-0341,Võ Hoàng Long,0837335494,"13 Đường Hùng Vương, Quận Hải Châu, TP. Đà Nẵng",Đà Nẵng,14880000,1820000,0,14880000,BANK_TRANSFER,PAID,DELIVERED,2025-09-29T01:01:16,2025-09-29T01:14:16,2025-09-29T11:01:16,2025-09-30T06:01:16,
ORD-251215-2066,CUST-0217,Phạm Thị Hương,0935421689,"310 Đường Nguyễn Trãi, Quận Cầu Giấy, TP. Hà Nội",Hà Nội,3490000,410000,30000,3520000,BANK_TRANSFER,PAID,DELIVERED,2025-12-15T22:18:39,2025-12-15T22:46:39,2025-12-16T06:18:39,2025-12-17T03:18:39,
ORD-260105-2067,CUST-0369,Phạm Hồng Trúc,0936317970,"187 Đường Trần Duy Hưng, Quận Thanh Xuân, TP. Hà Nội",Hà Nội,38980000,4020000,0,38980000,BANK_TRANSFER,PAID,DELIVERED,2026-01-05T13:28:53,2026-01-05T13:37:53,2026-01-06T05:28:53,2026-01-07T17:28:53,
ORD-260616-2068,CUST-0411,Dương Linh Giang,0857489690,"159 Đường Mậu Thân, Quận Ninh Kiều, TP. Cần Thơ",Cần Thơ,16490000,2010000,0,16490000,COD,PENDING,PROCESSING,2026-06-16T09:59:44,2026-06-16T10:42:44,,,
ORD-260617-2069,CUST-0247,Phạm Thảo Trinh,0908781414,"343 Đường Trần Duy Hưng, Quận Hoàn Kiếm, TP. Hà Nội",Hà Nội,8180000,820000,0,8180000,CREDIT_CARD,PAID,DELIVERED,2026-06-17T21:18:36,2026-06-17T22:02:36,2026-06-18T04:18:36,2026-06-19T02:18:36,
ORD-260511-2070,CUST-0213,Lê Thành Duy,0985135346,"306 Đường Hùng Vương, Quận Sơn Trà, TP. Đà Nẵng",Đà Nẵng,12990000,2010000,0,12990000,MOMO,PAID,DELIVERED,2026-05-11T13:17:54,2026-05-11T13:42:54,2026-05-11T17:17:54,2026-05-13T14:17:54,
ORD-260129-2071,CUST-0428,Võ Đình Hoàng,0384494856,"59 Đường Trần Văn Khéo, Quận Ninh Kiều, TP. Cần Thơ",Cần Thơ,5490000,710000,0,5490000,COD,PAID,DELIVERED,2026-01-29T08:53:35,2026-01-29T09:03:35,2026-01-29T20:53:35,2026-02-01T09:53:35,
ORD-260103-2072,CUST-0293,Hoàng Quang Hoàng,0770862095,"401 Đường Xuân Thủy, Quận Đống Đa, TP. Hà Nội",Hà Nội,3690000,510000,30000,3720000,BANK_TRANSFER,PAID,DELIVERED,2026-01-03T21:58:52,2026-01-03T22:15:52,2026-01-04T07:58:52,2026-01-06T00:58:52,
ORD-260103-2073,CUST-0026,Vũ Văn Việt,0863699577,"178 Đường Trần Duy Hưng, Quận Ba Đình, TP. Hà Nội",Hà Nội,2190000,310000,30000,2220000,VNPAY,PAID,DELIVERED,2026-01-03T15:57:21,2026-01-03T16:12:21,2026-01-03T22:57:21,2026-01-05T18:57:21,
ORD-251011-2074,CUST-0199,Hoàng Anh Kiệt,0854186256,"274 Đường Nguyễn Trãi, Quận Hai Bà Trưng, TP. Hà Nội",Hà Nội,4490000,710000,30000,4520000,COD,PAID,DELIVERED,2025-10-11T11:06:47,2025-10-11T11:46:47,2025-10-11T16:06:47,2025-10-13T11:06:47,
ORD-260101-2075,CUST-0011,Phạm Thị Hà,0918347382,"253 Đường Tô Hiệu, Quận Lê Chân, TP. Hải Phòng",Hải Phòng,3490000,410000,30000,3520000,COD,PAID,DELIVERED,2026-01-01T15:35:10,2026-01-01T15:58:10,2026-01-01T19:35:10,2026-01-03T17:35:10,
ORD-260206-2076,CUST-0499,Vũ Lâm Hải,0383296762,"49 Đường Tô Hiệu, Quận Hồng Bàng, TP. Hải Phòng",Hải Phòng,4290000,710000,30000,4320000,COD,PAID,DELIVERED,2026-02-06T19:31:50,2026-02-06T19:38:50,2026-02-06T23:31:50,2026-02-08T19:31:50,
ORD-251119-2077,CUST-0337,Lý Quỳnh Hà,0977701715,"361 Đường Nguyễn Văn Cừ, Quận Ninh Kiều, TP. Cần Thơ",Cần Thơ,9880000,1420000,0,9880000,COD,PAID,DELIVERED,2025-11-19T21:26:32,2025-11-19T21:35:32,2025-11-20T12:26:32,2025-11-23T01:26:32,
ORD-251206-2078,CUST-0228,Đặng Hoàng Phong,0917797177,"110 Đường Nguyễn Thị Minh Khai, Quận Phú Nhuận, TP. Hồ Chí Minh",Hồ Chí Minh,11180000,1320000,0,11180000,COD,PAID,DELIVERED,2025-12-06T08:41:00,2025-12-06T09:09:00,2025-12-07T01:41:00,2025-12-07T13:41:00,
ORD-260526-2079,CUST-0350,Dương Diệu Phương,0937239504,"313 Đường Trần Văn Khéo, Quận Cái Răng, TP. Cần Thơ",Cần Thơ,13980000,1720000,0,13980000,BANK_TRANSFER,PAID,DELIVERED,2026-05-26T09:29:50,2026-05-26T09:39:50,2026-05-27T01:29:50,2026-05-28T09:29:50,
ORD-251102-2080,CUST-0461,Phạm Quang Hùng,0918204339,"51 Đường Nguyễn Kiệm, Quận Tân Bình, TP. Hồ Chí Minh",Hồ Chí Minh,1980000,420000,30000,2010000,COD,PAID,DELIVERED,2025-11-02T16:11:32,2025-11-02T16:56:32,2025-11-03T07:11:32,2025-11-04T19:11:32,
ORD-260220-2081,CUST-0353,Phan Ngọc Hùng,0910618175,"39 Đường Nguyễn Văn Linh, Quận Sơn Trà, TP. Đà Nẵng",Đà Nẵng,4980000,720000,30000,5010000,COD,PAID,DELIVERED,2026-02-20T21:16:13,2026-02-20T21:31:13,2026-02-21T13:16:13,2026-02-22T02:16:13,
ORD-260127-2082,CUST-0217,Phạm Thị Hương,0935421689,"310 Đường Nguyễn Trãi, Quận Cầu Giấy, TP. Hà Nội",Hà Nội,5490000,710000,0,5490000,BANK_TRANSFER,PAID,DELIVERED,2026-01-27T07:33:43,2026-01-27T07:55:43,2026-01-27T18:33:43,2026-01-30T10:33:43,
ORD-250916-2083,CUST-0303,Lê Hồng Phương,0779981364,"89 Đường Tràng Tiền, Quận Thanh Xuân, TP. Hà Nội",Hà Nội,16980000,2520000,0,16980000,COD,PAID,DELIVERED,2025-09-16T10:49:10,2025-09-16T11:00:10,2025-09-16T12:49:10,2025-09-19T14:49:10,
ORD-250722-2084,CUST-0406,Ngô Minh Anh,0916556503,"91 Đường Kim Mã, Quận Hoàn Kiếm, TP. Hà Nội",Hà Nội,13490000,1510000,0,13490000,COD,PAID,DELIVERED,2025-07-22T07:41:25,2025-07-22T08:07:25,2025-07-22T20:41:25,2025-07-25T07:41:25,
ORD-251208-2085,CUST-0225,Trần Vy Chi,0837296590,"120 Đường Trần Duy Hưng, Quận Hai Bà Trưng, TP. Hà Nội",Hà Nội,4490000,510000,30000,4520000,COD,PAID,DELIVERED,2025-12-08T14:26:09,2025-12-08T14:43:09,2025-12-09T04:26:09,2025-12-09T15:26:09,
ORD-251209-2086,CUST-0442,Hồ Thành Duy,0860767899,"545 Đường Đại lộ Hòa Bình, Quận Ninh Kiều, TP. Cần Thơ",Cần Thơ,56680000,5520000,0,56680000,COD,PAID,DELIVERED,2025-12-09T10:09:51,2025-12-09T10:16:51,2025-12-09T12:09:51,2025-12-11T14:09:51,
ORD-251108-2087,CUST-0420,Đỗ Ngọc Bách,0852063459,"533 Đường Điện Biên Phủ, Quận 10, TP. Hồ Chí Minh",Hồ Chí Minh,3990000,510000,30000,4020000,COD,PAID,DELIVERED,2025-11-08T16:32:18,2025-11-08T16:37:18,2025-11-09T02:32:18,2025-11-10T16:32:18,
ORD-250812-2088,CUST-0429,Phạm Linh Thảo,0987617075,"509 Đường Tô Hiệu, Quận Ngô Quyền, TP. Hải Phòng",Hải Phòng,5880000,820000,0,5880000,BANK_TRANSFER,PAID,DELIVERED,2025-08-12T22:31:56,2025-08-12T23:06:56,2025-08-13T11:31:56,2025-08-15T22:31:56,
ORD-260109-2089,CUST-0326,Đặng Anh Kiệt,0989343010,"428 Đường Nguyễn Kiệm, Quận Bình Thạnh, TP. Hồ Chí Minh",Hồ Chí Minh,4490000,710000,30000,4520000,BANK_TRANSFER,PAID,DELIVERED,2026-01-09T20:03:16,2026-01-09T20:18:16,2026-01-10T12:03:16,2026-01-11T22:03:16,
ORD-260526-2090,CUST-0003,Trần Ngọc Long,0979310341,"469 Đường Phan Đăng Lưu, Thành phố Thủ Đức, TP. Hồ Chí Minh",Hồ Chí Minh,4290000,710000,30000,4320000,COD,PAID,DELIVERED,2026-05-26T17:03:57,2026-05-26T17:39:57,2026-05-27T05:03:57,2026-05-28T20:03:57,
ORD-260607-2091,CUST-0261,Hoàng Quang Khoa,0863009818,"423 Đường Tràng Tiền, Quận Hoàn Kiếm, TP. Hà Nội",Hà Nội,1290000,210000,30000,1320000,COD,PAID,DELIVERED,2026-06-07T15:32:20,2026-06-07T15:37:20,2026-06-08T04:32:20,2026-06-10T16:32:20,
ORD-260107-2092,CUST-0038,Phan Hữu Huy,0773799650,"222 Đường Võ Nguyên Giáp, Quận Thanh Khê, TP. Đà Nẵng",Đà Nẵng,4080000,620000,30000,4110000,VNPAY,PAID,DELIVERED,2026-01-07T21:07:12,2026-01-07T21:47:12,2026-01-08T15:07:12,2026-01-10T02:07:12,
ORD-250805-2093,CUST-0063,Bùi Thảo Vân,0913709859,"423 Đường Phan Đăng Lưu, Quận Phú Nhuận, TP. Hồ Chí Minh",Hồ Chí Minh,9980000,1320000,0,9980000,COD,PAID,DELIVERED,2025-08-05T09:33:40,2025-08-05T09:56:40,2025-08-05T14:33:40,2025-08-06T09:33:40,
ORD-251210-2094,CUST-0141,Đỗ Duy Nam,0790339740,"327 Đường Nguyễn Văn Linh, Quận Hải Châu, TP. Đà Nẵng",Đà Nẵng,3690000,510000,30000,3720000,BANK_TRANSFER,PAID,DELIVERED,2025-12-10T14:38:58,2025-12-10T14:52:58,2025-12-11T04:38:58,2025-12-13T18:38:58,
ORD-260224-2095,CUST-0230,Hồ Thành Bách,0911305548,"173 Đường Lê Duẩn, Quận Hải Châu, TP. Đà Nẵng",Đà Nẵng,990000,210000,30000,1020000,COD,PAID,DELIVERED,2026-02-24T20:12:02,2026-02-24T20:20:02,2026-02-25T10:12:02,2026-02-25T22:12:02,
ORD-260404-2096,CUST-0416,Lê Khánh Yến,0384907851,"257 Đường Tô Hiệu, Quận Ngô Quyền, TP. Hải Phòng",Hải Phòng,6490000,1010000,0,6490000,BANK_TRANSFER,PAID,DELIVERED,2026-04-04T20:07:13,2026-04-04T20:46:13,2026-04-05T00:07:13,2026-04-07T21:07:13,
ORD-260123-2097,CUST-0297,Đặng Hồng Hương,0796338392,"442 Đường Võ Văn Tần, Quận Tân Bình, TP. Hồ Chí Minh",Hồ Chí Minh,42980000,5020000,0,42980000,MOMO,PAID,DELIVERED,2026-01-23T14:13:27,2026-01-23T14:38:27,2026-01-24T00:13:27,2026-01-25T17:13:27,
ORD-260120-2098,CUST-0299,Đặng Trúc Hạnh,0865776004,"312 Đường Nguyễn Trãi, Quận Đống Đa, TP. Hà Nội",Hà Nội,3390000,410000,30000,3420000,BANK_TRANSFER,PAID,DELIVERED,2026-01-20T11:41:59,2026-01-20T12:12:59,2026-01-20T20:41:59,2026-01-21T16:41:59,
ORD-260615-2099,CUST-0102,Ngô Trúc Chi,0905895782,"412 Đường Phan Đăng Lưu, Quận 3, TP. Hồ Chí Minh",Hồ Chí Minh,990000,210000,30000,1020000,VNPAY,PAID,SHIPPED,2026-06-15T20:13:15,2026-06-15T20:24:15,2026-06-16T10:13:15,,
ORD-260406-2100,CUST-0003,Trần Ngọc Long,0979310341,"469 Đường Phan Đăng Lưu, Thành phố Thủ Đức, TP. Hồ Chí Minh",Hồ Chí Minh,10680000,1320000,0,10680000,VNPAY,PAID,DELIVERED,2026-04-06T17:45:42,2026-04-06T18:05:42,2026-04-07T08:45:42,2026-04-08T20:45:42,
ORD-260402-2101,CUST-0334,Hoàng Vy Hạnh,0791385854,"77 Đường Nguyễn Văn Linh, Quận Thanh Khê, TP. Đà Nẵng",Đà Nẵng,3290000,510000,30000,3320000,BANK_TRANSFER,PAID,DELIVERED,2026-04-02T19:29:20,2026-04-02T19:56:20,2026-04-03T03:29:20,2026-04-04T20:29:20,
ORD-260405-2102,CUST-0397,Dương Minh Tùng,0987125663,"326 Đường Xuân Thủy, Quận Hai Bà Trưng, TP. Hà Nội",Hà Nội,9490000,1510000,0,9490000,BANK_TRANSFER,PAID,DELIVERED,2026-04-05T21:02:36,2026-04-05T21:17:36,2026-04-06T08:02:36,2026-04-08T00:02:36,
ORD-251129-2103,CUST-0186,Nguyễn Vy Trúc,0387066253,"157 Đường Võ Nguyên Giáp, Quận Sơn Trà, TP. Đà Nẵng",Đà Nẵng,5490000,510000,0,5490000,BANK_TRANSFER,PAID,DELIVERED,2025-11-29T00:32:42,2025-11-29T01:10:42,2025-11-29T07:32:42,2025-12-02T05:32:42,
ORD-250830-2104,CUST-0279,Bùi Đình Bách,0979876220,"86 Đường Kim Mã, Quận Hoàn Kiếm, TP. Hà Nội",Hà Nội,990000,210000,30000,1020000,MOMO,PAID,DELIVERED,2025-08-30T01:49:56,2025-08-30T02:25:56,2025-08-30T04:49:56,2025-09-01T06:49:56,
ORD-250914-2105,CUST-0088,Lý Minh Tùng,0777468862,"58 Đường Lê Hồng Phong, Quận Hồng Bàng, TP. Hải Phòng",Hải Phòng,11180000,1320000,0,11180000,BANK_TRANSFER,PAID,DELIVERED,2025-09-14T13:32:59,2025-09-14T13:47:59,2025-09-15T00:32:59,2025-09-15T18:32:59,
ORD-260228-2106,CUST-0005,Ngô Khánh Lan,0939537672,"443 Đường Kim Mã, Quận Thanh Xuân, TP. Hà Nội",Hà Nội,19480000,2520000,0,19480000,VNPAY,PAID,DELIVERED,2026-02-28T16:33:13,2026-02-28T16:54:13,2026-03-01T02:33:13,2026-03-03T19:33:13,
ORD-250919-2107,CUST-0460,Phan Ngọc Bách,0861209481,"59 Đường Trần Hưng Đạo, Quận Hồng Bàng, TP. Hải Phòng",Hải Phòng,10880000,1820000,0,10880000,BANK_TRANSFER,PAID,DELIVERED,2025-09-19T11:57:50,2025-09-19T12:26:50,2025-09-19T14:57:50,2025-09-20T11:57:50,
ORD-251115-2108,CUST-0361,Ngô Hoàng Nam,0938782931,"487 Đường Nguyễn Trãi, Quận Hai Bà Trưng, TP. Hà Nội",Hà Nội,3990000,510000,30000,4020000,BANK_TRANSFER,PAID,DELIVERED,2025-11-15T14:03:20,2025-11-15T14:22:20,2025-11-15T16:03:20,2025-11-18T17:03:20,
ORD-250625-2109,CUST-0432,Bùi Minh Dũng,0859759230,"77 Đường Lê Duẩn, Quận Sơn Trà, TP. Đà Nẵng",Đà Nẵng,3490000,410000,30000,3520000,COD,PAID,DELIVERED,2025-06-25T16:59:41,2025-06-25T17:37:41,2025-06-26T10:59:41,2025-06-27T16:59:41,
ORD-260107-2110,CUST-0171,Phạm Đình Dũng,0937613791,"140 Đường Quang Trung, Quận Tân Bình, TP. Hồ Chí Minh",Hồ Chí Minh,26990000,3010000,0,26990000,COD,PAID,DELIVERED,2026-01-07T22:06:15,2026-01-07T22:21:15,2026-01-08T03:06:15,2026-01-10T03:06:15,
ORD-260210-2111,CUST-0139,Ngô Đức Nam,0918233984,"387 Đường Lê Duẩn, Quận Ngũ Hành Sơn, TP. Đà Nẵng",Đà Nẵng,28480000,2720000,0,28480000,VNPAY,PAID,DELIVERED,2026-02-10T20:31:34,2026-02-10T21:06:34,2026-02-11T11:31:34,2026-02-12T21:31:34,
ORD-260130-2112,CUST-0267,Phạm Quốc Bách,0389042681,"124 Đường Quang Trung, Quận Gò Vấp, TP. Hồ Chí Minh",Hồ Chí Minh,3390000,410000,30000,3420000,BANK_TRANSFER,PAID,DELIVERED,2026-01-30T14:57:00,2026-01-30T15:26:00,2026-01-30T20:57:00,2026-01-31T18:57:00,
ORD-250715-2113,CUST-0262,Vũ Đình Huy,0796959463,"188 Đường Tô Hiệu, Quận Lê Chân, TP. Hải Phòng",Hải Phòng,3780000,620000,30000,3810000,COD,PAID,DELIVERED,2025-07-15T14:40:08,2025-07-15T15:06:08,2025-07-16T05:40:08,2025-07-17T17:40:08,
ORD-260329-2114,CUST-0238,Lê Thành Khánh,0916064842,"163 Đường Võ Văn Tần, Quận Tân Bình, TP. Hồ Chí Minh",Hồ Chí Minh,4780000,820000,30000,4810000,COD,PAID,DELIVERED,2026-03-29T19:30:39,2026-03-29T19:51:39,2026-03-30T00:30:39,2026-03-30T23:30:39,
ORD-250808-2115,CUST-0270,Võ Phương Trinh,0862373334,"164 Đường Tràng Tiền, Quận Nam Từ Liêm, TP. Hà Nội",Hà Nội,8990000,1510000,0,8990000,COD,PAID,DELIVERED,2025-08-08T10:34:42,2025-08-08T10:55:42,2025-08-09T01:34:42,2025-08-11T14:34:42,
ORD-251120-2116,CUST-0289,Đặng Linh Ngọc,0935031365,"127 Đường Kim Mã, Quận Nam Từ Liêm, TP. Hà Nội",Hà Nội,4490000,710000,30000,4520000,BANK_TRANSFER,PAID,DELIVERED,2025-11-20T23:03:14,2025-11-20T23:43:14,2025-11-21T10:03:14,2025-11-22T02:03:14,
ORD-260114-2117,CUST-0362,Phạm Đức Hùng,0980417929,"230 Đường Võ Văn Tần, Quận 3, TP. Hồ Chí Minh",Hồ Chí Minh,12990000,1510000,0,12990000,COD,PAID,DELIVERED,2026-01-14T16:26:09,2026-01-14T16:35:09,2026-01-14T22:26:09,2026-01-16T19:26:09,
ORD-251109-2118,CUST-0326,Đặng Anh Kiệt,0989343010,"428 Đường Nguyễn Kiệm, Quận Bình Thạnh, TP. Hồ Chí Minh",Hồ Chí Minh,12990000,1510000,0,12990000,COD,PAID,DELIVERED,2025-11-09T17:02:36,2025-11-09T17:32:36,2025-11-10T06:02:36,2025-11-12T21:02:36,
ORD-260212-2119,CUST-0174,Hoàng Thành Phong,0903161799,"17 Đường Lê Duẩn, Quận Thanh Khê, TP. Đà Nẵng",Đà Nẵng,3990000,510000,30000,4020000,VNPAY,PAID,DELIVERED,2026-02-12T09:56:33,2026-02-12T10:20:33,2026-02-12T16:56:33,2026-02-13T14:56:33,
ORD-250831-2120,CUST-0175,Lê Mai Nhi,0794252410,"274 Đường Đại lộ Hòa Bình, Quận Cái Răng, TP. Cần Thơ",Cần Thơ,4490000,710000,30000,4520000,COD,PAID,DELIVERED,2025-08-31T21:43:59,2025-08-31T21:54:59,2025-09-01T12:43:59,2025-09-02T23:43:59,
ORD-260426-2121,CUST-0292,Hồ Khánh Hạnh,0773928557,"75 Đường Trần Hưng Đạo, Quận Lê Chân, TP. Hải Phòng",Hải Phòng,6890000,610000,0,6890000,VNPAY,PAID,DELIVERED,2026-04-26T14:40:34,2026-04-26T14:50:34,2026-04-26T22:40:34,2026-04-29T16:40:34,
ORD-251123-2122,CUST-0184,Phan Thị Ngọc,0862067883,"129 Đường Mậu Thân, Quận Ninh Kiều, TP. Cần Thơ",Cần Thơ,3490000,410000,30000,3520000,BANK_TRANSFER,PAID,DELIVERED,2025-11-23T09:29:26,2025-11-23T09:53:26,2025-11-24T00:29:26,2025-11-25T10:29:26,
ORD-260125-2123,CUST-0032,Ngô Diệu Hạnh,0799373467,"174 Đường Trần Văn Khéo, Quận Cái Răng, TP. Cần Thơ",Cần Thơ,18480000,2020000,0,18480000,COD,PAID,DELIVERED,2026-01-25T15:54:16,2026-01-25T16:35:16,2026-01-26T04:54:16,2026-01-26T20:54:16,
ORD-251218-2124,CUST-0176,Võ Mai Hoa,0779252419,"50 Đường Nguyễn Thị Minh Khai, Quận Bình Thạnh, TP. Hồ Chí Minh",Hồ Chí Minh,66480000,6520000,0,66480000,COD,PAID,DELIVERED,2025-12-18T21:31:59,2025-12-18T21:58:59,2025-12-19T09:31:59,2025-12-20T01:31:59,
ORD-260430-2125,CUST-0413,Ngô Anh Kiệt,0796603242,"185 Đường Hùng Vương, Quận Sơn Trà, TP. Đà Nẵng",Đà Nẵng,4980000,720000,30000,5010000,CREDIT_CARD,PAID,DELIVERED,2026-04-30T22:46:14,2026-04-30T23:29:14,2026-05-01T15:46:14,2026-05-03T03:46:14,
ORD-250625-2126,CUST-0304,Đặng Ngọc Phương,0796227837,"253 Đường Trần Hưng Đạo, Quận Hồng Bàng, TP. Hải Phòng",Hải Phòng,990000,210000,30000,1020000,MOMO,PAID,DELIVERED,2025-06-25T18:33:27,2025-06-25T18:41:27,2025-06-26T05:33:27,2025-06-27T21:33:27,
ORD-251016-2127,CUST-0369,Phạm Hồng Trúc,0936317970,"187 Đường Trần Duy Hưng, Quận Thanh Xuân, TP. Hà Nội",Hà Nội,4990000,510000,30000,5020000,VNPAY,PAID,DELIVERED,2025-10-16T21:47:51,2025-10-16T22:18:51,2025-10-17T13:47:51,2025-10-20T02:47:51,
ORD-250818-2128,CUST-0017,Nguyễn Vy Mai,0918384251,"453 Đường Nguyễn Văn Linh, Quận Sơn Trà, TP. Đà Nẵng",Đà Nẵng,2490000,310000,30000,2520000,COD,PAID,DELIVERED,2025-08-18T16:18:11,2025-08-18T17:03:11,2025-08-19T02:18:11,2025-08-19T16:18:11,
ORD-251219-2129,CUST-0217,Phạm Thị Hương,0935421689,"310 Đường Nguyễn Trãi, Quận Cầu Giấy, TP. Hà Nội",Hà Nội,57980000,5520000,0,57980000,COD,PAID,DELIVERED,2025-12-19T22:30:49,2025-12-19T22:56:49,2025-12-20T11:30:49,2025-12-22T02:30:49,
ORD-260206-2130,CUST-0381,Lê Thị Hà,0832745238,"156 Đường Quang Trung, Quận Tân Bình, TP. Hồ Chí Minh",Hồ Chí Minh,990000,210000,30000,1020000,VNPAY,PAID,DELIVERED,2026-02-06T18:22:57,2026-02-06T18:45:57,2026-02-07T02:22:57,2026-02-08T20:22:57,
ORD-250721-2131,CUST-0355,Đỗ Khánh Trúc,0855421406,"276 Đường Trần Hưng Đạo, Quận Hải Châu, TP. Đà Nẵng",Đà Nẵng,5980000,720000,0,5980000,MOMO,PAID,DELIVERED,2025-07-21T22:15:37,2025-07-21T22:54:37,2025-07-22T08:15:37,2025-07-24T02:15:37,
ORD-250925-2132,CUST-0080,Phạm Khánh Giang,0989212779,"328 Đường Nguyễn Văn Cừ, Quận Bình Thủy, TP. Cần Thơ",Cần Thơ,5780000,920000,0,5780000,CREDIT_CARD,PAID,DELIVERED,2025-09-25T17:50:04,2025-09-25T18:27:04,2025-09-25T21:50:04,2025-09-27T19:50:04,
ORD-260228-2133,CUST-0299,Đặng Trúc Hạnh,0865776004,"312 Đường Nguyễn Trãi, Quận Đống Đa, TP. Hà Nội",Hà Nội,8490000,1010000,0,8490000,BANK_TRANSFER,PAID,DELIVERED,2026-02-28T17:29:03,2026-02-28T17:35:03,2026-03-01T07:29:03,2026-03-01T20:29:03,
ORD-251124-2134,CUST-0228,Đặng Hoàng Phong,0917797177,"110 Đường Nguyễn Thị Minh Khai, Quận Phú Nhuận, TP. Hồ Chí Minh",Hồ Chí Minh,3990000,510000,30000,4020000,BANK_TRANSFER,PAID,DELIVERED,2025-11-24T11:42:55,2025-11-24T11:47:55,2025-11-25T04:42:55,2025-11-27T15:42:55,
ORD-250726-2135,CUST-0021,Lý Thảo Hương,0851586923,"188 Đường Nguyễn Trãi, Quận Hai Bà Trưng, TP. Hà Nội",Hà Nội,1290000,210000,30000,1320000,BANK_TRANSFER,PAID,DELIVERED,2025-07-26T17:33:31,2025-07-26T18:17:31,2025-07-27T08:33:31,2025-07-27T20:33:31,
ORD-250927-2136,CUST-0416,Lê Khánh Yến,0384907851,"257 Đường Tô Hiệu, Quận Ngô Quyền, TP. Hải Phòng",Hải Phòng,4290000,710000,30000,4320000,CREDIT_CARD,PAID,DELIVERED,2025-09-27T12:06:55,2025-09-27T12:34:55,2025-09-28T04:06:55,2025-09-30T16:06:55,
ORD-260610-2137,CUST-0205,Hồ Khánh Vân,0905444713,"280 Đường Trần Hưng Đạo, Quận Ngũ Hành Sơn, TP. Đà Nẵng",Đà Nẵng,7480000,920000,0,7480000,MOMO,PAID,DELIVERED,2026-06-10T20:22:06,2026-06-10T20:55:06,2026-06-11T13:22:06,2026-06-11T22:22:06,
ORD-260223-2138,CUST-0037,Nguyễn Anh Nam,0385726284,"451 Đường Tô Hiệu, Quận Ngô Quyền, TP. Hải Phòng",Hải Phòng,8990000,1510000,0,8990000,BANK_TRANSFER,PAID,DELIVERED,2026-02-23T18:41:19,2026-02-23T19:13:19,2026-02-23T23:41:19,2026-02-25T21:41:19,
ORD-251114-2139,CUST-0073,Trần Duy Phong,0388998094,"352 Đường Kim Mã, Quận Đống Đa, TP. Hà Nội",Hà Nội,1490000,310000,30000,1520000,VNPAY,PAID,DELIVERED,2025-11-14T17:36:22,2025-11-14T18:10:22,2025-11-14T20:36:22,2025-11-15T19:36:22,
ORD-260104-2140,CUST-0483,Nguyễn Quốc Sơn,0862342583,"108 Đường Kim Mã, Quận Nam Từ Liêm, TP. Hà Nội",Hà Nội,26990000,3010000,0,26990000,BANK_TRANSFER,PAID,DELIVERED,2026-01-04T21:03:55,2026-01-04T21:29:55,2026-01-05T05:03:55,2026-01-07T00:03:55,
ORD-250908-2141,CUST-0088,Lý Minh Tùng,0777468862,"58 Đường Lê Hồng Phong, Quận Hồng Bàng, TP. Hải Phòng",Hải Phòng,9480000,1220000,0,9480000,VNPAY,PAID,DELIVERED,2025-09-08T16:52:43,2025-09-08T17:08:43,2025-09-08T23:52:43,2025-09-10T20:52:43,
ORD-251223-2142,CUST-0040,Trần Diệu Hương,0869578856,"469 Đường Lê Hồng Phong, Quận Ngô Quyền, TP. Hải Phòng",Hải Phòng,1490000,310000,30000,1520000,COD,PAID,DELIVERED,2025-12-23T11:50:13,2025-12-23T12:33:13,2025-12-23T19:50:13,2025-12-26T11:50:13,
ORD-250903-2143,CUST-0129,Bùi Văn Phong,0931190790,"244 Đường Võ Văn Tần, Thành phố Thủ Đức, TP. Hồ Chí Minh",Hồ Chí Minh,8990000,1510000,0,8990000,COD,PAID,DELIVERED,2025-09-03T11:43:36,2025-09-03T12:00:36,2025-09-03T21:43:36,2025-09-04T15:43:36,
ORD-250714-2144,CUST-0393,Hồ Linh Anh,0795240132,"319 Đường Bà Triệu, Quận Hoàn Kiếm, TP. Hà Nội",Hà Nội,7980000,920000,0,7980000,COD,PAID,DELIVERED,2025-07-14T13:54:59,2025-07-14T14:27:59,2025-07-14T16:54:59,2025-07-16T18:54:59,
ORD-260313-2145,CUST-0331,Ngô Phương Lan,0778078235,"151 Đường Lê Hồng Phong, Quận Ngô Quyền, TP. Hải Phòng",Hải Phòng,4490000,510000,30000,4520000,COD,PAID,DELIVERED,2026-03-13T16:28:08,2026-03-13T16:56:08,2026-03-14T07:28:08,2026-03-15T16:28:08,
ORD-251231-2146,CUST-0373,Võ Ngọc Hạnh,0906325431,"29 Đường Võ Nguyên Giáp, Quận Thanh Khê, TP. Đà Nẵng",Đà Nẵng,52990000,5010000,0,52990000,COD,PAID,DELIVERED,2025-12-31T11:17:00,2025-12-31T11:51:00,2026-01-01T01:17:00,2026-01-03T13:17:00,
ORD-251129-2147,CUST-0433,Trần Quỳnh Hương,0381032664,"447 Đường Võ Văn Tần, Quận Gò Vấp, TP. Hồ Chí Minh",Hồ Chí Minh,3180000,520000,30000,3210000,COD,PAID,DELIVERED,2025-11-29T15:12:46,2025-11-29T15:20:46,2025-11-30T03:12:46,2025-11-30T18:12:46,
ORD-260215-2148,CUST-0124,Ngô Ngọc Sơn,0939187851,"158 Đường Điện Biên Phủ, Quận 1, TP. Hồ Chí Minh",Hồ Chí Minh,11490000,1510000,0,11490000,BANK_TRANSFER,PAID,DELIVERED,2026-02-15T20:57:55,2026-02-15T21:03:55,2026-02-16T11:57:55,2026-02-16T23:57:55,
ORD-251026-2149,CUST-0113,Phan Ngọc Trúc,0834097499,"541 Đường 3 Tháng 2, Quận Phú Nhuận, TP. Hồ Chí Minh",Hồ Chí Minh,6280000,720000,0,6280000,COD,PAID,DELIVERED,2025-10-26T20:00:20,2025-10-26T20:36:20,2025-10-27T14:00:20,2025-10-28T01:00:20,
ORD-251208-2150,CUST-0032,Ngô Diệu Hạnh,0799373467,"174 Đường Trần Văn Khéo, Quận Cái Răng, TP. Cần Thơ",Cần Thơ,3290000,510000,30000,3320000,COD,PAID,DELIVERED,2025-12-08T21:30:07,2025-12-08T21:38:07,2025-12-09T06:30:07,2025-12-11T00:30:07,
ORD-260202-2151,CUST-0031,Hồ Diệu Trúc,0978760366,"11 Đường Võ Văn Tần, Thành phố Thủ Đức, TP. Hồ Chí Minh",Hồ Chí Minh,2190000,310000,30000,2220000,BANK_TRANSFER,PAID,DELIVERED,2026-02-02T15:53:36,2026-02-02T16:10:36,2026-02-02T20:53:36,2026-02-05T19:53:36,
ORD-250805-2152,CUST-0227,Lê Quang Long,0900287721,"289 Đường Trần Hưng Đạo, Quận Thanh Khê, TP. Đà Nẵng",Đà Nẵng,3690000,510000,30000,3720000,VNPAY,PAID,DELIVERED,2025-08-05T07:29:17,2025-08-05T08:06:17,2025-08-05T16:29:17,2025-08-06T11:29:17,
ORD-250928-2153,CUST-0278,Võ Đức Hải,0855699611,"329 Đường Trần Hưng Đạo, Quận Thanh Khê, TP. Đà Nẵng",Đà Nẵng,3690000,510000,30000,3720000,COD,PAID,DELIVERED,2025-09-28T15:54:36,2025-09-28T16:21:36,2025-09-29T05:54:36,2025-10-01T20:54:36,
ORD-251103-2154,CUST-0091,Ngô Anh Long,0901043289,"248 Đường Nguyễn Văn Cừ, Quận Ninh Kiều, TP. Cần Thơ",Cần Thơ,9480000,1220000,0,9480000,COD,PAID,DELIVERED,2025-11-03T22:11:44,2025-11-03T22:36:44,2025-11-04T08:11:44,2025-11-06T00:11:44,
ORD-260301-2155,CUST-0437,Phan Ngọc Nhi,0901722601,"470 Đường Hùng Vương, Quận Sơn Trà, TP. Đà Nẵng",Đà Nẵng,12480000,1920000,0,12480000,BANK_TRANSFER,PAID,DELIVERED,2026-03-01T21:46:42,2026-03-01T21:55:42,2026-03-02T07:46:42,2026-03-03T01:46:42,
ORD-251124-2156,CUST-0386,Hồ Đức Tùng,0831234785,"11 Đường Lạch Tray, Quận Ngô Quyền, TP. Hải Phòng",Hải Phòng,990000,210000,30000,1020000,COD,PAID,DELIVERED,2025-11-24T17:53:53,2025-11-24T18:18:53,2025-11-24T20:53:53,2025-11-27T19:53:53,
ORD-251210-2157,CUST-0340,Dương Khánh Phương,0919196570,"5 Đường Chùa Bộc, Quận Nam Từ Liêm, TP. Hà Nội",Hà Nội,22990000,2010000,0,22990000,BANK_TRANSFER,PAID,DELIVERED,2025-12-10T14:15:30,2025-12-10T14:59:30,2025-12-10T18:15:30,2025-12-12T14:15:30,
ORD-260216-2158,CUST-0364,Lê Quang Hải,0773902196,"11 Đường Lê Lợi, Quận Phú Nhuận, TP. Hồ Chí Minh",Hồ Chí Minh,12880000,1920000,0,12880000,BANK_TRANSFER,PAID,DELIVERED,2026-02-16T16:01:01,2026-02-16T16:25:01,2026-02-17T03:01:01,2026-02-19T18:01:01,
ORD-260102-2159,CUST-0034,Hoàng Hoàng Huy,0917080531,"209 Đường Điện Biên Phủ, Quận 1, TP. Hồ Chí Minh",Hồ Chí Minh,12990000,1510000,0,12990000,COD,PAID,DELIVERED,2026-01-02T19:39:16,2026-01-02T20:24:16,2026-01-02T23:39:16,2026-01-06T00:39:16,
ORD-260523-2160,CUST-0306,Bùi Thị Hương,0935211039,"118 Đường Trần Hưng Đạo, Quận Hải Châu, TP. Đà Nẵng",Đà Nẵng,4280000,720000,30000,4310000,MOMO,PAID,DELIVERED,2026-05-23T15:27:43,2026-05-23T15:50:43,2026-05-24T02:27:43,2026-05-24T18:27:43,
ORD-250812-2161,CUST-0050,Dương Văn Duy,0776038597,"278 Đường Mậu Thân, Quận Ninh Kiều, TP. Cần Thơ",Cần Thơ,12990000,1510000,0,12990000,COD,CANCELLED,CANCELLED,2025-08-12T22:26:56,2025-08-12T23:04:56,,,2025-08-13T22:26:56
ORD-250909-2162,CUST-0177,Phạm Mai Phương,0982086353,"386 Đường Lê Duẩn, Quận Sơn Trà, TP. Đà Nẵng",Đà Nẵng,4490000,710000,30000,4520000,BANK_TRANSFER,PAID,DELIVERED,2025-09-09T23:00:16,2025-09-09T23:25:16,2025-09-10T16:00:16,2025-09-11T01:00:16,
ORD-260520-2163,CUST-0119,Lý Ngọc Tùng,0938026206,"43 Đường Kim Mã, Quận Hoàn Kiếm, TP. Hà Nội",Hà Nội,15990000,2010000,0,15990000,BANK_TRANSFER,PAID,DELIVERED,2026-05-20T13:47:50,2026-05-20T14:30:50,2026-05-21T04:47:50,2026-05-21T14:47:50,
ORD-251117-2164,CUST-0156,Lê Phương Yến,0914785969,"365 Đường Lê Hồng Phong, Quận Hồng Bàng, TP. Hải Phòng",Hải Phòng,1490000,310000,30000,1520000,COD,PAID,DELIVERED,2025-11-17T22:39:17,2025-11-17T23:07:17,2025-11-18T02:39:17,2025-11-21T02:39:17,
ORD-251125-2165,CUST-0070,Hoàng Vy Trúc,0911836736,"102 Đường Trần Văn Khéo, Quận Cái Răng, TP. Cần Thơ",Cần Thơ,7080000,920000,0,7080000,BANK_TRANSFER,PAID,DELIVERED,2025-11-25T11:39:53,2025-11-25T12:14:53,2025-11-25T14:39:53,2025-11-28T13:39:53,
ORD-250808-2166,CUST-0121,Hồ Khánh Trinh,0853296685,"194 Đường Đại lộ Hòa Bình, Quận Bình Thủy, TP. Cần Thơ",Cần Thơ,4080000,620000,30000,4110000,COD,PAID,DELIVERED,2025-08-08T13:23:16,2025-08-08T13:43:16,2025-08-09T07:23:16,2025-08-11T13:23:16,
ORD-251124-2167,CUST-0245,Vũ Thảo Trang,0772832684,"16 Đường Tràng Tiền, Quận Đống Đa, TP. Hà Nội",Hà Nội,16490000,2010000,0,16490000,VNPAY,PAID,DELIVERED,2025-11-24T20:43:23,2025-11-24T21:11:23,2025-11-25T09:43:23,2025-11-25T21:43:23,
ORD-251216-2168,CUST-0241,Nguyễn Minh Anh,0916484085,"49 Đường Tô Hiệu, Quận Ngô Quyền, TP. Hải Phòng",Hải Phòng,5380000,720000,0,5380000,VNPAY,PAID,DELIVERED,2025-12-16T19:39:31,2025-12-16T19:53:31,2025-12-17T04:39:31,2025-12-17T21:39:31,
ORD-251223-2169,CUST-0292,Hồ Khánh Hạnh,0773928557,"75 Đường Trần Hưng Đạo, Quận Lê Chân, TP. Hải Phòng",Hải Phòng,1290000,210000,30000,1320000,BANK_TRANSFER,PAID,DELIVERED,2025-12-23T15:36:56,2025-12-23T15:55:56,2025-12-24T04:36:56,2025-12-24T15:36:56,
ORD-250701-2170,CUST-0439,Võ Ngọc Long,0774995641,"119 Đường Bà Triệu, Quận Cầu Giấy, TP. Hà Nội",Hà Nội,990000,210000,30000,1020000,MOMO,PAID,DELIVERED,2025-07-01T12:33:02,2025-07-01T12:40:02,2025-07-02T05:33:02,2025-07-04T16:33:02,
ORD-251214-2171,CUST-0096,Hoàng Trúc Hoa,0855415667,"514 Đường Võ Nguyên Giáp, Quận Thanh Khê, TP. Đà Nẵng",Đà Nẵng,3390000,410000,30000,3420000,BANK_TRANSFER,PAID,DELIVERED,2025-12-14T16:47:11,2025-12-14T17:02:11,2025-12-15T05:47:11,2025-12-17T19:47:11,
ORD-250924-2172,CUST-0010,Hồ Thảo Vân,0778713315,"230 Đường Trần Hưng Đạo, Quận Lê Chân, TP. Hải Phòng",Hải Phòng,3690000,510000,30000,3720000,MOMO,PAID,DELIVERED,2025-09-24T13:08:52,2025-09-24T13:18:52,2025-09-25T04:08:52,2025-09-26T15:08:52,
ORD-251212-2173,CUST-0044,Bùi Duy Phong,0796774964,"217 Đường Lạch Tray, Quận Hồng Bàng, TP. Hải Phòng",Hải Phòng,19780000,2520000,0,19780000,VNPAY,PAID,DELIVERED,2025-12-12T09:28:47,2025-12-12T09:51:47,2025-12-13T01:28:47,2025-12-14T11:28:47,
ORD-251013-2174,CUST-0109,Vũ Quốc Sơn,0835004797,"446 Đường Lạch Tray, Quận Hồng Bàng, TP. Hải Phòng",Hải Phòng,990000,210000,30000,1020000,VNPAY,PAID,DELIVERED,2025-10-13T23:37:37,2025-10-14T00:03:37,2025-10-14T08:37:37,2025-10-17T00:37:37,
ORD-250624-2175,CUST-0282,Đỗ Duy Khoa,0798457831,"271 Đường Võ Nguyên Giáp, Quận Sơn Trà, TP. Đà Nẵng",Đà Nẵng,2290000,310000,30000,2320000,BANK_TRANSFER,PAID,DELIVERED,2025-06-24T20:14:42,2025-06-24T20:31:42,2025-06-25T13:14:42,2025-06-26T22:14:42,
ORD-251205-2176,CUST-0059,Đỗ Thành Huy,0774367136,"27 Đường Trần Hưng Đạo, Quận Sơn Trà, TP. Đà Nẵng",Đà Nẵng,16490000,2010000,0,16490000,VNPAY,PAID,DELIVERED,2025-12-05T10:00:34,2025-12-05T10:21:34,2025-12-05T20:00:34,2025-12-06T14:00:34,
ORD-251102-2177,CUST-0063,Bùi Thảo Vân,0913709859,"423 Đường Phan Đăng Lưu, Quận Phú Nhuận, TP. Hồ Chí Minh",Hồ Chí Minh,3990000,510000,30000,4020000,BANK_TRANSFER,PAID,DELIVERED,2025-11-02T18:24:02,2025-11-02T19:07:02,2025-11-03T04:24:02,2025-11-04T18:24:02,
ORD-250922-2178,CUST-0337,Lý Quỳnh Hà,0977701715,"361 Đường Nguyễn Văn Cừ, Quận Ninh Kiều, TP. Cần Thơ",Cần Thơ,6180000,820000,0,6180000,BANK_TRANSFER,PAID,DELIVERED,2025-09-22T19:39:09,2025-09-22T19:44:09,2025-09-23T06:39:09,2025-09-25T20:39:09,
ORD-260521-2179,CUST-0385,Phan Thị Ngọc,0975478137,"172 Đường Nguyễn Văn Cừ, Quận Cái Răng, TP. Cần Thơ",Cần Thơ,990000,210000,30000,1020000,VNPAY,PAID,DELIVERED,2026-05-21T17:40:00,2026-05-21T17:56:00,2026-05-22T05:40:00,2026-05-24T17:40:00,
ORD-260117-2180,CUST-0315,Lý Diệu Hương,0853312797,"442 Đường Nguyễn Văn Linh, Quận Ngũ Hành Sơn, TP. Đà Nẵng",Đà Nẵng,2490000,310000,30000,2520000,VNPAY,PAID,DELIVERED,2026-01-17T11:10:35,2026-01-17T11:50:35,2026-01-18T05:10:35,2026-01-20T14:10:35,
ORD-260126-2181,CUST-0036,Bùi Hoàng Anh,0931931491,"384 Đường Nguyễn Kiệm, Quận Tân Bình, TP. Hồ Chí Minh",Hồ Chí Minh,5490000,510000,0,5490000,BANK_TRANSFER,PAID,DELIVERED,2026-01-26T10:13:45,2026-01-26T10:39:45,2026-01-27T04:13:45,2026-01-28T12:13:45,
ORD-251013-2182,CUST-0108,Nguyễn Diệu Anh,0383259532,"320 Đường Tô Hiệu, Quận Ngô Quyền, TP. Hải Phòng",Hải Phòng,4490000,710000,30000,4520000,COD,PAID,DELIVERED,2025-10-13T09:12:11,2025-10-13T09:52:11,2025-10-13T18:12:11,2025-10-14T14:12:11,
ORD-260115-2183,CUST-0029,Đỗ Quang Long,0977986872,"258 Đường Nguyễn Văn Cừ, Quận Cái Răng, TP. Cần Thơ",Cần Thơ,4680000,620000,30000,4710000,BANK_TRANSFER,PAID,DELIVERED,2026-01-15T21:44:15,2026-01-15T22:13:15,2026-01-16T15:44:15,2026-01-18T23:44:15,
ORD-251021-2184,CUST-0034,Hoàng Hoàng Huy,0917080531,"209 Đường Điện Biên Phủ, Quận 1, TP. Hồ Chí Minh",Hồ Chí Minh,6990000,810000,0,6990000,MOMO,PAID,DELIVERED,2025-10-21T10:05:45,2025-10-21T10:32:45,2025-10-22T02:05:45,2025-10-23T13:05:45,
ORD-250703-2185,CUST-0068,Nguyễn Diệu Nhi,0911775891,"538 Đường Lạch Tray, Quận Hồng Bàng, TP. Hải Phòng",Hải Phòng,11780000,1520000,0,11780000,COD,PAID,DELIVERED,2025-07-03T09:31:33,2025-07-03T09:44:33,2025-07-04T02:31:33,2025-07-05T13:31:33,
ORD-260421-2186,CUST-0163,Lý Hữu Minh,0380422325,"280 Đường Mậu Thân, Quận Cái Răng, TP. Cần Thơ",Cần Thơ,12990000,1510000,0,12990000,COD,PAID,DELIVERED,2026-04-21T09:29:10,2026-04-21T10:10:10,2026-04-21T22:29:10,2026-04-22T09:29:10,
ORD-260105-2187,CUST-0499,Vũ Lâm Hải,0383296762,"49 Đường Tô Hiệu, Quận Hồng Bàng, TP. Hải Phòng",Hải Phòng,5280000,920000,0,5280000,COD,PAID,DELIVERED,2026-01-05T14:40:10,2026-01-05T15:13:10,2026-01-05T17:40:10,2026-01-06T14:40:10,
ORD-250818-2188,CUST-0427,Nguyễn Đình Hải,0797572158,"325 Đường Xuân Thủy, Quận Đống Đa, TP. Hà Nội",Hà Nội,15480000,2520000,0,15480000,BANK_TRANSFER,PAID,DELIVERED,2025-08-18T08:58:48,2025-08-18T09:28:48,2025-08-18T11:58:48,2025-08-20T11:58:48,
ORD-251222-2189,CUST-0187,Đỗ Diệu Hạnh,0770146263,"396 Đường Lạch Tray, Quận Hồng Bàng, TP. Hải Phòng",Hải Phòng,65980000,7020000,0,65980000,COD,PAID,DELIVERED,2025-12-22T22:23:01,2025-12-22T22:32:01,2025-12-23T01:23:01,2025-12-25T02:23:01,
ORD-251216-2190,CUST-0450,Hồ Hữu Tuấn,0975626060,"537 Đường Nguyễn Trãi, Quận Ba Đình, TP. Hà Nội",Hà Nội,5480000,820000,0,5480000,COD,PAID,DELIVERED,2025-12-16T20:21:06,2025-12-16T20:38:06,2025-12-16T23:21:06,2025-12-19T21:21:06,
ORD-260308-2191,CUST-0327,Đặng Quốc Hùng,0853441448,"346 Đường Lê Duẩn, Quận Hải Châu, TP. Đà Nẵng",Đà Nẵng,7480000,920000,0,7480000,VNPAY,PAID,DELIVERED,2026-03-08T17:26:26,2026-03-08T17:45:26,2026-03-09T11:26:26,2026-03-10T20:26:26,
ORD-251004-2192,CUST-0164,Võ Trúc Lan,0388457759,"69 Đường Quang Trung, Quận Phú Nhuận, TP. Hồ Chí Minh",Hồ Chí Minh,16680000,2520000,0,16680000,BANK_TRANSFER,PAID,DELIVERED,2025-10-04T00:50:35,2025-10-04T00:57:35,2025-10-04T04:50:35,2025-10-07T02:50:35,
ORD-251216-2193,CUST-0201,Vũ Thành Dũng,0799899217,"134 Đường Bà Triệu, Quận Thanh Xuân, TP. Hà Nội",Hà Nội,990000,210000,30000,1020000,COD,PAID,DELIVERED,2025-12-16T20:01:14,2025-12-16T20:24:14,2025-12-17T10:01:14,2025-12-19T22:01:14,
ORD-251005-2194,CUST-0051,Võ Anh Nam,0909324808,"477 Đường Lê Lợi, Quận Bình Thạnh, TP. Hồ Chí Minh",Hồ Chí Minh,14280000,1720000,0,14280000,CREDIT_CARD,PAID,DELIVERED,2025-10-05T17:38:01,2025-10-05T17:49:01,2025-10-06T11:38:01,2025-10-08T21:38:01,
ORD-251226-2195,CUST-0437,Phan Ngọc Nhi,0901722601,"470 Đường Hùng Vương, Quận Sơn Trà, TP. Đà Nẵng",Đà Nẵng,4080000,620000,30000,4110000,VNPAY,PAID,DELIVERED,2025-12-26T23:37:59,2025-12-26T23:59:59,2025-12-27T13:37:59,2025-12-28T02:37:59,
ORD-250814-2196,CUST-0322,Bùi Quốc Duy,0869830220,"310 Đường Nguyễn Trãi, Quận Nam Từ Liêm, TP. Hà Nội",Hà Nội,12990000,1510000,0,12990000,BANK_TRANSFER,PAID,DELIVERED,2025-08-14T13:34:56,2025-08-14T13:49:56,2025-08-14T15:34:56,2025-08-15T13:34:56,
ORD-260223-2197,CUST-0249,Phạm Thành Khoa,0865257775,"184 Đường Đại lộ Hòa Bình, Quận Bình Thủy, TP. Cần Thơ",Cần Thơ,15990000,2010000,0,15990000,VNPAY,PAID,DELIVERED,2026-02-23T18:14:18,2026-02-23T18:49:18,2026-02-23T23:14:18,2026-02-26T22:14:18,
ORD-260228-2198,CUST-0173,Hồ Thảo Hạnh,0799241418,"405 Đường Tràng Tiền, Quận Ba Đình, TP. Hà Nội",Hà Nội,13490000,1510000,0,13490000,BANK_TRANSFER,PAID,DELIVERED,2026-02-28T12:37:23,2026-02-28T12:43:23,2026-03-01T03:37:23,2026-03-03T16:37:23,
ORD-260109-2199,CUST-0101,Dương Quỳnh Yến,0915518844,"525 Đường Tràng Tiền, Quận Nam Từ Liêm, TP. Hà Nội",Hà Nội,2490000,310000,30000,2520000,BANK_TRANSFER,PAID,DELIVERED,2026-01-09T22:08:51,2026-01-09T22:18:51,2026-01-10T01:08:51,2026-01-12T22:08:51,
ORD-260105-2200,CUST-0134,Hoàng Văn Sơn,0931739363,"482 Đường Võ Nguyên Giáp, Quận Sơn Trà, TP. Đà Nẵng",Đà Nẵng,3390000,410000,30000,3420000,VNPAY,PAID,DELIVERED,2026-01-05T16:16:45,2026-01-05T16:47:45,2026-01-05T18:16:45,2026-01-07T18:16:45,
ORD-251112-2201,CUST-0402,Nguyễn Thị Lan,0770269524,"537 Đường Lạch Tray, Quận Hồng Bàng, TP. Hải Phòng",Hải Phòng,28480000,3320000,0,28480000,COD,PAID,DELIVERED,2025-11-12T10:10:21,2025-11-12T10:20:21,2025-11-13T02:10:21,2025-11-14T11:10:21,
ORD-251011-2202,CUST-0178,Lê Thu Hoa,0381744518,"303 Đường Điện Biên Phủ, Quận Tân Bình, TP. Hồ Chí Minh",Hồ Chí Minh,9880000,1420000,0,9880000,VNPAY,PAID,DELIVERED,2025-10-11T18:06:24,2025-10-11T18:28:24,2025-10-12T01:06:24,2025-10-14T18:06:24,
ORD-251124-2203,CUST-0381,Lê Thị Hà,0832745238,"156 Đường Quang Trung, Quận Tân Bình, TP. Hồ Chí Minh",Hồ Chí Minh,1290000,210000,30000,1320000,BANK_TRANSFER,PAID,DELIVERED,2025-11-24T21:01:48,2025-11-24T21:28:48,2025-11-25T12:01:48,2025-11-25T22:01:48,
ORD-251204-2204,CUST-0146,Vũ Thành Duy,0939826224,"69 Đường Nguyễn Văn Linh, Quận Ngũ Hành Sơn, TP. Đà Nẵng",Đà Nẵng,17480000,2020000,0,17480000,COD,PAID,DELIVERED,2025-12-04T14:30:24,2025-12-04T14:38:24,2025-12-05T00:30:24,2025-12-06T14:30:24,
ORD-250830-2205,CUST-0127,Ngô Thành Khoa,0976766182,"407 Đường Nguyễn Văn Linh, Quận Hải Châu, TP. Đà Nẵng",Đà Nẵng,4980000,620000,30000,5010000,BANK_TRANSFER,PAID,DELIVERED,2025-08-30T10:29:56,2025-08-30T10:41:56,2025-08-30T12:29:56,2025-08-31T14:29:56,
ORD-260217-2206,CUST-0129,Bùi Văn Phong,0931190790,"244 Đường Võ Văn Tần, Thành phố Thủ Đức, TP. Hồ Chí Minh",Hồ Chí Minh,16480000,1920000,0,16480000,MOMO,PAID,DELIVERED,2026-02-17T21:20:43,2026-02-17T21:59:43,2026-02-18T12:20:43,2026-02-20T01:20:43,
ORD-250922-2207,CUST-0406,Ngô Minh Anh,0916556503,"91 Đường Kim Mã, Quận Hoàn Kiếm, TP. Hà Nội",Hà Nội,14980000,2220000,0,14980000,COD,PAID,DELIVERED,2025-09-22T13:33:54,2025-09-22T13:38:54,2025-09-23T04:33:54,2025-09-24T14:33:54,
ORD-250923-2208,CUST-0288,Ngô Hoàng Bách,0930371837,"48 Đường Nguyễn Văn Linh, Quận Sơn Trà, TP. Đà Nẵng",Đà Nẵng,2490000,310000,30000,2520000,BANK_TRANSFER,PAID,DELIVERED,2025-09-23T09:27:40,2025-09-23T09:36:40,2025-09-23T14:27:40,2025-09-26T09:27:40,
ORD-251014-2209,CUST-0452,Ngô Khánh Lan,0908562884,"168 Đường Quang Trung, Quận Gò Vấp, TP. Hồ Chí Minh",Hồ Chí Minh,8490000,1010000,0,8490000,BANK_TRANSFER,PAID,DELIVERED,2025-10-14T21:19:22,2025-10-14T21:31:22,2025-10-15T08:19:22,2025-10-16T01:19:22,
ORD-260114-2210,CUST-0242,Phan Hữu Hải,0798013361,"78 Đường Tô Hiệu, Quận Lê Chân, TP. Hải Phòng",Hải Phòng,6480000,720000,0,6480000,BANK_TRANSFER,PAID,DELIVERED,2026-01-14T19:59:40,2026-01-14T20:42:40,2026-01-15T11:59:40,2026-01-17T20:59:40,
ORD-251019-2211,CUST-0085,Lê Hữu Việt,0796528168,"189 Đường Phan Đăng Lưu, Quận Tân Bình, TP. Hồ Chí Minh",Hồ Chí Minh,2490000,410000,30000,2520000,BANK_TRANSFER,PAID,DELIVERED,2025-10-19T22:14:31,2025-10-19T22:21:31,2025-10-20T10:14:31,2025-10-22T01:14:31,
ORD-260204-2212,CUST-0474,Nguyễn Mai Lan,0830361332,"33 Đường Lê Duẩn, Quận Hải Châu, TP. Đà Nẵng",Đà Nẵng,990000,210000,30000,1020000,COD,PAID,DELIVERED,2026-02-04T11:12:01,2026-02-04T11:53:01,2026-02-05T05:12:01,2026-02-06T14:12:01,
ORD-251111-2213,CUST-0044,Bùi Duy Phong,0796774964,"217 Đường Lạch Tray, Quận Hồng Bàng, TP. Hải Phòng",Hải Phòng,9180000,1120000,0,9180000,COD,PAID,DELIVERED,2025-11-11T13:46:40,2025-11-11T14:08:40,2025-11-11T20:46:40,2025-11-12T16:46:40,
ORD-260212-2214,CUST-0237,Đặng Hồng Thảo,0939735989,"186 Đường Trần Duy Hưng, Quận Đống Đa, TP. Hà Nội",Hà Nội,4990000,510000,30000,5020000,COD,PAID,DELIVERED,2026-02-12T08:04:33,2026-02-12T08:39:33,2026-02-12T13:04:33,2026-02-14T13:04:33,
ORD-260517-2215,CUST-0064,Nguyễn Linh Mai,0913826758,"429 Đường Trần Hưng Đạo, Quận Lê Chân, TP. Hải Phòng",Hải Phòng,8490000,1010000,0,8490000,COD,PAID,DELIVERED,2026-05-17T23:29:24,2026-05-18T00:08:24,2026-05-18T16:29:24,2026-05-19T04:29:24,
ORD-251118-2216,CUST-0144,Trần Đình Phong,0911426265,"320 Đường Nguyễn Thị Minh Khai, Quận 3, TP. Hồ Chí Minh",Hồ Chí Minh,19980000,2820000,0,19980000,COD,PAID,DELIVERED,2025-11-18T15:59:12,2025-11-18T16:15:12,2025-11-19T05:59:12,2025-11-20T16:59:12,
ORD-250814-2217,CUST-0455,Dương Anh Nam,0986611062,"536 Đường Nguyễn Kiệm, Quận Tân Bình, TP. Hồ Chí Minh",Hồ Chí Minh,2480000,520000,30000,2510000,BANK_TRANSFER,PAID,DELIVERED,2025-08-14T16:02:07,2025-08-14T16:13:07,2025-08-15T06:02:07,2025-08-16T19:02:07,
ORD-250711-2218,CUST-0406,Ngô Minh Anh,0916556503,"91 Đường Kim Mã, Quận Hoàn Kiếm, TP. Hà Nội",Hà Nội,990000,210000,30000,1020000,BANK_TRANSFER,PAID,DELIVERED,2025-07-11T12:25:51,2025-07-11T12:59:51,2025-07-11T20:25:51,2025-07-13T17:25:51,
ORD-260228-2219,CUST-0235,Ngô Ngọc Trang,0382003424,"307 Đường Lê Duẩn, Quận Thanh Khê, TP. Đà Nẵng",Đà Nẵng,42980000,5020000,0,42980000,COD,PAID,DELIVERED,2026-02-28T14:12:05,2026-02-28T14:25:05,2026-02-28T20:12:05,2026-03-03T19:12:05,
ORD-260222-2220,CUST-0333,Đặng Thành Việt,0909435334,"125 Đường Tô Hiệu, Quận Ngô Quyền, TP. Hải Phòng",Hải Phòng,3990000,510000,30000,4020000,COD,PAID,DELIVERED,2026-02-22T21:33:50,2026-02-22T21:56:50,2026-02-23T14:33:50,2026-02-24T23:33:50,
ORD-250905-2221,CUST-0102,Ngô Trúc Chi,0905895782,"412 Đường Phan Đăng Lưu, Quận 3, TP. Hồ Chí Minh",Hồ Chí Minh,25180000,2320000,0,25180000,MOMO,PAID,DELIVERED,2025-09-05T14:51:06,2025-09-05T15:06:06,2025-09-06T07:51:06,2025-09-08T18:51:06,
ORD-250827-2222,CUST-0338,Đặng Hồng Mai,0978148769,"167 Đường Bà Triệu, Quận Ba Đình, TP. Hà Nội",Hà Nội,68980000,7020000,0,68980000,BANK_TRANSFER,PAID,DELIVERED,2025-08-27T18:34:15,2025-08-27T19:05:15,2025-08-27T21:34:15,2025-08-30T19:34:15,
ORD-250926-2223,CUST-0389,Đỗ Thành Nam,0978904290,"370 Đường Nguyễn Văn Linh, Quận Ngũ Hành Sơn, TP. Đà Nẵng",Đà Nẵng,15180000,1820000,0,15180000,MOMO,PAID,DELIVERED,2025-09-26T00:32:31,2025-09-26T00:53:31,2025-09-26T18:32:31,2025-09-29T00:32:31,
ORD-250712-2224,CUST-0214,Võ Thảo Trinh,0839173816,"159 Đường Lê Duẩn, Quận Ngũ Hành Sơn, TP. Đà Nẵng",Đà Nẵng,2490000,410000,30000,2520000,MOMO,PAID,DELIVERED,2025-07-12T17:14:38,2025-07-12T17:22:38,2025-07-12T23:14:38,2025-07-13T20:14:38,
ORD-260130-2225,CUST-0050,Dương Văn Duy,0776038597,"278 Đường Mậu Thân, Quận Ninh Kiều, TP. Cần Thơ",Cần Thơ,7980000,820000,0,7980000,COD,PAID,DELIVERED,2026-01-30T13:37:20,2026-01-30T13:53:20,2026-01-30T16:37:20,2026-02-01T14:37:20,
ORD-251110-2226,CUST-0175,Lê Mai Nhi,0794252410,"274 Đường Đại lộ Hòa Bình, Quận Cái Răng, TP. Cần Thơ",Cần Thơ,13490000,1510000,0,13490000,COD,PAID,DELIVERED,2025-11-10T18:50:49,2025-11-10T19:30:49,2025-11-10T20:50:49,2025-11-11T23:50:49,
ORD-260129-2227,CUST-0252,Dương Duy Hải,0792722992,"242 Đường Võ Văn Tần, Quận Bình Thạnh, TP. Hồ Chí Minh",Hồ Chí Minh,2190000,310000,30000,2220000,COD,PAID,DELIVERED,2026-01-29T08:09:35,2026-01-29T08:24:35,2026-01-29T11:09:35,2026-02-01T09:09:35,
ORD-250912-2228,CUST-0146,Vũ Thành Duy,0939826224,"69 Đường Nguyễn Văn Linh, Quận Ngũ Hành Sơn, TP. Đà Nẵng",Đà Nẵng,7680000,1120000,0,7680000,BANK_TRANSFER,PAID,DELIVERED,2025-09-12T15:25:11,2025-09-12T15:34:11,2025-09-13T08:25:11,2025-09-13T16:25:11,
ORD-251119-2229,CUST-0361,Ngô Hoàng Nam,0938782931,"487 Đường Nguyễn Trãi, Quận Hai Bà Trưng, TP. Hà Nội",Hà Nội,6890000,610000,0,6890000,BANK_TRANSFER,PAID,DELIVERED,2025-11-19T10:56:41,2025-11-19T11:37:41,2025-11-19T13:56:41,2025-11-21T12:56:41,
ORD-250912-2230,CUST-0039,Phan Vy Thảo,0790831367,"507 Đường Trần Duy Hưng, Quận Hoàn Kiếm, TP. Hà Nội",Hà Nội,3490000,410000,30000,3520000,VNPAY,PAID,DELIVERED,2025-09-12T11:56:26,2025-09-12T12:24:26,2025-09-13T02:56:26,2025-09-13T15:56:26,
ORD-250924-2231,CUST-0176,Võ Mai Hoa,0779252419,"50 Đường Nguyễn Thị Minh Khai, Quận Bình Thạnh, TP. Hồ Chí Minh",Hồ Chí Minh,22990000,2010000,0,22990000,BANK_TRANSFER,PAID,DELIVERED,2025-09-24T09:39:17,2025-09-24T10:16:17,2025-09-24T17:39:17,2025-09-26T11:39:17,
ORD-260326-2232,CUST-0463,Hoàng Ngọc Hải,0909520046,"336 Đường Võ Nguyên Giáp, Quận Thanh Khê, TP. Đà Nẵng",Đà Nẵng,3780000,620000,30000,3810000,COD,PAID,DELIVERED,2026-03-26T17:24:02,2026-03-26T17:53:02,2026-03-27T10:24:02,2026-03-29T17:24:02,
ORD-251231-2233,CUST-0317,Hồ Diệu Nhi,0850347644,"60 Đường Kim Mã, Quận Hai Bà Trưng, TP. Hà Nội",Hà Nội,19980000,2820000,0,19980000,MOMO,PAID,DELIVERED,2025-12-31T16:34:58,2025-12-31T17:07:58,2026-01-01T07:34:58,2026-01-01T17:34:58,
ORD-260604-2234,CUST-0420,Đỗ Ngọc Bách,0852063459,"533 Đường Điện Biên Phủ, Quận 10, TP. Hồ Chí Minh",Hồ Chí Minh,19480000,2520000,0,19480000,BANK_TRANSFER,PAID,DELIVERED,2026-06-04T15:05:40,2026-06-04T15:34:40,2026-06-05T03:05:40,2026-06-06T15:05:40,
ORD-250820-2235,CUST-0315,Lý Diệu Hương,0853312797,"442 Đường Nguyễn Văn Linh, Quận Ngũ Hành Sơn, TP. Đà Nẵng",Đà Nẵng,1490000,310000,30000,1520000,VNPAY,PAID,DELIVERED,2025-08-20T23:55:31,2025-08-21T00:05:31,2025-08-21T08:55:31,2025-08-22T03:55:31,
ORD-250822-2236,CUST-0347,Võ Linh Trinh,0976544209,"489 Đường Lê Duẩn, Quận Sơn Trà, TP. Đà Nẵng",Đà Nẵng,990000,210000,30000,1020000,COD,PAID,DELIVERED,2025-08-22T13:02:04,2025-08-22T13:37:04,2025-08-23T00:02:04,2025-08-25T16:02:04,
ORD-251130-2237,CUST-0285,Ngô Phương Lan,0982417974,"333 Đường Trần Hưng Đạo, Quận Ngô Quyền, TP. Hải Phòng",Hải Phòng,7480000,920000,0,7480000,BANK_TRANSFER,PAID,DELIVERED,2025-11-30T21:20:30,2025-11-30T21:25:30,2025-11-30T23:20:30,2025-12-04T00:20:30,
ORD-251226-2238,CUST-0338,Đặng Hồng Mai,0978148769,"167 Đường Bà Triệu, Quận Ba Đình, TP. Hà Nội",Hà Nội,6280000,720000,0,6280000,COD,PAID,DELIVERED,2025-12-26T08:24:25,2025-12-26T09:07:25,2025-12-27T00:24:25,2025-12-29T12:24:25,
ORD-251203-2239,CUST-0389,Đỗ Thành Nam,0978904290,"370 Đường Nguyễn Văn Linh, Quận Ngũ Hành Sơn, TP. Đà Nẵng",Đà Nẵng,3180000,520000,30000,3210000,COD,PAID,DELIVERED,2025-12-03T23:21:29,2025-12-04T00:01:29,2025-12-04T07:21:29,2025-12-06T00:21:29,
ORD-260112-2240,CUST-0280,Trần Linh Hạnh,0900681149,"239 Đường Phan Đăng Lưu, Thành phố Thủ Đức, TP. Hồ Chí Minh",Hồ Chí Minh,4290000,710000,30000,4320000,VNPAY,PAID,DELIVERED,2026-01-12T16:27:37,2026-01-12T16:39:37,2026-01-13T10:27:37,2026-01-14T18:27:37,
ORD-260425-2241,CUST-0148,Ngô Anh Trung,0389245937,"303 Đường Tràng Tiền, Quận Hai Bà Trưng, TP. Hà Nội",Hà Nội,3390000,410000,30000,3420000,COD,PAID,DELIVERED,2026-04-25T01:26:14,2026-04-25T01:55:14,2026-04-25T06:26:14,2026-04-28T02:26:14,
ORD-260327-2242,CUST-0029,Đỗ Quang Long,0977986872,"258 Đường Nguyễn Văn Cừ, Quận Cái Răng, TP. Cần Thơ",Cần Thơ,990000,210000,30000,1020000,COD,PAID,DELIVERED,2026-03-27T19:38:13,2026-03-27T19:47:13,2026-03-28T02:38:13,2026-03-28T20:38:13,
ORD-251106-2243,CUST-0170,Bùi Minh Khoa,0972341389,"313 Đường Lạch Tray, Quận Ngô Quyền, TP. Hải Phòng",Hải Phòng,12990000,2010000,0,12990000,VNPAY,PAID,DELIVERED,2025-11-06T17:58:02,2025-11-06T18:38:02,2025-11-07T10:58:02,2025-11-07T18:58:02,
ORD-251117-2244,CUST-0482,Võ Minh Anh,0936205015,"302 Đường Trần Hưng Đạo, Quận Hồng Bàng, TP. Hải Phòng",Hải Phòng,990000,210000,30000,1020000,VNPAY,PAID,DELIVERED,2025-11-17T21:12:28,2025-11-17T21:35:28,2025-11-18T02:12:28,2025-11-19T00:12:28,
ORD-251207-2245,CUST-0489,Vũ Diệu Trúc,0977546027,"89 Đường Trần Hưng Đạo, Quận Hải Châu, TP. Đà Nẵng",Đà Nẵng,26990000,3010000,0,26990000,BANK_TRANSFER,PAID,DELIVERED,2025-12-07T17:51:37,2025-12-07T18:04:37,2025-12-08T03:51:37,2025-12-10T20:51:37,
ORD-250822-2246,CUST-0041,Phạm Phương Hà,0918233749,"203 Đường Lạch Tray, Quận Ngô Quyền, TP. Hải Phòng",Hải Phòng,3990000,510000,30000,4020000,BANK_TRANSFER,PAID,DELIVERED,2025-08-22T12:49:28,2025-08-22T13:15:28,2025-08-22T22:49:28,2025-08-25T12:49:28,
ORD-260118-2247,CUST-0462,Phan Diệu Trang,0795641118,"266 Đường Nguyễn Văn Linh, Quận Thanh Khê, TP. Đà Nẵng",Đà Nẵng,12990000,2010000,0,12990000,MOMO,PAID,DELIVERED,2026-01-18T22:33:08,2026-01-18T22:53:08,2026-01-19T12:33:08,2026-01-21T01:33:08,
ORD-251113-2248,CUST-0267,Phạm Quốc Bách,0389042681,"124 Đường Quang Trung, Quận Gò Vấp, TP. Hồ Chí Minh",Hồ Chí Minh,990000,210000,30000,1020000,BANK_TRANSFER,PAID,DELIVERED,2025-11-13T17:37:25,2025-11-13T17:56:25,2025-11-13T21:37:25,2025-11-15T17:37:25,
ORD-250824-2249,CUST-0166,Nguyễn Quỳnh Yến,0770632424,"385 Đường Lê Duẩn, Quận Sơn Trà, TP. Đà Nẵng",Đà Nẵng,4990000,510000,30000,5020000,COD,PAID,DELIVERED,2025-08-24T19:39:18,2025-08-24T20:01:18,2025-08-25T02:39:18,2025-08-26T19:39:18,
ORD-260131-2250,CUST-0154,Nguyễn Hữu Hùng,0971238282,"242 Đường Tô Hiệu, Quận Ngô Quyền, TP. Hải Phòng",Hải Phòng,11780000,1820000,0,11780000,VNPAY,PAID,DELIVERED,2026-01-31T10:35:26,2026-01-31T10:50:26,2026-02-01T03:35:26,2026-02-02T10:35:26,
ORD-251206-2251,CUST-0313,Hồ Mai Trúc,0384742312,"242 Đường Điện Biên Phủ, Quận Gò Vấp, TP. Hồ Chí Minh",Hồ Chí Minh,22990000,2010000,0,22990000,BANK_TRANSFER,PAID,DELIVERED,2025-12-06T11:34:10,2025-12-06T12:17:10,2025-12-06T16:34:10,2025-12-09T11:34:10,
ORD-251022-2252,CUST-0274,Phan Diệu Giang,0385564729,"107 Đường Trần Hưng Đạo, Quận Lê Chân, TP. Hải Phòng",Hải Phòng,9490000,1510000,0,9490000,CREDIT_CARD,PAID,DELIVERED,2025-10-22T09:36:41,2025-10-22T10:06:41,2025-10-23T01:36:41,2025-10-25T12:36:41,
ORD-260214-2253,CUST-0396,Ngô Quốc Khánh,0831190833,"106 Đường Nguyễn Trãi, Quận Nam Từ Liêm, TP. Hà Nội",Hà Nội,65980000,7020000,0,65980000,BANK_TRANSFER,PAID,DELIVERED,2026-02-14T23:49:30,2026-02-15T00:27:30,2026-02-15T14:49:30,2026-02-16T02:49:30,
ORD-250919-2254,CUST-0107,Phan Minh Trung,0976258815,"465 Đường Nguyễn Văn Cừ, Quận Ninh Kiều, TP. Cần Thơ",Cần Thơ,3990000,510000,30000,4020000,VNPAY,PAID,DELIVERED,2025-09-19T00:12:09,2025-09-19T00:50:09,2025-09-19T15:12:09,2025-09-21T00:12:09,
ORD-251214-2255,CUST-0204,Vũ Duy Long,0770246299,"344 Đường Trần Văn Khéo, Quận Ninh Kiều, TP. Cần Thơ",Cần Thơ,26480000,2420000,0,26480000,COD,PAID,DELIVERED,2025-12-14T12:31:28,2025-12-14T12:51:28,2025-12-14T22:31:28,2025-12-17T17:31:28,
ORD-260324-2256,CUST-0195,Hoàng Thành Hùng,0906762676,"495 Đường Lạch Tray, Quận Ngô Quyền, TP. Hải Phòng",Hải Phòng,53980000,5220000,0,53980000,MOMO,PAID,DELIVERED,2026-03-24T16:02:54,2026-03-24T16:39:54,2026-03-24T23:02:54,2026-03-27T16:02:54,
ORD-251204-2257,CUST-0127,Ngô Thành Khoa,0976766182,"407 Đường Nguyễn Văn Linh, Quận Hải Châu, TP. Đà Nẵng",Đà Nẵng,5490000,510000,0,5490000,COD,PAID,DELIVERED,2025-12-04T12:22:25,2025-12-04T12:32:25,2025-12-04T19:22:25,2025-12-05T13:22:25,
ORD-260117-2258,CUST-0069,Nguyễn Hoàng Khoa,0851771159,"337 Đường Phan Đăng Lưu, Quận 10, TP. Hồ Chí Minh",Hồ Chí Minh,5380000,720000,0,5380000,COD,PAID,DELIVERED,2026-01-17T11:07:59,2026-01-17T11:21:59,2026-01-18T03:07:59,2026-01-19T15:07:59,
ORD-251102-2259,CUST-0246,Lê Thị Trinh,0836881435,"169 Đường Mậu Thân, Quận Bình Thủy, TP. Cần Thơ",Cần Thơ,3490000,410000,30000,3520000,VNPAY,PAID,DELIVERED,2025-11-02T19:53:36,2025-11-02T20:25:36,2025-11-03T06:53:36,2025-11-03T19:53:36,
ORD-260106-2260,CUST-0132,Phạm Đình Minh,0770866882,"343 Đường Bà Triệu, Quận Đống Đa, TP. Hà Nội",Hà Nội,1490000,310000,30000,1520000,MOMO,PAID,DELIVERED,2026-01-06T22:05:26,2026-01-06T22:33:26,2026-01-07T01:05:26,2026-01-10T01:05:26,
ORD-250712-2261,CUST-0110,Hồ Diệu Vân,0906098358,"291 Đường Võ Văn Tần, Thành phố Thủ Đức, TP. Hồ Chí Minh",Hồ Chí Minh,5780000,920000,0,5780000,MOMO,PAID,DELIVERED,2025-07-12T14:52:08,2025-07-12T15:20:08,2025-07-13T01:52:08,2025-07-14T19:52:08,
ORD-251121-2262,CUST-0144,Trần Đình Phong,0911426265,"320 Đường Nguyễn Thị Minh Khai, Quận 3, TP. Hồ Chí Minh",Hồ Chí Minh,9490000,1510000,0,9490000,VNPAY,PAID,DELIVERED,2025-11-21T10:16:19,2025-11-21T11:00:19,2025-11-21T17:16:19,2025-11-24T14:16:19,
ORD-260117-2263,CUST-0458,Nguyễn Đức Tùng,0380443270,"50 Đường Lạch Tray, Quận Ngô Quyền, TP. Hải Phòng",Hải Phòng,2190000,310000,30000,2220000,COD,PAID,DELIVERED,2026-01-17T20:13:21,2026-01-17T20:45:21,2026-01-18T02:13:21,2026-01-21T01:13:21,
ORD-260212-2264,CUST-0255,Võ Ngọc Nhi,0854322259,"343 Đường Nguyễn Kiệm, Quận Bình Thạnh, TP. Hồ Chí Minh",Hồ Chí Minh,6890000,610000,0,6890000,VNPAY,PAID,DELIVERED,2026-02-12T23:18:45,2026-02-12T23:25:45,2026-02-13T15:18:45,2026-02-16T01:18:45,
ORD-260108-2265,CUST-0446,Nguyễn Minh Khoa,0919318374,"278 Đường Hùng Vương, Quận Hải Châu, TP. Đà Nẵng",Đà Nẵng,2190000,310000,30000,2220000,COD,PAID,DELIVERED,2026-01-08T18:34:56,2026-01-08T18:59:56,2026-01-09T04:34:56,2026-01-10T23:34:56,
ORD-251126-2266,CUST-0031,Hồ Diệu Trúc,0978760366,"11 Đường Võ Văn Tần, Thành phố Thủ Đức, TP. Hồ Chí Minh",Hồ Chí Minh,10980000,1520000,0,10980000,BANK_TRANSFER,PAID,DELIVERED,2025-11-26T18:41:27,2025-11-26T19:26:27,2025-11-27T10:41:27,2025-11-27T20:41:27,
ORD-260131-2267,CUST-0274,Phan Diệu Giang,0385564729,"107 Đường Trần Hưng Đạo, Quận Lê Chân, TP. Hải Phòng",Hải Phòng,3990000,510000,30000,4020000,BANK_TRANSFER,PAID,DELIVERED,2026-01-31T11:48:38,2026-01-31T12:09:38,2026-01-31T13:48:38,2026-02-01T15:48:38,
ORD-260304-2268,CUST-0387,Vũ Linh Trinh,0983264870,"479 Đường Tô Hiệu, Quận Ngô Quyền, TP. Hải Phòng",Hải Phòng,4490000,710000,30000,4520000,MOMO,PAID,DELIVERED,2026-03-04T13:59:03,2026-03-04T14:25:03,2026-03-04T21:59:03,2026-03-07T13:59:03,
ORD-260131-2269,CUST-0389,Đỗ Thành Nam,0978904290,"370 Đường Nguyễn Văn Linh, Quận Ngũ Hành Sơn, TP. Đà Nẵng",Đà Nẵng,8990000,1510000,0,8990000,MOMO,PAID,DELIVERED,2026-01-31T19:13:11,2026-01-31T19:41:11,2026-02-01T08:13:11,2026-02-03T21:13:11,
ORD-260116-2270,CUST-0420,Đỗ Ngọc Bách,0852063459,"533 Đường Điện Biên Phủ, Quận 10, TP. Hồ Chí Minh",Hồ Chí Minh,4290000,710000,30000,4320000,VNPAY,PAID,DELIVERED,2026-01-16T13:50:22,2026-01-16T14:09:22,2026-01-16T22:50:22,2026-01-19T17:50:22,
ORD-251222-2271,CUST-0037,Nguyễn Anh Nam,0385726284,"451 Đường Tô Hiệu, Quận Ngô Quyền, TP. Hải Phòng",Hải Phòng,3390000,410000,30000,3420000,COD,PAID,DELIVERED,2025-12-22T16:32:22,2025-12-22T17:10:22,2025-12-22T18:32:22,2025-12-25T20:32:22,
ORD-251002-2272,CUST-0372,Hồ Quốc Trung,0389392906,"548 Đường Tô Hiệu, Quận Hồng Bàng, TP. Hải Phòng",Hải Phòng,12990000,1510000,0,12990000,BANK_TRANSFER,PAID,DELIVERED,2025-10-02T14:12:00,2025-10-02T14:40:00,2025-10-03T08:12:00,2025-10-04T17:12:00,
ORD-251101-2273,CUST-0427,Nguyễn Đình Hải,0797572158,"325 Đường Xuân Thủy, Quận Đống Đa, TP. Hà Nội",Hà Nội,8990000,1510000,0,8990000,COD,PAID,DELIVERED,2025-11-01T13:26:10,2025-11-01T13:44:10,2025-11-01T20:26:10,2025-11-03T13:26:10,
ORD-250926-2274,CUST-0183,Trần Lâm Sơn,0774741124,"340 Đường Trần Hưng Đạo, Quận Hồng Bàng, TP. Hải Phòng",Hải Phòng,1490000,310000,30000,1520000,BANK_TRANSFER,PAID,DELIVERED,2025-09-26T12:50:37,2025-09-26T13:03:37,2025-09-26T15:50:37,2025-09-28T15:50:37,
ORD-260123-2275,CUST-0467,Bùi Đình Dũng,0988914161,"220 Đường Tô Hiệu, Quận Ngô Quyền, TP. Hải Phòng",Hải Phòng,6480000,1020000,0,6480000,BANK_TRANSFER,PAID,DELIVERED,2026-01-23T02:25:52,2026-01-23T03:09:52,2026-01-23T09:25:52,2026-01-24T03:25:52,
ORD-250729-2276,CUST-0007,Dương Ngọc Nam,0858451462,"524 Đường 3 Tháng 2, Quận Gò Vấp, TP. Hồ Chí Minh",Hồ Chí Minh,12990000,1510000,0,12990000,COD,PAID,DELIVERED,2025-07-29T15:58:34,2025-07-29T16:15:34,2025-07-30T05:58:34,2025-07-31T16:58:34,
ORD-251129-2277,CUST-0377,Võ Hữu Kiệt,0798479513,"188 Đường Nguyễn Kiệm, Quận 3, TP. Hồ Chí Minh",Hồ Chí Minh,2490000,410000,30000,2520000,COD,PAID,DELIVERED,2025-11-29T17:59:08,2025-11-29T18:30:08,2025-11-30T03:59:08,2025-12-01T17:59:08,
ORD-250830-2278,CUST-0356,Võ Quốc Long,0382712863,"110 Đường Phan Đăng Lưu, Quận Phú Nhuận, TP. Hồ Chí Minh",Hồ Chí Minh,4290000,710000,30000,4320000,MOMO,PAID,DELIVERED,2025-08-30T10:21:26,2025-08-30T10:38:26,2025-08-30T12:21:26,2025-09-02T10:21:26,
ORD-260226-2279,CUST-0041,Phạm Phương Hà,0918233749,"203 Đường Lạch Tray, Quận Ngô Quyền, TP. Hải Phòng",Hải Phòng,9480000,1220000,0,9480000,BANK_TRANSFER,PAID,DELIVERED,2026-02-26T12:36:59,2026-02-26T13:05:59,2026-02-26T22:36:59,2026-02-27T12:36:59,
ORD-250715-2280,CUST-0285,Ngô Phương Lan,0982417974,"333 Đường Trần Hưng Đạo, Quận Ngô Quyền, TP. Hải Phòng",Hải Phòng,12280000,2020000,0,12280000,COD,PAID,DELIVERED,2025-07-15T14:08:13,2025-07-15T14:30:13,2025-07-16T07:08:13,2025-07-16T14:08:13,
ORD-250725-2281,CUST-0492,Võ Vy Hạnh,0777515366,"388 Đường Đại lộ Hòa Bình, Quận Cái Răng, TP. Cần Thơ",Cần Thơ,6890000,610000,0,6890000,BANK_TRANSFER,PAID,DELIVERED,2025-07-25T21:33:34,2025-07-25T21:40:34,2025-07-26T00:33:34,2025-07-27T22:33:34,
ORD-250716-2282,CUST-0258,Bùi Đình Hải,0855799136,"212 Đường Nguyễn Trãi, Quận Cầu Giấy, TP. Hà Nội",Hà Nội,6990000,810000,0,6990000,BANK_TRANSFER,PAID,DELIVERED,2025-07-16T17:53:34,2025-07-16T18:20:34,2025-07-17T07:53:34,2025-07-18T20:53:34,
ORD-260101-2283,CUST-0379,Hoàng Thị Hương,0795695579,"316 Đường Tô Hiệu, Quận Ngô Quyền, TP. Hải Phòng",Hải Phòng,22990000,2010000,0,22990000,COD,PAID,DELIVERED,2026-01-01T13:48:23,2026-01-01T14:33:23,2026-01-02T05:48:23,2026-01-04T15:48:23,
ORD-250807-2284,CUST-0394,Trần Trúc Mai,0910760310,"485 Đường Lạch Tray, Quận Lê Chân, TP. Hải Phòng",Hải Phòng,990000,210000,30000,1020000,BANK_TRANSFER,PAID,DELIVERED,2025-08-07T16:40:13,2025-08-07T17:10:13,2025-08-08T04:40:13,2025-08-08T17:40:13,
ORD-260123-2285,CUST-0003,Trần Ngọc Long,0979310341,"469 Đường Phan Đăng Lưu, Thành phố Thủ Đức, TP. Hồ Chí Minh",Hồ Chí Minh,8680000,1320000,0,8680000,COD,PAID,DELIVERED,2026-01-23T11:16:56,2026-01-23T11:50:56,2026-01-23T14:16:56,2026-01-24T11:16:56,
ORD-251224-2286,CUST-0229,Đặng Hữu Long,0834883755,"344 Đường Trần Duy Hưng, Quận Nam Từ Liêm, TP. Hà Nội",Hà Nội,15990000,2010000,0,15990000,COD,PAID,DELIVERED,2025-12-24T18:39:27,2025-12-24T18:52:27,2025-12-25T06:39:27,2025-12-25T18:39:27,
ORD-250730-2287,CUST-0420,Đỗ Ngọc Bách,0852063459,"533 Đường Điện Biên Phủ, Quận 10, TP. Hồ Chí Minh",Hồ Chí Minh,2190000,310000,30000,2220000,COD,PAID,DELIVERED,2025-07-30T10:51:22,2025-07-30T11:20:22,2025-07-30T19:51:22,2025-08-02T11:51:22,
ORD-260207-2288,CUST-0393,Hồ Linh Anh,0795240132,"319 Đường Bà Triệu, Quận Hoàn Kiếm, TP. Hà Nội",Hà Nội,4290000,710000,30000,4320000,BANK_TRANSFER,PAID,DELIVERED,2026-02-07T23:52:40,2026-02-08T00:24:40,2026-02-08T03:52:40,2026-02-09T00:52:40,
ORD-260116-2289,CUST-0011,Phạm Thị Hà,0918347382,"253 Đường Tô Hiệu, Quận Lê Chân, TP. Hải Phòng",Hải Phòng,1890000,310000,30000,1920000,COD,PAID,DELIVERED,2026-01-16T21:03:25,2026-01-16T21:14:25,2026-01-17T03:03:25,2026-01-18T21:03:25,
ORD-251119-2290,CUST-0055,Dương Linh Mai,0797026217,"341 Đường Lê Duẩn, Quận Ngũ Hành Sơn, TP. Đà Nẵng",Đà Nẵng,5980000,820000,0,5980000,BANK_TRANSFER,PAID,DELIVERED,2025-11-19T23:58:23,2025-11-20T00:31:23,2025-11-20T04:58:23,2025-11-20T23:58:23,
ORD-251117-2291,CUST-0270,Võ Phương Trinh,0862373334,"164 Đường Tràng Tiền, Quận Nam Từ Liêm, TP. Hà Nội",Hà Nội,4490000,510000,30000,4520000,VNPAY,PAID,DELIVERED,2025-11-17T20:06:18,2025-11-17T20:38:18,2025-11-18T08:06:18,2025-11-19T01:06:18,
ORD-260323-2292,CUST-0176,Võ Mai Hoa,0779252419,"50 Đường Nguyễn Thị Minh Khai, Quận Bình Thạnh, TP. Hồ Chí Minh",Hồ Chí Minh,2490000,410000,30000,2520000,BANK_TRANSFER,PAID,DELIVERED,2026-03-23T14:24:34,2026-03-23T14:43:34,2026-03-24T03:24:34,2026-03-24T17:24:34,
ORD-260225-2293,CUST-0018,Bùi Lâm Khánh,0908412411,"293 Đường Lê Hồng Phong, Quận Hồng Bàng, TP. Hải Phòng",Hải Phòng,8490000,1010000,0,8490000,BANK_TRANSFER,PAID,DELIVERED,2026-02-25T23:41:15,2026-02-25T23:47:15,2026-02-26T12:41:15,2026-03-01T04:41:15,
ORD-251222-2294,CUST-0226,Nguyễn Thảo Hà,0908993588,"259 Đường Tô Hiệu, Quận Hồng Bàng, TP. Hải Phòng",Hải Phòng,1490000,310000,30000,1520000,COD,PAID,DELIVERED,2025-12-22T19:39:39,2025-12-22T19:58:39,2025-12-22T22:39:39,2025-12-25T21:39:39,
ORD-251229-2295,CUST-0078,Dương Diệu Trinh,0386416052,"95 Đường Nguyễn Văn Cừ, Quận Bình Thủy, TP. Cần Thơ",Cần Thơ,2490000,410000,30000,2520000,COD,PAID,DELIVERED,2025-12-29T14:44:05,2025-12-29T15:21:05,2025-12-30T01:44:05,2025-12-30T17:44:05,
ORD-250912-2296,CUST-0350,Dương Diệu Phương,0937239504,"313 Đường Trần Văn Khéo, Quận Cái Răng, TP. Cần Thơ",Cần Thơ,12990000,2010000,0,12990000,VNPAY,PAID,DELIVERED,2025-09-12T15:20:46,2025-09-12T15:37:46,2025-09-12T17:20:46,2025-09-15T19:20:46,
ORD-250925-2297,CUST-0328,Dương Mai Hà,0857702727,"62 Đường Võ Nguyên Giáp, Quận Ngũ Hành Sơn, TP. Đà Nẵng",Đà Nẵng,3490000,410000,30000,3520000,BANK_TRANSFER,PAID,DELIVERED,2025-09-25T22:17:52,2025-09-25T22:55:52,2025-09-26T15:17:52,2025-09-28T02:17:52,
ORD-251013-2298,CUST-0146,Vũ Thành Duy,0939826224,"69 Đường Nguyễn Văn Linh, Quận Ngũ Hành Sơn, TP. Đà Nẵng",Đà Nẵng,8990000,1510000,0,8990000,VNPAY,PAID,DELIVERED,2025-10-13T21:16:06,2025-10-13T21:52:06,2025-10-14T08:16:06,2025-10-14T21:16:06,
ORD-260116-2299,CUST-0256,Đỗ Phương Trinh,0986030299,"155 Đường Nguyễn Trãi, Quận Hoàn Kiếm, TP. Hà Nội",Hà Nội,3290000,510000,30000,3320000,COD,PAID,DELIVERED,2026-01-16T17:08:25,2026-01-16T17:53:25,2026-01-17T00:08:25,2026-01-19T19:08:25,
ORD-250908-2300,CUST-0287,Phan Trúc Hoa,0971204618,"395 Đường Kim Mã, Quận Thanh Xuân, TP. Hà Nội",Hà Nội,2190000,310000,30000,2220000,COD,PAID,DELIVERED,2025-09-08T11:50:09,2025-09-08T12:06:09,2025-09-08T23:50:09,2025-09-11T11:50:09,
ORD-251024-2301,CUST-0467,Bùi Đình Dũng,0988914161,"220 Đường Tô Hiệu, Quận Ngô Quyền, TP. Hải Phòng",Hải Phòng,13480000,1820000,0,13480000,VNPAY,PAID,DELIVERED,2025-10-24T14:17:00,2025-10-24T14:38:00,2025-10-25T00:17:00,2025-10-26T17:17:00,
ORD-251126-2302,CUST-0156,Lê Phương Yến,0914785969,"365 Đường Lê Hồng Phong, Quận Hồng Bàng, TP. Hải Phòng",Hải Phòng,5490000,510000,0,5490000,COD,PAID,DELIVERED,2025-11-26T14:51:21,2025-11-26T15:19:21,2025-11-26T18:51:21,2025-11-28T14:51:21,
ORD-250909-2303,CUST-0323,Nguyễn Quỳnh Linh,0854999827,"100 Đường Lạch Tray, Quận Ngô Quyền, TP. Hải Phòng",Hải Phòng,12990000,1510000,0,12990000,COD,PAID,DELIVERED,2025-09-09T11:29:01,2025-09-09T12:02:01,2025-09-09T21:29:01,2025-09-12T13:29:01,
ORD-251119-2304,CUST-0249,Phạm Thành Khoa,0865257775,"184 Đường Đại lộ Hòa Bình, Quận Bình Thủy, TP. Cần Thơ",Cần Thơ,5780000,1020000,0,5780000,COD,PAID,DELIVERED,2025-11-19T16:33:19,2025-11-19T17:05:19,2025-11-19T19:33:19,2025-11-21T20:33:19,
ORD-251216-2305,CUST-0277,Trần Thảo Anh,0939982455,"85 Đường Tô Hiệu, Quận Ngô Quyền, TP. Hải Phòng",Hải Phòng,8990000,1510000,0,8990000,BANK_TRANSFER,PAID,DELIVERED,2025-12-16T20:51:48,2025-12-16T21:19:48,2025-12-17T05:51:48,2025-12-18T20:51:48,
ORD-251123-2306,CUST-0160,Đặng Trúc Yến,0837881914,"228 Đường Võ Nguyên Giáp, Quận Hải Châu, TP. Đà Nẵng",Đà Nẵng,6990000,810000,0,6990000,COD,PAID,DELIVERED,2025-11-23T11:06:41,2025-11-23T11:40:41,2025-11-23T20:06:41,2025-11-26T16:06:41,
ORD-260110-2307,CUST-0323,Nguyễn Quỳnh Linh,0854999827,"100 Đường Lạch Tray, Quận Ngô Quyền, TP. Hải Phòng",Hải Phòng,10980000,1320000,0,10980000,COD,PAID,DELIVERED,2026-01-10T12:57:45,2026-01-10T13:30:45,2026-01-11T05:57:45,2026-01-13T12:57:45,
ORD-250815-2308,CUST-0100,Đỗ Ngọc Trang,0987868144,"507 Đường Nguyễn Văn Cừ, Quận Ninh Kiều, TP. Cần Thơ",Cần Thơ,8480000,1220000,0,8480000,COD,PAID,DELIVERED,2025-08-15T16:43:28,2025-08-15T17:21:28,2025-08-15T18:43:28,2025-08-18T17:43:28,
ORD-250903-2309,CUST-0086,Ngô Phương Vy,0981418880,"390 Đường Hùng Vương, Quận Thanh Khê, TP. Đà Nẵng",Đà Nẵng,15480000,2520000,0,15480000,BANK_TRANSFER,PAID,DELIVERED,2025-09-03T21:16:52,2025-09-03T21:23:52,2025-09-04T03:16:52,2025-09-07T01:16:52,
ORD-251119-2310,CUST-0421,Dương Hoàng Trung,0777242954,"191 Đường Quang Trung, Thành phố Thủ Đức, TP. Hồ Chí Minh",Hồ Chí Minh,4780000,620000,30000,4810000,COD,PAID,DELIVERED,2025-11-19T16:08:33,2025-11-19T16:39:33,2025-11-19T23:08:33,2025-11-21T16:08:33,
ORD-250910-2311,CUST-0279,Bùi Đình Bách,0979876220,"86 Đường Kim Mã, Quận Hoàn Kiếm, TP. Hà Nội",Hà Nội,28880000,3320000,0,28880000,BANK_TRANSFER,PAID,DELIVERED,2025-09-10T00:15:00,2025-09-10T00:45:00,2025-09-10T18:15:00,2025-09-13T03:15:00,
ORD-251030-2312,CUST-0006,Phan Quỳnh Nhi,0771012269,"546 Đường Trần Văn Khéo, Quận Cái Răng, TP. Cần Thơ",Cần Thơ,3990000,510000,30000,4020000,MOMO,PAID,DELIVERED,2025-10-30T23:34:04,2025-10-30T23:52:04,2025-10-31T15:34:04,2025-11-02T04:34:04,
ORD-260202-2313,CUST-0188,Võ Anh Hoàng,0838564205,"64 Đường Kim Mã, Quận Cầu Giấy, TP. Hà Nội",Hà Nội,13490000,1510000,0,13490000,VNPAY,PAID,DELIVERED,2026-02-02T21:44:04,2026-02-02T21:57:04,2026-02-03T13:44:04,2026-02-05T22:44:04,
ORD-251122-2314,CUST-0426,Phan Anh Hoàng,0839004896,"140 Đường Nguyễn Văn Cừ, Quận Bình Thủy, TP. Cần Thơ",Cần Thơ,10280000,1720000,0,10280000,BANK_TRANSFER,PAID,DELIVERED,2025-11-22T16:54:15,2025-11-22T17:39:15,2025-11-23T09:54:15,2025-11-25T21:54:15,
ORD-250811-2315,CUST-0028,Hồ Anh Anh,0932016328,"472 Đường Lê Lợi, Quận Bình Thạnh, TP. Hồ Chí Minh",Hồ Chí Minh,1890000,310000,30000,1920000,COD,PAID,DELIVERED,2025-08-11T20:14:15,2025-08-11T20:51:15,2025-08-12T05:14:15,2025-08-13T23:14:15,
ORD-250812-2316,CUST-0418,Nguyễn Hoàng Huy,0861343275,"87 Đường Nguyễn Văn Cừ, Quận Ninh Kiều, TP. Cần Thơ",Cần Thơ,16480000,1920000,0,16480000,COD,PAID,DELIVERED,2025-08-12T14:42:38,2025-08-12T15:27:38,2025-08-12T20:42:38,2025-08-15T17:42:38,
ORD-250811-2317,CUST-0405,Đặng Khánh Chi,0836954500,"362 Đường Quang Trung, Quận 10, TP. Hồ Chí Minh",Hồ Chí Minh,990000,210000,30000,1020000,BANK_TRANSFER,PAID,DELIVERED,2025-08-11T14:36:20,2025-08-11T15:13:20,2025-08-11T19:36:20,2025-08-13T16:36:20,
ORD-250930-2318,CUST-0042,Lê Hồng Hạnh,0984008427,"495 Đường Võ Văn Tần, Quận Gò Vấp, TP. Hồ Chí Minh",Hồ Chí Minh,2490000,310000,30000,2520000,VNPAY,PAID,DELIVERED,2025-09-30T20:19:34,2025-09-30T21:00:34,2025-10-01T03:19:34,2025-10-02T21:19:34,
ORD-251128-2319,CUST-0497,Lê Đình Khoa,0857299493,"12 Đường Mậu Thân, Quận Cái Răng, TP. Cần Thơ",Cần Thơ,8490000,1010000,0,8490000,BANK_TRANSFER,PAID,DELIVERED,2025-11-28T16:01:56,2025-11-28T16:07:56,2025-11-29T05:01:56,2025-11-30T16:01:56,
ORD-260106-2320,CUST-0147,Vũ Trúc Lan,0974379937,"410 Đường Nguyễn Trãi, Quận Đống Đa, TP. Hà Nội",Hà Nội,4490000,510000,30000,4520000,MOMO,REFUNDED,CANCELLED,2026-01-06T18:42:58,2026-01-06T19:27:58,,,2026-01-07T08:42:58
ORD-250912-2321,CUST-0257,Lý Diệu Anh,0830413797,"151 Đường Tố Hữu, Quận Thanh Xuân, TP. Hà Nội",Hà Nội,3280000,520000,30000,3310000,COD,PAID,DELIVERED,2025-09-12T20:46:00,2025-09-12T21:04:00,2025-09-13T10:46:00,2025-09-13T22:46:00,
ORD-260617-2322,CUST-0402,Nguyễn Thị Lan,0770269524,"537 Đường Lạch Tray, Quận Hồng Bàng, TP. Hải Phòng",Hải Phòng,990000,210000,30000,1020000,COD,PENDING,PROCESSING,2026-06-17T21:07:36,2026-06-17T21:29:36,,,
ORD-251114-2323,CUST-0400,Hồ Hữu Hải,0915353961,"290 Đường Trần Văn Khéo, Quận Bình Thủy, TP. Cần Thơ",Cần Thơ,4990000,510000,30000,5020000,BANK_TRANSFER,PAID,DELIVERED,2025-11-14T22:51:30,2025-11-14T23:25:30,2025-11-15T12:51:30,2025-11-15T22:51:30,
ORD-251106-2324,CUST-0171,Phạm Đình Dũng,0937613791,"140 Đường Quang Trung, Quận Tân Bình, TP. Hồ Chí Minh",Hồ Chí Minh,18980000,2220000,0,18980000,VNPAY,PAID,DELIVERED,2025-11-06T16:01:39,2025-11-06T16:21:39,2025-11-07T02:01:39,2025-11-09T19:01:39,
ORD-260412-2325,CUST-0456,Bùi Diệu Yến,0776228277,"222 Đường Lạch Tray, Quận Lê Chân, TP. Hải Phòng",Hải Phòng,6180000,820000,0,6180000,BANK_TRANSFER,PAID,DELIVERED,2026-04-12T10:12:00,2026-04-12T10:30:00,2026-04-13T01:12:00,2026-04-15T15:12:00,
ORD-251101-2326,CUST-0177,Phạm Mai Phương,0982086353,"386 Đường Lê Duẩn, Quận Sơn Trà, TP. Đà Nẵng",Đà Nẵng,3490000,410000,30000,3520000,MOMO,PAID,DELIVERED,2025-11-01T13:08:21,2025-11-01T13:36:21,2025-11-01T15:08:21,2025-11-04T16:08:21,
ORD-260112-2327,CUST-0496,Võ Thu Trang,0985662128,"403 Đường Đại lộ Hòa Bình, Quận Bình Thủy, TP. Cần Thơ",Cần Thơ,66480000,6520000,0,66480000,COD,PAID,DELIVERED,2026-01-12T15:07:14,2026-01-12T15:28:14,2026-01-13T03:07:14,2026-01-13T16:07:14,
ORD-260204-2328,CUST-0300,Dương Trúc Thảo,0798899210,"276 Đường Nguyễn Văn Linh, Quận Thanh Khê, TP. Đà Nẵng",Đà Nẵng,11490000,1510000,0,11490000,COD,PAID,DELIVERED,2026-02-04T23:18:18,2026-02-04T23:25:18,2026-02-05T11:18:18,2026-02-08T04:18:18,
ORD-251230-2329,CUST-0247,Phạm Thảo Trinh,0908781414,"343 Đường Trần Duy Hưng, Quận Hoàn Kiếm, TP. Hà Nội",Hà Nội,11490000,1510000,0,11490000,BANK_TRANSFER,PAID,DELIVERED,2025-12-30T21:33:06,2025-12-30T22:01:06,2025-12-31T10:33:06,2026-01-02T01:33:06,
ORD-250714-2330,CUST-0295,Trần Thảo Phương,0857899405,"18 Đường Lạch Tray, Quận Lê Chân, TP. Hải Phòng",Hải Phòng,7980000,1320000,0,7980000,VNPAY,PAID,DELIVERED,2025-07-14T21:41:09,2025-07-14T22:15:09,2025-07-15T01:41:09,2025-07-16T01:41:09,
ORD-260312-2331,CUST-0227,Lê Quang Long,0900287721,"289 Đường Trần Hưng Đạo, Quận Thanh Khê, TP. Đà Nẵng",Đà Nẵng,990000,210000,30000,1020000,COD,PAID,DELIVERED,2026-03-12T20:34:39,2026-03-12T20:45:39,2026-03-13T06:34:39,2026-03-14T01:34:39,
ORD-260114-2332,CUST-0241,Nguyễn Minh Anh,0916484085,"49 Đường Tô Hiệu, Quận Ngô Quyền, TP. Hải Phòng",Hải Phòng,1490000,310000,30000,1520000,COD,PAID,DELIVERED,2026-01-14T14:33:34,2026-01-14T14:43:34,2026-01-15T08:33:34,2026-01-17T17:33:34,
ORD-260109-2333,CUST-0158,Bùi Quỳnh Chi,0858282742,"59 Đường Hùng Vương, Quận Ngũ Hành Sơn, TP. Đà Nẵng",Đà Nẵng,11980000,1520000,0,11980000,COD,PAID,DELIVERED,2026-01-09T08:18:12,2026-01-09T08:27:12,2026-01-10T00:18:12,2026-01-12T13:18:12,
ORD-260517-2334,CUST-0340,Dương Khánh Phương,0919196570,"5 Đường Chùa Bộc, Quận Nam Từ Liêm, TP. Hà Nội",Hà Nội,3290000,510000,30000,3320000,MOMO,PAID,DELIVERED,2026-05-17T14:23:20,2026-05-17T15:02:20,2026-05-18T01:23:20,2026-05-19T18:23:20,
ORD-250830-2335,CUST-0217,Phạm Thị Hương,0935421689,"310 Đường Nguyễn Trãi, Quận Cầu Giấy, TP. Hà Nội",Hà Nội,990000,210000,30000,1020000,COD,PAID,DELIVERED,2025-08-30T16:53:06,2025-08-30T17:31:06,2025-08-31T01:53:06,2025-09-01T17:53:06,
ORD-250701-2336,CUST-0356,Võ Quốc Long,0382712863,"110 Đường Phan Đăng Lưu, Quận Phú Nhuận, TP. Hồ Chí Minh",Hồ Chí Minh,5680000,720000,0,5680000,BANK_TRANSFER,PAID,DELIVERED,2025-07-01T16:19:06,2025-07-01T16:36:06,2025-07-01T23:19:06,2025-07-03T21:19:06,
ORD-251007-2337,CUST-0429,Phạm Linh Thảo,0987617075,"509 Đường Tô Hiệu, Quận Ngô Quyền, TP. Hải Phòng",Hải Phòng,1890000,310000,30000,1920000,COD,PAID,DELIVERED,2025-10-07T09:24:11,2025-10-07T09:47:11,2025-10-07T15:24:11,2025-10-10T12:24:11,
ORD-260522-2338,CUST-0359,Phan Minh Tuấn,0774328063,"503 Đường Nguyễn Văn Cừ, Quận Ninh Kiều, TP. Cần Thơ",Cần Thơ,3990000,510000,30000,4020000,COD,PAID,DELIVERED,2026-05-22T09:16:40,2026-05-22T09:45:40,2026-05-22T11:16:40,2026-05-25T12:16:40,
ORD-260305-2339,CUST-0141,Đỗ Duy Nam,0790339740,"327 Đường Nguyễn Văn Linh, Quận Hải Châu, TP. Đà Nẵng",Đà Nẵng,8990000,1510000,0,8990000,COD,CANCELLED,CANCELLED,2026-03-05T18:00:11,2026-03-05T18:28:11,,,2026-03-06T07:00:11
ORD-250728-2340,CUST-0143,Nguyễn Phương Lan,0979996504,"389 Đường Nguyễn Văn Cừ, Quận Ninh Kiều, TP. Cần Thơ",Cần Thơ,3580000,520000,30000,3610000,COD,PAID,DELIVERED,2025-07-28T20:42:31,2025-07-28T20:52:31,2025-07-29T06:42:31,2025-08-01T01:42:31,
ORD-250712-2341,CUST-0244,Phan Thảo Mai,0790919015,"93 Đường Phan Đăng Lưu, Quận Gò Vấp, TP. Hồ Chí Minh",Hồ Chí Minh,3290000,510000,30000,3320000,COD,PAID,DELIVERED,2025-07-12T15:02:16,2025-07-12T15:10:16,2025-07-12T21:02:16,2025-07-15T16:02:16,
ORD-260325-2342,CUST-0079,Phạm Diệu Nhi,0916453521,"364 Đường Quang Trung, Quận Bình Thạnh, TP. Hồ Chí Minh",Hồ Chí Minh,5490000,710000,0,5490000,MOMO,PAID,DELIVERED,2026-03-25T21:59:46,2026-03-25T22:11:46,2026-03-26T06:59:46,2026-03-28T21:59:46,
ORD-250730-2343,CUST-0336,Hồ Lâm Duy,0917921717,"234 Đường Mậu Thân, Quận Cái Răng, TP. Cần Thơ",Cần Thơ,6480000,720000,0,6480000,MOMO,PAID,DELIVERED,2025-07-30T11:32:31,2025-07-30T11:51:31,2025-07-30T20:32:31,2025-08-01T13:32:31,
ORD-250908-2344,CUST-0303,Lê Hồng Phương,0779981364,"89 Đường Tràng Tiền, Quận Thanh Xuân, TP. Hà Nội",Hà Nội,3990000,510000,30000,4020000,COD,PAID,DELIVERED,2025-09-08T19:35:16,2025-09-08T20:04:16,2025-09-08T22:35:16,2025-09-09T21:35:16,
ORD-251203-2345,CUST-0365,Hồ Đình Khoa,0772324876,"95 Đường Võ Văn Tần, Quận 10, TP. Hồ Chí Minh",Hồ Chí Minh,9480000,1220000,0,9480000,VNPAY,PAID,DELIVERED,2025-12-03T18:00:19,2025-12-03T18:05:19,2025-12-04T06:00:19,2025-12-05T23:00:19,
ORD-250810-2346,CUST-0305,Phan Duy Tuấn,0916655355,"363 Đường 3 Tháng 2, Quận Gò Vấp, TP. Hồ Chí Minh",Hồ Chí Minh,15480000,2320000,0,15480000,VNPAY,PAID,DELIVERED,2025-08-10T19:41:25,2025-08-10T19:54:25,2025-08-11T02:41:25,2025-08-11T20:41:25,
ORD-251127-2347,CUST-0032,Ngô Diệu Hạnh,0799373467,"174 Đường Trần Văn Khéo, Quận Cái Răng, TP. Cần Thơ",Cần Thơ,7280000,1020000,0,7280000,VNPAY,PAID,DELIVERED,2025-11-27T08:06:55,2025-11-27T08:26:55,2025-11-27T22:06:55,2025-11-28T10:06:55,
ORD-260425-2348,CUST-0427,Nguyễn Đình Hải,0797572158,"325 Đường Xuân Thủy, Quận Đống Đa, TP. Hà Nội",Hà Nội,1890000,310000,30000,1920000,VNPAY,PAID,DELIVERED,2026-04-25T09:10:35,2026-04-25T09:55:35,2026-04-25T20:10:35,2026-04-27T11:10:35,
ORD-250819-2349,CUST-0378,Trần Ngọc Vy,0772380468,"459 Đường Trần Văn Khéo, Quận Cái Răng, TP. Cần Thơ",Cần Thơ,17480000,2020000,0,17480000,COD,PAID,DELIVERED,2025-08-19T12:01:09,2025-08-19T12:14:09,2025-08-20T04:01:09,2025-08-22T16:01:09,
ORD-251230-2350,CUST-0171,Phạm Đình Dũng,0937613791,"140 Đường Quang Trung, Quận Tân Bình, TP. Hồ Chí Minh",Hồ Chí Minh,9980000,1220000,0,9980000,COD,PAID,DELIVERED,2025-12-30T10:20:24,2025-12-30T10:58:24,2025-12-30T20:20:24,2026-01-01T15:20:24,
ORD-251216-2351,CUST-0386,Hồ Đức Tùng,0831234785,"11 Đường Lạch Tray, Quận Ngô Quyền, TP. Hải Phòng",Hải Phòng,990000,210000,30000,1020000,BANK_TRANSFER,PAID,DELIVERED,2025-12-16T08:17:00,2025-12-16T08:47:00,2025-12-16T17:17:00,2025-12-17T11:17:00,
ORD-251230-2352,CUST-0486,Dương Thu Trinh,0773179128,"536 Đường Tô Hiệu, Quận Ngô Quyền, TP. Hải Phòng",Hải Phòng,30280000,3520000,0,30280000,COD,PAID,DELIVERED,2025-12-30T21:10:26,2025-12-30T21:35:26,2025-12-31T14:10:26,2026-01-03T00:10:26,
ORD-260117-2353,CUST-0354,Nguyễn Ngọc Sơn,0831119269,"306 Đường Phan Đăng Lưu, Quận 10, TP. Hồ Chí Minh",Hồ Chí Minh,1290000,210000,30000,1320000,COD,PAID,DELIVERED,2026-01-17T15:04:17,2026-01-17T15:42:17,2026-01-18T00:04:17,2026-01-18T19:04:17,
ORD-260104-2354,CUST-0101,Dương Quỳnh Yến,0915518844,"525 Đường Tràng Tiền, Quận Nam Từ Liêm, TP. Hà Nội",Hà Nội,3690000,510000,30000,3720000,COD,PAID,DELIVERED,2026-01-04T10:21:38,2026-01-04T11:03:38,2026-01-04T21:21:38,2026-01-05T15:21:38,
ORD-260512-2355,CUST-0154,Nguyễn Hữu Hùng,0971238282,"242 Đường Tô Hiệu, Quận Ngô Quyền, TP. Hải Phòng",Hải Phòng,2190000,310000,30000,2220000,COD,PAID,DELIVERED,2026-05-12T13:10:11,2026-05-12T13:16:11,2026-05-13T07:10:11,2026-05-15T18:10:11,
ORD-260602-2356,CUST-0362,Phạm Đức Hùng,0980417929,"230 Đường Võ Văn Tần, Quận 3, TP. Hồ Chí Minh",Hồ Chí Minh,990000,210000,30000,1020000,COD,PAID,DELIVERED,2026-06-02T21:44:39,2026-06-02T22:11:39,2026-06-03T05:44:39,2026-06-05T01:44:39,
ORD-250925-2357,CUST-0107,Phan Minh Trung,0976258815,"465 Đường Nguyễn Văn Cừ, Quận Ninh Kiều, TP. Cần Thơ",Cần Thơ,6490000,1010000,0,6490000,COD,PAID,DELIVERED,2025-09-25T17:37:23,2025-09-25T17:44:23,2025-09-26T03:37:23,2025-09-27T21:37:23,
ORD-260317-2358,CUST-0177,Phạm Mai Phương,0982086353,"386 Đường Lê Duẩn, Quận Sơn Trà, TP. Đà Nẵng",Đà Nẵng,39980000,4520000,0,39980000,COD,PAID,DELIVERED,2026-03-17T21:08:14,2026-03-17T21:39:14,2026-03-18T01:08:14,2026-03-21T00:08:14,
ORD-251222-2359,CUST-0202,Đỗ Thảo Vy,0834511686,"474 Đường Hùng Vương, Quận Sơn Trà, TP. Đà Nẵng",Đà Nẵng,1980000,420000,30000,2010000,COD,PAID,DELIVERED,2025-12-22T17:17:35,2025-12-22T17:57:35,2025-12-23T07:17:35,2025-12-25T18:17:35,
ORD-260323-2360,CUST-0383,Ngô Anh Trung,0917028140,"370 Đường Tô Hiệu, Quận Hồng Bàng, TP. Hải Phòng",Hải Phòng,1490000,310000,30000,1520000,MOMO,PAID,DELIVERED,2026-03-23T09:43:23,2026-03-23T09:54:23,2026-03-23T14:43:23,2026-03-26T14:43:23,
ORD-251121-2361,CUST-0182,Lý Thành Trung,0977431329,"465 Đường Chùa Bộc, Quận Cầu Giấy, TP. Hà Nội",Hà Nội,3390000,410000,30000,3420000,BANK_TRANSFER,PAID,DELIVERED,2025-11-21T12:04:09,2025-11-21T12:10:09,2025-11-21T22:04:09,2025-11-22T17:04:09,
ORD-251015-2362,CUST-0155,Lê Hoàng Anh,0909379660,"69 Đường Kim Mã, Quận Thanh Xuân, TP. Hà Nội",Hà Nội,8480000,920000,0,8480000,CREDIT_CARD,PAID,DELIVERED,2025-10-15T10:52:17,2025-10-15T11:06:17,2025-10-15T12:52:17,2025-10-17T12:52:17,
ORD-260516-2363,CUST-0325,Bùi Ngọc Khánh,0917946954,"137 Đường Lê Hồng Phong, Quận Lê Chân, TP. Hải Phòng",Hải Phòng,2190000,310000,30000,2220000,COD,PAID,DELIVERED,2026-05-16T11:55:03,2026-05-16T12:17:03,2026-05-16T19:55:03,2026-05-17T11:55:03,
ORD-251121-2364,CUST-0347,Võ Linh Trinh,0976544209,"489 Đường Lê Duẩn, Quận Sơn Trà, TP. Đà Nẵng",Đà Nẵng,990000,210000,30000,1020000,MOMO,PAID,DELIVERED,2025-11-21T17:01:39,2025-11-21T17:10:39,2025-11-22T00:01:39,2025-11-22T19:01:39,
ORD-250823-2365,CUST-0142,Bùi Hồng Phương,0914293968,"85 Đường Mậu Thân, Quận Bình Thủy, TP. Cần Thơ",Cần Thơ,4990000,510000,30000,5020000,BANK_TRANSFER,PAID,DELIVERED,2025-08-23T14:29:03,2025-08-23T15:14:03,2025-08-23T23:29:03,2025-08-24T17:29:03,
ORD-260601-2366,CUST-0016,Bùi Thảo Trinh,0838543534,"473 Đường Kim Mã, Quận Hoàn Kiếm, TP. Hà Nội",Hà Nội,990000,210000,30000,1020000,BANK_TRANSFER,PAID,DELIVERED,2026-06-01T12:53:18,2026-06-01T13:06:18,2026-06-01T17:53:18,2026-06-02T17:53:18,
ORD-250823-2367,CUST-0367,Ngô Linh Chi,0982005436,"111 Đường Lê Duẩn, Quận Ngũ Hành Sơn, TP. Đà Nẵng",Đà Nẵng,14980000,1820000,0,14980000,BANK_TRANSFER,REFUNDED,CANCELLED,2025-08-23T05:16:37,2025-08-23T05:33:37,,,2025-08-24T04:16:37
ORD-260125-2368,CUST-0037,Nguyễn Anh Nam,0385726284,"451 Đường Tô Hiệu, Quận Ngô Quyền, TP. Hải Phòng",Hải Phòng,18180000,2320000,0,18180000,COD,PAID,DELIVERED,2026-01-25T10:45:26,2026-01-25T10:52:26,2026-01-25T20:45:26,2026-01-28T11:45:26,
ORD-260505-2369,CUST-0112,Đặng Vy Nhi,0985952694,"311 Đường Hùng Vương, Quận Ngũ Hành Sơn, TP. Đà Nẵng",Đà Nẵng,14480000,2020000,0,14480000,BANK_TRANSFER,PAID,DELIVERED,2026-05-05T16:29:35,2026-05-05T16:56:35,2026-05-05T21:29:35,2026-05-07T16:29:35,
ORD-251125-2370,CUST-0171,Phạm Đình Dũng,0937613791,"140 Đường Quang Trung, Quận Tân Bình, TP. Hồ Chí Minh",Hồ Chí Minh,4080000,620000,30000,4110000,COD,PAID,DELIVERED,2025-11-25T13:17:46,2025-11-25T13:43:46,2025-11-25T22:17:46,2025-11-28T16:17:46,
ORD-260208-2371,CUST-0465,Vũ Văn Huy,0799138249,"387 Đường Trần Hưng Đạo, Quận Hồng Bàng, TP. Hải Phòng",Hải Phòng,19980000,2820000,0,19980000,BANK_TRANSFER,PAID,DELIVERED,2026-02-08T13:12:16,2026-02-08T13:37:16,2026-02-08T15:12:16,2026-02-11T15:12:16,
ORD-260301-2372,CUST-0179,Hồ Anh Hoàng,0837383206,"14 Đường Tràng Tiền, Quận Ba Đình, TP. Hà Nội",Hà Nội,52990000,5010000,0,52990000,BANK_TRANSFER,PAID,DELIVERED,2026-03-01T18:31:12,2026-03-01T18:56:12,2026-03-01T21:31:12,2026-03-04T23:31:12,
ORD-260321-2373,CUST-0417,Phan Mai Ngọc,0909003486,"247 Đường Hùng Vương, Quận Hải Châu, TP. Đà Nẵng",Đà Nẵng,6490000,1010000,0,6490000,BANK_TRANSFER,PAID,DELIVERED,2026-03-21T01:33:27,2026-03-21T01:58:27,2026-03-21T10:33:27,2026-03-22T04:33:27,
ORD-250825-2374,CUST-0473,Dương Hoàng Khoa,0861877580,"435 Đường Kim Mã, Quận Cầu Giấy, TP. Hà Nội",Hà Nội,9480000,1120000,0,9480000,BANK_TRANSFER,PAID,DELIVERED,2025-08-25T17:15:50,2025-08-25T17:37:50,2025-08-25T20:15:50,2025-08-26T21:15:50,
ORD-250622-2375,CUST-0232,Lê Văn Khánh,0908697829,"334 Đường Tố Hữu, Quận Cầu Giấy, TP. Hà Nội",Hà Nội,52990000,5010000,0,52990000,BANK_TRANSFER,PAID,DELIVERED,2025-06-22T20:08:42,2025-06-22T20:32:42,2025-06-23T00:08:42,2025-06-25T01:08:42,
ORD-260204-2376,CUST-0319,Lý Khánh Hà,0852111751,"392 Đường Mậu Thân, Quận Bình Thủy, TP. Cần Thơ",Cần Thơ,16280000,2520000,0,16280000,COD,PAID,DELIVERED,2026-02-04T12:21:52,2026-02-04T12:41:52,2026-02-05T03:21:52,2026-02-07T16:21:52,
ORD-260508-2377,CUST-0450,Hồ Hữu Tuấn,0975626060,"537 Đường Nguyễn Trãi, Quận Ba Đình, TP. Hà Nội",Hà Nội,3990000,510000,30000,4020000,BANK_TRANSFER,PAID,DELIVERED,2026-05-08T08:49:10,2026-05-08T09:11:10,2026-05-08T16:49:10,2026-05-09T13:49:10,
ORD-250807-2378,CUST-0255,Võ Ngọc Nhi,0854322259,"343 Đường Nguyễn Kiệm, Quận Bình Thạnh, TP. Hồ Chí Minh",Hồ Chí Minh,4490000,710000,30000,4520000,BANK_TRANSFER,PAID,DELIVERED,2025-08-07T18:29:29,2025-08-07T18:42:29,2025-08-08T04:29:29,2025-08-08T22:29:29,
ORD-251218-2379,CUST-0325,Bùi Ngọc Khánh,0917946954,"137 Đường Lê Hồng Phong, Quận Lê Chân, TP. Hải Phòng",Hải Phòng,11480000,1320000,0,11480000,COD,PAID,DELIVERED,2025-12-18T18:56:14,2025-12-18T19:36:14,2025-12-19T01:56:14,2025-12-21T19:56:14,
ORD-260328-2380,CUST-0330,Lê Lâm Việt,0970461735,"314 Đường Hùng Vương, Quận Thanh Khê, TP. Đà Nẵng",Đà Nẵng,11490000,1510000,0,11490000,COD,PAID,DELIVERED,2026-03-28T14:58:09,2026-03-28T15:28:09,2026-03-28T17:58:09,2026-03-31T18:58:09,
ORD-250823-2381,CUST-0487,Hồ Hồng Chi,0777496903,"410 Đường Bà Triệu, Quận Hai Bà Trưng, TP. Hà Nội",Hà Nội,1890000,310000,30000,1920000,COD,PAID,DELIVERED,2025-08-23T09:05:54,2025-08-23T09:11:54,2025-08-23T16:05:54,2025-08-26T14:05:54,
ORD-251015-2382,CUST-0201,Vũ Thành Dũng,0799899217,"134 Đường Bà Triệu, Quận Thanh Xuân, TP. Hà Nội",Hà Nội,16490000,2010000,0,16490000,BANK_TRANSFER,PAID,DELIVERED,2025-10-15T14:49:33,2025-10-15T15:16:33,2025-10-15T17:49:33,2025-10-17T17:49:33,
ORD-251227-2383,CUST-0220,Đặng Hồng Vy,0930461849,"528 Đường Xuân Thủy, Quận Hai Bà Trưng, TP. Hà Nội",Hà Nội,22980000,3020000,0,22980000,COD,PAID,DELIVERED,2025-12-27T16:01:41,2025-12-27T16:32:41,2025-12-27T23:01:41,2025-12-29T16:01:41,
ORD-251212-2384,CUST-0180,Ngô Thành Việt,0913836702,"242 Đường Lê Duẩn, Quận Hải Châu, TP. Đà Nẵng",Đà Nẵng,8980000,1020000,0,8980000,VNPAY,PAID,DELIVERED,2025-12-12T22:19:51,2025-12-12T22:40:51,2025-12-13T06:19:51,2025-12-14T22:19:51,
ORD-250824-2385,CUST-0306,Bùi Thị Hương,0935211039,"118 Đường Trần Hưng Đạo, Quận Hải Châu, TP. Đà Nẵng",Đà Nẵng,1490000,310000,30000,1520000,MOMO,PAID,DELIVERED,2025-08-24T07:25:05,2025-08-24T07:49:05,2025-08-24T15:25:05,2025-08-26T10:25:05,
ORD-260218-2386,CUST-0008,Dương Duy Sơn,0985288095,"319 Đường Quang Trung, Quận 3, TP. Hồ Chí Minh",Hồ Chí Minh,27480000,3520000,0,27480000,BANK_TRANSFER,PAID,DELIVERED,2026-02-18T22:28:28,2026-02-18T22:54:28,2026-02-19T11:28:28,2026-02-20T03:28:28,
ORD-260427-2387,CUST-0174,Hoàng Thành Phong,0903161799,"17 Đường Lê Duẩn, Quận Thanh Khê, TP. Đà Nẵng",Đà Nẵng,6490000,1010000,0,6490000,BANK_TRANSFER,PAID,DELIVERED,2026-04-27T14:41:42,2026-04-27T15:01:42,2026-04-28T04:41:42,2026-04-28T15:41:42,
ORD-251114-2388,CUST-0110,Hồ Diệu Vân,0906098358,"291 Đường Võ Văn Tần, Thành phố Thủ Đức, TP. Hồ Chí Minh",Hồ Chí Minh,2190000,310000,30000,2220000,VNPAY,PAID,DELIVERED,2025-11-14T16:28:54,2025-11-14T16:53:54,2025-11-14T20:28:54,2025-11-16T17:28:54,
ORD-250927-2389,CUST-0146,Vũ Thành Duy,0939826224,"69 Đường Nguyễn Văn Linh, Quận Ngũ Hành Sơn, TP. Đà Nẵng",Đà Nẵng,8490000,1010000,0,8490000,BANK_TRANSFER,PAID,DELIVERED,2025-09-27T08:34:02,2025-09-27T08:39:02,2025-09-27T13:34:02,2025-09-28T09:34:02,
ORD-251124-2390,CUST-0258,Bùi Đình Hải,0855799136,"212 Đường Nguyễn Trãi, Quận Cầu Giấy, TP. Hà Nội",Hà Nội,990000,210000,30000,1020000,VNPAY,PAID,DELIVERED,2025-11-24T18:01:36,2025-11-24T18:13:36,2025-11-25T08:01:36,2025-11-26T18:01:36,
ORD-251129-2391,CUST-0451,Vũ Thành Duy,0865504892,"457 Đường Mậu Thân, Quận Cái Răng, TP. Cần Thơ",Cần Thơ,7480000,820000,0,7480000,BANK_TRANSFER,PAID,DELIVERED,2025-11-29T11:38:03,2025-11-29T12:08:03,2025-11-29T15:38:03,2025-12-01T16:38:03,
ORD-251104-2392,CUST-0431,Ngô Ngọc Hà,0904165915,"496 Đường Võ Văn Tần, Quận 3, TP. Hồ Chí Minh",Hồ Chí Minh,1290000,210000,30000,1320000,COD,PAID,DELIVERED,2025-11-04T09:21:17,2025-11-04T09:37:17,2025-11-05T03:21:17,2025-11-07T11:21:17,
ORD-260101-2393,CUST-0183,Trần Lâm Sơn,0774741124,"340 Đường Trần Hưng Đạo, Quận Hồng Bàng, TP. Hải Phòng",Hải Phòng,4290000,710000,30000,4320000,BANK_TRANSFER,PAID,DELIVERED,2026-01-01T21:45:33,2026-01-01T22:06:33,2026-01-02T05:45:33,2026-01-03T02:45:33,
ORD-260321-2394,CUST-0181,Vũ Minh Bách,0919182619,"247 Đường 3 Tháng 2, Thành phố Thủ Đức, TP. Hồ Chí Minh",Hồ Chí Minh,5780000,920000,0,5780000,COD,PAID,DELIVERED,2026-03-21T12:28:26,2026-03-21T12:47:26,2026-03-22T04:28:26,2026-03-22T15:28:26,
ORD-260102-2395,CUST-0263,Võ Khánh Trinh,0976213721,"58 Đường Lê Hồng Phong, Quận Ngô Quyền, TP. Hải Phòng",Hải Phòng,12990000,2010000,0,12990000,COD,PAID,DELIVERED,2026-01-02T11:47:29,2026-01-02T12:05:29,2026-01-02T21:47:29,2026-01-03T16:47:29,
ORD-251226-2396,CUST-0082,Bùi Hoàng Bách,0838079359,"466 Đường Lạch Tray, Quận Hồng Bàng, TP. Hải Phòng",Hải Phòng,3490000,410000,30000,3520000,CREDIT_CARD,PAID,DELIVERED,2025-12-26T10:25:46,2025-12-26T10:40:46,2025-12-26T15:25:46,2025-12-28T13:25:46,
ORD-251122-2397,CUST-0421,Dương Hoàng Trung,0777242954,"191 Đường Quang Trung, Thành phố Thủ Đức, TP. Hồ Chí Minh",Hồ Chí Minh,6490000,1010000,0,6490000,BANK_TRANSFER,PAID,DELIVERED,2025-11-22T01:57:27,2025-11-22T02:21:27,2025-11-22T07:57:27,2025-11-25T03:57:27,
ORD-260228-2398,CUST-0283,Nguyễn Lâm Minh,0974780774,"12 Đường Mậu Thân, Quận Cái Răng, TP. Cần Thơ",Cần Thơ,1490000,310000,30000,1520000,COD,PAID,DELIVERED,2026-02-28T12:44:40,2026-02-28T13:10:40,2026-02-28T14:44:40,2026-03-03T13:44:40,
ORD-251208-2399,CUST-0100,Đỗ Ngọc Trang,0987868144,"507 Đường Nguyễn Văn Cừ, Quận Ninh Kiều, TP. Cần Thơ",Cần Thơ,13680000,1820000,0,13680000,BANK_TRANSFER,PAID,DELIVERED,2025-12-08T23:38:48,2025-12-08T23:45:48,2025-12-09T05:38:48,2025-12-12T04:38:48,
ORD-250908-2400,CUST-0352,Dương Thảo Thảo,0974414967,"537 Đường Bà Triệu, Quận Hoàn Kiếm, TP. Hà Nội",Hà Nội,8490000,1010000,0,8490000,BANK_TRANSFER,PAID,DELIVERED,2025-09-08T11:04:22,2025-09-08T11:47:22,2025-09-08T16:04:22,2025-09-11T11:04:22,
ORD-260608-2401,CUST-0357,Bùi Lâm Bách,0907200642,"8 Đường Hùng Vương, Quận Ngũ Hành Sơn, TP. Đà Nẵng",Đà Nẵng,3490000,410000,30000,3520000,COD,PAID,DELIVERED,2026-06-08T08:45:48,2026-06-08T09:10:48,2026-06-08T12:45:48,2026-06-09T12:45:48,
ORD-260211-2402,CUST-0331,Ngô Phương Lan,0778078235,"151 Đường Lê Hồng Phong, Quận Ngô Quyền, TP. Hải Phòng",Hải Phòng,17480000,2220000,0,17480000,COD,PAID,DELIVERED,2026-02-11T19:32:13,2026-02-11T20:08:13,2026-02-12T06:32:13,2026-02-12T21:32:13,
ORD-250710-2403,CUST-0024,Hồ Hoàng Long,0791693406,"377 Đường Trần Hưng Đạo, Quận Lê Chân, TP. Hải Phòng",Hải Phòng,3390000,410000,30000,3420000,COD,PAID,DELIVERED,2025-07-10T18:03:28,2025-07-10T18:10:28,2025-07-11T06:03:28,2025-07-11T23:03:28,
ORD-251201-2404,CUST-0366,Phan Thu Hương,0931819588,"288 Đường Mậu Thân, Quận Bình Thủy, TP. Cần Thơ",Cần Thơ,4380000,620000,30000,4410000,CREDIT_CARD,PAID,DELIVERED,2025-12-01T10:24:04,2025-12-01T10:34:04,2025-12-02T01:24:04,2025-12-04T11:24:04,
ORD-260130-2405,CUST-0329,Bùi Minh Duy,0790395512,"174 Đường Nguyễn Kiệm, Quận Tân Bình, TP. Hồ Chí Minh",Hồ Chí Minh,3180000,520000,30000,3210000,COD,PAID,DELIVERED,2026-01-30T19:50:44,2026-01-30T20:16:44,2026-01-30T23:50:44,2026-02-01T23:50:44,
ORD-260308-2406,CUST-0243,Nguyễn Mai Hoa,0911024819,"466 Đường Võ Nguyên Giáp, Quận Ngũ Hành Sơn, TP. Đà Nẵng",Đà Nẵng,15990000,2010000,0,15990000,COD,PAID,DELIVERED,2026-03-08T13:16:55,2026-03-08T13:26:55,2026-03-09T03:16:55,2026-03-10T13:16:55,
ORD-250822-2407,CUST-0032,Ngô Diệu Hạnh,0799373467,"174 Đường Trần Văn Khéo, Quận Cái Răng, TP. Cần Thơ",Cần Thơ,11780000,1820000,0,11780000,BANK_TRANSFER,PAID,DELIVERED,2025-08-22T14:32:50,2025-08-22T14:45:50,2025-08-23T06:32:50,2025-08-25T15:32:50,
ORD-260102-2408,CUST-0196,Lê Trúc Hoa,0860541152,"499 Đường Quang Trung, Quận 3, TP. Hồ Chí Minh",Hồ Chí Minh,4490000,510000,30000,4520000,COD,PAID,DELIVERED,2026-01-02T09:19:30,2026-01-02T09:41:30,2026-01-02T11:19:30,2026-01-03T13:19:30,
ORD-251219-2409,CUST-0215,Phan Vy Yến,0985217525,"285 Đường Võ Văn Tần, Quận 1, TP. Hồ Chí Minh",Hồ Chí Minh,24480000,2320000,0,24480000,COD,PAID,DELIVERED,2025-12-19T17:27:21,2025-12-19T17:43:21,2025-12-20T09:27:21,2025-12-21T19:27:21,
ORD-250830-2410,CUST-0300,Dương Trúc Thảo,0798899210,"276 Đường Nguyễn Văn Linh, Quận Thanh Khê, TP. Đà Nẵng",Đà Nẵng,14480000,2320000,0,14480000,MOMO,PAID,DELIVERED,2025-08-30T14:39:22,2025-08-30T14:55:22,2025-08-30T17:39:22,2025-09-02T16:39:22,
ORD-251128-2411,CUST-0254,Vũ Minh Tùng,0851846386,"11 Đường Võ Nguyên Giáp, Quận Ngũ Hành Sơn, TP. Đà Nẵng",Đà Nẵng,12990000,1510000,0,12990000,BANK_TRANSFER,PAID,DELIVERED,2025-11-28T21:44:12,2025-11-28T22:18:12,2025-11-29T11:44:12,2025-12-02T01:44:12,
ORD-260131-2412,CUST-0032,Ngô Diệu Hạnh,0799373467,"174 Đường Trần Văn Khéo, Quận Cái Răng, TP. Cần Thơ",Cần Thơ,3390000,410000,30000,3420000,MOMO,PAID,DELIVERED,2026-01-31T15:21:57,2026-01-31T15:59:57,2026-02-01T00:21:57,2026-02-02T20:21:57,
ORD-260607-2413,CUST-0116,Phạm Đình Việt,0937575844,"409 Đường Tô Hiệu, Quận Lê Chân, TP. Hải Phòng",Hải Phòng,12990000,1510000,0,12990000,COD,PAID,DELIVERED,2026-06-07T16:44:42,2026-06-07T17:00:42,2026-06-08T02:44:42,2026-06-08T17:44:42,
ORD-250918-2414,CUST-0420,Đỗ Ngọc Bách,0852063459,"533 Đường Điện Biên Phủ, Quận 10, TP. Hồ Chí Minh",Hồ Chí Minh,2490000,410000,30000,2520000,MOMO,PAID,DELIVERED,2025-09-18T12:27:32,2025-09-18T13:12:32,2025-09-18T15:27:32,2025-09-21T17:27:32,
ORD-260113-2415,CUST-0455,Dương Anh Nam,0986611062,"536 Đường Nguyễn Kiệm, Quận Tân Bình, TP. Hồ Chí Minh",Hồ Chí Minh,26990000,3010000,0,26990000,MOMO,PAID,DELIVERED,2026-01-13T15:07:22,2026-01-13T15:17:22,2026-01-14T03:07:22,2026-01-15T15:07:22,
ORD-260303-2416,CUST-0081,Võ Khánh Thảo,0830581477,"83 Đường Phan Đăng Lưu, Quận Tân Bình, TP. Hồ Chí Minh",Hồ Chí Minh,4490000,710000,30000,4520000,COD,PAID,DELIVERED,2026-03-03T15:05:15,2026-03-03T15:50:15,2026-03-03T23:05:15,2026-03-04T19:05:15,
ORD-251114-2417,CUST-0204,Vũ Duy Long,0770246299,"344 Đường Trần Văn Khéo, Quận Ninh Kiều, TP. Cần Thơ",Cần Thơ,14480000,2320000,0,14480000,BANK_TRANSFER,PAID,DELIVERED,2025-11-14T20:07:27,2025-11-14T20:48:27,2025-11-15T11:07:27,2025-11-16T23:07:27,
ORD-250801-2418,CUST-0160,Đặng Trúc Yến,0837881914,"228 Đường Võ Nguyên Giáp, Quận Hải Châu, TP. Đà Nẵng",Đà Nẵng,3290000,510000,30000,3320000,CREDIT_CARD,PAID,DELIVERED,2025-08-01T09:31:25,2025-08-01T10:05:25,2025-08-01T14:31:25,2025-08-03T12:31:25,
ORD-251231-2419,CUST-0266,Lê Khánh Phương,0976693801,"360 Đường Lê Hồng Phong, Quận Ngô Quyền, TP. Hải Phòng",Hải Phòng,9490000,1510000,0,9490000,CREDIT_CARD,PAID,DELIVERED,2025-12-31T13:11:12,2025-12-31T13:17:12,2025-12-31T21:11:12,2026-01-02T13:11:12,
ORD-260211-2420,CUST-0123,Hoàng Thảo Nhi,0861459332,"430 Đường Tràng Tiền, Quận Hai Bà Trưng, TP. Hà Nội",Hà Nội,6890000,610000,0,6890000,COD,PAID,DELIVERED,2026-02-11T09:18:30,2026-02-11T09:34:30,2026-02-11T16:18:30,2026-02-12T13:18:30,
ORD-251101-2421,CUST-0171,Phạm Đình Dũng,0937613791,"140 Đường Quang Trung, Quận Tân Bình, TP. Hồ Chí Minh",Hồ Chí Minh,11490000,1510000,0,11490000,VNPAY,PAID,DELIVERED,2025-11-01T14:30:41,2025-11-01T15:00:41,2025-11-02T01:30:41,2025-11-03T15:30:41,
ORD-260119-2422,CUST-0205,Hồ Khánh Vân,0905444713,"280 Đường Trần Hưng Đạo, Quận Ngũ Hành Sơn, TP. Đà Nẵng",Đà Nẵng,4480000,620000,30000,4510000,MOMO,PAID,DELIVERED,2026-01-19T12:00:54,2026-01-19T12:16:54,2026-01-19T16:00:54,2026-01-20T12:00:54,
ORD-250818-2423,CUST-0168,Dương Diệu Vy,0771361115,"141 Đường Võ Nguyên Giáp, Quận Thanh Khê, TP. Đà Nẵng",Đà Nẵng,2190000,310000,30000,2220000,COD,PAID,DELIVERED,2025-08-18T16:42:38,2025-08-18T17:17:38,2025-08-18T18:42:38,2025-08-20T19:42:38,
ORD-250910-2424,CUST-0190,Ngô Minh Tùng,0905992937,"43 Đường Võ Nguyên Giáp, Quận Thanh Khê, TP. Đà Nẵng",Đà Nẵng,2290000,310000,30000,2320000,COD,PAID,DELIVERED,2025-09-10T07:57:17,2025-09-10T08:14:17,2025-09-10T21:57:17,2025-09-12T11:57:17,
ORD-251117-2425,CUST-0224,Lý Minh Trung,0981667467,"65 Đường Chùa Bộc, Quận Cầu Giấy, TP. Hà Nội",Hà Nội,1490000,310000,30000,1520000,COD,PAID,DELIVERED,2025-11-17T20:42:19,2025-11-17T21:12:19,2025-11-18T04:42:19,2025-11-18T23:42:19,
ORD-251208-2426,CUST-0290,Nguyễn Duy Kiệt,0832513271,"66 Đường Lạch Tray, Quận Ngô Quyền, TP. Hải Phòng",Hải Phòng,4990000,510000,30000,5020000,BANK_TRANSFER,PAID,DELIVERED,2025-12-08T20:17:08,2025-12-08T20:30:08,2025-12-09T00:17:08,2025-12-10T00:17:08,
ORD-250801-2427,CUST-0229,Đặng Hữu Long,0834883755,"344 Đường Trần Duy Hưng, Quận Nam Từ Liêm, TP. Hà Nội",Hà Nội,13490000,1510000,0,13490000,BANK_TRANSFER,PAID,DELIVERED,2025-08-01T14:42:30,2025-08-01T15:19:30,2025-08-02T07:42:30,2025-08-02T14:42:30,
ORD-251001-2428,CUST-0111,Lê Hoàng Hoàng,0978523986,"145 Đường Nguyễn Thị Minh Khai, Quận 1, TP. Hồ Chí Minh",Hồ Chí Minh,5490000,710000,0,5490000,MOMO,PAID,DELIVERED,2025-10-01T17:32:12,2025-10-01T18:00:12,2025-10-02T06:32:12,2025-10-03T20:32:12,
ORD-251203-2429,CUST-0223,Dương Thị Ngọc,0975611002,"453 Đường Tràng Tiền, Quận Đống Đa, TP. Hà Nội",Hà Nội,12990000,1510000,0,12990000,COD,PAID,DELIVERED,2025-12-03T22:02:19,2025-12-03T22:24:19,2025-12-04T13:02:19,2025-12-06T22:02:19,
ORD-260130-2430,CUST-0061,Nguyễn Thành Minh,0914562328,"173 Đường Lê Hồng Phong, Quận Lê Chân, TP. Hải Phòng",Hải Phòng,26990000,3010000,0,26990000,BANK_TRANSFER,PAID,DELIVERED,2026-01-30T11:00:58,2026-01-30T11:11:58,2026-01-30T16:00:58,2026-02-01T13:00:58,
ORD-250805-2431,CUST-0324,Phan Hữu Khoa,0791472145,"219 Đường Mậu Thân, Quận Bình Thủy, TP. Cần Thơ",Cần Thơ,11880000,1120000,0,11880000,BANK_TRANSFER,PAID,DELIVERED,2025-08-05T07:55:04,2025-08-05T08:36:04,2025-08-05T13:55:04,2025-08-06T09:55:04,
ORD-251128-2432,CUST-0403,Phạm Linh Chi,0794858800,"458 Đường Trần Văn Khéo, Quận Cái Răng, TP. Cần Thơ",Cần Thơ,5490000,510000,0,5490000,COD,PAID,DELIVERED,2025-11-28T16:01:56,2025-11-28T16:11:56,2025-11-29T04:01:56,2025-12-01T17:01:56,
ORD-250804-2433,CUST-0010,Hồ Thảo Vân,0778713315,"230 Đường Trần Hưng Đạo, Quận Lê Chân, TP. Hải Phòng",Hải Phòng,990000,210000,30000,1020000,BANK_TRANSFER,PAID,DELIVERED,2025-08-04T11:19:23,2025-08-04T11:37:23,2025-08-04T17:19:23,2025-08-05T11:19:23,
ORD-260421-2434,CUST-0018,Bùi Lâm Khánh,0908412411,"293 Đường Lê Hồng Phong, Quận Hồng Bàng, TP. Hải Phòng",Hải Phòng,4490000,510000,30000,4520000,VNPAY,PAID,DELIVERED,2026-04-21T12:51:40,2026-04-21T13:18:40,2026-04-22T03:51:40,2026-04-24T13:51:40,
ORD-251009-2435,CUST-0443,Đặng Thảo Trúc,0771795760,"357 Đường Võ Nguyên Giáp, Quận Thanh Khê, TP. Đà Nẵng",Đà Nẵng,4490000,510000,30000,4520000,COD,CANCELLED,CANCELLED,2025-10-09T14:35:56,2025-10-09T15:05:56,,,2025-10-10T09:35:56
ORD-260304-2436,CUST-0375,Bùi Thành Dũng,0795016579,"73 Đường Nguyễn Văn Linh, Quận Sơn Trà, TP. Đà Nẵng",Đà Nẵng,3390000,410000,30000,3420000,BANK_TRANSFER,PAID,DELIVERED,2026-03-04T12:53:21,2026-03-04T13:16:21,2026-03-04T17:53:21,2026-03-05T17:53:21,
ORD-250902-2437,CUST-0102,Ngô Trúc Chi,0905895782,"412 Đường Phan Đăng Lưu, Quận 3, TP. Hồ Chí Minh",Hồ Chí Minh,12990000,2010000,0,12990000,BANK_TRANSFER,PAID,DELIVERED,2025-09-02T00:32:41,2025-09-02T01:05:41,2025-09-02T02:32:41,2025-09-05T05:32:41,
ORD-251231-2438,CUST-0038,Phan Hữu Huy,0773799650,"222 Đường Võ Nguyên Giáp, Quận Thanh Khê, TP. Đà Nẵng",Đà Nẵng,2190000,310000,30000,2220000,COD,PAID,DELIVERED,2025-12-31T21:24:33,2025-12-31T21:45:33,2026-01-01T03:24:33,2026-01-03T21:24:33,
ORD-260407-2439,CUST-0347,Võ Linh Trinh,0976544209,"489 Đường Lê Duẩn, Quận Sơn Trà, TP. Đà Nẵng",Đà Nẵng,1490000,310000,30000,1520000,BANK_TRANSFER,PAID,DELIVERED,2026-04-07T21:34:53,2026-04-07T22:13:53,2026-04-08T00:34:53,2026-04-09T00:34:53,
ORD-260402-2440,CUST-0242,Phan Hữu Hải,0798013361,"78 Đường Tô Hiệu, Quận Lê Chân, TP. Hải Phòng",Hải Phòng,990000,210000,30000,1020000,BANK_TRANSFER,PAID,DELIVERED,2026-04-02T22:50:35,2026-04-02T23:24:35,2026-04-03T08:50:35,2026-04-06T01:50:35,
ORD-260315-2441,CUST-0412,Dương Mai Lan,0853644249,"158 Đường Đại lộ Hòa Bình, Quận Ninh Kiều, TP. Cần Thơ",Cần Thơ,1890000,310000,30000,1920000,COD,PAID,DELIVERED,2026-03-15T02:37:22,2026-03-15T02:46:22,2026-03-15T07:37:22,2026-03-16T07:37:22,
ORD-260618-2442,CUST-0039,Phan Vy Thảo,0790831367,"507 Đường Trần Duy Hưng, Quận Hoàn Kiếm, TP. Hà Nội",Hà Nội,8480000,1120000,0,8480000,VNPAY,PAID,DELIVERED,2026-06-18T12:52:22,2026-06-18T13:05:22,2026-06-18T20:52:22,2026-06-21T14:52:22,
ORD-250707-2443,CUST-0146,Vũ Thành Duy,0939826224,"69 Đường Nguyễn Văn Linh, Quận Ngũ Hành Sơn, TP. Đà Nẵng",Đà Nẵng,3690000,510000,30000,3720000,COD,PAID,DELIVERED,2025-07-07T12:56:15,2025-07-07T13:06:15,2025-07-07T22:56:15,2025-07-09T12:56:15,
ORD-250716-2444,CUST-0032,Ngô Diệu Hạnh,0799373467,"174 Đường Trần Văn Khéo, Quận Cái Răng, TP. Cần Thơ",Cần Thơ,14780000,2020000,0,14780000,MOMO,PAID,DELIVERED,2025-07-16T12:37:16,2025-07-16T13:01:16,2025-07-17T06:37:16,2025-07-17T13:37:16,
ORD-251121-2445,CUST-0476,Nguyễn Hoàng Trung,0912070496,"306 Đường Nguyễn Thị Minh Khai, Quận 1, TP. Hồ Chí Minh",Hồ Chí Minh,3990000,510000,30000,4020000,COD,PAID,DELIVERED,2025-11-21T09:24:52,2025-11-21T10:09:52,2025-11-21T12:24:52,2025-11-22T09:24:52,
ORD-250628-2446,CUST-0113,Phan Ngọc Trúc,0834097499,"541 Đường 3 Tháng 2, Quận Phú Nhuận, TP. Hồ Chí Minh",Hồ Chí Minh,2490000,410000,30000,2520000,BANK_TRANSFER,REFUNDED,CANCELLED,2025-06-28T14:37:52,2025-06-28T14:53:52,,,2025-06-28T22:37:52
ORD-260313-2447,CUST-0281,Võ Đức Khánh,0980055778,"186 Đường Trần Hưng Đạo, Quận Ngô Quyền, TP. Hải Phòng",Hải Phòng,14280000,2220000,0,14280000,BANK_TRANSFER,PAID,DELIVERED,2026-03-13T12:18:15,2026-03-13T12:54:15,2026-03-13T22:18:15,2026-03-16T16:18:15,
ORD-250831-2448,CUST-0346,Lê Quang Huy,0778189137,"356 Đường Nguyễn Thị Minh Khai, Quận Gò Vấp, TP. Hồ Chí Minh",Hồ Chí Minh,1290000,210000,30000,1320000,COD,PAID,DELIVERED,2025-08-31T01:46:39,2025-08-31T02:25:39,2025-08-31T10:46:39,2025-09-02T02:46:39,
ORD-260320-2449,CUST-0252,Dương Duy Hải,0792722992,"242 Đường Võ Văn Tần, Quận Bình Thạnh, TP. Hồ Chí Minh",Hồ Chí Minh,13490000,1510000,0,13490000,COD,PAID,DELIVERED,2026-03-20T18:31:11,2026-03-20T18:41:11,2026-03-21T07:31:11,2026-03-23T21:31:11,
ORD-251228-2450,CUST-0192,Trần Thảo Phương,0831545226,"183 Đường Nguyễn Văn Cừ, Quận Bình Thủy, TP. Cần Thơ",Cần Thơ,1290000,210000,30000,1320000,COD,PAID,DELIVERED,2025-12-28T16:37:22,2025-12-28T17:22:22,2025-12-29T04:37:22,2025-12-29T17:37:22,
ORD-250910-2451,CUST-0066,Dương Hữu Sơn,0859005329,"243 Đường Điện Biên Phủ, Quận Bình Thạnh, TP. Hồ Chí Minh",Hồ Chí Minh,1290000,210000,30000,1320000,COD,PAID,DELIVERED,2025-09-10T11:33:30,2025-09-10T11:48:30,2025-09-10T13:33:30,2025-09-11T15:33:30,
ORD-251205-2452,CUST-0089,Đặng Thành Khánh,0914124782,"362 Đường Võ Văn Tần, Quận Bình Thạnh, TP. Hồ Chí Minh",Hồ Chí Minh,5490000,710000,0,5490000,COD,PAID,DELIVERED,2025-12-05T09:41:15,2025-12-05T10:17:15,2025-12-06T03:41:15,2025-12-06T10:41:15,
ORD-251207-2453,CUST-0491,Phạm Đức Duy,0860445669,"238 Đường Tô Hiệu, Quận Hồng Bàng, TP. Hải Phòng",Hải Phòng,5880000,820000,0,5880000,COD,PAID,DELIVERED,2025-12-07T13:03:13,2025-12-07T13:08:13,2025-12-07T18:03:13,2025-12-08T14:03:13,
ORD-260508-2454,CUST-0095,Trần Anh Dũng,0863030548,"42 Đường Lê Hồng Phong, Quận Ngô Quyền, TP. Hải Phòng",Hải Phòng,8490000,1010000,0,8490000,COD,CANCELLED,CANCELLED,2026-05-08T15:30:32,2026-05-08T16:14:32,,,2026-05-08T20:30:32
ORD-251020-2455,CUST-0379,Hoàng Thị Hương,0795695579,"316 Đường Tô Hiệu, Quận Ngô Quyền, TP. Hải Phòng",Hải Phòng,1890000,310000,30000,1920000,MOMO,PAID,DELIVERED,2025-10-20T18:27:03,2025-10-20T19:02:03,2025-10-21T12:27:03,2025-10-22T23:27:03,
ORD-250821-2456,CUST-0344,Hồ Ngọc Khoa,0981267969,"465 Đường Trần Văn Khéo, Quận Bình Thủy, TP. Cần Thơ",Cần Thơ,16380000,1920000,0,16380000,VNPAY,PAID,DELIVERED,2025-08-21T20:04:04,2025-08-21T20:48:04,2025-08-22T10:04:04,2025-08-23T21:04:04,
ORD-251003-2457,CUST-0211,Đỗ Khánh Thảo,0854328309,"514 Đường Lê Duẩn, Quận Thanh Khê, TP. Đà Nẵng",Đà Nẵng,9480000,1220000,0,9480000,BANK_TRANSFER,PAID,DELIVERED,2025-10-03T07:07:58,2025-10-03T07:34:58,2025-10-03T14:07:58,2025-10-04T07:07:58,
ORD-260408-2458,CUST-0418,Nguyễn Hoàng Huy,0861343275,"87 Đường Nguyễn Văn Cừ, Quận Ninh Kiều, TP. Cần Thơ",Cần Thơ,990000,210000,30000,1020000,COD,PAID,DELIVERED,2026-04-08T18:59:36,2026-04-08T19:39:36,2026-04-08T22:59:36,2026-04-10T19:59:36,
ORD-251124-2459,CUST-0459,Bùi Mai Phương,0779228777,"424 Đường Hùng Vương, Quận Hải Châu, TP. Đà Nẵng",Đà Nẵng,8780000,1020000,0,8780000,COD,PAID,DELIVERED,2025-11-24T17:42:30,2025-11-24T17:54:30,2025-11-24T22:42:30,2025-11-27T21:42:30,
ORD-260424-2460,CUST-0406,Ngô Minh Anh,0916556503,"91 Đường Kim Mã, Quận Hoàn Kiếm, TP. Hà Nội",Hà Nội,15980000,1820000,0,15980000,BANK_TRANSFER,PAID,DELIVERED,2026-04-24T15:57:29,2026-04-24T16:22:29,2026-04-25T04:57:29,2026-04-27T18:57:29,
ORD-260116-2461,CUST-0207,Dương Thị Yến,0905345786,"386 Đường Điện Biên Phủ, Quận 1, TP. Hồ Chí Minh",Hồ Chí Minh,2490000,310000,30000,2520000,BANK_TRANSFER,PAID,DELIVERED,2026-01-16T15:46:18,2026-01-16T16:08:18,2026-01-17T07:46:18,2026-01-19T19:46:18,
ORD-250711-2462,CUST-0266,Lê Khánh Phương,0976693801,"360 Đường Lê Hồng Phong, Quận Ngô Quyền, TP. Hải Phòng",Hải Phòng,5480000,920000,0,5480000,COD,PAID,DELIVERED,2025-07-11T17:29:40,2025-07-11T17:37:40,2025-07-11T20:29:40,2025-07-12T22:29:40,
ORD-260324-2463,CUST-0131,Bùi Đức Khoa,0797056856,"193 Đường Tố Hữu, Quận Đống Đa, TP. Hà Nội",Hà Nội,8990000,1510000,0,8990000,COD,PAID,DELIVERED,2026-03-24T22:28:38,2026-03-24T22:52:38,2026-03-25T12:28:38,2026-03-28T01:28:38,
ORD-250923-2464,CUST-0269,Vũ Quốc Phong,0976588043,"82 Đường Quang Trung, Thành phố Thủ Đức, TP. Hồ Chí Minh",Hồ Chí Minh,5280000,720000,0,5280000,BANK_TRANSFER,PAID,DELIVERED,2025-09-23T15:28:41,2025-09-23T16:06:41,2025-09-24T02:28:41,2025-09-25T20:28:41,
ORD-250926-2465,CUST-0329,Bùi Minh Duy,0790395512,"174 Đường Nguyễn Kiệm, Quận Tân Bình, TP. Hồ Chí Minh",Hồ Chí Minh,18780000,2320000,0,18780000,VNPAY,PAID,DELIVERED,2025-09-26T14:20:54,2025-09-26T15:05:54,2025-09-27T03:20:54,2025-09-28T19:20:54,
ORD-251105-2466,CUST-0371,Phạm Duy Hải,0859298316,"478 Đường Trần Văn Khéo, Quận Ninh Kiều, TP. Cần Thơ",Cần Thơ,8490000,1010000,0,8490000,COD,CANCELLED,CANCELLED,2025-11-05T20:40:40,2025-11-05T20:57:40,,,2025-11-06T00:40:40
ORD-260205-2467,CUST-0398,Đặng Trúc Vân,0868015716,"459 Đường Nguyễn Văn Cừ, Quận Bình Thủy, TP. Cần Thơ",Cần Thơ,55480000,5420000,0,55480000,BANK_TRANSFER,PAID,DELIVERED,2026-02-05T15:22:37,2026-02-05T15:51:37,2026-02-06T07:22:37,2026-02-08T16:22:37,
ORD-260123-2468,CUST-0168,Dương Diệu Vy,0771361115,"141 Đường Võ Nguyên Giáp, Quận Thanh Khê, TP. Đà Nẵng",Đà Nẵng,3290000,510000,30000,3320000,VNPAY,PAID,DELIVERED,2026-01-23T13:20:09,2026-01-23T13:42:09,2026-01-23T21:20:09,2026-01-25T15:20:09,
ORD-260402-2469,CUST-0401,Ngô Ngọc Anh,0977967842,"506 Đường Phan Đăng Lưu, Quận 3, TP. Hồ Chí Minh",Hồ Chí Minh,8980000,1020000,0,8980000,BANK_TRANSFER,PAID,DELIVERED,2026-04-02T09:17:04,2026-04-02T09:46:04,2026-04-02T21:17:04,2026-04-03T14:17:04,
ORD-251117-2470,CUST-0237,Đặng Hồng Thảo,0939735989,"186 Đường Trần Duy Hưng, Quận Đống Đa, TP. Hà Nội",Hà Nội,18980000,2220000,0,18980000,CREDIT_CARD,PAID,DELIVERED,2025-11-17T14:14:28,2025-11-17T14:26:28,2025-11-18T02:14:28,2025-11-19T19:14:28,
ORD-251210-2471,CUST-0031,Hồ Diệu Trúc,0978760366,"11 Đường Võ Văn Tần, Thành phố Thủ Đức, TP. Hồ Chí Minh",Hồ Chí Minh,2490000,410000,30000,2520000,BANK_TRANSFER,PAID,DELIVERED,2025-12-10T14:22:02,2025-12-10T14:48:02,2025-12-11T08:22:02,2025-12-12T16:22:02,
ORD-251128-2472,CUST-0112,Đặng Vy Nhi,0985952694,"311 Đường Hùng Vương, Quận Ngũ Hành Sơn, TP. Đà Nẵng",Đà Nẵng,5490000,710000,0,5490000,BANK_TRANSFER,PAID,DELIVERED,2025-11-28T21:04:06,2025-11-28T21:11:06,2025-11-29T11:04:06,2025-12-01T00:04:06,
ORD-251121-2473,CUST-0030,Ngô Anh Phong,0867143455,"241 Đường 3 Tháng 2, Quận 10, TP. Hồ Chí Minh",Hồ Chí Minh,3490000,410000,30000,3520000,COD,PAID,DELIVERED,2025-11-21T22:06:53,2025-11-21T22:48:53,2025-11-22T05:06:53,2025-11-25T01:06:53,
ORD-251220-2474,CUST-0221,Hoàng Ngọc Chi,0939348356,"217 Đường Trần Duy Hưng, Quận Cầu Giấy, TP. Hà Nội",Hà Nội,105980000,10020000,0,105980000,VNPAY,PAID,DELIVERED,2025-12-20T22:43:50,2025-12-20T23:06:50,2025-12-21T06:43:50,2025-12-22T03:43:50,
ORD-250905-2475,CUST-0074,Dương Thảo Phương,0912018366,"324 Đường Trần Hưng Đạo, Quận Thanh Khê, TP. Đà Nẵng",Đà Nẵng,5480000,820000,0,5480000,BANK_TRANSFER,PAID,DELIVERED,2025-09-05T17:38:55,2025-09-05T18:01:55,2025-09-06T00:38:55,2025-09-08T22:38:55,
ORD-251101-2476,CUST-0454,Võ Phương Trinh,0838935449,"112 Đường Mậu Thân, Quận Bình Thủy, TP. Cần Thơ",Cần Thơ,6990000,810000,0,6990000,COD,PAID,DELIVERED,2025-11-01T21:48:56,2025-11-01T22:15:56,2025-11-02T04:48:56,2025-11-05T01:48:56,
ORD-260226-2477,CUST-0272,Hoàng Trúc Trinh,0980867808,"473 Đường Mậu Thân, Quận Bình Thủy, TP. Cần Thơ",Cần Thơ,5490000,710000,0,5490000,VNPAY,PAID,DELIVERED,2026-02-26T22:09:13,2026-02-26T22:15:13,2026-02-27T12:09:13,2026-03-01T23:09:13,
ORD-250911-2478,CUST-0143,Nguyễn Phương Lan,0979996504,"389 Đường Nguyễn Văn Cừ, Quận Ninh Kiều, TP. Cần Thơ",Cần Thơ,12780000,1720000,0,12780000,COD,PAID,DELIVERED,2025-09-11T14:16:26,2025-09-11T14:44:26,2025-09-12T02:16:26,2025-09-14T16:16:26,
ORD-251022-2479,CUST-0293,Hoàng Quang Hoàng,0770862095,"401 Đường Xuân Thủy, Quận Đống Đa, TP. Hà Nội",Hà Nội,8990000,1510000,0,8990000,BANK_TRANSFER,PAID,DELIVERED,2025-10-22T09:56:19,2025-10-22T10:03:19,2025-10-22T20:56:19,2025-10-24T14:56:19,
ORD-260205-2480,CUST-0077,Phan Linh Trúc,0982683885,"451 Đường Đại lộ Hòa Bình, Quận Bình Thủy, TP. Cần Thơ",Cần Thơ,4490000,710000,30000,4520000,COD,PAID,DELIVERED,2026-02-05T16:02:48,2026-02-05T16:46:48,2026-02-06T07:02:48,2026-02-07T16:02:48,
ORD-251120-2481,CUST-0165,Phạm Quốc Kiệt,0865458929,"106 Đường Lê Duẩn, Quận Hải Châu, TP. Đà Nẵng",Đà Nẵng,12990000,2010000,0,12990000,VNPAY,PAID,DELIVERED,2025-11-20T20:15:28,2025-11-20T20:45:28,2025-11-20T22:15:28,2025-11-23T00:15:28,
ORD-260506-2482,CUST-0447,Bùi Thành Dũng,0777119918,"215 Đường Xuân Thủy, Quận Hoàn Kiếm, TP. Hà Nội",Hà Nội,16480000,2420000,0,16480000,COD,PAID,DELIVERED,2026-05-06T17:58:25,2026-05-06T18:28:25,2026-05-07T10:58:25,2026-05-09T17:58:25,
ORD-260422-2483,CUST-0173,Hồ Thảo Hạnh,0799241418,"405 Đường Tràng Tiền, Quận Ba Đình, TP. Hà Nội",Hà Nội,12990000,2010000,0,12990000,MOMO,PAID,DELIVERED,2026-04-22T17:10:43,2026-04-22T17:24:43,2026-04-22T23:10:43,2026-04-25T18:10:43,
ORD-260208-2484,CUST-0280,Trần Linh Hạnh,0900681149,"239 Đường Phan Đăng Lưu, Thành phố Thủ Đức, TP. Hồ Chí Minh",Hồ Chí Minh,15990000,2010000,0,15990000,COD,PAID,DELIVERED,2026-02-08T14:50:55,2026-02-08T15:26:55,2026-02-08T21:50:55,2026-02-09T19:50:55,
ORD-260219-2485,CUST-0431,Ngô Ngọc Hà,0904165915,"496 Đường Võ Văn Tần, Quận 3, TP. Hồ Chí Minh",Hồ Chí Minh,6480000,820000,0,6480000,COD,PAID,DELIVERED,2026-02-19T01:37:35,2026-02-19T01:54:35,2026-02-19T18:37:35,2026-02-22T02:37:35,
ORD-251202-2486,CUST-0094,Hồ Trúc Lan,0973195205,"495 Đường Võ Nguyên Giáp, Quận Thanh Khê, TP. Đà Nẵng",Đà Nẵng,10680000,1320000,0,10680000,BANK_TRANSFER,PAID,DELIVERED,2025-12-02T14:41:33,2025-12-02T15:01:33,2025-12-02T17:41:33,2025-12-03T14:41:33,
ORD-250808-2487,CUST-0007,Dương Ngọc Nam,0858451462,"524 Đường 3 Tháng 2, Quận Gò Vấp, TP. Hồ Chí Minh",Hồ Chí Minh,19480000,2520000,0,19480000,COD,PAID,DELIVERED,2025-08-08T14:52:01,2025-08-08T15:11:01,2025-08-09T06:52:01,2025-08-09T16:52:01,
ORD-251101-2488,CUST-0148,Ngô Anh Trung,0389245937,"303 Đường Tràng Tiền, Quận Hai Bà Trưng, TP. Hà Nội",Hà Nội,3690000,510000,30000,3720000,CREDIT_CARD,PAID,DELIVERED,2025-11-01T15:36:14,2025-11-01T16:13:14,2025-11-02T01:36:14,2025-11-04T17:36:14,
ORD-251118-2489,CUST-0422,Dương Quốc Hùng,0908931734,"444 Đường Tố Hữu, Quận Cầu Giấy, TP. Hà Nội",Hà Nội,12990000,2010000,0,12990000,MOMO,PAID,DELIVERED,2025-11-18T09:15:46,2025-11-18T09:52:46,2025-11-18T17:15:46,2025-11-19T11:15:46,
ORD-250929-2490,CUST-0090,Nguyễn Mai Hương,0381530515,"488 Đường Kim Mã, Quận Cầu Giấy, TP. Hà Nội",Hà Nội,2490000,410000,30000,2520000,BANK_TRANSFER,PAID,DELIVERED,2025-09-29T23:53:22,2025-09-30T00:02:22,2025-09-30T17:53:22,2025-10-01T03:53:22,
ORD-250919-2491,CUST-0308,Nguyễn Thị Ngọc,0939407016,"304 Đường Lê Duẩn, Quận Hải Châu, TP. Đà Nẵng",Đà Nẵng,65980000,7020000,0,65980000,CREDIT_CARD,PAID,DELIVERED,2025-09-19T08:01:39,2025-09-19T08:25:39,2025-09-19T20:01:39,2025-09-20T09:01:39,
ORD-260220-2492,CUST-0251,Lý Anh Minh,0976394278,"519 Đường Quang Trung, Thành phố Thủ Đức, TP. Hồ Chí Minh",Hồ Chí Minh,3690000,510000,30000,3720000,COD,PAID,DELIVERED,2026-02-20T18:45:45,2026-02-20T19:12:45,2026-02-21T03:45:45,2026-02-21T20:45:45,
ORD-251105-2493,CUST-0201,Vũ Thành Dũng,0799899217,"134 Đường Bà Triệu, Quận Thanh Xuân, TP. Hà Nội",Hà Nội,3290000,510000,30000,3320000,COD,PAID,DELIVERED,2025-11-05T09:45:42,2025-11-05T10:08:42,2025-11-05T21:45:42,2025-11-06T10:45:42,
ORD-251227-2494,CUST-0219,Lê Hồng Hoa,0384890901,"431 Đường Lê Lợi, Quận 1, TP. Hồ Chí Minh",Hồ Chí Minh,3290000,510000,30000,3320000,BANK_TRANSFER,PAID,DELIVERED,2025-12-27T12:09:41,2025-12-27T12:19:41,2025-12-28T06:09:41,2025-12-28T13:09:41,
ORD-251127-2495,CUST-0338,Đặng Hồng Mai,0978148769,"167 Đường Bà Triệu, Quận Ba Đình, TP. Hà Nội",Hà Nội,3290000,510000,30000,3320000,BANK_TRANSFER,PAID,DELIVERED,2025-11-27T13:03:49,2025-11-27T13:40:49,2025-11-28T01:03:49,2025-11-28T16:03:49,
ORD-251217-2496,CUST-0333,Đặng Thành Việt,0909435334,"125 Đường Tô Hiệu, Quận Ngô Quyền, TP. Hải Phòng",Hải Phòng,18480000,3020000,0,18480000,BANK_TRANSFER,REFUNDED,CANCELLED,2025-12-17T17:48:37,2025-12-17T17:56:37,,,2025-12-18T17:48:37
ORD-260410-2497,CUST-0095,Trần Anh Dũng,0863030548,"42 Đường Lê Hồng Phong, Quận Ngô Quyền, TP. Hải Phòng",Hải Phòng,6990000,810000,0,6990000,COD,PAID,DELIVERED,2026-04-10T11:19:36,2026-04-10T11:24:36,2026-04-10T21:19:36,2026-04-11T16:19:36,
ORD-250813-2498,CUST-0152,Phạm Quang Duy,0839375679,"30 Đường Lê Hồng Phong, Quận Hồng Bàng, TP. Hải Phòng",Hải Phòng,4080000,620000,30000,4110000,BANK_TRANSFER,PAID,DELIVERED,2025-08-13T14:27:12,2025-08-13T14:49:12,2025-08-13T20:27:12,2025-08-14T15:27:12,
ORD-250724-2499,CUST-0496,Võ Thu Trang,0985662128,"403 Đường Đại lộ Hòa Bình, Quận Bình Thủy, TP. Cần Thơ",Cần Thơ,1490000,310000,30000,1520000,VNPAY,PAID,DELIVERED,2025-07-24T18:37:53,2025-07-24T19:18:53,2025-07-24T20:37:53,2025-07-25T20:37:53,
ORD-260103-2500,CUST-0233,Vũ Thành Phong,0866547226,"227 Đường Lê Hồng Phong, Quận Ngô Quyền, TP. Hải Phòng",Hải Phòng,12990000,1510000,0,12990000,BANK_TRANSFER,PAID,DELIVERED,2026-01-03T18:37:59,2026-01-03T18:55:59,2026-01-04T03:37:59,2026-01-04T21:37:59,
ORD-260105-2501,CUST-0161,Hồ Lâm Phong,0860745171,"443 Đường Tràng Tiền, Quận Nam Từ Liêm, TP. Hà Nội",Hà Nội,4990000,510000,30000,5020000,COD,CANCELLED,CANCELLED,2026-01-05T11:41:27,2026-01-05T12:14:27,,,2026-01-05T14:41:27
ORD-251207-2502,CUST-0310,Vũ Văn Hoàng,0855543840,"291 Đường Lê Duẩn, Quận Ngũ Hành Sơn, TP. Đà Nẵng",Đà Nẵng,18480000,2420000,0,18480000,MOMO,PAID,DELIVERED,2025-12-07T20:48:22,2025-12-07T21:06:22,2025-12-08T05:48:22,2025-12-11T01:48:22,
ORD-251121-2503,CUST-0249,Phạm Thành Khoa,0865257775,"184 Đường Đại lộ Hòa Bình, Quận Bình Thủy, TP. Cần Thơ",Cần Thơ,17280000,2720000,0,17280000,MOMO,PAID,DELIVERED,2025-11-21T22:44:43,2025-11-21T23:26:43,2025-11-22T08:44:43,2025-11-24T02:44:43,
ORD-251027-2504,CUST-0178,Lê Thu Hoa,0381744518,"303 Đường Điện Biên Phủ, Quận Tân Bình, TP. Hồ Chí Minh",Hồ Chí Minh,1490000,310000,30000,1520000,CREDIT_CARD,PAID,DELIVERED,2025-10-27T16:36:43,2025-10-27T17:08:43,2025-10-27T23:36:43,2025-10-29T18:36:43,
ORD-260116-2505,CUST-0055,Dương Linh Mai,0797026217,"341 Đường Lê Duẩn, Quận Ngũ Hành Sơn, TP. Đà Nẵng",Đà Nẵng,4280000,720000,30000,4310000,COD,PAID,DELIVERED,2026-01-16T19:21:06,2026-01-16T19:55:06,2026-01-17T06:21:06,2026-01-18T19:21:06,
ORD-260216-2506,CUST-0140,Bùi Hồng Hương,0861016668,"89 Đường 3 Tháng 2, Quận 1, TP. Hồ Chí Minh",Hồ Chí Minh,3490000,410000,30000,3520000,COD,PAID,DELIVERED,2026-02-16T18:30:48,2026-02-16T19:06:48,2026-02-17T04:30:48,2026-02-18T18:30:48,
ORD-260217-2507,CUST-0494,Bùi Duy Long,0836636186,"467 Đường Nguyễn Văn Cừ, Quận Ninh Kiều, TP. Cần Thơ",Cần Thơ,3290000,510000,30000,3320000,BANK_TRANSFER,PAID,DELIVERED,2026-02-17T10:29:50,2026-02-17T10:58:50,2026-02-18T02:29:50,2026-02-18T14:29:50,
ORD-260524-2508,CUST-0438,Bùi Minh Hải,0932194168,"18 Đường Lê Lợi, Thành phố Thủ Đức, TP. Hồ Chí Minh",Hồ Chí Minh,13480000,1820000,0,13480000,MOMO,PAID,DELIVERED,2026-05-24T16:10:39,2026-05-24T16:50:39,2026-05-25T08:10:39,2026-05-26T21:10:39,
ORD-260207-2509,CUST-0252,Dương Duy Hải,0792722992,"242 Đường Võ Văn Tần, Quận Bình Thạnh, TP. Hồ Chí Minh",Hồ Chí Minh,990000,210000,30000,1020000,MOMO,PAID,DELIVERED,2026-02-07T20:07:38,2026-02-07T20:40:38,2026-02-08T08:07:38,2026-02-09T20:07:38,
ORD-260423-2510,CUST-0223,Dương Thị Ngọc,0975611002,"453 Đường Tràng Tiền, Quận Đống Đa, TP. Hà Nội",Hà Nội,13490000,1510000,0,13490000,MOMO,PAID,DELIVERED,2026-04-23T11:54:46,2026-04-23T12:07:46,2026-04-24T01:54:46,2026-04-25T13:54:46,
ORD-250822-2511,CUST-0215,Phan Vy Yến,0985217525,"285 Đường Võ Văn Tần, Quận 1, TP. Hồ Chí Minh",Hồ Chí Minh,14980000,1820000,0,14980000,COD,PAID,DELIVERED,2025-08-22T16:05:16,2025-08-22T16:36:16,2025-08-22T19:05:16,2025-08-23T20:05:16,
ORD-260314-2512,CUST-0096,Hoàng Trúc Hoa,0855415667,"514 Đường Võ Nguyên Giáp, Quận Thanh Khê, TP. Đà Nẵng",Đà Nẵng,1490000,310000,30000,1520000,VNPAY,PAID,DELIVERED,2026-03-14T11:39:39,2026-03-14T12:03:39,2026-03-14T19:39:39,2026-03-16T15:39:39,
ORD-250827-2513,CUST-0317,Hồ Diệu Nhi,0850347644,"60 Đường Kim Mã, Quận Hai Bà Trưng, TP. Hà Nội",Hà Nội,1490000,310000,30000,1520000,MOMO,PAID,DELIVERED,2025-08-27T17:56:49,2025-08-27T18:37:49,2025-08-27T23:56:49,2025-08-28T19:56:49,
ORD-260501-2514,CUST-0117,Hoàng Hồng Lan,0977473384,"250 Đường Lê Duẩn, Quận Thanh Khê, TP. Đà Nẵng",Đà Nẵng,2490000,410000,30000,2520000,VNPAY,PAID,DELIVERED,2026-05-01T20:51:27,2026-05-01T21:18:27,2026-05-02T04:51:27,2026-05-04T22:51:27,
ORD-250808-2515,CUST-0218,Hồ Quang Trung,0382575326,"221 Đường Chùa Bộc, Quận Thanh Xuân, TP. Hà Nội",Hà Nội,8980000,920000,0,8980000,COD,PAID,DELIVERED,2025-08-08T20:08:38,2025-08-08T20:49:38,2025-08-09T12:08:38,2025-08-11T21:08:38,
ORD-251103-2516,CUST-0063,Bùi Thảo Vân,0913709859,"423 Đường Phan Đăng Lưu, Quận Phú Nhuận, TP. Hồ Chí Minh",Hồ Chí Minh,38980000,4020000,0,38980000,BANK_TRANSFER,PAID,DELIVERED,2025-11-03T18:49:39,2025-11-03T19:01:39,2025-11-04T04:49:39,2025-11-04T18:49:39,
ORD-251126-2517,CUST-0297,Đặng Hồng Hương,0796338392,"442 Đường Võ Văn Tần, Quận Tân Bình, TP. Hồ Chí Minh",Hồ Chí Minh,5480000,920000,0,5480000,COD,PAID,DELIVERED,2025-11-26T13:19:58,2025-11-26T13:47:58,2025-11-26T20:19:58,2025-11-29T18:19:58,
ORD-251213-2518,CUST-0103,Đặng Diệu Trinh,0912517785,"137 Đường Trần Hưng Đạo, Quận Lê Chân, TP. Hải Phòng",Hải Phòng,13490000,1510000,0,13490000,VNPAY,REFUNDED,CANCELLED,2025-12-13T15:24:59,2025-12-13T15:57:59,,,2025-12-14T10:24:59
ORD-250812-2519,CUST-0416,Lê Khánh Yến,0384907851,"257 Đường Tô Hiệu, Quận Ngô Quyền, TP. Hải Phòng",Hải Phòng,990000,210000,30000,1020000,VNPAY,PAID,DELIVERED,2025-08-12T08:41:00,2025-08-12T08:52:00,2025-08-12T19:41:00,2025-08-13T11:41:00,
ORD-251123-2520,CUST-0144,Trần Đình Phong,0911426265,"320 Đường Nguyễn Thị Minh Khai, Quận 3, TP. Hồ Chí Minh",Hồ Chí Minh,4490000,710000,30000,4520000,COD,PAID,DELIVERED,2025-11-23T19:17:07,2025-11-23T19:31:07,2025-11-24T01:17:07,2025-11-24T23:17:07,
ORD-250626-2521,CUST-0046,Trần Đình Tùng,0853618324,"319 Đường 3 Tháng 2, Quận 1, TP. Hồ Chí Minh",Hồ Chí Minh,6890000,610000,0,6890000,COD,PAID,DELIVERED,2025-06-26T06:11:37,2025-06-26T06:44:37,2025-06-26T16:11:37,2025-06-29T09:11:37,
ORD-250622-2522,CUST-0029,Đỗ Quang Long,0977986872,"258 Đường Nguyễn Văn Cừ, Quận Cái Răng, TP. Cần Thơ",Cần Thơ,6490000,1010000,0,6490000,BANK_TRANSFER,PAID,DELIVERED,2025-06-22T13:08:15,2025-06-22T13:44:15,2025-06-23T02:08:15,2025-06-24T18:08:15,
ORD-250914-2523,CUST-0193,Hồ Duy Hoàng,0939264422,"191 Đường Nguyễn Thị Minh Khai, Thành phố Thủ Đức, TP. Hồ Chí Minh",Hồ Chí Minh,5980000,820000,0,5980000,MOMO,PAID,DELIVERED,2025-09-14T09:24:14,2025-09-14T09:55:14,2025-09-14T21:24:14,2025-09-15T13:24:14,
ORD-260120-2524,CUST-0103,Đặng Diệu Trinh,0912517785,"137 Đường Trần Hưng Đạo, Quận Lê Chân, TP. Hải Phòng",Hải Phòng,3680000,620000,30000,3710000,BANK_TRANSFER,PAID,DELIVERED,2026-01-20T07:27:50,2026-01-20T08:09:50,2026-01-20T10:27:50,2026-01-21T09:27:50,
ORD-260307-2525,CUST-0475,Bùi Minh Huy,0931735058,"462 Đường Lê Lợi, Quận Phú Nhuận, TP. Hồ Chí Minh",Hồ Chí Minh,5490000,710000,0,5490000,BANK_TRANSFER,PAID,DELIVERED,2026-03-07T18:14:59,2026-03-07T18:48:59,2026-03-07T23:14:59,2026-03-10T23:14:59,
ORD-250920-2526,CUST-0321,Nguyễn Đình Hùng,0777780973,"469 Đường Tô Hiệu, Quận Lê Chân, TP. Hải Phòng",Hải Phòng,26990000,3010000,0,26990000,MOMO,PAID,DELIVERED,2025-09-20T20:42:01,2025-09-20T20:51:01,2025-09-21T14:42:01,2025-09-22T23:42:01,
ORD-260519-2527,CUST-0267,Phạm Quốc Bách,0389042681,"124 Đường Quang Trung, Quận Gò Vấp, TP. Hồ Chí Minh",Hồ Chí Minh,3990000,510000,30000,4020000,MOMO,PAID,DELIVERED,2026-05-19T21:58:34,2026-05-19T22:11:34,2026-05-20T10:58:34,2026-05-22T01:58:34,
ORD-251218-2528,CUST-0401,Ngô Ngọc Anh,0977967842,"506 Đường Phan Đăng Lưu, Quận 3, TP. Hồ Chí Minh",Hồ Chí Minh,27980000,3220000,0,27980000,MOMO,PAID,DELIVERED,2025-12-18T11:04:57,2025-12-18T11:37:57,2025-12-18T18:04:57,2025-12-21T14:04:57,
ORD-260221-2529,CUST-0157,Dương Lâm Việt,0839125134,"528 Đường Chùa Bộc, Quận Đống Đa, TP. Hà Nội",Hà Nội,9080000,920000,0,9080000,BANK_TRANSFER,PAID,DELIVERED,2026-02-21T11:39:09,2026-02-21T12:00:09,2026-02-21T23:39:09,2026-02-22T15:39:09,
ORD-251215-2530,CUST-0346,Lê Quang Huy,0778189137,"356 Đường Nguyễn Thị Minh Khai, Quận Gò Vấp, TP. Hồ Chí Minh",Hồ Chí Minh,2290000,310000,30000,2320000,MOMO,PAID,DELIVERED,2025-12-15T09:57:24,2025-12-15T10:07:24,2025-12-15T11:57:24,2025-12-17T14:57:24,
ORD-250926-2531,CUST-0110,Hồ Diệu Vân,0906098358,"291 Đường Võ Văn Tần, Thành phố Thủ Đức, TP. Hồ Chí Minh",Hồ Chí Minh,9280000,1220000,0,9280000,VNPAY,PAID,DELIVERED,2025-09-26T13:20:52,2025-09-26T13:44:52,2025-09-27T03:20:52,2025-09-28T17:20:52,
ORD-250912-2532,CUST-0186,Nguyễn Vy Trúc,0387066253,"157 Đường Võ Nguyên Giáp, Quận Sơn Trà, TP. Đà Nẵng",Đà Nẵng,13980000,1920000,0,13980000,MOMO,PAID,DELIVERED,2025-09-12T12:11:01,2025-09-12T12:39:01,2025-09-12T23:11:01,2025-09-14T14:11:01,
ORD-251103-2533,CUST-0003,Trần Ngọc Long,0979310341,"469 Đường Phan Đăng Lưu, Thành phố Thủ Đức, TP. Hồ Chí Minh",Hồ Chí Minh,1890000,310000,30000,1920000,COD,PAID,DELIVERED,2025-11-03T13:51:46,2025-11-03T14:04:46,2025-11-03T20:51:46,2025-11-04T18:51:46,
ORD-250808-2534,CUST-0169,Trần Văn Long,0852753269,"107 Đường Đại lộ Hòa Bình, Quận Ninh Kiều, TP. Cần Thơ",Cần Thơ,9490000,1510000,0,9490000,BANK_TRANSFER,PAID,DELIVERED,2025-08-08T09:49:16,2025-08-08T10:30:16,2025-08-08T13:49:16,2025-08-09T10:49:16,
ORD-260524-2535,CUST-0055,Dương Linh Mai,0797026217,"341 Đường Lê Duẩn, Quận Ngũ Hành Sơn, TP. Đà Nẵng",Đà Nẵng,13180000,2020000,0,13180000,BANK_TRANSFER,PAID,DELIVERED,2026-05-24T15:32:48,2026-05-24T16:05:48,2026-05-25T03:32:48,2026-05-26T15:32:48,
ORD-250813-2536,CUST-0253,Phạm Phương Nhi,0976770051,"274 Đường Lê Hồng Phong, Quận Lê Chân, TP. Hải Phòng",Hải Phòng,61480000,6020000,0,61480000,COD,PAID,DELIVERED,2025-08-13T22:41:47,2025-08-13T23:10:47,2025-08-14T13:41:47,2025-08-16T02:41:47,
ORD-260124-2537,CUST-0251,Lý Anh Minh,0976394278,"519 Đường Quang Trung, Thành phố Thủ Đức, TP. Hồ Chí Minh",Hồ Chí Minh,8480000,1020000,0,8480000,BANK_TRANSFER,PAID,DELIVERED,2026-01-24T09:13:13,2026-01-24T09:41:13,2026-01-24T23:13:13,2026-01-26T12:13:13,
ORD-260104-2538,CUST-0479,Nguyễn Vy Trúc,0795498227,"382 Đường Lê Hồng Phong, Quận Ngô Quyền, TP. Hải Phòng",Hải Phòng,6890000,610000,0,6890000,BANK_TRANSFER,PAID,DELIVERED,2026-01-04T06:57:46,2026-01-04T07:15:46,2026-01-04T22:57:46,2026-01-06T07:57:46,
ORD-260322-2539,CUST-0465,Vũ Văn Huy,0799138249,"387 Đường Trần Hưng Đạo, Quận Hồng Bàng, TP. Hải Phòng",Hải Phòng,3290000,510000,30000,3320000,CREDIT_CARD,PAID,DELIVERED,2026-03-22T14:18:49,2026-03-22T14:50:49,2026-03-23T05:18:49,2026-03-25T16:18:49,
ORD-260617-2540,CUST-0347,Võ Linh Trinh,0976544209,"489 Đường Lê Duẩn, Quận Sơn Trà, TP. Đà Nẵng",Đà Nẵng,12990000,2010000,0,12990000,BANK_TRANSFER,PENDING,PROCESSING,2026-06-17T16:55:23,2026-06-17T17:37:23,,,
ORD-260127-2541,CUST-0212,Lý Diệu Hoa,0839353875,"190 Đường Hùng Vương, Quận Thanh Khê, TP. Đà Nẵng",Đà Nẵng,6490000,1010000,0,6490000,CREDIT_CARD,PAID,DELIVERED,2026-01-27T08:23:37,2026-01-27T08:49:37,2026-01-27T23:23:37,2026-01-30T11:23:37,
ORD-260205-2542,CUST-0218,Hồ Quang Trung,0382575326,"221 Đường Chùa Bộc, Quận Thanh Xuân, TP. Hà Nội",Hà Nội,17780000,2220000,0,17780000,COD,PAID,DELIVERED,2026-02-05T17:39:22,2026-02-05T18:09:22,2026-02-06T08:39:22,2026-02-06T22:39:22,
ORD-251211-2543,CUST-0259,Đỗ Quỳnh Anh,0912799088,"6 Đường 3 Tháng 2, Quận Phú Nhuận, TP. Hồ Chí Minh",Hồ Chí Minh,12990000,1510000,0,12990000,BANK_TRANSFER,PAID,DELIVERED,2025-12-11T12:26:09,2025-12-11T12:41:09,2025-12-11T14:26:09,2025-12-14T16:26:09,
ORD-260424-2544,CUST-0090,Nguyễn Mai Hương,0381530515,"488 Đường Kim Mã, Quận Cầu Giấy, TP. Hà Nội",Hà Nội,7480000,820000,0,7480000,VNPAY,PAID,DELIVERED,2026-04-24T20:14:35,2026-04-24T20:27:35,2026-04-25T13:14:35,2026-04-26T21:14:35,
ORD-251025-2545,CUST-0262,Vũ Đình Huy,0796959463,"188 Đường Tô Hiệu, Quận Lê Chân, TP. Hải Phòng",Hải Phòng,10980000,1320000,0,10980000,MOMO,PAID,DELIVERED,2025-10-25T21:40:05,2025-10-25T22:02:05,2025-10-26T10:40:05,2025-10-29T01:40:05,
ORD-260120-2546,CUST-0170,Bùi Minh Khoa,0972341389,"313 Đường Lạch Tray, Quận Ngô Quyền, TP. Hải Phòng",Hải Phòng,3290000,510000,30000,3320000,COD,PAID,DELIVERED,2026-01-20T17:38:43,2026-01-20T18:05:43,2026-01-21T05:38:43,2026-01-21T18:38:43,
ORD-250707-2547,CUST-0334,Hoàng Vy Hạnh,0791385854,"77 Đường Nguyễn Văn Linh, Quận Thanh Khê, TP. Đà Nẵng",Đà Nẵng,12990000,1510000,0,12990000,BANK_TRANSFER,PAID,DELIVERED,2025-07-07T09:00:36,2025-07-07T09:41:36,2025-07-08T01:00:36,2025-07-08T09:00:36,
ORD-250813-2548,CUST-0458,Nguyễn Đức Tùng,0380443270,"50 Đường Lạch Tray, Quận Ngô Quyền, TP. Hải Phòng",Hải Phòng,6990000,810000,0,6990000,COD,PAID,DELIVERED,2025-08-13T11:54:01,2025-08-13T11:59:01,2025-08-13T22:54:01,2025-08-16T13:54:01,
ORD-260202-2549,CUST-0326,Đặng Anh Kiệt,0989343010,"428 Đường Nguyễn Kiệm, Quận Bình Thạnh, TP. Hồ Chí Minh",Hồ Chí Minh,2190000,310000,30000,2220000,CREDIT_CARD,PAID,DELIVERED,2026-02-02T21:23:39,2026-02-02T21:50:39,2026-02-03T07:23:39,2026-02-03T21:23:39,
ORD-260120-2550,CUST-0084,Ngô Minh Tuấn,0971864492,"322 Đường Quang Trung, Quận 10, TP. Hồ Chí Minh",Hồ Chí Minh,3490000,410000,30000,3520000,COD,PAID,DELIVERED,2026-01-20T21:11:34,2026-01-20T21:45:34,2026-01-21T13:11:34,2026-01-21T23:11:34,
ORD-260419-2551,CUST-0160,Đặng Trúc Yến,0837881914,"228 Đường Võ Nguyên Giáp, Quận Hải Châu, TP. Đà Nẵng",Đà Nẵng,990000,210000,30000,1020000,VNPAY,PAID,DELIVERED,2026-04-19T21:38:03,2026-04-19T21:43:03,2026-04-20T13:38:03,2026-04-23T00:38:03,
ORD-260129-2552,CUST-0440,Dương Linh Vy,0853683147,"124 Đường Đại lộ Hòa Bình, Quận Cái Răng, TP. Cần Thơ",Cần Thơ,6480000,1020000,0,6480000,BANK_TRANSFER,PAID,DELIVERED,2026-01-29T19:52:06,2026-01-29T20:21:06,2026-01-30T07:52:06,2026-01-31T23:52:06,
ORD-250825-2553,CUST-0238,Lê Thành Khánh,0916064842,"163 Đường Võ Văn Tần, Quận Tân Bình, TP. Hồ Chí Minh",Hồ Chí Minh,11490000,1510000,0,11490000,COD,PAID,DELIVERED,2025-08-25T09:08:26,2025-08-25T09:29:26,2025-08-25T11:08:26,2025-08-27T09:08:26,
ORD-251114-2554,CUST-0255,Võ Ngọc Nhi,0854322259,"343 Đường Nguyễn Kiệm, Quận Bình Thạnh, TP. Hồ Chí Minh",Hồ Chí Minh,1490000,310000,30000,1520000,MOMO,PAID,DELIVERED,2025-11-14T00:45:14,2025-11-14T01:06:14,2025-11-14T13:45:14,2025-11-17T05:45:14,
ORD-251230-2555,CUST-0057,Nguyễn Thị Ngọc,0975623869,"85 Đường Chùa Bộc, Quận Thanh Xuân, TP. Hà Nội",Hà Nội,12990000,1510000,0,12990000,BANK_TRANSFER,PAID,DELIVERED,2025-12-30T15:45:16,2025-12-30T16:17:16,2025-12-30T23:45:16,2025-12-31T18:45:16,
ORD-260202-2556,CUST-0356,Võ Quốc Long,0382712863,"110 Đường Phan Đăng Lưu, Quận Phú Nhuận, TP. Hồ Chí Minh",Hồ Chí Minh,990000,210000,30000,1020000,COD,PAID,DELIVERED,2026-02-02T08:46:34,2026-02-02T09:26:34,2026-02-03T02:46:34,2026-02-03T13:46:34,
ORD-260221-2557,CUST-0062,Ngô Mai Mai,0771236851,"470 Đường Lê Lợi, Quận Gò Vấp, TP. Hồ Chí Minh",Hồ Chí Minh,16490000,2010000,0,16490000,COD,PAID,DELIVERED,2026-02-21T15:20:56,2026-02-21T15:35:56,2026-02-22T01:20:56,2026-02-22T20:20:56,
ORD-260430-2558,CUST-0343,Vũ Phương Linh,0772386562,"78 Đường Nguyễn Trãi, Quận Thanh Xuân, TP. Hà Nội",Hà Nội,1490000,310000,30000,1520000,VNPAY,PAID,DELIVERED,2026-04-30T15:49:38,2026-04-30T15:56:38,2026-05-01T09:49:38,2026-05-03T15:49:38,
ORD-260408-2559,CUST-0089,Đặng Thành Khánh,0914124782,"362 Đường Võ Văn Tần, Quận Bình Thạnh, TP. Hồ Chí Minh",Hồ Chí Minh,6980000,820000,0,6980000,BANK_TRANSFER,PAID,DELIVERED,2026-04-08T07:18:33,2026-04-08T07:58:33,2026-04-08T12:18:33,2026-04-10T09:18:33,
ORD-250805-2560,CUST-0411,Dương Linh Giang,0857489690,"159 Đường Mậu Thân, Quận Ninh Kiều, TP. Cần Thơ",Cần Thơ,4990000,510000,30000,5020000,COD,PAID,DELIVERED,2025-08-05T01:50:55,2025-08-05T02:01:55,2025-08-05T18:50:55,2025-08-06T06:50:55,
ORD-250803-2561,CUST-0437,Phan Ngọc Nhi,0901722601,"470 Đường Hùng Vương, Quận Sơn Trà, TP. Đà Nẵng",Đà Nẵng,7680000,1020000,0,7680000,MOMO,PAID,DELIVERED,2025-08-03T11:31:43,2025-08-03T11:39:43,2025-08-03T23:31:43,2025-08-06T16:31:43,
ORD-260225-2562,CUST-0255,Võ Ngọc Nhi,0854322259,"343 Đường Nguyễn Kiệm, Quận Bình Thạnh, TP. Hồ Chí Minh",Hồ Chí Minh,2780000,520000,30000,2810000,COD,PAID,DELIVERED,2026-02-25T22:33:07,2026-02-25T23:18:07,2026-02-26T10:33:07,2026-02-27T02:33:07,
ORD-251213-2563,CUST-0284,Vũ Hoàng Anh,0932663416,"296 Đường Kim Mã, Quận Ba Đình, TP. Hà Nội",Hà Nội,12990000,1510000,0,12990000,BANK_TRANSFER,PAID,DELIVERED,2025-12-13T14:05:05,2025-12-13T14:12:05,2025-12-14T08:05:05,2025-12-14T14:05:05,
ORD-250718-2564,CUST-0006,Phan Quỳnh Nhi,0771012269,"546 Đường Trần Văn Khéo, Quận Cái Răng, TP. Cần Thơ",Cần Thơ,25480000,3520000,0,25480000,BANK_TRANSFER,PAID,DELIVERED,2025-07-18T12:40:40,2025-07-18T12:52:40,2025-07-18T21:40:40,2025-07-21T14:40:40,
ORD-250813-2565,CUST-0132,Phạm Đình Minh,0770866882,"343 Đường Bà Triệu, Quận Đống Đa, TP. Hà Nội",Hà Nội,2490000,310000,30000,2520000,BANK_TRANSFER,PAID,DELIVERED,2025-08-13T22:56:52,2025-08-13T23:34:52,2025-08-14T09:56:52,2025-08-17T02:56:52,
ORD-260131-2566,CUST-0183,Trần Lâm Sơn,0774741124,"340 Đường Trần Hưng Đạo, Quận Hồng Bàng, TP. Hải Phòng",Hải Phòng,4490000,510000,30000,4520000,VNPAY,PAID,DELIVERED,2026-01-31T19:17:47,2026-01-31T19:25:47,2026-02-01T06:17:47,2026-02-02T21:17:47,
ORD-250707-2567,CUST-0065,Bùi Khánh Hoa,0973773515,"287 Đường Võ Nguyên Giáp, Quận Hải Châu, TP. Đà Nẵng",Đà Nẵng,12990000,1510000,0,12990000,VNPAY,PAID,DELIVERED,2025-07-07T20:26:14,2025-07-07T20:51:14,2025-07-08T01:26:14,2025-07-09T22:26:14,
ORD-251216-2568,CUST-0356,Võ Quốc Long,0382712863,"110 Đường Phan Đăng Lưu, Quận Phú Nhuận, TP. Hồ Chí Minh",Hồ Chí Minh,3490000,410000,30000,3520000,MOMO,PAID,DELIVERED,2025-12-16T15:51:18,2025-12-16T16:28:18,2025-12-17T05:51:18,2025-12-18T18:51:18,
ORD-250906-2569,CUST-0454,Võ Phương Trinh,0838935449,"112 Đường Mậu Thân, Quận Bình Thủy, TP. Cần Thơ",Cần Thơ,12990000,1510000,0,12990000,COD,PAID,DELIVERED,2025-09-06T21:16:15,2025-09-06T21:59:15,2025-09-07T02:16:15,2025-09-08T00:16:15,
ORD-251007-2570,CUST-0486,Dương Thu Trinh,0773179128,"536 Đường Tô Hiệu, Quận Ngô Quyền, TP. Hải Phòng",Hải Phòng,3990000,510000,30000,4020000,CREDIT_CARD,PAID,DELIVERED,2025-10-07T16:39:13,2025-10-07T16:51:13,2025-10-08T05:39:13,2025-10-09T17:39:13,
ORD-250923-2571,CUST-0085,Lê Hữu Việt,0796528168,"189 Đường Phan Đăng Lưu, Quận Tân Bình, TP. Hồ Chí Minh",Hồ Chí Minh,56980000,5520000,0,56980000,VNPAY,PAID,DELIVERED,2025-09-23T11:06:11,2025-09-23T11:40:11,2025-09-23T17:06:11,2025-09-24T14:06:11,
ORD-251018-2572,CUST-0111,Lê Hoàng Hoàng,0978523986,"145 Đường Nguyễn Thị Minh Khai, Quận 1, TP. Hồ Chí Minh",Hồ Chí Minh,12980000,1920000,0,12980000,BANK_TRANSFER,PAID,DELIVERED,2025-10-18T18:54:27,2025-10-18T19:39:27,2025-10-19T11:54:27,2025-10-20T19:54:27,
ORD-251227-2573,CUST-0272,Hoàng Trúc Trinh,0980867808,"473 Đường Mậu Thân, Quận Bình Thủy, TP. Cần Thơ",Cần Thơ,5490000,510000,0,5490000,COD,PAID,DELIVERED,2025-12-27T10:40:29,2025-12-27T10:50:29,2025-12-28T04:40:29,2025-12-30T12:40:29,
ORD-250907-2574,CUST-0451,Vũ Thành Duy,0865504892,"457 Đường Mậu Thân, Quận Cái Răng, TP. Cần Thơ",Cần Thơ,1490000,310000,30000,1520000,COD,PAID,DELIVERED,2025-09-07T19:36:45,2025-09-07T19:47:45,2025-09-08T05:36:45,2025-09-08T23:36:45,
ORD-260124-2575,CUST-0121,Hồ Khánh Trinh,0853296685,"194 Đường Đại lộ Hòa Bình, Quận Bình Thủy, TP. Cần Thơ",Cần Thơ,3980000,620000,30000,4010000,MOMO,PAID,DELIVERED,2026-01-24T17:26:16,2026-01-24T17:51:16,2026-01-25T05:26:16,2026-01-25T19:26:16,
ORD-251104-2576,CUST-0365,Hồ Đình Khoa,0772324876,"95 Đường Võ Văn Tần, Quận 10, TP. Hồ Chí Minh",Hồ Chí Minh,16490000,2010000,0,16490000,COD,PAID,DELIVERED,2025-11-04T00:03:53,2025-11-04T00:20:53,2025-11-04T03:03:53,2025-11-05T04:03:53,
ORD-260423-2577,CUST-0116,Phạm Đình Việt,0937575844,"409 Đường Tô Hiệu, Quận Lê Chân, TP. Hải Phòng",Hải Phòng,2480000,520000,30000,2510000,BANK_TRANSFER,PAID,DELIVERED,2026-04-23T11:18:41,2026-04-23T11:33:41,2026-04-23T22:18:41,2026-04-25T14:18:41,
ORD-260411-2578,CUST-0061,Nguyễn Thành Minh,0914562328,"173 Đường Lê Hồng Phong, Quận Lê Chân, TP. Hải Phòng",Hải Phòng,2490000,310000,30000,2520000,BANK_TRANSFER,PAID,DELIVERED,2026-04-11T21:23:31,2026-04-11T21:32:31,2026-04-12T00:23:31,2026-04-12T23:23:31,
ORD-250717-2579,CUST-0258,Bùi Đình Hải,0855799136,"212 Đường Nguyễn Trãi, Quận Cầu Giấy, TP. Hà Nội",Hà Nội,52990000,5010000,0,52990000,BANK_TRANSFER,REFUNDED,CANCELLED,2025-07-17T19:17:18,2025-07-17T20:02:18,,,2025-07-17T22:17:18
ORD-250916-2580,CUST-0183,Trần Lâm Sơn,0774741124,"340 Đường Trần Hưng Đạo, Quận Hồng Bàng, TP. Hải Phòng",Hải Phòng,6990000,810000,0,6990000,COD,PAID,DELIVERED,2025-09-16T08:49:36,2025-09-16T08:57:36,2025-09-16T13:49:36,2025-09-19T08:49:36,
ORD-260520-2581,CUST-0152,Phạm Quang Duy,0839375679,"30 Đường Lê Hồng Phong, Quận Hồng Bàng, TP. Hải Phòng",Hải Phòng,2190000,310000,30000,2220000,COD,PAID,DELIVERED,2026-05-20T21:14:06,2026-05-20T21:21:06,2026-05-20T23:14:06,2026-05-22T00:14:06,
ORD-260217-2582,CUST-0179,Hồ Anh Hoàng,0837383206,"14 Đường Tràng Tiền, Quận Ba Đình, TP. Hà Nội",Hà Nội,5280000,720000,0,5280000,VNPAY,CANCELLED,CANCELLED,2026-02-17T22:30:41,2026-02-17T23:09:41,,,2026-02-18T07:30:41
ORD-251214-2583,CUST-0411,Dương Linh Giang,0857489690,"159 Đường Mậu Thân, Quận Ninh Kiều, TP. Cần Thơ",Cần Thơ,59980000,5820000,0,59980000,VNPAY,PAID,DELIVERED,2025-12-14T21:14:55,2025-12-14T21:53:55,2025-12-15T04:14:55,2025-12-16T00:14:55,
ORD-260423-2584,CUST-0423,Trần Đức Tùng,0910867713,"299 Đường Kim Mã, Quận Thanh Xuân, TP. Hà Nội",Hà Nội,32480000,4020000,0,32480000,COD,PAID,DELIVERED,2026-04-23T17:33:59,2026-04-23T17:52:59,2026-04-24T09:33:59,2026-04-24T19:33:59,
ORD-260104-2585,CUST-0371,Phạm Duy Hải,0859298316,"478 Đường Trần Văn Khéo, Quận Ninh Kiều, TP. Cần Thơ",Cần Thơ,1890000,310000,30000,1920000,COD,PAID,DELIVERED,2026-01-04T21:25:21,2026-01-04T21:34:21,2026-01-05T12:25:21,2026-01-07T21:25:21,
ORD-260523-2586,CUST-0461,Phạm Quang Hùng,0918204339,"51 Đường Nguyễn Kiệm, Quận Tân Bình, TP. Hồ Chí Minh",Hồ Chí Minh,1290000,210000,30000,1320000,COD,PAID,DELIVERED,2026-05-23T13:22:47,2026-05-23T13:37:47,2026-05-23T23:22:47,2026-05-25T16:22:47,
ORD-260416-2587,CUST-0382,Lê Hữu Hùng,0387275208,"301 Đường Võ Nguyên Giáp, Quận Sơn Trà, TP. Đà Nẵng",Đà Nẵng,4280000,720000,30000,4310000,COD,PAID,DELIVERED,2026-04-16T21:30:24,2026-04-16T21:57:24,2026-04-17T09:30:24,2026-04-17T22:30:24,
ORD-251113-2588,CUST-0306,Bùi Thị Hương,0935211039,"118 Đường Trần Hưng Đạo, Quận Hải Châu, TP. Đà Nẵng",Đà Nẵng,13490000,1510000,0,13490000,COD,PAID,DELIVERED,2025-11-13T23:23:18,2025-11-13T23:33:18,2025-11-14T13:23:18,2025-11-15T04:23:18,
ORD-260226-2589,CUST-0436,Đỗ Quốc Khánh,0384908108,"101 Đường Tô Hiệu, Quận Ngô Quyền, TP. Hải Phòng",Hải Phòng,3490000,410000,30000,3520000,BANK_TRANSFER,PAID,DELIVERED,2026-02-26T14:07:22,2026-02-26T14:35:22,2026-02-26T21:07:22,2026-02-27T14:07:22,
ORD-260318-2590,CUST-0144,Trần Đình Phong,0911426265,"320 Đường Nguyễn Thị Minh Khai, Quận 3, TP. Hồ Chí Minh",Hồ Chí Minh,2490000,410000,30000,2520000,CREDIT_CARD,PAID,DELIVERED,2026-03-18T08:01:43,2026-03-18T08:09:43,2026-03-19T02:01:43,2026-03-20T12:01:43,
ORD-251228-2591,CUST-0124,Ngô Ngọc Sơn,0939187851,"158 Đường Điện Biên Phủ, Quận 1, TP. Hồ Chí Minh",Hồ Chí Minh,22990000,2010000,0,22990000,COD,PAID,DELIVERED,2025-12-28T19:57:22,2025-12-28T20:42:22,2025-12-29T11:57:22,2025-12-30T23:57:22,
ORD-260412-2592,CUST-0396,Ngô Quốc Khánh,0831190833,"106 Đường Nguyễn Trãi, Quận Nam Từ Liêm, TP. Hà Nội",Hà Nội,3290000,510000,30000,3320000,BANK_TRANSFER,PAID,DELIVERED,2026-04-12T12:10:40,2026-04-12T12:45:40,2026-04-13T00:10:40,2026-04-14T16:10:40,
ORD-260108-2593,CUST-0454,Võ Phương Trinh,0838935449,"112 Đường Mậu Thân, Quận Bình Thủy, TP. Cần Thơ",Cần Thơ,12990000,2010000,0,12990000,BANK_TRANSFER,REFUNDED,CANCELLED,2026-01-08T19:06:21,2026-01-08T19:49:21,,,2026-01-09T04:06:21
ORD-260425-2594,CUST-0192,Trần Thảo Phương,0831545226,"183 Đường Nguyễn Văn Cừ, Quận Bình Thủy, TP. Cần Thơ",Cần Thơ,6280000,720000,0,6280000,COD,PAID,DELIVERED,2026-04-25T22:38:57,2026-04-25T23:19:57,2026-04-26T04:38:57,2026-04-28T00:38:57,
ORD-251213-2595,CUST-0450,Hồ Hữu Tuấn,0975626060,"537 Đường Nguyễn Trãi, Quận Ba Đình, TP. Hà Nội",Hà Nội,17480000,2220000,0,17480000,COD,PAID,DELIVERED,2025-12-13T17:12:20,2025-12-13T17:30:20,2025-12-14T00:12:20,2025-12-14T21:12:20,
ORD-260123-2596,CUST-0034,Hoàng Hoàng Huy,0917080531,"209 Đường Điện Biên Phủ, Quận 1, TP. Hồ Chí Minh",Hồ Chí Minh,1290000,210000,30000,1320000,VNPAY,PAID,DELIVERED,2026-01-23T14:50:06,2026-01-23T15:13:06,2026-01-23T18:50:06,2026-01-26T14:50:06,
ORD-251203-2597,CUST-0168,Dương Diệu Vy,0771361115,"141 Đường Võ Nguyên Giáp, Quận Thanh Khê, TP. Đà Nẵng",Đà Nẵng,990000,210000,30000,1020000,COD,PAID,DELIVERED,2025-12-03T19:09:45,2025-12-03T19:18:45,2025-12-03T23:09:45,2025-12-05T19:09:45,
ORD-251014-2598,CUST-0385,Phan Thị Ngọc,0975478137,"172 Đường Nguyễn Văn Cừ, Quận Cái Răng, TP. Cần Thơ",Cần Thơ,2490000,310000,30000,2520000,BANK_TRANSFER,PAID,DELIVERED,2025-10-14T15:33:16,2025-10-14T15:52:16,2025-10-15T08:33:16,2025-10-15T20:33:16,
ORD-250831-2599,CUST-0411,Dương Linh Giang,0857489690,"159 Đường Mậu Thân, Quận Ninh Kiều, TP. Cần Thơ",Cần Thơ,13490000,1510000,0,13490000,COD,PAID,DELIVERED,2025-08-31T14:39:10,2025-08-31T15:09:10,2025-09-01T06:39:10,2025-09-02T16:39:10,
ORD-251026-2600,CUST-0353,Phan Ngọc Hùng,0910618175,"39 Đường Nguyễn Văn Linh, Quận Sơn Trà, TP. Đà Nẵng",Đà Nẵng,12990000,2010000,0,12990000,VNPAY,PAID,DELIVERED,2025-10-26T15:08:23,2025-10-26T15:47:23,2025-10-26T17:08:23,2025-10-28T15:08:23,
ORD-260215-2601,CUST-0403,Phạm Linh Chi,0794858800,"458 Đường Trần Văn Khéo, Quận Cái Răng, TP. Cần Thơ",Cần Thơ,12990000,1510000,0,12990000,VNPAY,PAID,DELIVERED,2026-02-15T07:31:03,2026-02-15T07:44:03,2026-02-15T12:31:03,2026-02-16T12:31:03,
ORD-250809-2602,CUST-0448,Hồ Linh Nhi,0771255213,"354 Đường Trần Duy Hưng, Quận Nam Từ Liêm, TP. Hà Nội",Hà Nội,11180000,1320000,0,11180000,BANK_TRANSFER,PAID,DELIVERED,2025-08-09T09:47:02,2025-08-09T10:28:02,2025-08-09T17:47:02,2025-08-11T14:47:02,
ORD-250808-2603,CUST-0224,Lý Minh Trung,0981667467,"65 Đường Chùa Bộc, Quận Cầu Giấy, TP. Hà Nội",Hà Nội,4990000,510000,30000,5020000,COD,PAID,DELIVERED,2025-08-08T15:04:02,2025-08-08T15:36:02,2025-08-09T00:04:02,2025-08-09T19:04:02,
ORD-260208-2604,CUST-0186,Nguyễn Vy Trúc,0387066253,"157 Đường Võ Nguyên Giáp, Quận Sơn Trà, TP. Đà Nẵng",Đà Nẵng,2490000,410000,30000,2520000,BANK_TRANSFER,PAID,DELIVERED,2026-02-08T21:58:37,2026-02-08T22:12:37,2026-02-09T02:58:37,2026-02-10T00:58:37,
ORD-260103-2605,CUST-0417,Phan Mai Ngọc,0909003486,"247 Đường Hùng Vương, Quận Hải Châu, TP. Đà Nẵng",Đà Nẵng,5490000,710000,0,5490000,BANK_TRANSFER,REFUNDED,CANCELLED,2026-01-03T12:52:38,2026-01-03T13:07:38,,,2026-01-04T11:52:38
ORD-250927-2606,CUST-0043,Nguyễn Linh Mai,0916719022,"126 Đường Nguyễn Văn Linh, Quận Hải Châu, TP. Đà Nẵng",Đà Nẵng,2490000,410000,30000,2520000,COD,PAID,DELIVERED,2025-09-27T20:58:20,2025-09-27T21:32:20,2025-09-28T09:58:20,2025-09-30T22:58:20,
ORD-251117-2607,CUST-0151,Đặng Mai Hạnh,0831135290,"113 Đường Trần Văn Khéo, Quận Cái Răng, TP. Cần Thơ",Cần Thơ,4380000,720000,30000,4410000,BANK_TRANSFER,PAID,DELIVERED,2025-11-17T22:11:14,2025-11-17T22:47:14,2025-11-18T03:11:14,2025-11-20T23:11:14,
ORD-250728-2608,CUST-0354,Nguyễn Ngọc Sơn,0831119269,"306 Đường Phan Đăng Lưu, Quận 10, TP. Hồ Chí Minh",Hồ Chí Minh,1890000,310000,30000,1920000,BANK_TRANSFER,PAID,DELIVERED,2025-07-28T11:49:33,2025-07-28T12:04:33,2025-07-28T18:49:33,2025-07-31T16:49:33,
ORD-260117-2609,CUST-0256,Đỗ Phương Trinh,0986030299,"155 Đường Nguyễn Trãi, Quận Hoàn Kiếm, TP. Hà Nội",Hà Nội,12990000,2010000,0,12990000,VNPAY,PAID,DELIVERED,2026-01-17T11:44:37,2026-01-17T12:16:37,2026-01-17T18:44:37,2026-01-20T14:44:37,
ORD-251109-2610,CUST-0486,Dương Thu Trinh,0773179128,"536 Đường Tô Hiệu, Quận Ngô Quyền, TP. Hải Phòng",Hải Phòng,7980000,1120000,0,7980000,BANK_TRANSFER,PAID,DELIVERED,2025-11-09T12:39:38,2025-11-09T12:51:38,2025-11-10T03:39:38,2025-11-11T16:39:38,
ORD-251225-2611,CUST-0327,Đặng Quốc Hùng,0853441448,"346 Đường Lê Duẩn, Quận Hải Châu, TP. Đà Nẵng",Đà Nẵng,3390000,410000,30000,3420000,COD,PAID,DELIVERED,2025-12-25T18:07:15,2025-12-25T18:22:15,2025-12-26T10:07:15,2025-12-28T23:07:15,
ORD-251208-2612,CUST-0267,Phạm Quốc Bách,0389042681,"124 Đường Quang Trung, Quận Gò Vấp, TP. Hồ Chí Minh",Hồ Chí Minh,3990000,510000,30000,4020000,COD,PAID,DELIVERED,2025-12-08T12:48:46,2025-12-08T13:31:46,2025-12-08T23:48:46,2025-12-10T17:48:46,
ORD-260520-2613,CUST-0332,Dương Quang Minh,0930768104,"483 Đường Lê Hồng Phong, Quận Hồng Bàng, TP. Hải Phòng",Hải Phòng,10280000,1320000,0,10280000,BANK_TRANSFER,PAID,DELIVERED,2026-05-20T19:46:01,2026-05-20T20:27:01,2026-05-21T06:46:01,2026-05-22T20:46:01,
ORD-260212-2614,CUST-0070,Hoàng Vy Trúc,0911836736,"102 Đường Trần Văn Khéo, Quận Cái Răng, TP. Cần Thơ",Cần Thơ,14480000,2020000,0,14480000,COD,PAID,DELIVERED,2026-02-12T22:46:15,2026-02-12T22:59:15,2026-02-13T16:46:15,2026-02-16T03:46:15,
ORD-260226-2615,CUST-0156,Lê Phương Yến,0914785969,"365 Đường Lê Hồng Phong, Quận Hồng Bàng, TP. Hải Phòng",Hải Phòng,4380000,720000,30000,4410000,COD,PAID,DELIVERED,2026-02-26T17:00:07,2026-02-26T17:44:07,2026-02-26T21:00:07,2026-02-28T22:00:07,
ORD-260505-2616,CUST-0449,Trần Hồng Trúc,0973286326,"35 Đường Nguyễn Văn Cừ, Quận Cái Răng, TP. Cần Thơ",Cần Thơ,8990000,1510000,0,8990000,COD,PAID,DELIVERED,2026-05-05T08:47:49,2026-05-05T09:14:49,2026-05-05T17:47:49,2026-05-08T10:47:49,
ORD-251218-2617,CUST-0058,Bùi Anh Tùng,0983747407,"358 Đường Trần Duy Hưng, Quận Cầu Giấy, TP. Hà Nội",Hà Nội,10880000,1120000,0,10880000,MOMO,PAID,DELIVERED,2025-12-18T21:58:25,2025-12-18T22:31:25,2025-12-19T10:58:25,2025-12-19T23:58:25,
ORD-250814-2618,CUST-0033,Bùi Hoàng Tùng,0830162720,"470 Đường Mậu Thân, Quận Cái Răng, TP. Cần Thơ",Cần Thơ,4990000,510000,30000,5020000,COD,PAID,DELIVERED,2025-08-14T08:01:41,2025-08-14T08:35:41,2025-08-15T01:01:41,2025-08-15T09:01:41,
ORD-251128-2619,CUST-0172,Phan Đức Kiệt,0910910430,"518 Đường Nguyễn Văn Cừ, Quận Bình Thủy, TP. Cần Thơ",Cần Thơ,12990000,1510000,0,12990000,BANK_TRANSFER,PAID,DELIVERED,2025-11-28T09:41:26,2025-11-28T10:10:26,2025-11-28T17:41:26,2025-11-29T12:41:26,
ORD-260224-2620,CUST-0378,Trần Ngọc Vy,0772380468,"459 Đường Trần Văn Khéo, Quận Cái Răng, TP. Cần Thơ",Cần Thơ,15380000,1820000,0,15380000,VNPAY,PAID,DELIVERED,2026-02-24T09:19:15,2026-02-24T09:56:15,2026-02-25T02:19:15,2026-02-25T11:19:15,
ORD-250820-2621,CUST-0069,Nguyễn Hoàng Khoa,0851771159,"337 Đường Phan Đăng Lưu, Quận 10, TP. Hồ Chí Minh",Hồ Chí Minh,20480000,3020000,0,20480000,COD,PAID,DELIVERED,2025-08-20T20:42:51,2025-08-20T20:59:51,2025-08-21T14:42:51,2025-08-23T20:42:51,
ORD-250916-2622,CUST-0354,Nguyễn Ngọc Sơn,0831119269,"306 Đường Phan Đăng Lưu, Quận 10, TP. Hồ Chí Minh",Hồ Chí Minh,4290000,710000,30000,4320000,BANK_TRANSFER,PAID,DELIVERED,2025-09-16T20:58:19,2025-09-16T21:18:19,2025-09-17T07:58:19,2025-09-18T22:58:19,
ORD-250822-2623,CUST-0486,Dương Thu Trinh,0773179128,"536 Đường Tô Hiệu, Quận Ngô Quyền, TP. Hải Phòng",Hải Phòng,11380000,1820000,0,11380000,BANK_TRANSFER,PAID,DELIVERED,2025-08-22T20:41:19,2025-08-22T21:23:19,2025-08-23T03:41:19,2025-08-23T22:41:19,
ORD-260418-2624,CUST-0078,Dương Diệu Trinh,0386416052,"95 Đường Nguyễn Văn Cừ, Quận Bình Thủy, TP. Cần Thơ",Cần Thơ,11490000,1510000,0,11490000,VNPAY,PAID,DELIVERED,2026-04-18T09:40:37,2026-04-18T10:13:37,2026-04-19T03:40:37,2026-04-20T11:40:37,
ORD-250722-2625,CUST-0379,Hoàng Thị Hương,0795695579,"316 Đường Tô Hiệu, Quận Ngô Quyền, TP. Hải Phòng",Hải Phòng,3990000,510000,30000,4020000,BANK_TRANSFER,CANCELLED,CANCELLED,2025-07-22T13:45:39,2025-07-22T14:03:39,,,2025-07-22T21:45:39
ORD-251228-2626,CUST-0291,Hồ Hữu Minh,0773585730,"261 Đường Mậu Thân, Quận Cái Răng, TP. Cần Thơ",Cần Thơ,3980000,720000,30000,4010000,BANK_TRANSFER,PAID,DELIVERED,2025-12-28T22:46:53,2025-12-28T23:13:53,2025-12-29T06:46:53,2026-01-01T00:46:53,
ORD-250630-2627,CUST-0205,Hồ Khánh Vân,0905444713,"280 Đường Trần Hưng Đạo, Quận Ngũ Hành Sơn, TP. Đà Nẵng",Đà Nẵng,52990000,5010000,0,52990000,COD,PAID,DELIVERED,2025-06-30T21:31:42,2025-06-30T21:59:42,2025-07-01T15:31:42,2025-07-04T00:31:42,
ORD-260421-2628,CUST-0114,Lê Quốc Dũng,0831307562,"68 Đường Trần Duy Hưng, Quận Hai Bà Trưng, TP. Hà Nội",Hà Nội,12990000,1510000,0,12990000,COD,PAID,DELIVERED,2026-04-21T13:31:15,2026-04-21T13:54:15,2026-04-21T20:31:15,2026-04-22T15:31:15,
ORD-260112-2629,CUST-0297,Đặng Hồng Hương,0796338392,"442 Đường Võ Văn Tần, Quận Tân Bình, TP. Hồ Chí Minh",Hồ Chí Minh,6890000,610000,0,6890000,MOMO,PAID,DELIVERED,2026-01-12T16:56:35,2026-01-12T17:39:35,2026-01-13T00:56:35,2026-01-14T21:56:35,
ORD-260128-2630,CUST-0043,Nguyễn Linh Mai,0916719022,"126 Đường Nguyễn Văn Linh, Quận Hải Châu, TP. Đà Nẵng",Đà Nẵng,16490000,2010000,0,16490000,VNPAY,PAID,DELIVERED,2026-01-28T19:11:21,2026-01-28T19:28:21,2026-01-29T03:11:21,2026-01-29T22:11:21,
ORD-251116-2631,CUST-0001,Vũ Ngọc Giang,0938908386,"11 Đường Nguyễn Văn Cừ, Quận Bình Thủy, TP. Cần Thơ",Cần Thơ,1490000,310000,30000,1520000,BANK_TRANSFER,PAID,DELIVERED,2025-11-16T18:45:30,2025-11-16T18:56:30,2025-11-17T06:45:30,2025-11-17T21:45:30,
ORD-251220-2632,CUST-0025,Bùi Ngọc Ngọc,0794656482,"183 Đường Trần Văn Khéo, Quận Bình Thủy, TP. Cần Thơ",Cần Thơ,4980000,720000,30000,5010000,BANK_TRANSFER,REFUNDED,CANCELLED,2025-12-20T13:39:37,2025-12-20T14:09:37,,,2025-12-21T06:39:37
ORD-260121-2633,CUST-0169,Trần Văn Long,0852753269,"107 Đường Đại lộ Hòa Bình, Quận Ninh Kiều, TP. Cần Thơ",Cần Thơ,31980000,4020000,0,31980000,VNPAY,PAID,DELIVERED,2026-01-21T12:36:15,2026-01-21T13:15:15,2026-01-22T00:36:15,2026-01-23T12:36:15,
ORD-251122-2634,CUST-0202,Đỗ Thảo Vy,0834511686,"474 Đường Hùng Vương, Quận Sơn Trà, TP. Đà Nẵng",Đà Nẵng,4780000,620000,30000,4810000,BANK_TRANSFER,PAID,DELIVERED,2025-11-22T11:23:47,2025-11-22T11:55:47,2025-11-23T00:23:47,2025-11-24T11:23:47,
ORD-250806-2635,CUST-0410,Võ Mai Lan,0854846853,"189 Đường Trần Văn Khéo, Quận Cái Răng, TP. Cần Thơ",Cần Thơ,8480000,920000,0,8480000,COD,PAID,DELIVERED,2025-08-06T14:41:42,2025-08-06T14:58:42,2025-08-06T16:41:42,2025-08-07T17:41:42,
ORD-260122-2636,CUST-0378,Trần Ngọc Vy,0772380468,"459 Đường Trần Văn Khéo, Quận Cái Răng, TP. Cần Thơ",Cần Thơ,4490000,510000,30000,4520000,BANK_TRANSFER,PAID,DELIVERED,2026-01-22T21:57:26,2026-01-22T22:08:26,2026-01-23T11:57:26,2026-01-23T22:57:26,
ORD-260215-2637,CUST-0114,Lê Quốc Dũng,0831307562,"68 Đường Trần Duy Hưng, Quận Hai Bà Trưng, TP. Hà Nội",Hà Nội,1490000,310000,30000,1520000,BANK_TRANSFER,PAID,DELIVERED,2026-02-15T10:21:29,2026-02-15T10:29:29,2026-02-16T02:21:29,2026-02-16T11:21:29,
ORD-251206-2638,CUST-0012,Phạm Thảo Trúc,0976670106,"201 Đường Nguyễn Văn Linh, Quận Hải Châu, TP. Đà Nẵng",Đà Nẵng,8490000,1010000,0,8490000,COD,PAID,DELIVERED,2025-12-06T07:24:36,2025-12-06T07:38:36,2025-12-06T22:24:36,2025-12-07T07:24:36,
ORD-251211-2639,CUST-0210,Võ Thu Anh,0389108589,"498 Đường Lê Duẩn, Quận Sơn Trà, TP. Đà Nẵng",Đà Nẵng,4490000,710000,30000,4520000,COD,PAID,DELIVERED,2025-12-11T21:13:08,2025-12-11T21:34:08,2025-12-12T01:13:08,2025-12-13T02:13:08,
ORD-250901-2640,CUST-0101,Dương Quỳnh Yến,0915518844,"525 Đường Tràng Tiền, Quận Nam Từ Liêm, TP. Hà Nội",Hà Nội,22480000,3020000,0,22480000,MOMO,PAID,DELIVERED,2025-09-01T12:54:13,2025-09-01T13:34:13,2025-09-01T18:54:13,2025-09-02T16:54:13,
ORD-250910-2641,CUST-0455,Dương Anh Nam,0986611062,"536 Đường Nguyễn Kiệm, Quận Tân Bình, TP. Hồ Chí Minh",Hồ Chí Minh,2190000,310000,30000,2220000,COD,PAID,DELIVERED,2025-09-10T11:43:37,2025-09-10T12:25:37,2025-09-10T20:43:37,2025-09-13T11:43:37,
ORD-250814-2642,CUST-0245,Vũ Thảo Trang,0772832684,"16 Đường Tràng Tiền, Quận Đống Đa, TP. Hà Nội",Hà Nội,1890000,310000,30000,1920000,BANK_TRANSFER,PAID,DELIVERED,2025-08-14T14:00:06,2025-08-14T14:05:06,2025-08-14T19:00:06,2025-08-17T14:00:06,
ORD-251106-2643,CUST-0365,Hồ Đình Khoa,0772324876,"95 Đường Võ Văn Tần, Quận 10, TP. Hồ Chí Minh",Hồ Chí Minh,9490000,1510000,0,9490000,COD,PAID,DELIVERED,2025-11-06T12:08:08,2025-11-06T12:46:08,2025-11-06T21:08:08,2025-11-07T16:08:08,
ORD-251108-2644,CUST-0447,Bùi Thành Dũng,0777119918,"215 Đường Xuân Thủy, Quận Hoàn Kiếm, TP. Hà Nội",Hà Nội,32480000,4020000,0,32480000,VNPAY,PAID,DELIVERED,2025-11-08T19:31:31,2025-11-08T20:05:31,2025-11-09T06:31:31,2025-11-11T20:31:31,
ORD-251113-2645,CUST-0347,Võ Linh Trinh,0976544209,"489 Đường Lê Duẩn, Quận Sơn Trà, TP. Đà Nẵng",Đà Nẵng,3290000,510000,30000,3320000,COD,PAID,DELIVERED,2025-11-13T20:22:21,2025-11-13T21:00:21,2025-11-14T02:22:21,2025-11-15T23:22:21,
ORD-251229-2646,CUST-0321,Nguyễn Đình Hùng,0777780973,"469 Đường Tô Hiệu, Quận Lê Chân, TP. Hải Phòng",Hải Phòng,9280000,1120000,0,9280000,BANK_TRANSFER,PAID,DELIVERED,2025-12-29T11:07:29,2025-12-29T11:38:29,2025-12-29T18:07:29,2026-01-01T11:07:29,
ORD-251231-2647,CUST-0402,Nguyễn Thị Lan,0770269524,"537 Đường Lạch Tray, Quận Hồng Bàng, TP. Hải Phòng",Hải Phòng,2490000,310000,30000,2520000,BANK_TRANSFER,PAID,DELIVERED,2025-12-31T10:25:00,2025-12-31T11:02:00,2026-01-01T02:25:00,2026-01-02T13:25:00,
ORD-250626-2648,CUST-0220,Đặng Hồng Vy,0930461849,"528 Đường Xuân Thủy, Quận Hai Bà Trưng, TP. Hà Nội",Hà Nội,20980000,2720000,0,20980000,BANK_TRANSFER,PAID,DELIVERED,2025-06-26T18:34:09,2025-06-26T18:50:09,2025-06-26T23:34:09,2025-06-27T20:34:09,
ORD-251222-2649,CUST-0421,Dương Hoàng Trung,0777242954,"191 Đường Quang Trung, Thành phố Thủ Đức, TP. Hồ Chí Minh",Hồ Chí Minh,10480000,1820000,0,10480000,BANK_TRANSFER,PAID,DELIVERED,2025-12-22T19:21:04,2025-12-22T19:52:04,2025-12-23T07:21:04,2025-12-25T22:21:04,
ORD-260120-2650,CUST-0280,Trần Linh Hạnh,0900681149,"239 Đường Phan Đăng Lưu, Thành phố Thủ Đức, TP. Hồ Chí Minh",Hồ Chí Minh,5780000,720000,0,5780000,BANK_TRANSFER,PAID,DELIVERED,2026-01-20T15:14:19,2026-01-20T15:59:19,2026-01-21T00:14:19,2026-01-22T15:14:19,
ORD-251116-2651,CUST-0313,Hồ Mai Trúc,0384742312,"242 Đường Điện Biên Phủ, Quận Gò Vấp, TP. Hồ Chí Minh",Hồ Chí Minh,5490000,510000,0,5490000,BANK_TRANSFER,PAID,DELIVERED,2025-11-16T13:48:10,2025-11-16T14:08:10,2025-11-16T22:48:10,2025-11-17T16:48:10,
ORD-260208-2652,CUST-0233,Vũ Thành Phong,0866547226,"227 Đường Lê Hồng Phong, Quận Ngô Quyền, TP. Hải Phòng",Hải Phòng,12990000,1510000,0,12990000,BANK_TRANSFER,PAID,DELIVERED,2026-02-08T08:55:47,2026-02-08T09:07:47,2026-02-08T13:55:47,2026-02-11T09:55:47,
ORD-260613-2653,CUST-0462,Phan Diệu Trang,0795641118,"266 Đường Nguyễn Văn Linh, Quận Thanh Khê, TP. Đà Nẵng",Đà Nẵng,2290000,310000,30000,2320000,BANK_TRANSFER,PAID,DELIVERED,2026-06-13T22:17:02,2026-06-13T22:52:02,2026-06-14T03:17:02,2026-06-15T23:17:02,
ORD-260523-2654,CUST-0418,Nguyễn Hoàng Huy,0861343275,"87 Đường Nguyễn Văn Cừ, Quận Ninh Kiều, TP. Cần Thơ",Cần Thơ,990000,210000,30000,1020000,MOMO,PAID,DELIVERED,2026-05-23T18:27:25,2026-05-23T18:49:25,2026-05-24T11:27:25,2026-05-26T22:27:25,
ORD-250923-2655,CUST-0240,Trần Phương Hà,0975439878,"461 Đường Quang Trung, Quận 3, TP. Hồ Chí Minh",Hồ Chí Minh,4490000,710000,30000,4520000,MOMO,PAID,DELIVERED,2025-09-23T23:22:54,2025-09-23T23:56:54,2025-09-24T16:22:54,2025-09-24T23:22:54,
ORD-251118-2656,CUST-0045,Đỗ Phương Linh,0791206797,"294 Đường Phan Đăng Lưu, Quận Bình Thạnh, TP. Hồ Chí Minh",Hồ Chí Minh,22990000,2010000,0,22990000,BANK_TRANSFER,PAID,DELIVERED,2025-11-18T21:03:59,2025-11-18T21:30:59,2025-11-19T02:03:59,2025-11-20T01:03:59,
ORD-251128-2657,CUST-0486,Dương Thu Trinh,0773179128,"536 Đường Tô Hiệu, Quận Ngô Quyền, TP. Hải Phòng",Hải Phòng,990000,210000,30000,1020000,COD,PAID,DELIVERED,2025-11-28T21:34:42,2025-11-28T21:53:42,2025-11-29T04:34:42,2025-11-30T23:34:42,
ORD-260206-2658,CUST-0026,Vũ Văn Việt,0863699577,"178 Đường Trần Duy Hưng, Quận Ba Đình, TP. Hà Nội",Hà Nội,990000,210000,30000,1020000,CREDIT_CARD,PAID,DELIVERED,2026-02-06T11:10:02,2026-02-06T11:29:02,2026-02-06T19:10:02,2026-02-08T12:10:02,
ORD-251210-2659,CUST-0308,Nguyễn Thị Ngọc,0939407016,"304 Đường Lê Duẩn, Quận Hải Châu, TP. Đà Nẵng",Đà Nẵng,6890000,610000,0,6890000,BANK_TRANSFER,REFUNDED,CANCELLED,2025-12-10T07:45:40,2025-12-10T08:30:40,,,2025-12-11T05:45:40
ORD-250821-2660,CUST-0291,Hồ Hữu Minh,0773585730,"261 Đường Mậu Thân, Quận Cái Răng, TP. Cần Thơ",Cần Thơ,4290000,710000,30000,4320000,COD,PAID,DELIVERED,2025-08-21T12:20:13,2025-08-21T13:01:13,2025-08-22T04:20:13,2025-08-23T15:20:13,
ORD-260311-2661,CUST-0487,Hồ Hồng Chi,0777496903,"410 Đường Bà Triệu, Quận Hai Bà Trưng, TP. Hà Nội",Hà Nội,24880000,2320000,0,24880000,COD,CANCELLED,CANCELLED,2026-03-11T17:25:48,2026-03-11T17:42:48,,,2026-03-12T15:25:48
ORD-250930-2662,CUST-0470,Trần Phương Yến,0903045319,"510 Đường Nguyễn Văn Linh, Quận Thanh Khê, TP. Đà Nẵng",Đà Nẵng,3990000,510000,30000,4020000,BANK_TRANSFER,PAID,DELIVERED,2025-09-30T18:19:35,2025-09-30T18:47:35,2025-10-01T03:19:35,2025-10-01T19:19:35,
ORD-250926-2663,CUST-0017,Nguyễn Vy Mai,0918384251,"453 Đường Nguyễn Văn Linh, Quận Sơn Trà, TP. Đà Nẵng",Đà Nẵng,61480000,6020000,0,61480000,CREDIT_CARD,PAID,DELIVERED,2025-09-26T16:02:19,2025-09-26T16:35:19,2025-09-26T19:02:19,2025-09-27T19:02:19,
ORD-260212-2664,CUST-0371,Phạm Duy Hải,0859298316,"478 Đường Trần Văn Khéo, Quận Ninh Kiều, TP. Cần Thơ",Cần Thơ,11880000,1120000,0,11880000,BANK_TRANSFER,PAID,DELIVERED,2026-02-12T10:52:40,2026-02-12T11:29:40,2026-02-13T03:52:40,2026-02-14T11:52:40,
ORD-260120-2665,CUST-0311,Lý Quỳnh Lan,0388936392,"139 Đường Võ Nguyên Giáp, Quận Sơn Trà, TP. Đà Nẵng",Đà Nẵng,12480000,1520000,0,12480000,BANK_TRANSFER,PAID,DELIVERED,2026-01-20T22:41:39,2026-01-20T23:03:39,2026-01-21T04:41:39,2026-01-22T03:41:39,
ORD-251116-2666,CUST-0011,Phạm Thị Hà,0918347382,"253 Đường Tô Hiệu, Quận Lê Chân, TP. Hải Phòng",Hải Phòng,4380000,620000,30000,4410000,COD,PAID,DELIVERED,2025-11-16T11:17:43,2025-11-16T11:48:43,2025-11-16T23:17:43,2025-11-17T15:17:43,
ORD-251015-2667,CUST-0180,Ngô Thành Việt,0913836702,"242 Đường Lê Duẩn, Quận Hải Châu, TP. Đà Nẵng",Đà Nẵng,3290000,510000,30000,3320000,BANK_TRANSFER,PAID,DELIVERED,2025-10-15T14:59:44,2025-10-15T15:17:44,2025-10-16T06:59:44,2025-10-18T16:59:44,
ORD-251025-2668,CUST-0237,Đặng Hồng Thảo,0939735989,"186 Đường Trần Duy Hưng, Quận Đống Đa, TP. Hà Nội",Hà Nội,990000,210000,30000,1020000,VNPAY,PAID,DELIVERED,2025-10-25T08:37:36,2025-10-25T09:13:36,2025-10-25T22:37:36,2025-10-28T13:37:36,
ORD-260614-2669,CUST-0327,Đặng Quốc Hùng,0853441448,"346 Đường Lê Duẩn, Quận Hải Châu, TP. Đà Nẵng",Đà Nẵng,1890000,310000,30000,1920000,COD,PAID,DELIVERED,2026-06-14T10:28:36,2026-06-14T11:05:36,2026-06-14T21:28:36,2026-06-15T10:28:36,
ORD-250813-2670,CUST-0113,Phan Ngọc Trúc,0834097499,"541 Đường 3 Tháng 2, Quận Phú Nhuận, TP. Hồ Chí Minh",Hồ Chí Minh,3290000,510000,30000,3320000,COD,PAID,DELIVERED,2025-08-13T15:48:02,2025-08-13T16:29:02,2025-08-14T02:48:02,2025-08-16T19:48:02,
ORD-250915-2671,CUST-0213,Lê Thành Duy,0985135346,"306 Đường Hùng Vương, Quận Sơn Trà, TP. Đà Nẵng",Đà Nẵng,1890000,310000,30000,1920000,COD,PAID,DELIVERED,2025-09-15T20:19:38,2025-09-15T20:35:38,2025-09-15T22:19:38,2025-09-17T01:19:38,
ORD-251125-2672,CUST-0194,Đỗ Anh Minh,0971355215,"260 Đường Điện Biên Phủ, Quận Gò Vấp, TP. Hồ Chí Minh",Hồ Chí Minh,4490000,710000,30000,4520000,VNPAY,PAID,DELIVERED,2025-11-25T05:43:13,2025-11-25T06:06:13,2025-11-25T17:43:13,2025-11-27T10:43:13,
ORD-260104-2673,CUST-0455,Dương Anh Nam,0986611062,"536 Đường Nguyễn Kiệm, Quận Tân Bình, TP. Hồ Chí Minh",Hồ Chí Minh,16490000,2010000,0,16490000,BANK_TRANSFER,PAID,DELIVERED,2026-01-04T16:16:47,2026-01-04T16:35:47,2026-01-04T22:16:47,2026-01-05T17:16:47,
ORD-260610-2674,CUST-0190,Ngô Minh Tùng,0905992937,"43 Đường Võ Nguyên Giáp, Quận Thanh Khê, TP. Đà Nẵng",Đà Nẵng,4480000,620000,30000,4510000,COD,PAID,DELIVERED,2026-06-10T09:26:25,2026-06-10T09:48:25,2026-06-10T21:26:25,2026-06-12T14:26:25,
ORD-250901-2675,CUST-0395,Nguyễn Thảo Trang,0911939325,"361 Đường Phan Đăng Lưu, Quận 10, TP. Hồ Chí Minh",Hồ Chí Minh,3680000,620000,30000,3710000,BANK_TRANSFER,PAID,DELIVERED,2025-09-01T22:27:11,2025-09-01T22:44:11,2025-09-02T04:27:11,2025-09-05T02:27:11,
ORD-260109-2676,CUST-0131,Bùi Đức Khoa,0797056856,"193 Đường Tố Hữu, Quận Đống Đa, TP. Hà Nội",Hà Nội,11490000,1510000,0,11490000,BANK_TRANSFER,PAID,DELIVERED,2026-01-09T21:33:43,2026-01-09T21:53:43,2026-01-10T11:33:43,2026-01-13T00:33:43,
ORD-250810-2677,CUST-0387,Vũ Linh Trinh,0983264870,"479 Đường Tô Hiệu, Quận Ngô Quyền, TP. Hải Phòng",Hải Phòng,6680000,920000,0,6680000,COD,PAID,DELIVERED,2025-08-10T11:12:46,2025-08-10T11:42:46,2025-08-11T05:12:46,2025-08-13T15:12:46,
ORD-251109-2678,CUST-0108,Nguyễn Diệu Anh,0383259532,"320 Đường Tô Hiệu, Quận Ngô Quyền, TP. Hải Phòng",Hải Phòng,7180000,920000,0,7180000,BANK_TRANSFER,PAID,DELIVERED,2025-11-09T09:24:22,2025-11-09T10:09:22,2025-11-09T18:24:22,2025-11-11T13:24:22,
ORD-250925-2679,CUST-0069,Nguyễn Hoàng Khoa,0851771159,"337 Đường Phan Đăng Lưu, Quận 10, TP. Hồ Chí Minh",Hồ Chí Minh,8490000,1010000,0,8490000,MOMO,PAID,DELIVERED,2025-09-25T22:16:59,2025-09-25T22:39:59,2025-09-26T05:16:59,2025-09-29T02:16:59,
ORD-251129-2680,CUST-0278,Võ Đức Hải,0855699611,"329 Đường Trần Hưng Đạo, Quận Thanh Khê, TP. Đà Nẵng",Đà Nẵng,52990000,5010000,0,52990000,MOMO,PAID,DELIVERED,2025-11-29T23:09:26,2025-11-29T23:42:26,2025-11-30T13:09:26,2025-12-02T02:09:26,
ORD-251105-2681,CUST-0413,Ngô Anh Kiệt,0796603242,"185 Đường Hùng Vương, Quận Sơn Trà, TP. Đà Nẵng",Đà Nẵng,16380000,2120000,0,16380000,BANK_TRANSFER,PAID,DELIVERED,2025-11-05T11:38:30,2025-11-05T12:11:30,2025-11-05T21:38:30,2025-11-07T15:38:30,
ORD-260409-2682,CUST-0111,Lê Hoàng Hoàng,0978523986,"145 Đường Nguyễn Thị Minh Khai, Quận 1, TP. Hồ Chí Minh",Hồ Chí Minh,15180000,1820000,0,15180000,COD,PAID,DELIVERED,2026-04-09T08:15:15,2026-04-09T08:26:15,2026-04-10T02:15:15,2026-04-12T10:15:15,
ORD-251130-2683,CUST-0387,Vũ Linh Trinh,0983264870,"479 Đường Tô Hiệu, Quận Ngô Quyền, TP. Hải Phòng",Hải Phòng,2190000,310000,30000,2220000,BANK_TRANSFER,PAID,DELIVERED,2025-11-30T09:19:01,2025-11-30T09:37:01,2025-11-30T22:19:01,2025-12-02T10:19:01,
ORD-260602-2684,CUST-0166,Nguyễn Quỳnh Yến,0770632424,"385 Đường Lê Duẩn, Quận Sơn Trà, TP. Đà Nẵng",Đà Nẵng,1490000,310000,30000,1520000,BANK_TRANSFER,PAID,DELIVERED,2026-06-02T09:59:43,2026-06-02T10:37:43,2026-06-02T11:59:43,2026-06-03T13:59:43,
ORD-250901-2685,CUST-0468,Lý Minh Huy,0774355379,"492 Đường Nguyễn Thị Minh Khai, Quận 10, TP. Hồ Chí Minh",Hồ Chí Minh,8490000,1010000,0,8490000,COD,PAID,DELIVERED,2025-09-01T18:17:41,2025-09-01T18:39:41,2025-09-01T20:17:41,2025-09-03T22:17:41,
ORD-250813-2686,CUST-0177,Phạm Mai Phương,0982086353,"386 Đường Lê Duẩn, Quận Sơn Trà, TP. Đà Nẵng",Đà Nẵng,3490000,410000,30000,3520000,VNPAY,REFUNDED,CANCELLED,2025-08-13T11:53:18,2025-08-13T12:23:18,,,2025-08-13T15:53:18
ORD-250830-2687,CUST-0367,Ngô Linh Chi,0982005436,"111 Đường Lê Duẩn, Quận Ngũ Hành Sơn, TP. Đà Nẵng",Đà Nẵng,6580000,1020000,0,6580000,COD,PAID,DELIVERED,2025-08-30T14:09:09,2025-08-30T14:19:09,2025-08-31T02:09:09,2025-08-31T15:09:09,
ORD-250810-2688,CUST-0070,Hoàng Vy Trúc,0911836736,"102 Đường Trần Văn Khéo, Quận Cái Răng, TP. Cần Thơ",Cần Thơ,5490000,710000,0,5490000,COD,PAID,DELIVERED,2025-08-10T21:27:44,2025-08-10T21:54:44,2025-08-11T06:27:44,2025-08-14T00:27:44,
ORD-251109-2689,CUST-0060,Hoàng Thảo Hoa,0837439533,"45 Đường Lê Duẩn, Quận Thanh Khê, TP. Đà Nẵng",Đà Nẵng,4490000,710000,30000,4520000,COD,PAID,DELIVERED,2025-11-09T21:09:48,2025-11-09T21:15:48,2025-11-10T11:09:48,2025-11-13T01:09:48,
ORD-251224-2690,CUST-0188,Võ Anh Hoàng,0838564205,"64 Đường Kim Mã, Quận Cầu Giấy, TP. Hà Nội",Hà Nội,2190000,310000,30000,2220000,COD,PAID,DELIVERED,2025-12-24T11:37:57,2025-12-24T12:09:57,2025-12-24T23:37:57,2025-12-25T12:37:57,
ORD-260112-2691,CUST-0156,Lê Phương Yến,0914785969,"365 Đường Lê Hồng Phong, Quận Hồng Bàng, TP. Hải Phòng",Hải Phòng,990000,210000,30000,1020000,MOMO,PAID,DELIVERED,2026-01-12T08:39:51,2026-01-12T09:09:51,2026-01-12T16:39:51,2026-01-13T08:39:51,
ORD-251109-2692,CUST-0163,Lý Hữu Minh,0380422325,"280 Đường Mậu Thân, Quận Cái Răng, TP. Cần Thơ",Cần Thơ,4780000,820000,30000,4810000,BANK_TRANSFER,PAID,DELIVERED,2025-11-09T16:02:30,2025-11-09T16:07:30,2025-11-10T07:02:30,2025-11-10T19:02:30,
ORD-251014-2693,CUST-0437,Phan Ngọc Nhi,0901722601,"470 Đường Hùng Vương, Quận Sơn Trà, TP. Đà Nẵng",Đà Nẵng,28880000,3320000,0,28880000,BANK_TRANSFER,REFUNDED,CANCELLED,2025-10-14T18:32:41,2025-10-14T19:15:41,,,2025-10-15T02:32:41
ORD-250921-2694,CUST-0427,Nguyễn Đình Hải,0797572158,"325 Đường Xuân Thủy, Quận Đống Đa, TP. Hà Nội",Hà Nội,3990000,510000,30000,4020000,MOMO,PAID,DELIVERED,2025-09-21T11:08:34,2025-09-21T11:28:34,2025-09-21T13:08:34,2025-09-24T12:08:34,
ORD-260407-2695,CUST-0185,Lê Diệu Vân,0851994101,"344 Đường Đại lộ Hòa Bình, Quận Ninh Kiều, TP. Cần Thơ",Cần Thơ,26990000,3010000,0,26990000,BANK_TRANSFER,PAID,DELIVERED,2026-04-07T13:20:24,2026-04-07T13:34:24,2026-04-08T04:20:24,2026-04-08T15:20:24,
ORD-250922-2696,CUST-0182,Lý Thành Trung,0977431329,"465 Đường Chùa Bộc, Quận Cầu Giấy, TP. Hà Nội",Hà Nội,1890000,310000,30000,1920000,COD,PAID,DELIVERED,2025-09-22T12:39:59,2025-09-22T12:59:59,2025-09-23T03:39:59,2025-09-24T14:39:59,
ORD-251211-2697,CUST-0395,Nguyễn Thảo Trang,0911939325,"361 Đường Phan Đăng Lưu, Quận 10, TP. Hồ Chí Minh",Hồ Chí Minh,21980000,3520000,0,21980000,COD,PAID,DELIVERED,2025-12-11T15:33:30,2025-12-11T15:41:30,2025-12-12T04:33:30,2025-12-13T15:33:30,
ORD-260425-2698,CUST-0447,Bùi Thành Dũng,0777119918,"215 Đường Xuân Thủy, Quận Hoàn Kiếm, TP. Hà Nội",Hà Nội,22990000,2010000,0,22990000,COD,PAID,DELIVERED,2026-04-25T21:08:53,2026-04-25T21:38:53,2026-04-26T10:08:53,2026-04-28T00:08:53,
ORD-251223-2699,CUST-0015,Nguyễn Quang Khánh,0980812191,"257 Đường Xuân Thủy, Quận Hai Bà Trưng, TP. Hà Nội",Hà Nội,1890000,310000,30000,1920000,BANK_TRANSFER,PAID,DELIVERED,2025-12-23T20:54:23,2025-12-23T21:35:23,2025-12-24T04:54:23,2025-12-26T00:54:23,
ORD-260113-2700,CUST-0299,Đặng Trúc Hạnh,0865776004,"312 Đường Nguyễn Trãi, Quận Đống Đa, TP. Hà Nội",Hà Nội,5490000,710000,0,5490000,COD,PAID,DELIVERED,2026-01-13T11:09:56,2026-01-13T11:23:56,2026-01-13T15:09:56,2026-01-16T15:09:56,
ORD-260606-2701,CUST-0414,Hồ Thị Hoa,0915941651,"517 Đường Xuân Thủy, Quận Thanh Xuân, TP. Hà Nội",Hà Nội,52990000,5010000,0,52990000,BANK_TRANSFER,PAID,DELIVERED,2026-06-06T14:50:17,2026-06-06T15:05:17,2026-06-06T18:50:17,2026-06-07T14:50:17,
ORD-251118-2702,CUST-0026,Vũ Văn Việt,0863699577,"178 Đường Trần Duy Hưng, Quận Ba Đình, TP. Hà Nội",Hà Nội,15480000,1920000,0,15480000,COD,PAID,DELIVERED,2025-11-18T09:31:28,2025-11-18T09:51:28,2025-11-18T11:31:28,2025-11-21T13:31:28,
ORD-260613-2703,CUST-0128,Dương Thị Ngọc,0778686337,"37 Đường Xuân Thủy, Quận Hoàn Kiếm, TP. Hà Nội",Hà Nội,1490000,310000,30000,1520000,BANK_TRANSFER,PAID,DELIVERED,2026-06-13T13:51:12,2026-06-13T14:19:12,2026-06-14T04:51:12,2026-06-15T16:51:12,
ORD-251120-2704,CUST-0202,Đỗ Thảo Vy,0834511686,"474 Đường Hùng Vương, Quận Sơn Trà, TP. Đà Nẵng",Đà Nẵng,5490000,710000,0,5490000,COD,PAID,DELIVERED,2025-11-20T06:42:21,2025-11-20T07:22:21,2025-11-20T19:42:21,2025-11-23T07:42:21,
ORD-251211-2705,CUST-0241,Nguyễn Minh Anh,0916484085,"49 Đường Tô Hiệu, Quận Ngô Quyền, TP. Hải Phòng",Hải Phòng,27280000,2720000,0,27280000,BANK_TRANSFER,REFUNDED,CANCELLED,2025-12-11T07:05:54,2025-12-11T07:39:54,,,2025-12-12T01:05:54
ORD-250906-2706,CUST-0055,Dương Linh Mai,0797026217,"341 Đường Lê Duẩn, Quận Ngũ Hành Sơn, TP. Đà Nẵng",Đà Nẵng,1890000,310000,30000,1920000,BANK_TRANSFER,PAID,DELIVERED,2025-09-06T22:29:39,2025-09-06T22:40:39,2025-09-07T09:29:39,2025-09-10T02:29:39,
ORD-260201-2707,CUST-0178,Lê Thu Hoa,0381744518,"303 Đường Điện Biên Phủ, Quận Tân Bình, TP. Hồ Chí Minh",Hồ Chí Minh,11490000,1510000,0,11490000,COD,PAID,DELIVERED,2026-02-01T08:38:42,2026-02-01T09:09:42,2026-02-01T21:38:42,2026-02-03T09:38:42,
ORD-250918-2708,CUST-0220,Đặng Hồng Vy,0930461849,"528 Đường Xuân Thủy, Quận Hai Bà Trưng, TP. Hà Nội",Hà Nội,2490000,410000,30000,2520000,COD,PAID,DELIVERED,2025-09-18T12:50:20,2025-09-18T13:26:20,2025-09-19T03:50:20,2025-09-20T14:50:20,
ORD-250817-2709,CUST-0317,Hồ Diệu Nhi,0850347644,"60 Đường Kim Mã, Quận Hai Bà Trưng, TP. Hà Nội",Hà Nội,22990000,2010000,0,22990000,BANK_TRANSFER,PAID,DELIVERED,2025-08-17T18:17:18,2025-08-17T18:49:18,2025-08-18T01:17:18,2025-08-18T21:17:18,
ORD-260112-2710,CUST-0262,Vũ Đình Huy,0796959463,"188 Đường Tô Hiệu, Quận Lê Chân, TP. Hải Phòng",Hải Phòng,10280000,1720000,0,10280000,COD,PAID,DELIVERED,2026-01-12T09:41:25,2026-01-12T09:59:25,2026-01-12T21:41:25,2026-01-15T09:41:25,
ORD-250801-2711,CUST-0043,Nguyễn Linh Mai,0916719022,"126 Đường Nguyễn Văn Linh, Quận Hải Châu, TP. Đà Nẵng",Đà Nẵng,3390000,410000,30000,3420000,COD,PAID,DELIVERED,2025-08-01T18:12:22,2025-08-01T18:49:22,2025-08-02T05:12:22,2025-08-03T19:12:22,
ORD-250828-2712,CUST-0426,Phan Anh Hoàng,0839004896,"140 Đường Nguyễn Văn Cừ, Quận Bình Thủy, TP. Cần Thơ",Cần Thơ,17980000,2520000,0,17980000,COD,PAID,DELIVERED,2025-08-28T14:47:11,2025-08-28T15:31:11,2025-08-29T05:47:11,2025-08-31T15:47:11,
ORD-260131-2713,CUST-0342,Vũ Đình Dũng,0978008514,"330 Đường Tố Hữu, Quận Hai Bà Trưng, TP. Hà Nội",Hà Nội,4490000,710000,30000,4520000,BANK_TRANSFER,PAID,DELIVERED,2026-01-31T09:40:45,2026-01-31T10:04:45,2026-02-01T01:40:45,2026-02-02T09:40:45,
ORD-251018-2714,CUST-0313,Hồ Mai Trúc,0384742312,"242 Đường Điện Biên Phủ, Quận Gò Vấp, TP. Hồ Chí Minh",Hồ Chí Minh,2290000,310000,30000,2320000,BANK_TRANSFER,PAID,DELIVERED,2025-10-18T17:06:47,2025-10-18T17:14:47,2025-10-19T07:06:47,2025-10-19T21:06:47,
ORD-260404-2715,CUST-0135,Hoàng Thu Chi,0771753556,"21 Đường Trần Hưng Đạo, Quận Hồng Bàng, TP. Hải Phòng",Hải Phòng,5780000,720000,0,5780000,MOMO,PAID,DELIVERED,2026-04-04T08:02:38,2026-04-04T08:15:38,2026-04-04T19:02:38,2026-04-05T10:02:38,
ORD-260616-2716,CUST-0129,Bùi Văn Phong,0931190790,"244 Đường Võ Văn Tần, Thành phố Thủ Đức, TP. Hồ Chí Minh",Hồ Chí Minh,990000,210000,30000,1020000,COD,PAID,SHIPPED,2026-06-16T14:49:05,2026-06-16T15:01:05,2026-06-17T01:49:05,,
ORD-260104-2717,CUST-0157,Dương Lâm Việt,0839125134,"528 Đường Chùa Bộc, Quận Đống Đa, TP. Hà Nội",Hà Nội,6990000,810000,0,6990000,COD,PAID,DELIVERED,2026-01-04T11:44:22,2026-01-04T11:55:22,2026-01-04T21:44:22,2026-01-06T16:44:22,
ORD-251222-2718,CUST-0040,Trần Diệu Hương,0869578856,"469 Đường Lê Hồng Phong, Quận Ngô Quyền, TP. Hải Phòng",Hải Phòng,1890000,310000,30000,1920000,BANK_TRANSFER,PAID,DELIVERED,2025-12-22T11:30:27,2025-12-22T11:47:27,2025-12-22T21:30:27,2025-12-23T16:30:27,
ORD-250807-2719,CUST-0008,Dương Duy Sơn,0985288095,"319 Đường Quang Trung, Quận 3, TP. Hồ Chí Minh",Hồ Chí Minh,3290000,510000,30000,3320000,COD,PAID,DELIVERED,2025-08-07T09:23:30,2025-08-07T10:05:30,2025-08-07T22:23:30,2025-08-08T11:23:30,
ORD-250920-2720,CUST-0168,Dương Diệu Vy,0771361115,"141 Đường Võ Nguyên Giáp, Quận Thanh Khê, TP. Đà Nẵng",Đà Nẵng,1890000,310000,30000,1920000,COD,PAID,DELIVERED,2025-09-20T16:54:13,2025-09-20T17:03:13,2025-09-21T10:54:13,2025-09-21T20:54:13,
ORD-260515-2721,CUST-0266,Lê Khánh Phương,0976693801,"360 Đường Lê Hồng Phong, Quận Ngô Quyền, TP. Hải Phòng",Hải Phòng,1290000,210000,30000,1320000,BANK_TRANSFER,CANCELLED,CANCELLED,2026-05-15T16:33:08,2026-05-15T17:16:08,,,2026-05-16T12:33:08
ORD-260111-2722,CUST-0017,Nguyễn Vy Mai,0918384251,"453 Đường Nguyễn Văn Linh, Quận Sơn Trà, TP. Đà Nẵng",Đà Nẵng,9980000,1320000,0,9980000,BANK_TRANSFER,PAID,DELIVERED,2026-01-11T13:16:21,2026-01-11T13:37:21,2026-01-12T02:16:21,2026-01-14T18:16:21,
ORD-250930-2723,CUST-0043,Nguyễn Linh Mai,0916719022,"126 Đường Nguyễn Văn Linh, Quận Hải Châu, TP. Đà Nẵng",Đà Nẵng,3490000,410000,30000,3520000,COD,PAID,DELIVERED,2025-09-30T11:01:11,2025-09-30T11:35:11,2025-09-30T18:01:11,2025-10-01T12:01:11,
ORD-251113-2724,CUST-0427,Nguyễn Đình Hải,0797572158,"325 Đường Xuân Thủy, Quận Đống Đa, TP. Hà Nội",Hà Nội,9980000,1720000,0,9980000,COD,PAID,DELIVERED,2025-11-13T12:16:53,2025-11-13T12:24:53,2025-11-13T22:16:53,2025-11-15T13:16:53,
ORD-260206-2725,CUST-0215,Phan Vy Yến,0985217525,"285 Đường Võ Văn Tần, Quận 1, TP. Hồ Chí Minh",Hồ Chí Minh,3990000,510000,30000,4020000,COD,PAID,DELIVERED,2026-02-06T07:50:52,2026-02-06T08:14:52,2026-02-06T20:50:52,2026-02-07T08:50:52,
ORD-250809-2726,CUST-0415,Đỗ Lâm Khánh,0867139155,"438 Đường Mậu Thân, Quận Bình Thủy, TP. Cần Thơ",Cần Thơ,8490000,1010000,0,8490000,BANK_TRANSFER,PAID,DELIVERED,2025-08-09T12:26:03,2025-08-09T13:00:03,2025-08-09T19:26:03,2025-08-11T14:26:03,
ORD-260207-2727,CUST-0046,Trần Đình Tùng,0853618324,"319 Đường 3 Tháng 2, Quận 1, TP. Hồ Chí Minh",Hồ Chí Minh,6890000,610000,0,6890000,VNPAY,PAID,DELIVERED,2026-02-07T11:58:54,2026-02-07T12:15:54,2026-02-08T02:58:54,2026-02-09T14:58:54,
ORD-250916-2728,CUST-0499,Vũ Lâm Hải,0383296762,"49 Đường Tô Hiệu, Quận Hồng Bàng, TP. Hải Phòng",Hải Phòng,18680000,2320000,0,18680000,BANK_TRANSFER,PAID,DELIVERED,2025-09-16T16:11:10,2025-09-16T16:55:10,2025-09-17T00:11:10,2025-09-19T21:11:10,
ORD-260326-2729,CUST-0290,Nguyễn Duy Kiệt,0832513271,"66 Đường Lạch Tray, Quận Ngô Quyền, TP. Hải Phòng",Hải Phòng,52990000,5010000,0,52990000,BANK_TRANSFER,PAID,DELIVERED,2026-03-26T08:30:17,2026-03-26T09:04:17,2026-03-26T21:30:17,2026-03-28T10:30:17,
ORD-250930-2730,CUST-0264,Ngô Quỳnh Chi,0836114351,"63 Đường Nguyễn Văn Cừ, Quận Cái Răng, TP. Cần Thơ",Cần Thơ,30280000,3520000,0,30280000,BANK_TRANSFER,PAID,DELIVERED,2025-09-30T17:21:27,2025-09-30T17:55:27,2025-09-30T20:21:27,2025-10-01T17:21:27,
ORD-260225-2731,CUST-0126,Hồ Khánh Trang,0939106518,"298 Đường Nguyễn Thị Minh Khai, Quận Phú Nhuận, TP. Hồ Chí Minh",Hồ Chí Minh,990000,210000,30000,1020000,VNPAY,PAID,DELIVERED,2026-02-25T22:33:31,2026-02-25T22:49:31,2026-02-26T02:33:31,2026-02-28T00:33:31,
ORD-251230-2732,CUST-0423,Trần Đức Tùng,0910867713,"299 Đường Kim Mã, Quận Thanh Xuân, TP. Hà Nội",Hà Nội,3990000,510000,30000,4020000,BANK_TRANSFER,PAID,DELIVERED,2025-12-30T20:21:48,2025-12-30T20:40:48,2025-12-31T11:21:48,2026-01-02T21:21:48,
ORD-260403-2733,CUST-0186,Nguyễn Vy Trúc,0387066253,"157 Đường Võ Nguyên Giáp, Quận Sơn Trà, TP. Đà Nẵng",Đà Nẵng,3490000,410000,30000,3520000,COD,PAID,DELIVERED,2026-04-03T12:02:39,2026-04-03T12:11:39,2026-04-04T01:02:39,2026-04-04T15:02:39,
ORD-251207-2734,CUST-0405,Đặng Khánh Chi,0836954500,"362 Đường Quang Trung, Quận 10, TP. Hồ Chí Minh",Hồ Chí Minh,3990000,510000,30000,4020000,VNPAY,PAID,DELIVERED,2025-12-07T21:50:27,2025-12-07T22:04:27,2025-12-08T07:50:27,2025-12-09T21:50:27,
ORD-260106-2735,CUST-0400,Hồ Hữu Hải,0915353961,"290 Đường Trần Văn Khéo, Quận Bình Thủy, TP. Cần Thơ",Cần Thơ,5490000,710000,0,5490000,VNPAY,PAID,DELIVERED,2026-01-06T09:34:02,2026-01-06T09:49:02,2026-01-06T16:34:02,2026-01-07T14:34:02,
ORD-251215-2736,CUST-0174,Hoàng Thành Phong,0903161799,"17 Đường Lê Duẩn, Quận Thanh Khê, TP. Đà Nẵng",Đà Nẵng,3990000,510000,30000,4020000,BANK_TRANSFER,PAID,DELIVERED,2025-12-15T09:52:26,2025-12-15T10:13:26,2025-12-15T14:52:26,2025-12-17T10:52:26,
ORD-260221-2737,CUST-0420,Đỗ Ngọc Bách,0852063459,"533 Đường Điện Biên Phủ, Quận 10, TP. Hồ Chí Minh",Hồ Chí Minh,5680000,720000,0,5680000,BANK_TRANSFER,PAID,DELIVERED,2026-02-21T14:47:08,2026-02-21T15:13:08,2026-02-21T17:47:08,2026-02-23T16:47:08,
ORD-251106-2738,CUST-0442,Hồ Thành Duy,0860767899,"545 Đường Đại lộ Hòa Bình, Quận Ninh Kiều, TP. Cần Thơ",Cần Thơ,11490000,1510000,0,11490000,VNPAY,PAID,DELIVERED,2025-11-06T15:02:49,2025-11-06T15:13:49,2025-11-06T23:02:49,2025-11-07T18:02:49,
ORD-251130-2739,CUST-0101,Dương Quỳnh Yến,0915518844,"525 Đường Tràng Tiền, Quận Nam Từ Liêm, TP. Hà Nội",Hà Nội,16490000,2010000,0,16490000,COD,PAID,DELIVERED,2025-11-30T13:17:26,2025-11-30T13:58:26,2025-11-30T21:17:26,2025-12-01T13:17:26,
ORD-260213-2740,CUST-0228,Đặng Hoàng Phong,0917797177,"110 Đường Nguyễn Thị Minh Khai, Quận Phú Nhuận, TP. Hồ Chí Minh",Hồ Chí Minh,6280000,820000,0,6280000,CREDIT_CARD,PAID,DELIVERED,2026-02-13T18:06:22,2026-02-13T18:46:22,2026-02-14T11:06:22,2026-02-15T23:06:22,
ORD-260301-2741,CUST-0450,Hồ Hữu Tuấn,0975626060,"537 Đường Nguyễn Trãi, Quận Ba Đình, TP. Hà Nội",Hà Nội,12980000,2020000,0,12980000,BANK_TRANSFER,PAID,DELIVERED,2026-03-01T12:43:37,2026-03-01T13:20:37,2026-03-01T16:43:37,2026-03-04T17:43:37,
ORD-250901-2742,CUST-0254,Vũ Minh Tùng,0851846386,"11 Đường Võ Nguyên Giáp, Quận Ngũ Hành Sơn, TP. Đà Nẵng",Đà Nẵng,990000,210000,30000,1020000,MOMO,PAID,DELIVERED,2025-09-01T16:42:33,2025-09-01T17:23:33,2025-09-02T03:42:33,2025-09-04T21:42:33,
ORD-260323-2743,CUST-0061,Nguyễn Thành Minh,0914562328,"173 Đường Lê Hồng Phong, Quận Lê Chân, TP. Hải Phòng",Hải Phòng,3690000,510000,30000,3720000,COD,PAID,DELIVERED,2026-03-23T18:38:44,2026-03-23T18:50:44,2026-03-24T11:38:44,2026-03-25T22:38:44,
ORD-251031-2744,CUST-0461,Phạm Quang Hùng,0918204339,"51 Đường Nguyễn Kiệm, Quận Tân Bình, TP. Hồ Chí Minh",Hồ Chí Minh,1490000,310000,30000,1520000,BANK_TRANSFER,PAID,DELIVERED,2025-10-31T10:10:56,2025-10-31T10:40:56,2025-11-01T01:10:56,2025-11-02T14:10:56,
ORD-260202-2745,CUST-0189,Đặng Vy Hương,0981334803,"185 Đường Mậu Thân, Quận Cái Răng, TP. Cần Thơ",Cần Thơ,14480000,2320000,0,14480000,VNPAY,PAID,DELIVERED,2026-02-02T08:10:58,2026-02-02T08:20:58,2026-02-02T19:10:58,2026-02-05T12:10:58,
ORD-251125-2746,CUST-0479,Nguyễn Vy Trúc,0795498227,"382 Đường Lê Hồng Phong, Quận Ngô Quyền, TP. Hải Phòng",Hải Phòng,10780000,1320000,0,10780000,BANK_TRANSFER,PAID,DELIVERED,2025-11-25T18:18:47,2025-11-25T18:25:47,2025-11-26T02:18:47,2025-11-28T18:18:47,
ORD-250801-2747,CUST-0213,Lê Thành Duy,0985135346,"306 Đường Hùng Vương, Quận Sơn Trà, TP. Đà Nẵng",Đà Nẵng,9490000,1510000,0,9490000,COD,PAID,DELIVERED,2025-08-01T16:21:35,2025-08-01T16:59:35,2025-08-02T03:21:35,2025-08-02T18:21:35,
ORD-260205-2748,CUST-0052,Võ Đình Khánh,0866773782,"76 Đường Chùa Bộc, Quận Ba Đình, TP. Hà Nội",Hà Nội,17480000,2020000,0,17480000,BANK_TRANSFER,PAID,DELIVERED,2026-02-05T19:10:47,2026-02-05T19:15:47,2026-02-06T13:10:47,2026-02-06T23:10:47,
ORD-250807-2749,CUST-0447,Bùi Thành Dũng,0777119918,"215 Đường Xuân Thủy, Quận Hoàn Kiếm, TP. Hà Nội",Hà Nội,12990000,1510000,0,12990000,COD,PAID,DELIVERED,2025-08-07T12:51:19,2025-08-07T13:18:19,2025-08-07T14:51:19,2025-08-10T12:51:19,
ORD-250801-2750,CUST-0246,Lê Thị Trinh,0836881435,"169 Đường Mậu Thân, Quận Bình Thủy, TP. Cần Thơ",Cần Thơ,5490000,510000,0,5490000,MOMO,PAID,DELIVERED,2025-08-01T10:38:44,2025-08-01T10:53:44,2025-08-02T01:38:44,2025-08-03T13:38:44,
ORD-260227-2751,CUST-0353,Phan Ngọc Hùng,0910618175,"39 Đường Nguyễn Văn Linh, Quận Sơn Trà, TP. Đà Nẵng",Đà Nẵng,22480000,3520000,0,22480000,COD,PAID,DELIVERED,2026-02-27T19:11:18,2026-02-27T19:32:18,2026-02-27T21:11:18,2026-03-02T19:11:18,
ORD-250831-2752,CUST-0476,Nguyễn Hoàng Trung,0912070496,"306 Đường Nguyễn Thị Minh Khai, Quận 1, TP. Hồ Chí Minh",Hồ Chí Minh,2490000,410000,30000,2520000,VNPAY,PAID,DELIVERED,2025-08-31T20:51:54,2025-08-31T21:23:54,2025-09-01T14:51:54,2025-09-01T20:51:54,
ORD-250911-2753,CUST-0332,Dương Quang Minh,0930768104,"483 Đường Lê Hồng Phong, Quận Hồng Bàng, TP. Hải Phòng",Hải Phòng,2190000,310000,30000,2220000,VNPAY,PAID,DELIVERED,2025-09-11T10:50:49,2025-09-11T11:29:49,2025-09-11T13:50:49,2025-09-14T13:50:49,
ORD-250709-2754,CUST-0312,Bùi Lâm Sơn,0984826292,"330 Đường 3 Tháng 2, Quận 3, TP. Hồ Chí Minh",Hồ Chí Minh,6490000,1010000,0,6490000,BANK_TRANSFER,PAID,DELIVERED,2025-07-09T21:06:53,2025-07-09T21:24:53,2025-07-10T06:06:53,2025-07-11T00:06:53,
ORD-260307-2755,CUST-0459,Bùi Mai Phương,0779228777,"424 Đường Hùng Vương, Quận Hải Châu, TP. Đà Nẵng",Đà Nẵng,990000,210000,30000,1020000,VNPAY,PAID,DELIVERED,2026-03-07T17:00:34,2026-03-07T17:27:34,2026-03-08T09:00:34,2026-03-08T19:00:34,
ORD-260410-2756,CUST-0253,Phạm Phương Nhi,0976770051,"274 Đường Lê Hồng Phong, Quận Lê Chân, TP. Hải Phòng",Hải Phòng,39980000,4520000,0,39980000,COD,PAID,DELIVERED,2026-04-10T09:14:15,2026-04-10T09:43:15,2026-04-11T00:14:15,2026-04-12T12:14:15,
ORD-260429-2757,CUST-0036,Bùi Hoàng Anh,0931931491,"384 Đường Nguyễn Kiệm, Quận Tân Bình, TP. Hồ Chí Minh",Hồ Chí Minh,3290000,510000,30000,3320000,BANK_TRANSFER,PAID,DELIVERED,2026-04-29T17:32:14,2026-04-29T18:04:14,2026-04-30T01:32:14,2026-04-30T19:32:14,
ORD-250809-2758,CUST-0010,Hồ Thảo Vân,0778713315,"230 Đường Trần Hưng Đạo, Quận Lê Chân, TP. Hải Phòng",Hải Phòng,3490000,410000,30000,3520000,VNPAY,PAID,DELIVERED,2025-08-09T10:41:19,2025-08-09T11:26:19,2025-08-09T22:41:19,2025-08-10T15:41:19,
ORD-251117-2759,CUST-0046,Trần Đình Tùng,0853618324,"319 Đường 3 Tháng 2, Quận 1, TP. Hồ Chí Minh",Hồ Chí Minh,3490000,410000,30000,3520000,BANK_TRANSFER,PAID,DELIVERED,2025-11-17T18:21:05,2025-11-17T19:06:05,2025-11-18T00:21:05,2025-11-18T19:21:05,
ORD-260112-2760,CUST-0426,Phan Anh Hoàng,0839004896,"140 Đường Nguyễn Văn Cừ, Quận Bình Thủy, TP. Cần Thơ",Cần Thơ,6490000,1010000,0,6490000,BANK_TRANSFER,PAID,DELIVERED,2026-01-12T12:11:52,2026-01-12T12:54:52,2026-01-13T03:11:52,2026-01-14T15:11:52,
ORD-250726-2761,CUST-0123,Hoàng Thảo Nhi,0861459332,"430 Đường Tràng Tiền, Quận Hai Bà Trưng, TP. Hà Nội",Hà Nội,4990000,510000,30000,5020000,BANK_TRANSFER,PAID,DELIVERED,2025-07-26T10:42:38,2025-07-26T10:52:38,2025-07-26T16:42:38,2025-07-27T15:42:38,
ORD-260127-2762,CUST-0166,Nguyễn Quỳnh Yến,0770632424,"385 Đường Lê Duẩn, Quận Sơn Trà, TP. Đà Nẵng",Đà Nẵng,5680000,720000,0,5680000,COD,PAID,DELIVERED,2026-01-27T12:29:32,2026-01-27T12:43:32,2026-01-28T05:29:32,2026-01-30T12:29:32,
ORD-250709-2763,CUST-0130,Lê Đình Phong,0835995342,"312 Đường Tô Hiệu, Quận Hồng Bàng, TP. Hải Phòng",Hải Phòng,3290000,510000,30000,3320000,MOMO,PAID,DELIVERED,2025-07-09T13:38:40,2025-07-09T13:47:40,2025-07-09T20:38:40,2025-07-11T15:38:40,
ORD-251203-2764,CUST-0104,Dương Quỳnh Ngọc,0982535841,"133 Đường Kim Mã, Quận Hoàn Kiếm, TP. Hà Nội",Hà Nội,2190000,310000,30000,2220000,COD,PAID,DELIVERED,2025-12-03T15:49:30,2025-12-03T16:34:30,2025-12-03T22:49:30,2025-12-05T19:49:30,
ORD-260306-2765,CUST-0003,Trần Ngọc Long,0979310341,"469 Đường Phan Đăng Lưu, Thành phố Thủ Đức, TP. Hồ Chí Minh",Hồ Chí Minh,12990000,1510000,0,12990000,VNPAY,PAID,DELIVERED,2026-03-06T15:49:35,2026-03-06T16:22:35,2026-03-06T17:49:35,2026-03-07T20:49:35,
ORD-250815-2766,CUST-0062,Ngô Mai Mai,0771236851,"470 Đường Lê Lợi, Quận Gò Vấp, TP. Hồ Chí Minh",Hồ Chí Minh,11280000,1520000,0,11280000,COD,PAID,DELIVERED,2025-08-15T08:54:38,2025-08-15T09:28:38,2025-08-15T21:54:38,2025-08-17T08:54:38,
ORD-260126-2767,CUST-0279,Bùi Đình Bách,0979876220,"86 Đường Kim Mã, Quận Hoàn Kiếm, TP. Hà Nội",Hà Nội,1490000,310000,30000,1520000,VNPAY,PAID,DELIVERED,2026-01-26T12:44:09,2026-01-26T13:21:09,2026-01-27T04:44:09,2026-01-29T14:44:09,
ORD-251206-2768,CUST-0158,Bùi Quỳnh Chi,0858282742,"59 Đường Hùng Vương, Quận Ngũ Hành Sơn, TP. Đà Nẵng",Đà Nẵng,1290000,210000,30000,1320000,MOMO,PAID,DELIVERED,2025-12-06T22:39:10,2025-12-06T23:12:10,2025-12-07T16:39:10,2025-12-09T22:39:10,
ORD-260612-2769,CUST-0408,Bùi Vy Mai,0771357852,"211 Đường Võ Nguyên Giáp, Quận Sơn Trà, TP. Đà Nẵng",Đà Nẵng,9080000,920000,0,9080000,COD,PAID,DELIVERED,2026-06-12T20:56:49,2026-06-12T21:31:49,2026-06-13T04:56:49,2026-06-14T01:56:49,
ORD-260405-2770,CUST-0327,Đặng Quốc Hùng,0853441448,"346 Đường Lê Duẩn, Quận Hải Châu, TP. Đà Nẵng",Đà Nẵng,22990000,2010000,0,22990000,BANK_TRANSFER,PAID,DELIVERED,2026-04-05T20:15:23,2026-04-05T20:42:23,2026-04-06T00:15:23,2026-04-07T01:15:23,
ORD-250806-2771,CUST-0321,Nguyễn Đình Hùng,0777780973,"469 Đường Tô Hiệu, Quận Lê Chân, TP. Hải Phòng",Hải Phòng,1490000,310000,30000,1520000,COD,PAID,DELIVERED,2025-08-06T19:30:58,2025-08-06T20:10:58,2025-08-07T11:30:58,2025-08-08T22:30:58,
ORD-251201-2772,CUST-0126,Hồ Khánh Trang,0939106518,"298 Đường Nguyễn Thị Minh Khai, Quận Phú Nhuận, TP. Hồ Chí Minh",Hồ Chí Minh,14480000,2020000,0,14480000,COD,PAID,DELIVERED,2025-12-01T16:18:11,2025-12-01T16:39:11,2025-12-02T10:18:11,2025-12-03T18:18:11,
ORD-260608-2773,CUST-0080,Phạm Khánh Giang,0989212779,"328 Đường Nguyễn Văn Cừ, Quận Bình Thủy, TP. Cần Thơ",Cần Thơ,2490000,410000,30000,2520000,BANK_TRANSFER,PAID,DELIVERED,2026-06-08T08:43:43,2026-06-08T09:28:43,2026-06-08T13:43:43,2026-06-11T12:43:43,
ORD-250929-2774,CUST-0026,Vũ Văn Việt,0863699577,"178 Đường Trần Duy Hưng, Quận Ba Đình, TP. Hà Nội",Hà Nội,990000,210000,30000,1020000,COD,PAID,DELIVERED,2025-09-29T10:48:00,2025-09-29T11:11:00,2025-09-29T14:48:00,2025-10-02T15:48:00,
ORD-251121-2775,CUST-0359,Phan Minh Tuấn,0774328063,"503 Đường Nguyễn Văn Cừ, Quận Ninh Kiều, TP. Cần Thơ",Cần Thơ,1890000,310000,30000,1920000,COD,PAID,DELIVERED,2025-11-21T10:40:21,2025-11-21T11:03:21,2025-11-21T21:40:21,2025-11-22T11:40:21,
ORD-250831-2776,CUST-0086,Ngô Phương Vy,0981418880,"390 Đường Hùng Vương, Quận Thanh Khê, TP. Đà Nẵng",Đà Nẵng,990000,210000,30000,1020000,MOMO,PAID,DELIVERED,2025-08-31T17:00:09,2025-08-31T17:31:09,2025-08-31T21:00:09,2025-09-03T20:00:09,
ORD-260320-2777,CUST-0415,Đỗ Lâm Khánh,0867139155,"438 Đường Mậu Thân, Quận Bình Thủy, TP. Cần Thơ",Cần Thơ,990000,210000,30000,1020000,COD,PAID,DELIVERED,2026-03-20T08:47:33,2026-03-20T09:07:33,2026-03-21T02:47:33,2026-03-21T09:47:33,
ORD-260511-2778,CUST-0248,Trần Ngọc Giang,0977759492,"443 Đường Lê Hồng Phong, Quận Ngô Quyền, TP. Hải Phòng",Hải Phòng,11780000,1820000,0,11780000,BANK_TRANSFER,PAID,DELIVERED,2026-05-11T15:59:10,2026-05-11T16:12:10,2026-05-12T04:59:10,2026-05-14T16:59:10,
ORD-260128-2779,CUST-0162,Ngô Phương Hoa,0835849825,"278 Đường Hùng Vương, Quận Sơn Trà, TP. Đà Nẵng",Đà Nẵng,26990000,3010000,0,26990000,MOMO,PAID,DELIVERED,2026-01-28T14:32:17,2026-01-28T14:40:17,2026-01-28T19:32:17,2026-01-29T15:32:17,
ORD-251228-2780,CUST-0482,Võ Minh Anh,0936205015,"302 Đường Trần Hưng Đạo, Quận Hồng Bàng, TP. Hải Phòng",Hải Phòng,11490000,1510000,0,11490000,BANK_TRANSFER,PAID,DELIVERED,2025-12-28T21:54:43,2025-12-28T22:32:43,2025-12-29T01:54:43,2025-12-29T21:54:43,
ORD-260413-2781,CUST-0024,Hồ Hoàng Long,0791693406,"377 Đường Trần Hưng Đạo, Quận Lê Chân, TP. Hải Phòng",Hải Phòng,15480000,2320000,0,15480000,BANK_TRANSFER,PAID,DELIVERED,2026-04-13T19:15:56,2026-04-13T19:20:56,2026-04-14T00:15:56,2026-04-15T19:15:56,
ORD-260223-2782,CUST-0220,Đặng Hồng Vy,0930461849,"528 Đường Xuân Thủy, Quận Hai Bà Trưng, TP. Hà Nội",Hà Nội,3390000,410000,30000,3420000,BANK_TRANSFER,PAID,DELIVERED,2026-02-23T14:52:24,2026-02-23T15:08:24,2026-02-24T06:52:24,2026-02-26T19:52:24,
ORD-250808-2783,CUST-0446,Nguyễn Minh Khoa,0919318374,"278 Đường Hùng Vương, Quận Hải Châu, TP. Đà Nẵng",Đà Nẵng,5490000,710000,0,5490000,COD,PAID,DELIVERED,2025-08-08T22:14:19,2025-08-08T22:35:19,2025-08-09T15:14:19,2025-08-09T22:14:19,
ORD-260301-2784,CUST-0016,Bùi Thảo Trinh,0838543534,"473 Đường Kim Mã, Quận Hoàn Kiếm, TP. Hà Nội",Hà Nội,2490000,410000,30000,2520000,COD,PAID,DELIVERED,2026-03-01T08:19:53,2026-03-01T08:43:53,2026-03-01T17:19:53,2026-03-02T10:19:53,
ORD-250902-2785,CUST-0196,Lê Trúc Hoa,0860541152,"499 Đường Quang Trung, Quận 3, TP. Hồ Chí Minh",Hồ Chí Minh,5490000,510000,0,5490000,BANK_TRANSFER,PAID,DELIVERED,2025-09-02T17:18:09,2025-09-02T17:24:09,2025-09-02T19:18:09,2025-09-03T21:18:09,
ORD-250812-2786,CUST-0369,Phạm Hồng Trúc,0936317970,"187 Đường Trần Duy Hưng, Quận Thanh Xuân, TP. Hà Nội",Hà Nội,7480000,1220000,0,7480000,COD,PAID,DELIVERED,2025-08-12T12:00:03,2025-08-12T12:45:03,2025-08-12T15:00:03,2025-08-13T12:00:03,
ORD-260617-2787,CUST-0245,Vũ Thảo Trang,0772832684,"16 Đường Tràng Tiền, Quận Đống Đa, TP. Hà Nội",Hà Nội,1890000,310000,30000,1920000,COD,PAID,DELIVERED,2026-06-17T22:24:43,2026-06-17T23:03:43,2026-06-18T04:24:43,2026-06-20T22:24:43,
ORD-250921-2788,CUST-0065,Bùi Khánh Hoa,0973773515,"287 Đường Võ Nguyên Giáp, Quận Hải Châu, TP. Đà Nẵng",Đà Nẵng,11280000,1520000,0,11280000,COD,PAID,DELIVERED,2025-09-21T16:53:56,2025-09-21T17:06:56,2025-09-22T01:53:56,2025-09-23T18:53:56,
ORD-260112-2789,CUST-0073,Trần Duy Phong,0388998094,"352 Đường Kim Mã, Quận Đống Đa, TP. Hà Nội",Hà Nội,9480000,1020000,0,9480000,BANK_TRANSFER,PAID,DELIVERED,2026-01-12T15:05:50,2026-01-12T15:35:50,2026-01-12T21:05:50,2026-01-13T20:05:50,
ORD-250626-2790,CUST-0300,Dương Trúc Thảo,0798899210,"276 Đường Nguyễn Văn Linh, Quận Thanh Khê, TP. Đà Nẵng",Đà Nẵng,16880000,1920000,0,16880000,COD,PAID,DELIVERED,2025-06-26T10:57:39,2025-06-26T11:35:39,2025-06-27T00:57:39,2025-06-27T13:57:39,
ORD-250719-2791,CUST-0295,Trần Thảo Phương,0857899405,"18 Đường Lạch Tray, Quận Lê Chân, TP. Hải Phòng",Hải Phòng,1890000,310000,30000,1920000,MOMO,PAID,DELIVERED,2025-07-19T20:30:02,2025-07-19T20:45:02,2025-07-20T11:30:02,2025-07-21T23:30:02,
ORD-250630-2792,CUST-0439,Võ Ngọc Long,0774995641,"119 Đường Bà Triệu, Quận Cầu Giấy, TP. Hà Nội",Hà Nội,6990000,810000,0,6990000,VNPAY,PAID,DELIVERED,2025-06-30T18:20:25,2025-06-30T18:32:25,2025-06-30T22:20:25,2025-07-01T19:20:25,
ORD-250718-2793,CUST-0010,Hồ Thảo Vân,0778713315,"230 Đường Trần Hưng Đạo, Quận Lê Chân, TP. Hải Phòng",Hải Phòng,3990000,510000,30000,4020000,BANK_TRANSFER,PAID,DELIVERED,2025-07-18T13:33:49,2025-07-18T13:49:49,2025-07-19T04:33:49,2025-07-19T15:33:49,
ORD-251225-2794,CUST-0071,Đỗ Quỳnh Chi,0911116152,"425 Đường Lê Lợi, Quận Tân Bình, TP. Hồ Chí Minh",Hồ Chí Minh,26990000,3010000,0,26990000,VNPAY,PAID,DELIVERED,2025-12-25T08:01:45,2025-12-25T08:46:45,2025-12-26T02:01:45,2025-12-28T10:01:45,
ORD-260210-2795,CUST-0214,Võ Thảo Trinh,0839173816,"159 Đường Lê Duẩn, Quận Ngũ Hành Sơn, TP. Đà Nẵng",Đà Nẵng,4490000,710000,30000,4520000,COD,PAID,DELIVERED,2026-02-10T22:10:37,2026-02-10T22:22:37,2026-02-11T00:10:37,2026-02-12T03:10:37,
ORD-260127-2796,CUST-0279,Bùi Đình Bách,0979876220,"86 Đường Kim Mã, Quận Hoàn Kiếm, TP. Hà Nội",Hà Nội,12990000,1510000,0,12990000,BANK_TRANSFER,PAID,DELIVERED,2026-01-27T11:59:52,2026-01-27T12:40:52,2026-01-27T13:59:52,2026-01-28T13:59:52,
ORD-251231-2797,CUST-0222,Phan Thị Lan,0919721811,"275 Đường Kim Mã, Quận Hai Bà Trưng, TP. Hà Nội",Hà Nội,9490000,1510000,0,9490000,COD,PAID,DELIVERED,2025-12-31T09:22:28,2025-12-31T09:30:28,2025-12-31T15:22:28,2026-01-03T12:22:28,
ORD-260201-2798,CUST-0004,Lê Phương Thảo,0851928327,"62 Đường Trần Hưng Đạo, Quận Thanh Khê, TP. Đà Nẵng",Đà Nẵng,11490000,1510000,0,11490000,COD,PAID,DELIVERED,2026-02-01T14:54:04,2026-02-01T15:32:04,2026-02-02T05:54:04,2026-02-03T18:54:04,
ORD-251119-2799,CUST-0195,Hoàng Thành Hùng,0906762676,"495 Đường Lạch Tray, Quận Ngô Quyền, TP. Hải Phòng",Hải Phòng,6890000,610000,0,6890000,BANK_TRANSFER,PAID,DELIVERED,2025-11-19T18:24:28,2025-11-19T18:49:28,2025-11-20T01:24:28,2025-11-22T21:24:28,
ORD-250805-2800,CUST-0362,Phạm Đức Hùng,0980417929,"230 Đường Võ Văn Tần, Quận 3, TP. Hồ Chí Minh",Hồ Chí Minh,4290000,710000,30000,4320000,COD,PAID,DELIVERED,2025-08-05T21:45:34,2025-08-05T22:30:34,2025-08-06T07:45:34,2025-08-07T02:45:34,
ORD-251021-2801,CUST-0427,Nguyễn Đình Hải,0797572158,"325 Đường Xuân Thủy, Quận Đống Đa, TP. Hà Nội",Hà Nội,2290000,310000,30000,2320000,BANK_TRANSFER,PAID,DELIVERED,2025-10-21T07:34:51,2025-10-21T07:55:51,2025-10-21T18:34:51,2025-10-24T07:34:51,
ORD-251204-2802,CUST-0273,Võ Thị Trang,0853691559,"247 Đường Kim Mã, Quận Ba Đình, TP. Hà Nội",Hà Nội,22990000,2010000,0,22990000,COD,PAID,DELIVERED,2025-12-04T22:45:23,2025-12-04T23:26:23,2025-12-05T06:45:23,2025-12-08T01:45:23,
ORD-260509-2803,CUST-0430,Trần Phương Ngọc,0982849939,"431 Đường Trần Hưng Đạo, Quận Lê Chân, TP. Hải Phòng",Hải Phòng,7980000,1320000,0,7980000,VNPAY,PAID,DELIVERED,2026-05-09T10:06:15,2026-05-09T10:24:15,2026-05-09T17:06:15,2026-05-12T15:06:15,
ORD-260121-2804,CUST-0009,Lý Hữu Tuấn,0771822782,"221 Đường Tô Hiệu, Quận Lê Chân, TP. Hải Phòng",Hải Phòng,4490000,510000,30000,4520000,MOMO,PAID,DELIVERED,2026-01-21T12:34:27,2026-01-21T12:50:27,2026-01-21T20:34:27,2026-01-23T17:34:27,
ORD-250831-2805,CUST-0120,Bùi Mai Ngọc,0778872874,"268 Đường Trần Duy Hưng, Quận Hoàn Kiếm, TP. Hà Nội",Hà Nội,2480000,520000,30000,2510000,MOMO,PAID,DELIVERED,2025-08-31T12:49:18,2025-08-31T13:05:18,2025-08-31T16:49:18,2025-09-03T12:49:18,
ORD-250905-2806,CUST-0199,Hoàng Anh Kiệt,0854186256,"274 Đường Nguyễn Trãi, Quận Hai Bà Trưng, TP. Hà Nội",Hà Nội,2190000,310000,30000,2220000,COD,PAID,DELIVERED,2025-09-05T15:51:45,2025-09-05T16:35:45,2025-09-05T19:51:45,2025-09-08T20:51:45,
ORD-260128-2807,CUST-0433,Trần Quỳnh Hương,0381032664,"447 Đường Võ Văn Tần, Quận Gò Vấp, TP. Hồ Chí Minh",Hồ Chí Minh,11490000,1510000,0,11490000,COD,PAID,DELIVERED,2026-01-28T14:29:01,2026-01-28T14:56:01,2026-01-29T04:29:01,2026-01-31T15:29:01,
ORD-260515-2808,CUST-0069,Nguyễn Hoàng Khoa,0851771159,"337 Đường Phan Đăng Lưu, Quận 10, TP. Hồ Chí Minh",Hồ Chí Minh,9480000,1220000,0,9480000,VNPAY,PAID,DELIVERED,2026-05-15T23:40:38,2026-05-16T00:22:38,2026-05-16T11:40:38,2026-05-17T23:40:38,
ORD-260513-2809,CUST-0141,Đỗ Duy Nam,0790339740,"327 Đường Nguyễn Văn Linh, Quận Hải Châu, TP. Đà Nẵng",Đà Nẵng,5490000,710000,0,5490000,COD,PAID,DELIVERED,2026-05-13T21:53:49,2026-05-13T22:26:49,2026-05-14T04:53:49,2026-05-15T23:53:49,
ORD-260328-2810,CUST-0012,Phạm Thảo Trúc,0976670106,"201 Đường Nguyễn Văn Linh, Quận Hải Châu, TP. Đà Nẵng",Đà Nẵng,16490000,2010000,0,16490000,COD,PAID,DELIVERED,2026-03-28T12:36:11,2026-03-28T12:53:11,2026-03-29T04:36:11,2026-03-29T12:36:11,
ORD-251201-2811,CUST-0363,Vũ Hồng Phương,0971982530,"128 Đường Xuân Thủy, Quận Đống Đa, TP. Hà Nội",Hà Nội,17980000,2320000,0,17980000,BANK_TRANSFER,PAID,DELIVERED,2025-12-01T06:42:29,2025-12-01T07:20:29,2025-12-01T14:42:29,2025-12-02T07:42:29,
ORD-251203-2812,CUST-0252,Dương Duy Hải,0792722992,"242 Đường Võ Văn Tần, Quận Bình Thạnh, TP. Hồ Chí Minh",Hồ Chí Minh,6480000,820000,0,6480000,BANK_TRANSFER,PAID,DELIVERED,2025-12-03T12:53:11,2025-12-03T13:33:11,2025-12-04T06:53:11,2025-12-06T17:53:11,
ORD-251108-2813,CUST-0445,Lê Vy Chi,0916743380,"167 Đường Trần Hưng Đạo, Quận Sơn Trà, TP. Đà Nẵng",Đà Nẵng,12990000,2010000,0,12990000,COD,PAID,DELIVERED,2025-11-08T16:43:47,2025-11-08T17:25:47,2025-11-08T23:43:47,2025-11-10T17:43:47,
ORD-251204-2814,CUST-0136,Hoàng Mai Hương,0389378547,"365 Đường Mậu Thân, Quận Cái Răng, TP. Cần Thơ",Cần Thơ,15990000,2010000,0,15990000,COD,PAID,DELIVERED,2025-12-04T09:41:39,2025-12-04T10:19:39,2025-12-05T02:41:39,2025-12-05T11:41:39,
ORD-260216-2815,CUST-0240,Trần Phương Hà,0975439878,"461 Đường Quang Trung, Quận 3, TP. Hồ Chí Minh",Hồ Chí Minh,1490000,310000,30000,1520000,COD,PAID,DELIVERED,2026-02-16T17:17:18,2026-02-16T17:48:18,2026-02-17T01:17:18,2026-02-19T20:17:18,
ORD-260610-2816,CUST-0489,Vũ Diệu Trúc,0977546027,"89 Đường Trần Hưng Đạo, Quận Hải Châu, TP. Đà Nẵng",Đà Nẵng,4490000,710000,30000,4520000,BANK_TRANSFER,PAID,DELIVERED,2026-06-10T16:28:54,2026-06-10T16:59:54,2026-06-10T19:28:54,2026-06-12T21:28:54,
ORD-251206-2817,CUST-0343,Vũ Phương Linh,0772386562,"78 Đường Nguyễn Trãi, Quận Thanh Xuân, TP. Hà Nội",Hà Nội,2290000,310000,30000,2320000,COD,PAID,DELIVERED,2025-12-06T18:18:46,2025-12-06T18:43:46,2025-12-07T11:18:46,2025-12-09T20:18:46,
ORD-260205-2818,CUST-0422,Dương Quốc Hùng,0908931734,"444 Đường Tố Hữu, Quận Cầu Giấy, TP. Hà Nội",Hà Nội,11490000,1510000,0,11490000,COD,PAID,DELIVERED,2026-02-05T12:34:46,2026-02-05T12:43:46,2026-02-05T23:34:46,2026-02-06T17:34:46,
ORD-250802-2819,CUST-0065,Bùi Khánh Hoa,0973773515,"287 Đường Võ Nguyên Giáp, Quận Hải Châu, TP. Đà Nẵng",Đà Nẵng,4780000,820000,30000,4810000,COD,PAID,DELIVERED,2025-08-02T17:30:39,2025-08-02T17:41:39,2025-08-03T03:30:39,2025-08-04T20:30:39,
ORD-260218-2820,CUST-0291,Hồ Hữu Minh,0773585730,"261 Đường Mậu Thân, Quận Cái Răng, TP. Cần Thơ",Cần Thơ,990000,210000,30000,1020000,COD,PAID,DELIVERED,2026-02-18T15:06:57,2026-02-18T15:35:57,2026-02-19T02:06:57,2026-02-19T20:06:57,
ORD-251210-2821,CUST-0490,Đặng Hữu Huy,0931115083,"261 Đường Tràng Tiền, Quận Hoàn Kiếm, TP. Hà Nội",Hà Nội,4490000,710000,30000,4520000,MOMO,PAID,DELIVERED,2025-12-10T18:59:47,2025-12-10T19:16:47,2025-12-11T06:59:47,2025-12-11T21:59:47,
ORD-260319-2822,CUST-0003,Trần Ngọc Long,0979310341,"469 Đường Phan Đăng Lưu, Thành phố Thủ Đức, TP. Hồ Chí Minh",Hồ Chí Minh,16980000,2220000,0,16980000,COD,PAID,DELIVERED,2026-03-19T21:45:07,2026-03-19T21:55:07,2026-03-20T07:45:07,2026-03-23T01:45:07,
ORD-251231-2823,CUST-0418,Nguyễn Hoàng Huy,0861343275,"87 Đường Nguyễn Văn Cừ, Quận Ninh Kiều, TP. Cần Thơ",Cần Thơ,3690000,510000,30000,3720000,COD,PAID,DELIVERED,2025-12-31T18:15:18,2025-12-31T18:58:18,2025-12-31T22:15:18,2026-01-01T19:15:18,
ORD-250911-2824,CUST-0034,Hoàng Hoàng Huy,0917080531,"209 Đường Điện Biên Phủ, Quận 1, TP. Hồ Chí Minh",Hồ Chí Minh,2190000,310000,30000,2220000,COD,PAID,DELIVERED,2025-09-11T17:26:24,2025-09-11T18:08:24,2025-09-12T11:26:24,2025-09-14T17:26:24,
ORD-251008-2825,CUST-0308,Nguyễn Thị Ngọc,0939407016,"304 Đường Lê Duẩn, Quận Hải Châu, TP. Đà Nẵng",Đà Nẵng,1890000,310000,30000,1920000,BANK_TRANSFER,PAID,DELIVERED,2025-10-08T16:50:29,2025-10-08T17:25:29,2025-10-08T21:50:29,2025-10-11T17:50:29,
ORD-260117-2826,CUST-0133,Dương Thu Giang,0904699013,"218 Đường Tô Hiệu, Quận Hồng Bàng, TP. Hải Phòng",Hải Phòng,8490000,1010000,0,8490000,COD,PAID,DELIVERED,2026-01-17T17:17:22,2026-01-17T17:23:22,2026-01-18T04:17:22,2026-01-19T21:17:22,
ORD-251118-2827,CUST-0418,Nguyễn Hoàng Huy,0861343275,"87 Đường Nguyễn Văn Cừ, Quận Ninh Kiều, TP. Cần Thơ",Cần Thơ,1490000,310000,30000,1520000,MOMO,PAID,DELIVERED,2025-11-18T21:18:25,2025-11-18T22:00:25,2025-11-19T14:18:25,2025-11-19T23:18:25,
ORD-260215-2828,CUST-0200,Phạm Duy Dũng,0981158693,"246 Đường Tô Hiệu, Quận Ngô Quyền, TP. Hải Phòng",Hải Phòng,5490000,710000,0,5490000,COD,PAID,DELIVERED,2026-02-15T19:43:17,2026-02-15T20:07:17,2026-02-16T04:43:17,2026-02-18T23:43:17,
ORD-260407-2829,CUST-0265,Đỗ Thị Giang,0858430988,"41 Đường Chùa Bộc, Quận Ba Đình, TP. Hà Nội",Hà Nội,10980000,1320000,0,10980000,BANK_TRANSFER,PAID,DELIVERED,2026-04-07T10:48:04,2026-04-07T10:58:04,2026-04-07T18:48:04,2026-04-09T14:48:04,
ORD-251203-2830,CUST-0367,Ngô Linh Chi,0982005436,"111 Đường Lê Duẩn, Quận Ngũ Hành Sơn, TP. Đà Nẵng",Đà Nẵng,7680000,1120000,0,7680000,COD,PAID,DELIVERED,2025-12-03T10:14:31,2025-12-03T10:58:31,2025-12-03T13:14:31,2025-12-04T11:14:31,
ORD-260124-2831,CUST-0147,Vũ Trúc Lan,0974379937,"410 Đường Nguyễn Trãi, Quận Đống Đa, TP. Hà Nội",Hà Nội,1890000,310000,30000,1920000,COD,CANCELLED,CANCELLED,2026-01-24T14:16:56,2026-01-24T14:24:56,,,2026-01-24T21:16:56
ORD-251220-2832,CUST-0072,Dương Văn Việt,0834519832,"363 Đường Đại lộ Hòa Bình, Quận Ninh Kiều, TP. Cần Thơ",Cần Thơ,3490000,410000,30000,3520000,COD,PAID,DELIVERED,2025-12-20T11:45:27,2025-12-20T12:11:27,2025-12-20T18:45:27,2025-12-21T15:45:27,
ORD-251227-2833,CUST-0391,Hoàng Thành Hoàng,0918952028,"353 Đường Võ Nguyên Giáp, Quận Ngũ Hành Sơn, TP. Đà Nẵng",Đà Nẵng,32480000,4020000,0,32480000,BANK_TRANSFER,PAID,DELIVERED,2025-12-27T17:34:09,2025-12-27T17:44:09,2025-12-27T23:34:09,2025-12-29T19:34:09,
ORD-260306-2834,CUST-0353,Phan Ngọc Hùng,0910618175,"39 Đường Nguyễn Văn Linh, Quận Sơn Trà, TP. Đà Nẵng",Đà Nẵng,4180000,620000,30000,4210000,BANK_TRANSFER,PAID,DELIVERED,2026-03-06T16:17:07,2026-03-06T16:25:07,2026-03-07T08:17:07,2026-03-08T20:17:07,
ORD-260117-2835,CUST-0130,Lê Đình Phong,0835995342,"312 Đường Tô Hiệu, Quận Hồng Bàng, TP. Hải Phòng",Hải Phòng,6890000,610000,0,6890000,VNPAY,PAID,DELIVERED,2026-01-17T22:20:41,2026-01-17T22:48:41,2026-01-18T13:20:41,2026-01-21T01:20:41,
ORD-260118-2836,CUST-0067,Ngô Văn Huy,0982842102,"336 Đường Hùng Vương, Quận Thanh Khê, TP. Đà Nẵng",Đà Nẵng,22990000,2010000,0,22990000,COD,PAID,DELIVERED,2026-01-18T20:20:38,2026-01-18T20:52:38,2026-01-19T14:20:38,2026-01-20T22:20:38,
ORD-260612-2837,CUST-0414,Hồ Thị Hoa,0915941651,"517 Đường Xuân Thủy, Quận Thanh Xuân, TP. Hà Nội",Hà Nội,3990000,510000,30000,4020000,BANK_TRANSFER,PAID,DELIVERED,2026-06-12T13:43:22,2026-06-12T14:18:22,2026-06-13T02:43:22,2026-06-13T14:43:22,
ORD-260401-2838,CUST-0311,Lý Quỳnh Lan,0388936392,"139 Đường Võ Nguyên Giáp, Quận Sơn Trà, TP. Đà Nẵng",Đà Nẵng,16380000,1920000,0,16380000,MOMO,PAID,DELIVERED,2026-04-01T10:47:00,2026-04-01T11:25:00,2026-04-01T12:47:00,2026-04-03T11:47:00,
ORD-251010-2839,CUST-0292,Hồ Khánh Hạnh,0773928557,"75 Đường Trần Hưng Đạo, Quận Lê Chân, TP. Hải Phòng",Hải Phòng,12990000,1510000,0,12990000,BANK_TRANSFER,PAID,DELIVERED,2025-10-10T17:52:20,2025-10-10T18:04:20,2025-10-11T07:52:20,2025-10-13T22:52:20,
ORD-260217-2840,CUST-0382,Lê Hữu Hùng,0387275208,"301 Đường Võ Nguyên Giáp, Quận Sơn Trà, TP. Đà Nẵng",Đà Nẵng,6890000,610000,0,6890000,VNPAY,PAID,DELIVERED,2026-02-17T09:37:21,2026-02-17T10:14:21,2026-02-18T02:37:21,2026-02-18T14:37:21,
ORD-260320-2841,CUST-0021,Lý Thảo Hương,0851586923,"188 Đường Nguyễn Trãi, Quận Hai Bà Trưng, TP. Hà Nội",Hà Nội,4290000,710000,30000,4320000,BANK_TRANSFER,PAID,DELIVERED,2026-03-20T08:15:08,2026-03-20T08:42:08,2026-03-20T22:15:08,2026-03-21T12:15:08,
ORD-251114-2842,CUST-0150,Dương Lâm Khoa,0857243426,"415 Đường Võ Văn Tần, Quận Phú Nhuận, TP. Hồ Chí Minh",Hồ Chí Minh,4990000,510000,30000,5020000,BANK_TRANSFER,PAID,DELIVERED,2025-11-14T21:07:53,2025-11-14T21:28:53,2025-11-15T13:07:53,2025-11-17T01:07:53,
ORD-251201-2843,CUST-0394,Trần Trúc Mai,0910760310,"485 Đường Lạch Tray, Quận Lê Chân, TP. Hải Phòng",Hải Phòng,1490000,310000,30000,1520000,BANK_TRANSFER,PAID,DELIVERED,2025-12-01T08:25:32,2025-12-01T08:32:32,2025-12-01T15:25:32,2025-12-03T09:25:32,
ORD-251223-2844,CUST-0123,Hoàng Thảo Nhi,0861459332,"430 Đường Tràng Tiền, Quận Hai Bà Trưng, TP. Hà Nội",Hà Nội,39980000,5020000,0,39980000,BANK_TRANSFER,PAID,DELIVERED,2025-12-23T18:57:55,2025-12-23T19:05:55,2025-12-24T07:57:55,2025-12-24T20:57:55,
ORD-251111-2845,CUST-0399,Hoàng Hoàng Sơn,0917520716,"127 Đường Lạch Tray, Quận Lê Chân, TP. Hải Phòng",Hải Phòng,5490000,510000,0,5490000,MOMO,PAID,DELIVERED,2025-11-11T13:26:24,2025-11-11T13:48:24,2025-11-11T20:26:24,2025-11-14T17:26:24,
ORD-260424-2846,CUST-0003,Trần Ngọc Long,0979310341,"469 Đường Phan Đăng Lưu, Thành phố Thủ Đức, TP. Hồ Chí Minh",Hồ Chí Minh,3380000,620000,30000,3410000,COD,PAID,DELIVERED,2026-04-24T22:28:16,2026-04-24T23:03:16,2026-04-25T07:28:16,2026-04-27T23:28:16,
ORD-260225-2847,CUST-0354,Nguyễn Ngọc Sơn,0831119269,"306 Đường Phan Đăng Lưu, Quận 10, TP. Hồ Chí Minh",Hồ Chí Minh,20180000,2520000,0,20180000,COD,PAID,DELIVERED,2026-02-25T14:49:57,2026-02-25T14:56:57,2026-02-25T19:49:57,2026-02-27T16:49:57,
ORD-251116-2848,CUST-0276,Dương Hoàng Nam,0980347175,"268 Đường Hùng Vương, Quận Sơn Trà, TP. Đà Nẵng",Đà Nẵng,8490000,1010000,0,8490000,BANK_TRANSFER,PAID,DELIVERED,2025-11-16T14:02:44,2025-11-16T14:14:44,2025-11-17T08:02:44,2025-11-18T15:02:44,
ORD-250812-2849,CUST-0256,Đỗ Phương Trinh,0986030299,"155 Đường Nguyễn Trãi, Quận Hoàn Kiếm, TP. Hà Nội",Hà Nội,1490000,310000,30000,1520000,COD,PAID,DELIVERED,2025-08-12T17:40:13,2025-08-12T17:53:13,2025-08-13T07:40:13,2025-08-15T22:40:13,
ORD-251224-2850,CUST-0045,Đỗ Phương Linh,0791206797,"294 Đường Phan Đăng Lưu, Quận Bình Thạnh, TP. Hồ Chí Minh",Hồ Chí Minh,3180000,520000,30000,3210000,COD,PAID,DELIVERED,2025-12-24T18:03:41,2025-12-24T18:29:41,2025-12-24T23:03:41,2025-12-27T19:03:41,
ORD-260127-2851,CUST-0070,Hoàng Vy Trúc,0911836736,"102 Đường Trần Văn Khéo, Quận Cái Răng, TP. Cần Thơ",Cần Thơ,8480000,1120000,0,8480000,BANK_TRANSFER,PAID,DELIVERED,2026-01-27T13:59:40,2026-01-27T14:19:40,2026-01-28T07:59:40,2026-01-29T18:59:40,
ORD-260112-2852,CUST-0282,Đỗ Duy Khoa,0798457831,"271 Đường Võ Nguyên Giáp, Quận Sơn Trà, TP. Đà Nẵng",Đà Nẵng,5380000,720000,0,5380000,BANK_TRANSFER,PAID,DELIVERED,2026-01-12T11:25:47,2026-01-12T11:58:47,2026-01-12T20:25:47,2026-01-13T14:25:47,
ORD-251126-2853,CUST-0099,Nguyễn Phương Vân,0976909275,"547 Đường Mậu Thân, Quận Ninh Kiều, TP. Cần Thơ",Cần Thơ,52990000,5010000,0,52990000,COD,PAID,DELIVERED,2025-11-26T12:46:52,2025-11-26T13:31:52,2025-11-26T15:46:52,2025-11-29T13:46:52,
ORD-260110-2854,CUST-0332,Dương Quang Minh,0930768104,"483 Đường Lê Hồng Phong, Quận Hồng Bàng, TP. Hải Phòng",Hải Phòng,12990000,1510000,0,12990000,COD,PAID,DELIVERED,2026-01-10T20:46:38,2026-01-10T20:58:38,2026-01-11T14:46:38,2026-01-13T00:46:38,
ORD-251217-2855,CUST-0313,Hồ Mai Trúc,0384742312,"242 Đường Điện Biên Phủ, Quận Gò Vấp, TP. Hồ Chí Minh",Hồ Chí Minh,52990000,5010000,0,52990000,COD,PAID,DELIVERED,2025-12-17T21:06:05,2025-12-17T21:16:05,2025-12-17T23:06:05,2025-12-19T23:06:05,
ORD-251217-2856,CUST-0113,Phan Ngọc Trúc,0834097499,"541 Đường 3 Tháng 2, Quận Phú Nhuận, TP. Hồ Chí Minh",Hồ Chí Minh,35980000,4520000,0,35980000,MOMO,PAID,DELIVERED,2025-12-17T11:37:31,2025-12-17T12:19:31,2025-12-17T17:37:31,2025-12-20T16:37:31,
ORD-250723-2857,CUST-0062,Ngô Mai Mai,0771236851,"470 Đường Lê Lợi, Quận Gò Vấp, TP. Hồ Chí Minh",Hồ Chí Minh,4380000,620000,30000,4410000,MOMO,PAID,DELIVERED,2025-07-23T14:16:57,2025-07-23T14:31:57,2025-07-23T21:16:57,2025-07-24T17:16:57,
ORD-251226-2858,CUST-0174,Hoàng Thành Phong,0903161799,"17 Đường Lê Duẩn, Quận Thanh Khê, TP. Đà Nẵng",Đà Nẵng,4290000,710000,30000,4320000,BANK_TRANSFER,PAID,DELIVERED,2025-12-26T11:00:12,2025-12-26T11:40:12,2025-12-27T03:00:12,2025-12-28T14:00:12,
ORD-260122-2859,CUST-0131,Bùi Đức Khoa,0797056856,"193 Đường Tố Hữu, Quận Đống Đa, TP. Hà Nội",Hà Nội,22990000,2010000,0,22990000,BANK_TRANSFER,PAID,DELIVERED,2026-01-22T19:55:02,2026-01-22T20:34:02,2026-01-23T04:55:02,2026-01-23T23:55:02,
ORD-251105-2860,CUST-0226,Nguyễn Thảo Hà,0908993588,"259 Đường Tô Hiệu, Quận Hồng Bàng, TP. Hải Phòng",Hải Phòng,2490000,410000,30000,2520000,COD,PAID,DELIVERED,2025-11-05T11:03:31,2025-11-05T11:40:31,2025-11-05T15:03:31,2025-11-08T11:03:31,
ORD-260502-2861,CUST-0045,Đỗ Phương Linh,0791206797,"294 Đường Phan Đăng Lưu, Quận Bình Thạnh, TP. Hồ Chí Minh",Hồ Chí Minh,27480000,2720000,0,27480000,BANK_TRANSFER,PAID,DELIVERED,2026-05-02T11:02:11,2026-05-02T11:27:11,2026-05-03T03:02:11,2026-05-04T11:02:11,
ORD-250922-2862,CUST-0328,Dương Mai Hà,0857702727,"62 Đường Võ Nguyên Giáp, Quận Ngũ Hành Sơn, TP. Đà Nẵng",Đà Nẵng,38980000,4020000,0,38980000,VNPAY,PAID,DELIVERED,2025-09-22T20:01:48,2025-09-22T20:46:48,2025-09-23T03:01:48,2025-09-25T20:01:48,
ORD-260615-2863,CUST-0469,Đỗ Thu Chi,0388118071,"401 Đường Nguyễn Văn Cừ, Quận Bình Thủy, TP. Cần Thơ",Cần Thơ,3990000,510000,30000,4020000,COD,PENDING,PENDING,2026-06-15T19:57:15,,,,
ORD-260405-2864,CUST-0326,Đặng Anh Kiệt,0989343010,"428 Đường Nguyễn Kiệm, Quận Bình Thạnh, TP. Hồ Chí Minh",Hồ Chí Minh,3490000,410000,30000,3520000,BANK_TRANSFER,PAID,DELIVERED,2026-04-05T11:28:45,2026-04-05T11:52:45,2026-04-06T02:28:45,2026-04-08T15:28:45,
ORD-260311-2865,CUST-0463,Hoàng Ngọc Hải,0909520046,"336 Đường Võ Nguyên Giáp, Quận Thanh Khê, TP. Đà Nẵng",Đà Nẵng,4490000,710000,30000,4520000,MOMO,PAID,DELIVERED,2026-03-11T14:21:39,2026-03-11T15:06:39,2026-03-11T19:21:39,2026-03-13T18:21:39,
ORD-250812-2866,CUST-0309,Phạm Quang Nam,0977981238,"547 Đường Điện Biên Phủ, Quận 1, TP. Hồ Chí Minh",Hồ Chí Minh,4980000,720000,30000,5010000,COD,PAID,DELIVERED,2025-08-12T21:50:14,2025-08-12T22:22:14,2025-08-13T02:50:14,2025-08-16T00:50:14,
ORD-251208-2867,CUST-0070,Hoàng Vy Trúc,0911836736,"102 Đường Trần Văn Khéo, Quận Cái Răng, TP. Cần Thơ",Cần Thơ,1890000,310000,30000,1920000,BANK_TRANSFER,PAID,DELIVERED,2025-12-08T18:37:07,2025-12-08T19:14:07,2025-12-09T09:37:07,2025-12-11T21:37:07,
ORD-250917-2868,CUST-0475,Bùi Minh Huy,0931735058,"462 Đường Lê Lợi, Quận Phú Nhuận, TP. Hồ Chí Minh",Hồ Chí Minh,9490000,1510000,0,9490000,BANK_TRANSFER,PAID,DELIVERED,2025-09-17T13:38:28,2025-09-17T14:10:28,2025-09-18T06:38:28,2025-09-18T18:38:28,
ORD-260108-2869,CUST-0009,Lý Hữu Tuấn,0771822782,"221 Đường Tô Hiệu, Quận Lê Chân, TP. Hải Phòng",Hải Phòng,5680000,720000,0,5680000,MOMO,PAID,DELIVERED,2026-01-08T20:33:08,2026-01-08T21:14:08,2026-01-09T05:33:08,2026-01-10T23:33:08,
ORD-251124-2870,CUST-0223,Dương Thị Ngọc,0975611002,"453 Đường Tràng Tiền, Quận Đống Đa, TP. Hà Nội",Hà Nội,990000,210000,30000,1020000,BANK_TRANSFER,PAID,DELIVERED,2025-11-24T14:28:15,2025-11-24T14:56:15,2025-11-24T20:28:15,2025-11-25T17:28:15,
ORD-260516-2871,CUST-0070,Hoàng Vy Trúc,0911836736,"102 Đường Trần Văn Khéo, Quận Cái Răng, TP. Cần Thơ",Cần Thơ,12990000,1510000,0,12990000,VNPAY,PAID,DELIVERED,2026-05-16T00:21:32,2026-05-16T00:58:32,2026-05-16T18:21:32,2026-05-17T01:21:32,
ORD-251224-2872,CUST-0483,Nguyễn Quốc Sơn,0862342583,"108 Đường Kim Mã, Quận Nam Từ Liêm, TP. Hà Nội",Hà Nội,13490000,1510000,0,13490000,BANK_TRANSFER,PAID,DELIVERED,2025-12-24T19:52:31,2025-12-24T20:28:31,2025-12-24T22:52:31,2025-12-26T23:52:31,
ORD-250722-2873,CUST-0427,Nguyễn Đình Hải,0797572158,"325 Đường Xuân Thủy, Quận Đống Đa, TP. Hà Nội",Hà Nội,22480000,3020000,0,22480000,BANK_TRANSFER,PAID,DELIVERED,2025-07-22T19:14:49,2025-07-22T19:48:49,2025-07-22T21:14:49,2025-07-25T23:14:49,
ORD-260417-2874,CUST-0250,Dương Quỳnh Hạnh,0934110809,"42 Đường Mậu Thân, Quận Bình Thủy, TP. Cần Thơ",Cần Thơ,3480000,620000,30000,3510000,BANK_TRANSFER,PAID,DELIVERED,2026-04-17T14:49:10,2026-04-17T15:09:10,2026-04-18T00:49:10,2026-04-18T17:49:10,
ORD-251118-2875,CUST-0054,Dương Hồng Hương,0836360576,"134 Đường Nguyễn Trãi, Quận Hai Bà Trưng, TP. Hà Nội",Hà Nội,52990000,5010000,0,52990000,BANK_TRANSFER,PAID,DELIVERED,2025-11-18T17:49:44,2025-11-18T18:18:44,2025-11-19T00:49:44,2025-11-21T22:49:44,
ORD-250619-2876,CUST-0456,Bùi Diệu Yến,0776228277,"222 Đường Lạch Tray, Quận Lê Chân, TP. Hải Phòng",Hải Phòng,3390000,410000,30000,3420000,BANK_TRANSFER,PAID,DELIVERED,2025-06-19T21:23:55,2025-06-19T22:07:55,2025-06-20T01:23:55,2025-06-23T00:23:55,
ORD-260202-2877,CUST-0004,Lê Phương Thảo,0851928327,"62 Đường Trần Hưng Đạo, Quận Thanh Khê, TP. Đà Nẵng",Đà Nẵng,5490000,710000,0,5490000,COD,PAID,DELIVERED,2026-02-02T18:36:51,2026-02-02T19:14:51,2026-02-02T20:36:51,2026-02-03T19:36:51,
ORD-250825-2878,CUST-0285,Ngô Phương Lan,0982417974,"333 Đường Trần Hưng Đạo, Quận Ngô Quyền, TP. Hải Phòng",Hải Phòng,6990000,810000,0,6990000,BANK_TRANSFER,PAID,DELIVERED,2025-08-25T06:02:12,2025-08-25T06:37:12,2025-08-25T15:02:12,2025-08-27T06:02:12,
ORD-250623-2879,CUST-0461,Phạm Quang Hùng,0918204339,"51 Đường Nguyễn Kiệm, Quận Tân Bình, TP. Hồ Chí Minh",Hồ Chí Minh,3290000,510000,30000,3320000,VNPAY,PAID,DELIVERED,2025-06-23T08:26:53,2025-06-23T08:42:53,2025-06-23T17:26:53,2025-06-24T10:26:53,
ORD-260116-2880,CUST-0213,Lê Thành Duy,0985135346,"306 Đường Hùng Vương, Quận Sơn Trà, TP. Đà Nẵng",Đà Nẵng,26990000,3010000,0,26990000,COD,PAID,DELIVERED,2026-01-16T08:41:26,2026-01-16T09:12:26,2026-01-16T19:41:26,2026-01-19T11:41:26,
ORD-260120-2881,CUST-0229,Đặng Hữu Long,0834883755,"344 Đường Trần Duy Hưng, Quận Nam Từ Liêm, TP. Hà Nội",Hà Nội,13980000,1720000,0,13980000,BANK_TRANSFER,PAID,DELIVERED,2026-01-20T12:57:51,2026-01-20T13:28:51,2026-01-21T01:57:51,2026-01-21T15:57:51,
ORD-251113-2882,CUST-0315,Lý Diệu Hương,0853312797,"442 Đường Nguyễn Văn Linh, Quận Ngũ Hành Sơn, TP. Đà Nẵng",Đà Nẵng,16490000,2010000,0,16490000,COD,PAID,DELIVERED,2025-11-13T17:43:30,2025-11-13T18:09:30,2025-11-13T23:43:30,2025-11-15T19:43:30,
ORD-250825-2883,CUST-0141,Đỗ Duy Nam,0790339740,"327 Đường Nguyễn Văn Linh, Quận Hải Châu, TP. Đà Nẵng",Đà Nẵng,8490000,1010000,0,8490000,COD,PAID,DELIVERED,2025-08-25T20:13:22,2025-08-25T20:40:22,2025-08-26T00:13:22,2025-08-28T22:13:22,
ORD-250816-2884,CUST-0481,Dương Minh Long,0866521707,"482 Đường Điện Biên Phủ, Quận Bình Thạnh, TP. Hồ Chí Minh",Hồ Chí Minh,20180000,2520000,0,20180000,COD,PAID,DELIVERED,2025-08-16T17:25:23,2025-08-16T17:32:23,2025-08-17T04:25:23,2025-08-19T22:25:23,
ORD-260204-2885,CUST-0386,Hồ Đức Tùng,0831234785,"11 Đường Lạch Tray, Quận Ngô Quyền, TP. Hải Phòng",Hải Phòng,1290000,210000,30000,1320000,COD,PAID,DELIVERED,2026-02-04T18:46:39,2026-02-04T19:29:39,2026-02-04T23:46:39,2026-02-06T19:46:39,
ORD-260215-2886,CUST-0338,Đặng Hồng Mai,0978148769,"167 Đường Bà Triệu, Quận Ba Đình, TP. Hà Nội",Hà Nội,3990000,510000,30000,4020000,BANK_TRANSFER,PAID,DELIVERED,2026-02-15T20:08:20,2026-02-15T20:44:20,2026-02-16T01:08:20,2026-02-17T01:08:20,
ORD-250622-2887,CUST-0087,Dương Duy Hải,0770653794,"321 Đường Mậu Thân, Quận Ninh Kiều, TP. Cần Thơ",Cần Thơ,16490000,2010000,0,16490000,COD,PAID,DELIVERED,2025-06-22T16:06:08,2025-06-22T16:22:08,2025-06-23T01:06:08,2025-06-25T16:06:08,
ORD-260202-2888,CUST-0088,Lý Minh Tùng,0777468862,"58 Đường Lê Hồng Phong, Quận Hồng Bàng, TP. Hải Phòng",Hải Phòng,11490000,1510000,0,11490000,BANK_TRANSFER,PAID,DELIVERED,2026-02-02T14:36:05,2026-02-02T14:41:05,2026-02-03T07:36:05,2026-02-05T14:36:05,
ORD-260404-2889,CUST-0314,Phan Trúc Chi,0988975267,"236 Đường Bà Triệu, Quận Thanh Xuân, TP. Hà Nội",Hà Nội,16490000,2010000,0,16490000,COD,PAID,DELIVERED,2026-04-04T22:45:20,2026-04-04T23:13:20,2026-04-05T07:45:20,2026-04-07T01:45:20,
ORD-250630-2890,CUST-0440,Dương Linh Vy,0853683147,"124 Đường Đại lộ Hòa Bình, Quận Cái Răng, TP. Cần Thơ",Cần Thơ,15990000,2010000,0,15990000,BANK_TRANSFER,PAID,DELIVERED,2025-06-30T11:17:50,2025-06-30T11:32:50,2025-06-30T18:17:50,2025-07-01T15:17:50,
ORD-251204-2891,CUST-0147,Vũ Trúc Lan,0974379937,"410 Đường Nguyễn Trãi, Quận Đống Đa, TP. Hà Nội",Hà Nội,13480000,2020000,0,13480000,COD,PAID,DELIVERED,2025-12-04T20:06:25,2025-12-04T20:38:25,2025-12-05T07:06:25,2025-12-08T01:06:25,
ORD-260221-2892,CUST-0450,Hồ Hữu Tuấn,0975626060,"537 Đường Nguyễn Trãi, Quận Ba Đình, TP. Hà Nội",Hà Nội,6180000,820000,0,6180000,BANK_TRANSFER,PAID,DELIVERED,2026-02-21T18:13:57,2026-02-21T18:46:57,2026-02-22T02:13:57,2026-02-23T22:13:57,
ORD-251226-2893,CUST-0151,Đặng Mai Hạnh,0831135290,"113 Đường Trần Văn Khéo, Quận Cái Răng, TP. Cần Thơ",Cần Thơ,1890000,310000,30000,1920000,BANK_TRANSFER,PAID,DELIVERED,2025-12-26T22:49:31,2025-12-26T23:11:31,2025-12-27T08:49:31,2025-12-29T00:49:31,
ORD-260111-2894,CUST-0218,Hồ Quang Trung,0382575326,"221 Đường Chùa Bộc, Quận Thanh Xuân, TP. Hà Nội",Hà Nội,1490000,310000,30000,1520000,COD,PAID,DELIVERED,2026-01-11T11:00:22,2026-01-11T11:25:22,2026-01-11T18:00:22,2026-01-13T12:00:22,
ORD-260415-2895,CUST-0324,Phan Hữu Khoa,0791472145,"219 Đường Mậu Thân, Quận Bình Thủy, TP. Cần Thơ",Cần Thơ,990000,210000,30000,1020000,MOMO,PAID,DELIVERED,2026-04-15T20:42:34,2026-04-15T21:10:34,2026-04-16T08:42:34,2026-04-17T00:42:34,
ORD-251015-2896,CUST-0231,Trần Phương Giang,0916373516,"473 Đường Tô Hiệu, Quận Hồng Bàng, TP. Hải Phòng",Hải Phòng,3490000,410000,30000,3520000,COD,PAID,DELIVERED,2025-10-15T20:31:08,2025-10-15T21:03:08,2025-10-16T11:31:08,2025-10-16T22:31:08,
ORD-260323-2897,CUST-0054,Dương Hồng Hương,0836360576,"134 Đường Nguyễn Trãi, Quận Hai Bà Trưng, TP. Hà Nội",Hà Nội,2190000,310000,30000,2220000,COD,PAID,DELIVERED,2026-03-23T12:42:53,2026-03-23T13:17:53,2026-03-23T19:42:53,2026-03-25T16:42:53,
ORD-260421-2898,CUST-0220,Đặng Hồng Vy,0930461849,"528 Đường Xuân Thủy, Quận Hai Bà Trưng, TP. Hà Nội",Hà Nội,3490000,410000,30000,3520000,VNPAY,PAID,DELIVERED,2026-04-21T22:55:48,2026-04-21T23:35:48,2026-04-22T04:55:48,2026-04-24T22:55:48,
ORD-251219-2899,CUST-0438,Bùi Minh Hải,0932194168,"18 Đường Lê Lợi, Thành phố Thủ Đức, TP. Hồ Chí Minh",Hồ Chí Minh,3690000,510000,30000,3720000,COD,PAID,DELIVERED,2025-12-19T09:41:45,2025-12-19T10:02:45,2025-12-20T02:41:45,2025-12-22T09:41:45,
ORD-250826-2900,CUST-0251,Lý Anh Minh,0976394278,"519 Đường Quang Trung, Thành phố Thủ Đức, TP. Hồ Chí Minh",Hồ Chí Minh,24480000,3020000,0,24480000,BANK_TRANSFER,PAID,DELIVERED,2025-08-26T21:37:00,2025-08-26T21:52:00,2025-08-27T04:37:00,2025-08-29T01:37:00,
ORD-250923-2901,CUST-0293,Hoàng Quang Hoàng,0770862095,"401 Đường Xuân Thủy, Quận Đống Đa, TP. Hà Nội",Hà Nội,16490000,2010000,0,16490000,VNPAY,PAID,DELIVERED,2025-09-23T20:44:51,2025-09-23T21:03:51,2025-09-24T03:44:51,2025-09-24T22:44:51,
ORD-250726-2902,CUST-0439,Võ Ngọc Long,0774995641,"119 Đường Bà Triệu, Quận Cầu Giấy, TP. Hà Nội",Hà Nội,11480000,1320000,0,11480000,COD,PAID,DELIVERED,2025-07-26T11:49:34,2025-07-26T12:14:34,2025-07-26T17:49:34,2025-07-28T14:49:34,
ORD-250829-2903,CUST-0421,Dương Hoàng Trung,0777242954,"191 Đường Quang Trung, Thành phố Thủ Đức, TP. Hồ Chí Minh",Hồ Chí Minh,20480000,2520000,0,20480000,COD,PAID,DELIVERED,2025-08-29T18:34:20,2025-08-29T19:11:20,2025-08-30T09:34:20,2025-08-31T18:34:20,
ORD-250701-2904,CUST-0495,Trần Thảo Hạnh,0980970231,"303 Đường Nguyễn Văn Linh, Quận Thanh Khê, TP. Đà Nẵng",Đà Nẵng,990000,210000,30000,1020000,MOMO,REFUNDED,CANCELLED,2025-07-01T12:07:06,2025-07-01T12:30:06,,,2025-07-02T05:07:06
ORD-251012-2905,CUST-0369,Phạm Hồng Trúc,0936317970,"187 Đường Trần Duy Hưng, Quận Thanh Xuân, TP. Hà Nội",Hà Nội,8490000,1010000,0,8490000,COD,PAID,DELIVERED,2025-10-12T09:22:39,2025-10-12T10:05:39,2025-10-13T00:22:39,2025-10-15T11:22:39,
ORD-260222-2906,CUST-0138,Bùi Duy Kiệt,0857008860,"298 Đường Lê Hồng Phong, Quận Lê Chân, TP. Hải Phòng",Hải Phòng,1490000,310000,30000,1520000,BANK_TRANSFER,PAID,DELIVERED,2026-02-22T23:59:43,2026-02-23T00:25:43,2026-02-23T10:59:43,2026-02-26T00:59:43,
ORD-251228-2907,CUST-0354,Nguyễn Ngọc Sơn,0831119269,"306 Đường Phan Đăng Lưu, Quận 10, TP. Hồ Chí Minh",Hồ Chí Minh,15990000,2010000,0,15990000,COD,PAID,DELIVERED,2025-12-28T22:38:48,2025-12-28T23:14:48,2025-12-29T01:38:48,2025-12-30T01:38:48,
ORD-260526-2908,CUST-0416,Lê Khánh Yến,0384907851,"257 Đường Tô Hiệu, Quận Ngô Quyền, TP. Hải Phòng",Hải Phòng,10980000,1520000,0,10980000,BANK_TRANSFER,PAID,DELIVERED,2026-05-26T10:25:52,2026-05-26T11:00:52,2026-05-26T17:25:52,2026-05-27T12:25:52,
ORD-260106-2909,CUST-0191,Bùi Thu Chi,0905932525,"118 Đường 3 Tháng 2, Quận 10, TP. Hồ Chí Minh",Hồ Chí Minh,3490000,410000,30000,3520000,COD,PAID,DELIVERED,2026-01-06T19:34:41,2026-01-06T19:56:41,2026-01-07T04:34:41,2026-01-09T22:34:41,
ORD-251226-2910,CUST-0033,Bùi Hoàng Tùng,0830162720,"470 Đường Mậu Thân, Quận Cái Răng, TP. Cần Thơ",Cần Thơ,990000,210000,30000,1020000,BANK_TRANSFER,PAID,DELIVERED,2025-12-26T21:07:07,2025-12-26T21:33:07,2025-12-27T07:07:07,2025-12-30T02:07:07,
ORD-250621-2911,CUST-0372,Hồ Quốc Trung,0389392906,"548 Đường Tô Hiệu, Quận Hồng Bàng, TP. Hải Phòng",Hải Phòng,12990000,2010000,0,12990000,BANK_TRANSFER,PAID,DELIVERED,2025-06-21T18:21:07,2025-06-21T19:01:07,2025-06-21T23:21:07,2025-06-23T19:21:07,
ORD-260204-2912,CUST-0462,Phan Diệu Trang,0795641118,"266 Đường Nguyễn Văn Linh, Quận Thanh Khê, TP. Đà Nẵng",Đà Nẵng,17780000,2220000,0,17780000,VNPAY,PAID,DELIVERED,2026-02-04T19:00:44,2026-02-04T19:05:44,2026-02-05T10:00:44,2026-02-05T23:00:44,
ORD-251205-2913,CUST-0082,Bùi Hoàng Bách,0838079359,"466 Đường Lạch Tray, Quận Hồng Bàng, TP. Hải Phòng",Hải Phòng,15990000,2010000,0,15990000,BANK_TRANSFER,PAID,DELIVERED,2025-12-05T11:58:36,2025-12-05T12:35:36,2025-12-05T16:58:36,2025-12-08T15:58:36,
ORD-260104-2914,CUST-0440,Dương Linh Vy,0853683147,"124 Đường Đại lộ Hòa Bình, Quận Cái Răng, TP. Cần Thơ",Cần Thơ,16480000,2420000,0,16480000,MOMO,PAID,DELIVERED,2026-01-04T14:07:22,2026-01-04T14:14:22,2026-01-04T22:07:22,2026-01-06T16:07:22,
ORD-260125-2915,CUST-0105,Trần Đức Tùng,0832299590,"220 Đường Phan Đăng Lưu, Quận 1, TP. Hồ Chí Minh",Hồ Chí Minh,12990000,1510000,0,12990000,COD,PAID,DELIVERED,2026-01-25T07:02:38,2026-01-25T07:46:38,2026-01-25T11:02:38,2026-01-28T11:02:38,
ORD-260314-2916,CUST-0479,Nguyễn Vy Trúc,0795498227,"382 Đường Lê Hồng Phong, Quận Ngô Quyền, TP. Hải Phòng",Hải Phòng,4990000,510000,30000,5020000,MOMO,PAID,DELIVERED,2026-03-14T15:48:10,2026-03-14T16:08:10,2026-03-14T18:48:10,2026-03-16T17:48:10,
ORD-250829-2917,CUST-0420,Đỗ Ngọc Bách,0852063459,"533 Đường Điện Biên Phủ, Quận 10, TP. Hồ Chí Minh",Hồ Chí Minh,24980000,3020000,0,24980000,COD,PAID,DELIVERED,2025-08-29T17:27:17,2025-08-29T18:08:17,2025-08-29T22:27:17,2025-08-31T21:27:17,
ORD-260102-2918,CUST-0310,Vũ Văn Hoàng,0855543840,"291 Đường Lê Duẩn, Quận Ngũ Hành Sơn, TP. Đà Nẵng",Đà Nẵng,4290000,710000,30000,4320000,COD,PAID,DELIVERED,2026-01-02T15:37:17,2026-01-02T16:15:17,2026-01-03T04:37:17,2026-01-05T18:37:17,
ORD-251001-2919,CUST-0132,Phạm Đình Minh,0770866882,"343 Đường Bà Triệu, Quận Đống Đa, TP. Hà Nội",Hà Nội,11490000,1510000,0,11490000,BANK_TRANSFER,PAID,DELIVERED,2025-10-01T09:26:33,2025-10-01T10:11:33,2025-10-01T23:26:33,2025-10-04T14:26:33,
ORD-260228-2920,CUST-0031,Hồ Diệu Trúc,0978760366,"11 Đường Võ Văn Tần, Thành phố Thủ Đức, TP. Hồ Chí Minh",Hồ Chí Minh,3990000,510000,30000,4020000,BANK_TRANSFER,PAID,DELIVERED,2026-02-28T17:33:07,2026-02-28T17:58:07,2026-03-01T05:33:07,2026-03-03T21:33:07,
ORD-260421-2921,CUST-0333,Đặng Thành Việt,0909435334,"125 Đường Tô Hiệu, Quận Ngô Quyền, TP. Hải Phòng",Hải Phòng,4290000,710000,30000,4320000,CREDIT_CARD,PAID,DELIVERED,2026-04-21T14:26:06,2026-04-21T14:48:06,2026-04-22T01:26:06,2026-04-22T16:26:06,
ORD-260610-2922,CUST-0401,Ngô Ngọc Anh,0977967842,"506 Đường Phan Đăng Lưu, Quận 3, TP. Hồ Chí Minh",Hồ Chí Minh,3390000,410000,30000,3420000,COD,PAID,DELIVERED,2026-06-10T21:08:51,2026-06-10T21:18:51,2026-06-11T04:08:51,2026-06-12T23:08:51,
ORD-260116-2923,CUST-0280,Trần Linh Hạnh,0900681149,"239 Đường Phan Đăng Lưu, Thành phố Thủ Đức, TP. Hồ Chí Minh",Hồ Chí Minh,6890000,610000,0,6890000,VNPAY,PAID,DELIVERED,2026-01-16T14:42:51,2026-01-16T15:26:51,2026-01-16T16:42:51,2026-01-17T19:42:51,
ORD-251230-2924,CUST-0355,Đỗ Khánh Trúc,0855421406,"276 Đường Trần Hưng Đạo, Quận Hải Châu, TP. Đà Nẵng",Đà Nẵng,990000,210000,30000,1020000,COD,PAID,DELIVERED,2025-12-30T17:19:54,2025-12-30T17:31:54,2025-12-31T08:19:54,2026-01-01T18:19:54,
ORD-260228-2925,CUST-0234,Đỗ Thảo Vy,0852885158,"297 Đường Tô Hiệu, Quận Lê Chân, TP. Hải Phòng",Hải Phòng,12990000,2010000,0,12990000,BANK_TRANSFER,PAID,DELIVERED,2026-02-28T23:50:58,2026-03-01T00:17:58,2026-03-01T05:50:58,2026-03-03T04:50:58,
ORD-260216-2926,CUST-0496,Võ Thu Trang,0985662128,"403 Đường Đại lộ Hòa Bình, Quận Bình Thủy, TP. Cần Thơ",Cần Thơ,12990000,1510000,0,12990000,MOMO,PAID,DELIVERED,2026-02-16T23:20:30,2026-02-17T00:00:30,2026-02-17T03:20:30,2026-02-18T00:20:30,
ORD-260220-2927,CUST-0408,Bùi Vy Mai,0771357852,"211 Đường Võ Nguyên Giáp, Quận Sơn Trà, TP. Đà Nẵng",Đà Nẵng,1490000,310000,30000,1520000,COD,PAID,DELIVERED,2026-02-20T12:43:51,2026-02-20T12:56:51,2026-02-20T18:43:51,2026-02-22T12:43:51,
ORD-260324-2928,CUST-0213,Lê Thành Duy,0985135346,"306 Đường Hùng Vương, Quận Sơn Trà, TP. Đà Nẵng",Đà Nẵng,12990000,1510000,0,12990000,CREDIT_CARD,PAID,DELIVERED,2026-03-24T21:41:14,2026-03-24T22:14:14,2026-03-25T04:41:14,2026-03-26T23:41:14,
ORD-260307-2929,CUST-0429,Phạm Linh Thảo,0987617075,"509 Đường Tô Hiệu, Quận Ngô Quyền, TP. Hải Phòng",Hải Phòng,6180000,820000,0,6180000,MOMO,PAID,DELIVERED,2026-03-07T22:06:12,2026-03-07T22:11:12,2026-03-08T02:06:12,2026-03-11T02:06:12,
ORD-260524-2930,CUST-0330,Lê Lâm Việt,0970461735,"314 Đường Hùng Vương, Quận Thanh Khê, TP. Đà Nẵng",Đà Nẵng,15180000,2320000,0,15180000,COD,PAID,DELIVERED,2026-05-24T21:43:14,2026-05-24T22:17:14,2026-05-25T02:43:14,2026-05-28T02:43:14,
ORD-251125-2931,CUST-0175,Lê Mai Nhi,0794252410,"274 Đường Đại lộ Hòa Bình, Quận Cái Răng, TP. Cần Thơ",Cần Thơ,2290000,310000,30000,2320000,COD,PAID,DELIVERED,2025-11-25T15:20:54,2025-11-25T15:57:54,2025-11-26T01:20:54,2025-11-28T16:20:54,
ORD-260403-2932,CUST-0289,Đặng Linh Ngọc,0935031365,"127 Đường Kim Mã, Quận Nam Từ Liêm, TP. Hà Nội",Hà Nội,2190000,310000,30000,2220000,BANK_TRANSFER,PAID,DELIVERED,2026-04-03T10:45:55,2026-04-03T10:54:55,2026-04-04T00:45:55,2026-04-05T11:45:55,
ORD-260526-2933,CUST-0368,Lê Thị Chi,0791137995,"240 Đường Tràng Tiền, Quận Hoàn Kiếm, TP. Hà Nội",Hà Nội,1490000,310000,30000,1520000,COD,PAID,DELIVERED,2026-05-26T09:06:27,2026-05-26T09:43:27,2026-05-26T15:06:27,2026-05-27T14:06:27,
ORD-251012-2934,CUST-0173,Hồ Thảo Hạnh,0799241418,"405 Đường Tràng Tiền, Quận Ba Đình, TP. Hà Nội",Hà Nội,6990000,810000,0,6990000,BANK_TRANSFER,PAID,DELIVERED,2025-10-12T20:43:05,2025-10-12T21:00:05,2025-10-13T04:43:05,2025-10-14T20:43:05,
ORD-250829-2935,CUST-0241,Nguyễn Minh Anh,0916484085,"49 Đường Tô Hiệu, Quận Ngô Quyền, TP. Hải Phòng",Hải Phòng,2290000,310000,30000,2320000,MOMO,PAID,DELIVERED,2025-08-29T17:19:17,2025-08-29T17:51:17,2025-08-30T07:19:17,2025-09-01T22:19:17,
ORD-251121-2936,CUST-0104,Dương Quỳnh Ngọc,0982535841,"133 Đường Kim Mã, Quận Hoàn Kiếm, TP. Hà Nội",Hà Nội,22990000,2010000,0,22990000,COD,PAID,DELIVERED,2025-11-21T09:31:07,2025-11-21T10:06:07,2025-11-21T19:31:07,2025-11-22T14:31:07,
ORD-251207-2937,CUST-0175,Lê Mai Nhi,0794252410,"274 Đường Đại lộ Hòa Bình, Quận Cái Răng, TP. Cần Thơ",Cần Thơ,12990000,1510000,0,12990000,COD,PAID,DELIVERED,2025-12-07T21:39:46,2025-12-07T22:02:46,2025-12-08T04:39:46,2025-12-08T22:39:46,
ORD-251125-2938,CUST-0047,Võ Hồng Ngọc,0384887719,"261 Đường Nguyễn Văn Cừ, Quận Bình Thủy, TP. Cần Thơ",Cần Thơ,4490000,510000,30000,4520000,VNPAY,PAID,DELIVERED,2025-11-25T12:13:42,2025-11-25T12:57:42,2025-11-26T04:13:42,2025-11-28T17:13:42,
ORD-260515-2939,CUST-0034,Hoàng Hoàng Huy,0917080531,"209 Đường Điện Biên Phủ, Quận 1, TP. Hồ Chí Minh",Hồ Chí Minh,6490000,1010000,0,6490000,BANK_TRANSFER,PAID,DELIVERED,2026-05-15T22:39:10,2026-05-15T22:47:10,2026-05-16T13:39:10,2026-05-18T01:39:10,
ORD-260214-2940,CUST-0025,Bùi Ngọc Ngọc,0794656482,"183 Đường Trần Văn Khéo, Quận Bình Thủy, TP. Cần Thơ",Cần Thơ,15180000,2320000,0,15180000,VNPAY,PAID,DELIVERED,2026-02-14T08:39:55,2026-02-14T08:55:55,2026-02-14T11:39:55,2026-02-16T12:39:55,
ORD-251224-2941,CUST-0364,Lê Quang Hải,0773902196,"11 Đường Lê Lợi, Quận Phú Nhuận, TP. Hồ Chí Minh",Hồ Chí Minh,2490000,410000,30000,2520000,BANK_TRANSFER,PAID,DELIVERED,2025-12-24T10:53:38,2025-12-24T11:31:38,2025-12-24T19:53:38,2025-12-27T11:53:38,
ORD-251227-2942,CUST-0086,Ngô Phương Vy,0981418880,"390 Đường Hùng Vương, Quận Thanh Khê, TP. Đà Nẵng",Đà Nẵng,4490000,710000,30000,4520000,BANK_TRANSFER,PAID,DELIVERED,2025-12-27T10:17:33,2025-12-27T10:49:33,2025-12-27T23:17:33,2025-12-29T13:17:33,
ORD-250909-2943,CUST-0160,Đặng Trúc Yến,0837881914,"228 Đường Võ Nguyên Giáp, Quận Hải Châu, TP. Đà Nẵng",Đà Nẵng,5980000,720000,0,5980000,COD,PAID,DELIVERED,2025-09-09T11:15:48,2025-09-09T11:49:48,2025-09-09T21:15:48,2025-09-12T16:15:48,
ORD-251002-2944,CUST-0018,Bùi Lâm Khánh,0908412411,"293 Đường Lê Hồng Phong, Quận Hồng Bàng, TP. Hải Phòng",Hải Phòng,1290000,210000,30000,1320000,COD,PAID,DELIVERED,2025-10-02T20:34:43,2025-10-02T20:56:43,2025-10-03T06:34:43,2025-10-06T00:34:43,
ORD-250918-2945,CUST-0233,Vũ Thành Phong,0866547226,"227 Đường Lê Hồng Phong, Quận Ngô Quyền, TP. Hải Phòng",Hải Phòng,3290000,510000,30000,3320000,COD,PAID,DELIVERED,2025-09-18T13:42:25,2025-09-18T14:03:25,2025-09-18T20:42:25,2025-09-19T18:42:25,
ORD-250823-2946,CUST-0318,Võ Anh Tuấn,0791298266,"469 Đường Mậu Thân, Quận Ninh Kiều, TP. Cần Thơ",Cần Thơ,26990000,3010000,0,26990000,COD,PAID,DELIVERED,2025-08-23T09:45:03,2025-08-23T10:04:03,2025-08-23T15:45:03,2025-08-25T12:45:03,
ORD-260413-2947,CUST-0060,Hoàng Thảo Hoa,0837439533,"45 Đường Lê Duẩn, Quận Thanh Khê, TP. Đà Nẵng",Đà Nẵng,2290000,310000,30000,2320000,VNPAY,PAID,DELIVERED,2026-04-13T17:20:16,2026-04-13T17:38:16,2026-04-14T09:20:16,2026-04-14T17:20:16,
ORD-260228-2948,CUST-0226,Nguyễn Thảo Hà,0908993588,"259 Đường Tô Hiệu, Quận Hồng Bàng, TP. Hải Phòng",Hải Phòng,6490000,1010000,0,6490000,COD,PAID,DELIVERED,2026-02-28T17:43:29,2026-02-28T18:13:29,2026-03-01T07:43:29,2026-03-01T17:43:29,
ORD-250817-2949,CUST-0496,Võ Thu Trang,0985662128,"403 Đường Đại lộ Hòa Bình, Quận Bình Thủy, TP. Cần Thơ",Cần Thơ,1290000,210000,30000,1320000,BANK_TRANSFER,PAID,DELIVERED,2025-08-17T18:40:37,2025-08-17T18:50:37,2025-08-18T12:40:37,2025-08-20T19:40:37,
ORD-251105-2950,CUST-0007,Dương Ngọc Nam,0858451462,"524 Đường 3 Tháng 2, Quận Gò Vấp, TP. Hồ Chí Minh",Hồ Chí Minh,12990000,1510000,0,12990000,COD,PAID,DELIVERED,2025-11-05T15:34:40,2025-11-05T15:46:40,2025-11-06T04:34:40,2025-11-06T20:34:40,
ORD-251231-2951,CUST-0069,Nguyễn Hoàng Khoa,0851771159,"337 Đường Phan Đăng Lưu, Quận 10, TP. Hồ Chí Minh",Hồ Chí Minh,14280000,2220000,0,14280000,MOMO,PAID,DELIVERED,2025-12-31T23:26:10,2025-12-31T23:42:10,2026-01-01T10:26:10,2026-01-02T03:26:10,
ORD-251222-2952,CUST-0210,Võ Thu Anh,0389108589,"498 Đường Lê Duẩn, Quận Sơn Trà, TP. Đà Nẵng",Đà Nẵng,16490000,2010000,0,16490000,COD,PAID,DELIVERED,2025-12-22T21:17:37,2025-12-22T21:38:37,2025-12-23T11:17:37,2025-12-25T22:17:37,
ORD-260104-2953,CUST-0165,Phạm Quốc Kiệt,0865458929,"106 Đường Lê Duẩn, Quận Hải Châu, TP. Đà Nẵng",Đà Nẵng,6890000,610000,0,6890000,CREDIT_CARD,PAID,DELIVERED,2026-01-04T20:05:08,2026-01-04T20:43:08,2026-01-05T14:05:08,2026-01-07T00:05:08,
ORD-250813-2954,CUST-0066,Dương Hữu Sơn,0859005329,"243 Đường Điện Biên Phủ, Quận Bình Thạnh, TP. Hồ Chí Minh",Hồ Chí Minh,3990000,510000,30000,4020000,BANK_TRANSFER,PAID,DELIVERED,2025-08-13T16:33:39,2025-08-13T16:49:39,2025-08-13T22:33:39,2025-08-16T16:33:39,
ORD-251113-2955,CUST-0450,Hồ Hữu Tuấn,0975626060,"537 Đường Nguyễn Trãi, Quận Ba Đình, TP. Hà Nội",Hà Nội,12990000,2010000,0,12990000,COD,PAID,DELIVERED,2025-11-13T20:28:02,2025-11-13T21:08:02,2025-11-14T03:28:02,2025-11-16T21:28:02,
ORD-260122-2956,CUST-0230,Hồ Thành Bách,0911305548,"173 Đường Lê Duẩn, Quận Hải Châu, TP. Đà Nẵng",Đà Nẵng,2190000,310000,30000,2220000,COD,PAID,DELIVERED,2026-01-22T22:42:00,2026-01-22T23:05:00,2026-01-23T13:42:00,2026-01-24T00:42:00,
ORD-250821-2957,CUST-0180,Ngô Thành Việt,0913836702,"242 Đường Lê Duẩn, Quận Hải Châu, TP. Đà Nẵng",Đà Nẵng,13490000,1510000,0,13490000,COD,PAID,DELIVERED,2025-08-21T09:05:13,2025-08-21T09:26:13,2025-08-21T17:05:13,2025-08-23T14:05:13,
ORD-260226-2958,CUST-0298,Ngô Diệu Nhi,0972897558,"336 Đường Võ Nguyên Giáp, Quận Ngũ Hành Sơn, TP. Đà Nẵng",Đà Nẵng,4990000,510000,30000,5020000,BANK_TRANSFER,PAID,DELIVERED,2026-02-26T14:40:21,2026-02-26T15:02:21,2026-02-27T08:40:21,2026-02-27T15:40:21,
ORD-251224-2959,CUST-0373,Võ Ngọc Hạnh,0906325431,"29 Đường Võ Nguyên Giáp, Quận Thanh Khê, TP. Đà Nẵng",Đà Nẵng,4490000,510000,30000,4520000,COD,PAID,DELIVERED,2025-12-24T23:10:06,2025-12-24T23:53:06,2025-12-25T10:10:06,2025-12-26T23:10:06,
ORD-251005-2960,CUST-0418,Nguyễn Hoàng Huy,0861343275,"87 Đường Nguyễn Văn Cừ, Quận Ninh Kiều, TP. Cần Thơ",Cần Thơ,6780000,1120000,0,6780000,BANK_TRANSFER,REFUNDED,CANCELLED,2025-10-05T16:12:37,2025-10-05T16:41:37,,,2025-10-06T09:12:37
ORD-250922-2961,CUST-0297,Đặng Hồng Hương,0796338392,"442 Đường Võ Văn Tần, Quận Tân Bình, TP. Hồ Chí Minh",Hồ Chí Minh,53980000,5220000,0,53980000,MOMO,PAID,DELIVERED,2025-09-22T06:40:43,2025-09-22T06:57:43,2025-09-22T09:40:43,2025-09-24T07:40:43,
ORD-260220-2962,CUST-0445,Lê Vy Chi,0916743380,"167 Đường Trần Hưng Đạo, Quận Sơn Trà, TP. Đà Nẵng",Đà Nẵng,3990000,510000,30000,4020000,COD,PAID,DELIVERED,2026-02-20T01:40:10,2026-02-20T02:25:10,2026-02-20T14:40:10,2026-02-21T02:40:10,
ORD-251105-2963,CUST-0412,Dương Mai Lan,0853644249,"158 Đường Đại lộ Hòa Bình, Quận Ninh Kiều, TP. Cần Thơ",Cần Thơ,13490000,1510000,0,13490000,BANK_TRANSFER,PAID,DELIVERED,2025-11-05T23:38:58,2025-11-06T00:20:58,2025-11-06T04:38:58,2025-11-08T03:38:58,
ORD-260204-2964,CUST-0443,Đặng Thảo Trúc,0771795760,"357 Đường Võ Nguyên Giáp, Quận Thanh Khê, TP. Đà Nẵng",Đà Nẵng,2490000,410000,30000,2520000,COD,PAID,DELIVERED,2026-02-04T20:35:48,2026-02-04T20:59:48,2026-02-05T13:35:48,2026-02-05T22:35:48,
ORD-250927-2965,CUST-0441,Hồ Anh Kiệt,0907933496,"447 Đường Lê Duẩn, Quận Hải Châu, TP. Đà Nẵng",Đà Nẵng,3490000,410000,30000,3520000,BANK_TRANSFER,PAID,DELIVERED,2025-09-27T20:48:22,2025-09-27T21:30:22,2025-09-28T03:48:22,2025-09-29T00:48:22,
ORD-251128-2966,CUST-0234,Đỗ Thảo Vy,0852885158,"297 Đường Tô Hiệu, Quận Lê Chân, TP. Hải Phòng",Hải Phòng,3490000,410000,30000,3520000,VNPAY,PAID,DELIVERED,2025-11-28T12:00:19,2025-11-28T12:42:19,2025-11-28T23:00:19,2025-11-30T17:00:19,
ORD-260110-2967,CUST-0053,Phan Quang Huy,0904499727,"391 Đường Nguyễn Văn Cừ, Quận Cái Răng, TP. Cần Thơ",Cần Thơ,3290000,510000,30000,3320000,MOMO,PAID,DELIVERED,2026-01-10T20:11:49,2026-01-10T20:40:49,2026-01-11T13:11:49,2026-01-12T22:11:49,
ORD-251104-2968,CUST-0124,Ngô Ngọc Sơn,0939187851,"158 Đường Điện Biên Phủ, Quận 1, TP. Hồ Chí Minh",Hồ Chí Minh,2290000,310000,30000,2320000,COD,PAID,DELIVERED,2025-11-04T14:24:48,2025-11-04T14:57:48,2025-11-04T19:24:48,2025-11-06T16:24:48,
ORD-250623-2969,CUST-0335,Đặng Quỳnh Trang,0770160166,"369 Đường Tô Hiệu, Quận Lê Chân, TP. Hải Phòng",Hải Phòng,3990000,510000,30000,4020000,MOMO,PAID,DELIVERED,2025-06-23T22:51:33,2025-06-23T23:03:33,2025-06-24T13:51:33,2025-06-27T01:51:33,
ORD-260109-2970,CUST-0084,Ngô Minh Tuấn,0971864492,"322 Đường Quang Trung, Quận 10, TP. Hồ Chí Minh",Hồ Chí Minh,19480000,2420000,0,19480000,VNPAY,PAID,DELIVERED,2026-01-09T11:46:47,2026-01-09T11:52:47,2026-01-09T18:46:47,2026-01-12T15:46:47,
ORD-260516-2971,CUST-0342,Vũ Đình Dũng,0978008514,"330 Đường Tố Hữu, Quận Hai Bà Trưng, TP. Hà Nội",Hà Nội,16980000,2220000,0,16980000,COD,PAID,DELIVERED,2026-05-16T07:05:47,2026-05-16T07:26:47,2026-05-16T11:05:47,2026-05-18T12:05:47,
ORD-260522-2972,CUST-0446,Nguyễn Minh Khoa,0919318374,"278 Đường Hùng Vương, Quận Hải Châu, TP. Đà Nẵng",Đà Nẵng,3690000,510000,30000,3720000,VNPAY,PAID,DELIVERED,2026-05-22T08:16:20,2026-05-22T08:21:20,2026-05-23T02:16:20,2026-05-23T13:16:20,
ORD-251216-2973,CUST-0093,Phạm Đức Tuấn,0795188888,"401 Đường Đại lộ Hòa Bình, Quận Cái Răng, TP. Cần Thơ",Cần Thơ,4180000,620000,30000,4210000,COD,PAID,DELIVERED,2025-12-16T19:26:44,2025-12-16T20:00:44,2025-12-16T22:26:44,2025-12-17T22:26:44,
ORD-251124-2974,CUST-0205,Hồ Khánh Vân,0905444713,"280 Đường Trần Hưng Đạo, Quận Ngũ Hành Sơn, TP. Đà Nẵng",Đà Nẵng,56980000,5520000,0,56980000,COD,PAID,DELIVERED,2025-11-24T17:58:55,2025-11-24T18:18:55,2025-11-24T22:58:55,2025-11-27T21:58:55,
ORD-250630-2975,CUST-0483,Nguyễn Quốc Sơn,0862342583,"108 Đường Kim Mã, Quận Nam Từ Liêm, TP. Hà Nội",Hà Nội,22990000,2010000,0,22990000,MOMO,PAID,DELIVERED,2025-06-30T20:19:48,2025-06-30T20:26:48,2025-07-01T03:19:48,2025-07-04T01:19:48,
ORD-250930-2976,CUST-0489,Vũ Diệu Trúc,0977546027,"89 Đường Trần Hưng Đạo, Quận Hải Châu, TP. Đà Nẵng",Đà Nẵng,3990000,510000,30000,4020000,COD,PAID,DELIVERED,2025-09-30T12:44:54,2025-09-30T12:58:54,2025-10-01T04:44:54,2025-10-03T13:44:54,
ORD-251208-2977,CUST-0338,Đặng Hồng Mai,0978148769,"167 Đường Bà Triệu, Quận Ba Đình, TP. Hà Nội",Hà Nội,6990000,810000,0,6990000,BANK_TRANSFER,PAID,DELIVERED,2025-12-08T21:58:17,2025-12-08T22:21:17,2025-12-09T13:58:17,2025-12-11T21:58:17,
ORD-260509-2978,CUST-0168,Dương Diệu Vy,0771361115,"141 Đường Võ Nguyên Giáp, Quận Thanh Khê, TP. Đà Nẵng",Đà Nẵng,10980000,1420000,0,10980000,BANK_TRANSFER,PAID,DELIVERED,2026-05-09T21:40:38,2026-05-09T22:19:38,2026-05-10T03:40:38,2026-05-11T02:40:38,
ORD-250819-2979,CUST-0008,Dương Duy Sơn,0985288095,"319 Đường Quang Trung, Quận 3, TP. Hồ Chí Minh",Hồ Chí Minh,3990000,510000,30000,4020000,BANK_TRANSFER,PAID,DELIVERED,2025-08-19T00:40:30,2025-08-19T01:25:30,2025-08-19T12:40:30,2025-08-20T00:40:30,
ORD-260324-2980,CUST-0093,Phạm Đức Tuấn,0795188888,"401 Đường Đại lộ Hòa Bình, Quận Cái Răng, TP. Cần Thơ",Cần Thơ,3490000,410000,30000,3520000,VNPAY,PAID,DELIVERED,2026-03-24T15:06:25,2026-03-24T15:22:25,2026-03-24T21:06:25,2026-03-25T16:06:25,
ORD-260207-2981,CUST-0157,Dương Lâm Việt,0839125134,"528 Đường Chùa Bộc, Quận Đống Đa, TP. Hà Nội",Hà Nội,990000,210000,30000,1020000,BANK_TRANSFER,PAID,DELIVERED,2026-02-07T08:49:56,2026-02-07T08:59:56,2026-02-07T18:49:56,2026-02-10T12:49:56,
ORD-250712-2982,CUST-0278,Võ Đức Hải,0855699611,"329 Đường Trần Hưng Đạo, Quận Thanh Khê, TP. Đà Nẵng",Đà Nẵng,52990000,5010000,0,52990000,BANK_TRANSFER,PAID,DELIVERED,2025-07-12T18:13:43,2025-07-12T18:45:43,2025-07-13T08:13:43,2025-07-13T22:13:43,
ORD-251127-2983,CUST-0042,Lê Hồng Hạnh,0984008427,"495 Đường Võ Văn Tần, Quận Gò Vấp, TP. Hồ Chí Minh",Hồ Chí Minh,26380000,2420000,0,26380000,BANK_TRANSFER,PAID,DELIVERED,2025-11-27T22:58:07,2025-11-27T23:14:07,2025-11-28T02:58:07,2025-11-30T00:58:07,
ORD-251018-2984,CUST-0080,Phạm Khánh Giang,0989212779,"328 Đường Nguyễn Văn Cừ, Quận Bình Thủy, TP. Cần Thơ",Cần Thơ,2490000,410000,30000,2520000,BANK_TRANSFER,PAID,DELIVERED,2025-10-18T07:16:33,2025-10-18T07:37:33,2025-10-18T17:16:33,2025-10-19T08:16:33,
ORD-251031-2985,CUST-0350,Dương Diệu Phương,0937239504,"313 Đường Trần Văn Khéo, Quận Cái Răng, TP. Cần Thơ",Cần Thơ,990000,210000,30000,1020000,COD,PAID,DELIVERED,2025-10-31T11:16:32,2025-10-31T11:49:32,2025-10-31T21:16:32,2025-11-01T12:16:32,
ORD-250717-2986,CUST-0205,Hồ Khánh Vân,0905444713,"280 Đường Trần Hưng Đạo, Quận Ngũ Hành Sơn, TP. Đà Nẵng",Đà Nẵng,6380000,1020000,0,6380000,BANK_TRANSFER,PAID,DELIVERED,2025-07-17T17:35:15,2025-07-17T18:04:15,2025-07-18T10:35:15,2025-07-19T21:35:15,
ORD-260108-2987,CUST-0489,Vũ Diệu Trúc,0977546027,"89 Đường Trần Hưng Đạo, Quận Hải Châu, TP. Đà Nẵng",Đà Nẵng,16490000,2010000,0,16490000,CREDIT_CARD,PAID,DELIVERED,2026-01-08T11:14:21,2026-01-08T11:21:21,2026-01-08T18:14:21,2026-01-09T15:14:21,
ORD-260121-2988,CUST-0469,Đỗ Thu Chi,0388118071,"401 Đường Nguyễn Văn Cừ, Quận Bình Thủy, TP. Cần Thơ",Cần Thơ,1890000,310000,30000,1920000,COD,PAID,DELIVERED,2026-01-21T08:27:38,2026-01-21T09:11:38,2026-01-21T15:27:38,2026-01-23T13:27:38,
ORD-251126-2989,CUST-0079,Phạm Diệu Nhi,0916453521,"364 Đường Quang Trung, Quận Bình Thạnh, TP. Hồ Chí Minh",Hồ Chí Minh,1290000,210000,30000,1320000,BANK_TRANSFER,PAID,DELIVERED,2025-11-26T16:56:36,2025-11-26T17:30:36,2025-11-27T04:56:36,2025-11-28T16:56:36,
ORD-251103-2990,CUST-0460,Phan Ngọc Bách,0861209481,"59 Đường Trần Hưng Đạo, Quận Hồng Bàng, TP. Hải Phòng",Hải Phòng,6890000,610000,0,6890000,COD,PAID,DELIVERED,2025-11-03T08:54:46,2025-11-03T09:20:46,2025-11-03T20:54:46,2025-11-06T11:54:46,
ORD-260213-2991,CUST-0246,Lê Thị Trinh,0836881435,"169 Đường Mậu Thân, Quận Bình Thủy, TP. Cần Thơ",Cần Thơ,2190000,310000,30000,2220000,VNPAY,PAID,DELIVERED,2026-02-13T07:26:29,2026-02-13T08:03:29,2026-02-13T10:26:29,2026-02-16T10:26:29,
ORD-250802-2992,CUST-0250,Dương Quỳnh Hạnh,0934110809,"42 Đường Mậu Thân, Quận Bình Thủy, TP. Cần Thơ",Cần Thơ,8490000,1010000,0,8490000,CREDIT_CARD,PAID,DELIVERED,2025-08-02T21:47:45,2025-08-02T22:28:45,2025-08-03T03:47:45,2025-08-04T02:47:45,
ORD-260225-2993,CUST-0471,Hoàng Hồng Anh,0930361498,"184 Đường Bà Triệu, Quận Ba Đình, TP. Hà Nội",Hà Nội,3490000,410000,30000,3520000,COD,PAID,DELIVERED,2026-02-25T21:30:51,2026-02-25T21:47:51,2026-02-26T05:30:51,2026-02-26T22:30:51,
ORD-251212-2994,CUST-0098,Lê Minh Bách,0905964016,"36 Đường Trần Hưng Đạo, Quận Lê Chân, TP. Hải Phòng",Hải Phòng,6990000,810000,0,6990000,BANK_TRANSFER,PAID,DELIVERED,2025-12-12T09:58:15,2025-12-12T10:26:15,2025-12-12T11:58:15,2025-12-14T13:58:15,
ORD-250808-2995,CUST-0395,Nguyễn Thảo Trang,0911939325,"361 Đường Phan Đăng Lưu, Quận 10, TP. Hồ Chí Minh",Hồ Chí Minh,22990000,2010000,0,22990000,COD,PAID,DELIVERED,2025-08-08T18:36:54,2025-08-08T19:18:54,2025-08-09T00:36:54,2025-08-10T22:36:54,
ORD-250925-2996,CUST-0074,Dương Thảo Phương,0912018366,"324 Đường Trần Hưng Đạo, Quận Thanh Khê, TP. Đà Nẵng",Đà Nẵng,16490000,2010000,0,16490000,COD,PAID,DELIVERED,2025-09-25T20:42:36,2025-09-25T20:49:36,2025-09-26T11:42:36,2025-09-26T20:42:36,
ORD-260226-2997,CUST-0426,Phan Anh Hoàng,0839004896,"140 Đường Nguyễn Văn Cừ, Quận Bình Thủy, TP. Cần Thơ",Cần Thơ,4290000,710000,30000,4320000,COD,PAID,DELIVERED,2026-02-26T21:37:04,2026-02-26T22:06:04,2026-02-27T12:37:04,2026-02-28T23:37:04,
ORD-260509-2998,CUST-0033,Bùi Hoàng Tùng,0830162720,"470 Đường Mậu Thân, Quận Cái Răng, TP. Cần Thơ",Cần Thơ,3490000,410000,30000,3520000,BANK_TRANSFER,PAID,DELIVERED,2026-05-09T13:42:10,2026-05-09T13:47:10,2026-05-09T18:42:10,2026-05-12T18:42:10,
ORD-251229-2999,CUST-0070,Hoàng Vy Trúc,0911836736,"102 Đường Trần Văn Khéo, Quận Cái Răng, TP. Cần Thơ",Cần Thơ,3180000,520000,30000,3210000,MOMO,PAID,DELIVERED,2025-12-29T10:14:01,2025-12-29T10:30:01,2025-12-30T03:14:01,2026-01-01T12:14:01,
ORD-250713-3000,CUST-0250,Dương Quỳnh Hạnh,0934110809,"42 Đường Mậu Thân, Quận Bình Thủy, TP. Cần Thơ",Cần Thơ,11880000,1120000,0,11880000,COD,PAID,DELIVERED,2025-07-13T08:07:44,2025-07-13T08:26:44,2025-07-13T15:07:44,2025-07-15T11:07:44,
